bengali_date,gregorian_Date
"1 , Magh (Maagh) 1387",15/01/1980
"2 , Magh (Maagh) 1387",16/01/1980
"3 , Magh (Maagh) 1387",17/01/1980
"4 , Magh (Maagh) 1387",18/01/1980
"5 , Magh (Maagh) 1387",19/01/1980
"6 , Magh (Maagh) 1387",20/01/1980
"7 , Magh (Maagh) 1387",21/01/1980
"8 , Magh (Maagh) 1387",22/01/1980
"9 , Magh (Maagh) 1387",23/01/1980
"10 , Magh (Maagh) 1387",24/01/1980
"11 , Magh (Maagh) 1387",25/01/1980
"12 , Magh (Maagh) 1387",26/01/1980
"13 , Magh (Maagh) 1387",27/01/1980
"14 , Magh (Maagh) 1387",28/01/1980
"15 , Magh (Maagh) 1387",29/01/1980
"16 , Magh (Maagh) 1387",30/01/1980
"17 , Magh (Maagh) 1387",31/01/1980
"18 , Magh (Maagh) 1387",01/02/1980
"19 , Magh (Maagh) 1387",02/02/1980
"20 , Magh (Maagh) 1387",03/02/1980
"21 , Magh (Maagh) 1387",04/02/1980
"22 , Magh (Maagh) 1387",05/02/1980
"23 , Magh (Maagh) 1387",06/02/1980
"24 , Magh (Maagh) 1387",07/02/1980
"25 , Magh (Maagh) 1387",08/02/1980
"26 , Magh (Maagh) 1387",09/02/1980
"27 , Magh (Maagh) 1387",10/02/1980
"28 , Magh (Maagh) 1387",11/02/1980
"29 , Magh (Maagh) 1387",12/02/1980
"30 , Magh (Maagh) 1387",13/02/1980
"1 , Falgun (Phalgun) 1387",14/02/1980
"2 , Falgun (Phalgun) 1387",15/02/1980
"3 , Falgun (Phalgun) 1387",16/02/1980
"4 , Falgun (Phalgun) 1387",17/02/1980
"5 , Falgun (Phalgun) 1387",18/02/1980
"6 , Falgun (Phalgun) 1387",19/02/1980
"7 , Falgun (Phalgun) 1387",20/02/1980
"8 , Falgun (Phalgun) 1387",21/02/1980
"9 , Falgun (Phalgun) 1387",22/02/1980
"10 , Falgun (Phalgun) 1387",23/02/1980
"11 , Falgun (Phalgun) 1387",24/02/1980
"12 , Falgun (Phalgun) 1387",25/02/1980
"13 , Falgun (Phalgun) 1387",26/02/1980
"14 , Falgun (Phalgun) 1387",27/02/1980
"15 , Falgun (Phalgun) 1387",28/02/1980
"16 , Falgun (Phalgun) 1387",29/02/1980
"17 , Falgun (Phalgun) 1387",01/03/1980
"18 , Falgun (Phalgun) 1387",02/03/1980
"19 , Falgun (Phalgun) 1387",03/03/1980
"20 , Falgun (Phalgun) 1387",04/03/1980
"21 , Falgun (Phalgun) 1387",05/03/1980
"22 , Falgun (Phalgun) 1387",06/03/1980
"23 , Falgun (Phalgun) 1387",07/03/1980
"24 , Falgun (Phalgun) 1387",08/03/1980
"25 , Falgun (Phalgun) 1387",09/03/1980
"26 , Falgun (Phalgun) 1387",10/03/1980
"27 , Falgun (Phalgun) 1387",11/03/1980
"28 , Falgun (Phalgun) 1387",12/03/1980
"29 , Falgun (Phalgun) 1387",13/03/1980
"30 , Falgun (Phalgun) 1387",14/03/1980
"1 , Choitro (Chaitra) 1387",15/03/1980
"2 , Choitro (Chaitra) 1387",16/03/1980
"3 , Choitro (Chaitra) 1387",17/03/1980
"4 , Choitro (Chaitra) 1387",18/03/1980
"5 , Choitro (Chaitra) 1387",19/03/1980
"6 , Choitro (Chaitra) 1387",20/03/1980
"7 , Choitro (Chaitra) 1387",21/03/1980
"8 , Choitro (Chaitra) 1387",22/03/1980
"9 , Choitro (Chaitra) 1387",23/03/1980
"10 , Choitro (Chaitra) 1387",24/03/1980
"11 , Choitro (Chaitra) 1387",25/03/1980
"12 , Choitro (Chaitra) 1387",26/03/1980
"13 , Choitro (Chaitra) 1387",27/03/1980
"14 , Choitro (Chaitra) 1387",28/03/1980
"15 , Choitro (Chaitra) 1387",29/03/1980
"16 , Choitro (Chaitra) 1387",30/03/1980
"17 , Choitro (Chaitra) 1387",31/03/1980
"18 , Choitro (Chaitra) 1387",01/04/1980
"19 , Choitro (Chaitra) 1387",02/04/1980
"20 , Choitro (Chaitra) 1387",03/04/1980
"21 , Choitro (Chaitra) 1387",04/04/1980
"22 , Choitro (Chaitra) 1387",05/04/1980
"23 , Choitro (Chaitra) 1387",06/04/1980
"24 , Choitro (Chaitra) 1387",07/04/1980
"25 , Choitro (Chaitra) 1387",08/04/1980
"26 , Choitro (Chaitra) 1387",09/04/1980
"27 , Choitro (Chaitra) 1387",10/04/1980
"28 , Choitro (Chaitra) 1387",11/04/1980
"29 , Choitro (Chaitra) 1387",12/04/1980
"30 , Choitro (Chaitra) 1387",13/04/1980
"1 , Boishakh (Baisakh) 1387",14/04/1980
"2 , Boishakh (Baisakh) 1387",15/04/1980
"3 , Boishakh (Baisakh) 1387",16/04/1980
"4 , Boishakh (Baisakh) 1387",17/04/1980
"5 , Boishakh (Baisakh) 1387",18/04/1980
"6 , Boishakh (Baisakh) 1387",19/04/1980
"7 , Boishakh (Baisakh) 1387",20/04/1980
"8 , Boishakh (Baisakh) 1387",21/04/1980
"9 , Boishakh (Baisakh) 1387",22/04/1980
"10 , Boishakh (Baisakh) 1387",23/04/1980
"11 , Boishakh (Baisakh) 1387",24/04/1980
"12 , Boishakh (Baisakh) 1387",25/04/1980
"13 , Boishakh (Baisakh) 1387",26/04/1980
"14 , Boishakh (Baisakh) 1387",27/04/1980
"15 , Boishakh (Baisakh) 1387",28/04/1980
"16 , Boishakh (Baisakh) 1387",29/04/1980
"17 , Boishakh (Baisakh) 1387",30/04/1980
"18 , Boishakh (Baisakh) 1387",01/05/1980
"19 , Boishakh (Baisakh) 1387",02/05/1980
"20 , Boishakh (Baisakh) 1387",03/05/1980
"21 , Boishakh (Baisakh) 1387",04/05/1980
"22 , Boishakh (Baisakh) 1387",05/05/1980
"23 , Boishakh (Baisakh) 1387",06/05/1980
"24 , Boishakh (Baisakh) 1387",07/05/1980
"25 , Boishakh (Baisakh) 1387",08/05/1980
"26 , Boishakh (Baisakh) 1387",09/05/1980
"27 , Boishakh (Baisakh) 1387",10/05/1980
"28 , Boishakh (Baisakh) 1387",11/05/1980
"29 , Boishakh (Baisakh) 1387",12/05/1980
"30 , Boishakh (Baisakh) 1387",13/05/1980
"31 , Boishakh (Baisakh) 1387",14/05/1980
"1 , Joishtho(Jaishtho) 1387",15/05/1980
"2 , Joishtho(Jaishtho) 1387",16/05/1980
"3 , Joishtho(Jaishtho) 1387",17/05/1980
"4 , Joishtho(Jaishtho) 1387",18/05/1980
"5 , Joishtho(Jaishtho) 1387",19/05/1980
"6 , Joishtho(Jaishtho) 1387",20/05/1980
"7 , Joishtho(Jaishtho) 1387",21/05/1980
"8 , Joishtho(Jaishtho) 1387",22/05/1980
"9 , Joishtho(Jaishtho) 1387",23/05/1980
"10 , Joishtho(Jaishtho) 1387",24/05/1980
"11 , Joishtho(Jaishtho) 1387",25/05/1980
"12 , Joishtho(Jaishtho) 1387",26/05/1980
"13 , Joishtho(Jaishtho) 1387",27/05/1980
"14 , Joishtho(Jaishtho) 1387",28/05/1980
"15 , Joishtho(Jaishtho) 1387",29/05/1980
"16 , Joishtho(Jaishtho) 1387",30/05/1980
"17 , Joishtho(Jaishtho) 1387",31/05/1980
"18 , Joishtho(Jaishtho) 1387",01/06/1980
"19 , Joishtho(Jaishtho) 1387",02/06/1980
"20 , Joishtho(Jaishtho) 1387",03/06/1980
"21 , Joishtho(Jaishtho) 1387",04/06/1980
"22 , Joishtho(Jaishtho) 1387",05/06/1980
"23 , Joishtho(Jaishtho) 1387",06/06/1980
"24 , Joishtho(Jaishtho) 1387",07/06/1980
"25 , Joishtho(Jaishtho) 1387",08/06/1980
"26 , Joishtho(Jaishtho) 1387",09/06/1980
"27 , Joishtho(Jaishtho) 1387",10/06/1980
"28 , Joishtho(Jaishtho) 1387",11/06/1980
"29 , Joishtho(Jaishtho) 1387",12/06/1980
"30 , Joishtho(Jaishtho) 1387",13/06/1980
"31 , Joishtho(Jaishtho) 1387",14/06/1980
"1 , Asharh (Aashar) 1387",15/06/1980
"2 , Asharh (Aashar) 1387",16/06/1980
"3 , Asharh (Aashar) 1387",17/06/1980
"4 , Asharh (Aashar) 1387",18/06/1980
"5 , Asharh (Aashar) 1387",19/06/1980
"6 , Asharh (Aashar) 1387",20/06/1980
"7 , Asharh (Aashar) 1387",21/06/1980
"8 , Asharh (Aashar) 1387",22/06/1980
"9 , Asharh (Aashar) 1387",23/06/1980
"10 , Asharh (Aashar) 1387",24/06/1980
"11 , Asharh (Aashar) 1387",25/06/1980
"12 , Asharh (Aashar) 1387",26/06/1980
"13 , Asharh (Aashar) 1387",27/06/1980
"14 , Asharh (Aashar) 1387",28/06/1980
"15 , Asharh (Aashar) 1387",29/06/1980
"16 , Asharh (Aashar) 1387",30/06/1980
"17 , Asharh (Aashar) 1387",01/07/1980
"18 , Asharh (Aashar) 1387",02/07/1980
"19 , Asharh (Aashar) 1387",03/07/1980
"20 , Asharh (Aashar) 1387",04/07/1980
"21 , Asharh (Aashar) 1387",05/07/1980
"22 , Asharh (Aashar) 1387",06/07/1980
"23 , Asharh (Aashar) 1387",07/07/1980
"24 , Asharh (Aashar) 1387",08/07/1980
"25 , Asharh (Aashar) 1387",09/07/1980
"26 , Asharh (Aashar) 1387",10/07/1980
"27 , Asharh (Aashar) 1387",11/07/1980
"28 , Asharh (Aashar) 1387",12/07/1980
"29 , Asharh (Aashar) 1387",13/07/1980
"30 , Asharh (Aashar) 1387",14/07/1980
"31 , Asharh (Aashar) 1387",15/07/1980
"32 , Asharh (Aashar) 1387",16/07/1980
"1 , Srabon(Shraban) 1387",17/07/1980
"2 , Srabon(Shraban) 1387",18/07/1980
"3 , Srabon(Shraban) 1387",19/07/1980
"4 , Srabon(Shraban) 1387",20/07/1980
"5 , Srabon(Shraban) 1387",21/07/1980
"6 , Srabon(Shraban) 1387",22/07/1980
"7 , Srabon(Shraban) 1387",23/07/1980
"8 , Srabon(Shraban) 1387",24/07/1980
"9 , Srabon(Shraban) 1387",25/07/1980
"10 , Srabon(Shraban) 1387",26/07/1980
"11 , Srabon(Shraban) 1387",27/07/1980
"12 , Srabon(Shraban) 1387",28/07/1980
"13 , Srabon(Shraban) 1387",29/07/1980
"14 , Srabon(Shraban) 1387",30/07/1980
"15 , Srabon(Shraban) 1387",31/07/1980
"16 , Srabon(Shraban) 1387",01/08/1980
"17 , Srabon(Shraban) 1387",02/08/1980
"18 , Srabon(Shraban) 1387",03/08/1980
"19 , Srabon(Shraban) 1387",04/08/1980
"20 , Srabon(Shraban) 1387",05/08/1980
"21 , Srabon(Shraban) 1387",06/08/1980
"22 , Srabon(Shraban) 1387",07/08/1980
"23 , Srabon(Shraban) 1387",08/08/1980
"24 , Srabon(Shraban) 1387",09/08/1980
"25 , Srabon(Shraban) 1387",10/08/1980
"26 , Srabon(Shraban) 1387",11/08/1980
"27 , Srabon(Shraban) 1387",12/08/1980
"28 , Srabon(Shraban) 1387",13/08/1980
"29 , Srabon(Shraban) 1387",14/08/1980
"30 , Srabon(Shraban) 1387",15/08/1980
"31 , Srabon(Shraban) 1387",16/08/1980
"1 , Bhadro (Bhadra) 1387",17/08/1980
"2 , Bhadro (Bhadra) 1387",18/08/1980
"3 , Bhadro (Bhadra) 1387",19/08/1980
"4 , Bhadro (Bhadra) 1387",20/08/1980
"5 , Bhadro (Bhadra) 1387",21/08/1980
"6 , Bhadro (Bhadra) 1387",22/08/1980
"7 , Bhadro (Bhadra) 1387",23/08/1980
"8 , Bhadro (Bhadra) 1387",24/08/1980
"9 , Bhadro (Bhadra) 1387",25/08/1980
"10 , Bhadro (Bhadra) 1387",26/08/1980
"11 , Bhadro (Bhadra) 1387",27/08/1980
"12 , Bhadro (Bhadra) 1387",28/08/1980
"13 , Bhadro (Bhadra) 1387",29/08/1980
"14 , Bhadro (Bhadra) 1387",30/08/1980
"15 , Bhadro (Bhadra) 1387",31/08/1980
"16 , Bhadro (Bhadra) 1387",01/09/1980
"17 , Bhadro (Bhadra) 1387",02/09/1980
"18 , Bhadro (Bhadra) 1387",03/09/1980
"19 , Bhadro (Bhadra) 1387",04/09/1980
"20 , Bhadro (Bhadra) 1387",05/09/1980
"21 , Bhadro (Bhadra) 1387",06/09/1980
"22 , Bhadro (Bhadra) 1387",07/09/1980
"23 , Bhadro (Bhadra) 1387",08/09/1980
"24 , Bhadro (Bhadra) 1387",09/09/1980
"25 , Bhadro (Bhadra) 1387",10/09/1980
"26 , Bhadro (Bhadra) 1387",11/09/1980
"27 , Bhadro (Bhadra) 1387",12/09/1980
"28 , Bhadro (Bhadra) 1387",13/09/1980
"29 , Bhadro (Bhadra) 1387",14/09/1980
"30 , Bhadro (Bhadra) 1387",15/09/1980
"31 , Bhadro (Bhadra) 1387",16/09/1980
"1 , Ashshin (Aashin) 1387",17/09/1980
"2 , Ashshin (Aashin) 1387",18/09/1980
"3 , Ashshin (Aashin) 1387",19/09/1980
"4 , Ashshin (Aashin) 1387",20/09/1980
"5 , Ashshin (Aashin) 1387",21/09/1980
"6 , Ashshin (Aashin) 1387",22/09/1980
"7 , Ashshin (Aashin) 1387",23/09/1980
"8 , Ashshin (Aashin) 1387",24/09/1980
"9 , Ashshin (Aashin) 1387",25/09/1980
"10 , Ashshin (Aashin) 1387",26/09/1980
"11 , Ashshin (Aashin) 1387",27/09/1980
"12 , Ashshin (Aashin) 1387",28/09/1980
"13 , Ashshin (Aashin) 1387",29/09/1980
"14 , Ashshin (Aashin) 1387",30/09/1980
"15 , Ashshin (Aashin) 1387",01/10/1980
"16 , Ashshin (Aashin) 1387",02/10/1980
"17 , Ashshin (Aashin) 1387",03/10/1980
"18 , Ashshin (Aashin) 1387",04/10/1980
"19 , Ashshin (Aashin) 1387",05/10/1980
"20 , Ashshin (Aashin) 1387",06/10/1980
"21 , Ashshin (Aashin) 1387",07/10/1980
"22 , Ashshin (Aashin) 1387",08/10/1980
"23 , Ashshin (Aashin) 1387",09/10/1980
"24 , Ashshin (Aashin) 1387",10/10/1980
"25 , Ashshin (Aashin) 1387",11/10/1980
"26 , Ashshin (Aashin) 1387",12/10/1980
"27 , Ashshin (Aashin) 1387",13/10/1980
"28 , Ashshin (Aashin) 1387",14/10/1980
"29 , Ashshin (Aashin) 1387",15/10/1980
"30 , Ashshin (Aashin) 1387",16/10/1980
"31 , Ashshin (Aashin) 1387",17/10/1980
"1 , Kartik 1387",18/10/1980
"2 , Kartik 1387",19/10/1980
"3 , Kartik 1387",20/10/1980
"4 , Kartik 1387",21/10/1980
"5 , Kartik 1387",22/10/1980
"6 , Kartik 1387",23/10/1980
"7 , Kartik 1387",24/10/1980
"8 , Kartik 1387",25/10/1980
"9 , Kartik 1387",26/10/1980
"10 , Kartik 1387",27/10/1980
"11 , Kartik 1387",28/10/1980
"12 , Kartik 1387",29/10/1980
"13 , Kartik 1387",30/10/1980
"14 , Kartik 1387",31/10/1980
"15 , Kartik 1387",01/11/1980
"16 , Kartik 1387",02/11/1980
"17 , Kartik 1387",03/11/1980
"18 , Kartik 1387",04/11/1980
"19 , Kartik 1387",05/11/1980
"20 , Kartik 1387",06/11/1980
"21 , Kartik 1387",07/11/1980
"22 , Kartik 1387",08/11/1980
"23 , Kartik 1387",09/11/1980
"24 , Kartik 1387",10/11/1980
"25 , Kartik 1387",11/11/1980
"26 , Kartik 1387",12/11/1980
"27 , Kartik 1387",13/11/1980
"28 , Kartik 1387",14/11/1980
"29 , Kartik 1387",15/11/1980
"30 , Kartik 1387",16/11/1980
"1 , Ogrohaeon (Agrahan) 1387",17/11/1980
"2 , Ogrohaeon (Agrahan) 1387",18/11/1980
"3 , Ogrohaeon (Agrahan) 1387",19/11/1980
"4 , Ogrohaeon (Agrahan) 1387",20/11/1980
"5 , Ogrohaeon (Agrahan) 1387",21/11/1980
"6 , Ogrohaeon (Agrahan) 1387",22/11/1980
"7 , Ogrohaeon (Agrahan) 1387",23/11/1980
"8 , Ogrohaeon (Agrahan) 1387",24/11/1980
"9 , Ogrohaeon (Agrahan) 1387",25/11/1980
"10 , Ogrohaeon (Agrahan) 1387",26/11/1980
"11 , Ogrohaeon (Agrahan) 1387",27/11/1980
"12 , Ogrohaeon (Agrahan) 1387",28/11/1980
"13 , Ogrohaeon (Agrahan) 1387",29/11/1980
"14 , Ogrohaeon (Agrahan) 1387",30/11/1980
"15 , Ogrohaeon (Agrahan) 1387",01/12/1980
"16 , Ogrohaeon (Agrahan) 1387",02/12/1980
"17 , Ogrohaeon (Agrahan) 1387",03/12/1980
"18 , Ogrohaeon (Agrahan) 1387",04/12/1980
"19 , Ogrohaeon (Agrahan) 1387",05/12/1980
"20 , Ogrohaeon (Agrahan) 1387",06/12/1980
"21 , Ogrohaeon (Agrahan) 1387",07/12/1980
"22 , Ogrohaeon (Agrahan) 1387",08/12/1980
"23 , Ogrohaeon (Agrahan) 1387",09/12/1980
"24 , Ogrohaeon (Agrahan) 1387",10/12/1980
"25 , Ogrohaeon (Agrahan) 1387",11/12/1980
"26 , Ogrohaeon (Agrahan) 1387",12/12/1980
"27 , Ogrohaeon (Agrahan) 1387",13/12/1980
"28 , Ogrohaeon (Agrahan) 1387",14/12/1980
"29 , Ogrohaeon (Agrahan) 1387",15/12/1980
"1 , Poush 1387",16/12/1980
"2 , Poush 1387",17/12/1980
"3 , Poush 1387",18/12/1980
"4 , Poush 1387",19/12/1980
"5 , Poush 1387",20/12/1980
"6 , Poush 1387",21/12/1980
"7 , Poush 1387",22/12/1980
"8 , Poush 1387",23/12/1980
"9 , Poush 1387",24/12/1980
"10 , Poush 1387",25/12/1980
"11 , Poush 1387",26/12/1980
"12 , Poush 1387",27/12/1980
"13 , Poush 1387",28/12/1980
"14 , Poush 1387",29/12/1980
"15 , Poush 1387",30/12/1980
"16 , Poush 1387",31/12/1980
"17 , Poush 1387",01/01/1981
"18 , Poush 1387",02/01/1981
"19 , Poush 1387",03/01/1981
"20 , Poush 1387",04/01/1981
"21 , Poush 1387",05/01/1981
"22 , Poush 1387",06/01/1981
"23 , Poush 1387",07/01/1981
"24 , Poush 1387",08/01/1981
"25 , Poush 1387",09/01/1981
"26 , Poush 1387",10/01/1981
"27 , Poush 1387",11/01/1981
"28 , Poush 1387",12/01/1981
"29 , Poush 1387",13/01/1981
"30 , Poush 1387",14/01/1981
"1 , Magh (Maagh) 1388",15/01/1981
"2 , Magh (Maagh) 1388",16/01/1981
"3 , Magh (Maagh) 1388",17/01/1981
"4 , Magh (Maagh) 1388",18/01/1981
"5 , Magh (Maagh) 1388",19/01/1981
"6 , Magh (Maagh) 1388",20/01/1981
"7 , Magh (Maagh) 1388",21/01/1981
"8 , Magh (Maagh) 1388",22/01/1981
"9 , Magh (Maagh) 1388",23/01/1981
"10 , Magh (Maagh) 1388",24/01/1981
"11 , Magh (Maagh) 1388",25/01/1981
"12 , Magh (Maagh) 1388",26/01/1981
"13 , Magh (Maagh) 1388",27/01/1981
"14 , Magh (Maagh) 1388",28/01/1981
"15 , Magh (Maagh) 1388",29/01/1981
"16 , Magh (Maagh) 1388",30/01/1981
"17 , Magh (Maagh) 1388",31/01/1981
"18 , Magh (Maagh) 1388",01/02/1981
"19 , Magh (Maagh) 1388",02/02/1981
"20 , Magh (Maagh) 1388",03/02/1981
"21 , Magh (Maagh) 1388",04/02/1981
"22 , Magh (Maagh) 1388",05/02/1981
"23 , Magh (Maagh) 1388",06/02/1981
"24 , Magh (Maagh) 1388",07/02/1981
"25 , Magh (Maagh) 1388",08/02/1981
"26 , Magh (Maagh) 1388",09/02/1981
"27 , Magh (Maagh) 1388",10/02/1981
"28 , Magh (Maagh) 1388",11/02/1981
"29 , Magh (Maagh) 1388",12/02/1981
"1 , Falgun(Phalgun) 1388",13/02/1981
"2 , Falgun(Phalgun) 1388",14/02/1981
"3 , Falgun(Phalgun) 1388",15/02/1981
"4 , Falgun(Phalgun) 1388",16/02/1981
"5 , Falgun(Phalgun) 1388",17/02/1981
"6 , Falgun(Phalgun) 1388",18/02/1981
"7 , Falgun(Phalgun) 1388",19/02/1981
"8 , Falgun(Phalgun) 1388",20/02/1981
"9 , Falgun(Phalgun) 1388",21/02/1981
"10 , Falgun(Phalgun) 1388",22/02/1981
"11 , Falgun(Phalgun) 1388",23/02/1981
"12 , Falgun(Phalgun) 1388",24/02/1981
"13 , Falgun(Phalgun) 1388",25/02/1981
"14 , Falgun(Phalgun) 1388",26/02/1981
"15 , Falgun(Phalgun) 1388",27/02/1981
"16 , Falgun(Phalgun) 1388",28/02/1981
"17 , Falgun(Phalgun) 1388",01/03/1981
"18 , Falgun(Phalgun) 1388",02/03/1981
"19 , Falgun(Phalgun) 1388",03/03/1981
"20 , Falgun(Phalgun) 1388",04/03/1981
"21 , Falgun(Phalgun) 1388",05/03/1981
"22 , Falgun(Phalgun) 1388",06/03/1981
"23 , Falgun(Phalgun) 1388",07/03/1981
"24 , Falgun(Phalgun) 1388",08/03/1981
"25 , Falgun(Phalgun) 1388",09/03/1981
"26 , Falgun(Phalgun) 1388",10/03/1981
"27 , Falgun(Phalgun) 1388",11/03/1981
"28 , Falgun(Phalgun) 1388",12/03/1981
"29 , Falgun(Phalgun) 1388",13/03/1981
"30 , Falgun(Phalgun) 1388",14/03/1981
"1 , Choitro (Chaitra) 1388",15/03/1981
"2 , Choitro (Chaitra) 1388",16/03/1981
"3 , Choitro (Chaitra) 1388",17/03/1981
"4 , Choitro (Chaitra) 1388",18/03/1981
"5 , Choitro (Chaitra) 1388",19/03/1981
"6 , Choitro (Chaitra) 1388",20/03/1981
"7 , Choitro (Chaitra) 1388",21/03/1981
"8 , Choitro (Chaitra) 1388",22/03/1981
"9 , Choitro (Chaitra) 1388",23/03/1981
"10 , Choitro (Chaitra) 1388",24/03/1981
"11 , Choitro (Chaitra) 1388",25/03/1981
"12 , Choitro (Chaitra) 1388",26/03/1981
"13 , Choitro (Chaitra) 1388",27/03/1981
"14 , Choitro (Chaitra) 1388",28/03/1981
"15 , Choitro (Chaitra) 1388",29/03/1981
"16 , Choitro (Chaitra) 1388",30/03/1981
"17 , Choitro (Chaitra) 1388",31/03/1981
"18 , Choitro (Chaitra) 1388",01/04/1981
"19 , Choitro (Chaitra) 1388",02/04/1981
"20 , Choitro (Chaitra) 1388",03/04/1981
"21 , Choitro (Chaitra) 1388",04/04/1981
"22 , Choitro (Chaitra) 1388",05/04/1981
"23 , Choitro (Chaitra) 1388",06/04/1981
"24 , Choitro (Chaitra) 1388",07/04/1981
"25 , Choitro (Chaitra) 1388",08/04/1981
"26 , Choitro (Chaitra) 1388",09/04/1981
"27 , Choitro (Chaitra) 1388",10/04/1981
"28 , Choitro (Chaitra) 1388",11/04/1981
"29 , Choitro (Chaitra) 1388",12/04/1981
"30 , Choitro (Chaitra) 1388",13/04/1981
"1 , Boishakh (Baisakh) 1388",14/04/1981
"2 , Boishakh (Baisakh) 1388",15/04/1981
"3 , Boishakh (Baisakh) 1388",16/04/1981
"4 , Boishakh (Baisakh) 1388",17/04/1981
"5 , Boishakh (Baisakh) 1388",18/04/1981
"6 , Boishakh (Baisakh) 1388",19/04/1981
"7 , Boishakh (Baisakh) 1388",20/04/1981
"8 , Boishakh (Baisakh) 1388",21/04/1981
"9 , Boishakh (Baisakh) 1388",22/04/1981
"10 , Boishakh (Baisakh) 1388",23/04/1981
"11 , Boishakh (Baisakh) 1388",24/04/1981
"12 , Boishakh (Baisakh) 1388",25/04/1981
"13 , Boishakh (Baisakh) 1388",26/04/1981
"14 , Boishakh (Baisakh) 1388",27/04/1981
"15 , Boishakh (Baisakh) 1388",28/04/1981
"16 , Boishakh (Baisakh) 1388",29/04/1981
"17 , Boishakh (Baisakh) 1388",30/04/1981
"18 , Boishakh (Baisakh) 1388",01/05/1981
"19 , Boishakh (Baisakh) 1388",02/05/1981
"20 , Boishakh (Baisakh) 1388",03/05/1981
"21 , Boishakh (Baisakh) 1388",04/05/1981
"22 , Boishakh (Baisakh) 1388",05/05/1981
"23 , Boishakh (Baisakh) 1388",06/05/1981
"24 , Boishakh (Baisakh) 1388",07/05/1981
"25 , Boishakh (Baisakh) 1388",08/05/1981
"26 , Boishakh (Baisakh) 1388",09/05/1981
"27 , Boishakh (Baisakh) 1388",10/05/1981
"28 , Boishakh (Baisakh) 1388",11/05/1981
"29 , Boishakh (Baisakh) 1388",12/05/1981
"30 , Boishakh (Baisakh) 1388",13/05/1981
"31 , Boishakh (Baisakh) 1388",14/05/1981
"1 , Joishtho (Jaishtho) 1388",15/05/1981
"2 , Joishtho (Jaishtho) 1388",16/05/1981
"3 , Joishtho (Jaishtho) 1388",17/05/1981
"4 , Joishtho (Jaishtho) 1388",18/05/1981
"5 , Joishtho (Jaishtho) 1388",19/05/1981
"6 , Joishtho (Jaishtho) 1388",20/05/1981
"7 , Joishtho (Jaishtho) 1388",21/05/1981
"8 , Joishtho (Jaishtho) 1388",22/05/1981
"9 , Joishtho (Jaishtho) 1388",23/05/1981
"10 , Joishtho (Jaishtho) 1388",24/05/1981
"11 , Joishtho (Jaishtho) 1388",25/05/1981
"12 , Joishtho (Jaishtho) 1388",26/05/1981
"13 , Joishtho (Jaishtho) 1388",27/05/1981
"14 , Joishtho (Jaishtho) 1388",28/05/1981
"15 , Joishtho (Jaishtho) 1388",29/05/1981
"16 , Joishtho (Jaishtho) 1388",30/05/1981
"17 , Joishtho (Jaishtho) 1388",31/05/1981
"18 , Joishtho (Jaishtho) 1388",01/06/1981
"19 , Joishtho (Jaishtho) 1388",02/06/1981
"20 , Joishtho (Jaishtho) 1388",03/06/1981
"21 , Joishtho (Jaishtho) 1388",04/06/1981
"22 , Joishtho (Jaishtho) 1388",05/06/1981
"23 , Joishtho (Jaishtho) 1388",06/06/1981
"24 , Joishtho (Jaishtho) 1388",07/06/1981
"25 , Joishtho (Jaishtho) 1388",08/06/1981
"26 , Joishtho (Jaishtho) 1388",09/06/1981
"27 , Joishtho (Jaishtho) 1388",10/06/1981
"28 , Joishtho (Jaishtho) 1388",11/06/1981
"29 , Joishtho (Jaishtho) 1388",12/06/1981
"30 , Joishtho (Jaishtho) 1388",13/06/1981
"31 , Joishtho (Jaishtho) 1388",14/06/1981
"32 , Joishtho (Jaishtho) 1388",15/06/1981
"1 , Asharh (Aashar) 1388",16/06/1981
"2 , Asharh (Aashar) 1388",17/06/1981
"3 , Asharh (Aashar) 1388",18/06/1981
"4 , Asharh (Aashar) 1388",19/06/1981
"5 , Asharh (Aashar) 1388",20/06/1981
"6 , Asharh (Aashar) 1388",21/06/1981
"7 , Asharh (Aashar) 1388",22/06/1981
"8 , Asharh (Aashar) 1388",23/06/1981
"9 , Asharh (Aashar) 1388",24/06/1981
"10 , Asharh (Aashar) 1388",25/06/1981
"11 , Asharh (Aashar) 1388",26/06/1981
"12 , Asharh (Aashar) 1388",27/06/1981
"13 , Asharh (Aashar) 1388",28/06/1981
"14 , Asharh (Aashar) 1388",29/06/1981
"15 , Asharh (Aashar) 1388",30/06/1981
"16 , Asharh (Aashar) 1388",01/07/1981
"17 , Asharh (Aashar) 1388",02/07/1981
"18 , Asharh (Aashar) 1388",03/07/1981
"19 , Asharh (Aashar) 1388",04/07/1981
"20 , Asharh (Aashar) 1388",05/07/1981
"21 , Asharh (Aashar) 1388",06/07/1981
"22 , Asharh (Aashar) 1388",07/07/1981
"23 , Asharh (Aashar) 1388",08/07/1981
"24 , Asharh (Aashar) 1388",09/07/1981
"25 , Asharh (Aashar) 1388",10/07/1981
"26 , Asharh (Aashar) 1388",11/07/1981
"27 , Asharh (Aashar) 1388",12/07/1981
"28 , Asharh (Aashar) 1388",13/07/1981
"29 , Asharh (Aashar) 1388",14/07/1981
"30 , Asharh (Aashar) 1388",15/07/1981
"31 , Asharh (Aashar) 1388",16/07/1981
"1 , Srabon (Shraban) 1388",17/07/1981
"2 , Srabon (Shraban) 1388",18/07/1981
"3 , Srabon (Shraban) 1388",19/07/1981
"4 , Srabon (Shraban) 1388",20/07/1981
"5 , Srabon (Shraban) 1388",21/07/1981
"6 , Srabon (Shraban) 1388",22/07/1981
"7 , Srabon (Shraban) 1388",23/07/1981
"8 , Srabon (Shraban) 1388",24/07/1981
"9 , Srabon (Shraban) 1388",25/07/1981
"10 , Srabon (Shraban) 1388",26/07/1981
"11 , Srabon (Shraban) 1388",27/07/1981
"12 , Srabon (Shraban) 1388",28/07/1981
"13 , Srabon (Shraban) 1388",29/07/1981
"14 , Srabon (Shraban) 1388",30/07/1981
"15 , Srabon (Shraban) 1388",31/07/1981
"16 , Srabon (Shraban) 1388",01/08/1981
"17 , Srabon (Shraban) 1388",02/08/1981
"18 , Srabon (Shraban) 1388",03/08/1981
"19 , Srabon (Shraban) 1388",04/08/1981
"20 , Srabon (Shraban) 1388",05/08/1981
"21 , Srabon (Shraban) 1388",06/08/1981
"22 , Srabon (Shraban) 1388",07/08/1981
"23 , Srabon (Shraban) 1388",08/08/1981
"24 , Srabon (Shraban) 1388",09/08/1981
"25 , Srabon (Shraban) 1388",10/08/1981
"26 , Srabon (Shraban) 1388",11/08/1981
"27 , Srabon (Shraban) 1388",12/08/1981
"28 , Srabon (Shraban) 1388",13/08/1981
"29 , Srabon (Shraban) 1388",14/08/1981
"30 , Srabon (Shraban) 1388",15/08/1981
"31 , Srabon (Shraban) 1388",16/08/1981
"1 , Bhadro (Bhadra) 1388",17/08/1981
"2 , Bhadro (Bhadra) 1388",18/08/1981
"3 , Bhadro (Bhadra) 1388",19/08/1981
"4 , Bhadro (Bhadra) 1388",20/08/1981
"5 , Bhadro (Bhadra) 1388",21/08/1981
"6 , Bhadro (Bhadra) 1388",22/08/1981
"7 , Bhadro (Bhadra) 1388",23/08/1981
"8 , Bhadro (Bhadra) 1388",24/08/1981
"9 , Bhadro (Bhadra) 1388",25/08/1981
"10 , Bhadro (Bhadra) 1388",26/08/1981
"11 , Bhadro (Bhadra) 1388",27/08/1981
"12 , Bhadro (Bhadra) 1388",28/08/1981
"13 , Bhadro (Bhadra) 1388",29/08/1981
"14 , Bhadro (Bhadra) 1388",30/08/1981
"15 , Bhadro (Bhadra) 1388",31/08/1981
"16 , Bhadro (Bhadra) 1388",01/09/1981
"17 , Bhadro (Bhadra) 1388",02/09/1981
"18 , Bhadro (Bhadra) 1388",03/09/1981
"19 , Bhadro (Bhadra) 1388",04/09/1981
"20 , Bhadro (Bhadra) 1388",05/09/1981
"21 , Bhadro (Bhadra) 1388",06/09/1981
"22 , Bhadro (Bhadra) 1388",07/09/1981
"23 , Bhadro (Bhadra) 1388",08/09/1981
"24 , Bhadro (Bhadra) 1388",09/09/1981
"25 , Bhadro (Bhadra) 1388",10/09/1981
"26 , Bhadro (Bhadra) 1388",11/09/1981
"27 , Bhadro (Bhadra) 1388",12/09/1981
"28 , Bhadro (Bhadra) 1388",13/09/1981
"29 , Bhadro (Bhadra) 1388",14/09/1981
"30 , Bhadro (Bhadra) 1388",15/09/1981
"31 , Bhadro (Bhadra) 1388",16/09/1981
"1 , Ashshin (Aashin) 1388",17/09/1981
"2 , Ashshin (Aashin) 1388",18/09/1981
"3 , Ashshin (Aashin) 1388",19/09/1981
"4 , Ashshin (Aashin) 1388",20/09/1981
"5 , Ashshin (Aashin) 1388",21/09/1981
"6 , Ashshin (Aashin) 1388",22/09/1981
"7 , Ashshin (Aashin) 1388",23/09/1981
"8 , Ashshin (Aashin) 1388",24/09/1981
"9 , Ashshin (Aashin) 1388",25/09/1981
"10 , Ashshin (Aashin) 1388",26/09/1981
"11 , Ashshin (Aashin) 1388",27/09/1981
"12 , Ashshin (Aashin) 1388",28/09/1981
"13 , Ashshin (Aashin) 1388",29/09/1981
"14 , Ashshin (Aashin) 1388",30/09/1981
"15 , Ashshin (Aashin) 1388",01/10/1981
"16 , Ashshin (Aashin) 1388",02/10/1981
"17 , Ashshin (Aashin) 1388",03/10/1981
"18 , Ashshin (Aashin) 1388",04/10/1981
"19 , Ashshin (Aashin) 1388",05/10/1981
"20 , Ashshin (Aashin) 1388",06/10/1981
"21 , Ashshin (Aashin) 1388",07/10/1981
"22 , Ashshin (Aashin) 1388",08/10/1981
"23 , Ashshin (Aashin) 1388",09/10/1981
"24 , Ashshin (Aashin) 1388",10/10/1981
"25 , Ashshin (Aashin) 1388",11/10/1981
"26 , Ashshin (Aashin) 1388",12/10/1981
"27 , Ashshin (Aashin) 1388",13/10/1981
"28 , Ashshin (Aashin) 1388",14/10/1981
"29 , Ashshin (Aashin) 1388",15/10/1981
"30 , Ashshin (Aashin) 1388",16/10/1981
"31 , Ashshin (Aashin) 1388",17/10/1981
"1 , Kartik 1388",18/10/1981
"2 , Kartik 1388",19/10/1981
"3 , Kartik 1388",20/10/1981
"4 , Kartik 1388",21/10/1981
"5 , Kartik 1388",22/10/1981
"6 , Kartik 1388",23/10/1981
"7 , Kartik 1388",24/10/1981
"8 , Kartik 1388",25/10/1981
"9 , Kartik 1388",26/10/1981
"10 , Kartik 1388",27/10/1981
"11 , Kartik 1388",28/10/1981
"12 , Kartik 1388",29/10/1981
"13 , Kartik 1388",30/10/1981
"14 , Kartik 1388",31/10/1981
"15 , Kartik 1388",01/11/1981
"16 , Kartik 1388",02/11/1981
"17 , Kartik 1388",03/11/1981
"18 , Kartik 1388",04/11/1981
"19 , Kartik 1388",05/11/1981
"20 , Kartik 1388",06/11/1981
"21 , Kartik 1388",07/11/1981
"22 , Kartik 1388",08/11/1981
"23 , Kartik 1388",09/11/1981
"24 , Kartik 1388",10/11/1981
"25 , Kartik 1388",11/11/1981
"26 , Kartik 1388",12/11/1981
"27 , Kartik 1388",13/11/1981
"28 , Kartik 1388",14/11/1981
"29 , Kartik 1388",15/11/1981
"30 , Kartik 1388",16/11/1981
"1 , Ogrohaeon (Agrahan) 1388",17/11/1981
"2 , Ogrohaeon (Agrahan) 1388",18/11/1981
"3 , Ogrohaeon (Agrahan) 1388",19/11/1981
"4 , Ogrohaeon (Agrahan) 1388",20/11/1981
"5 , Ogrohaeon (Agrahan) 1388",21/11/1981
"6 , Ogrohaeon (Agrahan) 1388",22/11/1981
"7 , Ogrohaeon (Agrahan) 1388",23/11/1981
"8 , Ogrohaeon (Agrahan) 1388",24/11/1981
"9 , Ogrohaeon (Agrahan) 1388",25/11/1981
"10 , Ogrohaeon (Agrahan) 1388",26/11/1981
"11 , Ogrohaeon (Agrahan) 1388",27/11/1981
"12 , Ogrohaeon (Agrahan) 1388",28/11/1981
"13 , Ogrohaeon (Agrahan) 1388",29/11/1981
"14 , Ogrohaeon (Agrahan) 1388",30/11/1981
"15 , Ogrohaeon (Agrahan) 1388",01/12/1981
"16 , Ogrohaeon (Agrahan) 1388",02/12/1981
"17 , Ogrohaeon (Agrahan) 1388",03/12/1981
"18 , Ogrohaeon (Agrahan) 1388",04/12/1981
"19 , Ogrohaeon (Agrahan) 1388",05/12/1981
"20 , Ogrohaeon (Agrahan) 1388",06/12/1981
"21 , Ogrohaeon (Agrahan) 1388",07/12/1981
"22 , Ogrohaeon (Agrahan) 1388",08/12/1981
"23 , Ogrohaeon (Agrahan) 1388",09/12/1981
"24 , Ogrohaeon (Agrahan) 1388",10/12/1981
"25 , Ogrohaeon (Agrahan) 1388",11/12/1981
"26 , Ogrohaeon (Agrahan) 1388",12/12/1981
"27 , Ogrohaeon (Agrahan) 1388",13/12/1981
"28 , Ogrohaeon (Agrahan) 1388",14/12/1981
"29 , Ogrohaeon (Agrahan) 1388",15/12/1981
"1 , Poush 1388",16/12/1981
"2 , Poush 1388",17/12/1981
"3 , Poush 1388",18/12/1981
"4 , Poush 1388",19/12/1981
"5 , Poush 1388",20/12/1981
"6 , Poush 1388",21/12/1981
"7 , Poush 1388",22/12/1981
"8 , Poush 1388",23/12/1981
"9 , Poush 1388",24/12/1981
"10 , Poush 1388",25/12/1981
"11 , Poush 1388",26/12/1981
"12 , Poush 1388",27/12/1981
"13 , Poush 1388",28/12/1981
"14 , Poush 1388",29/12/1981
"15 , Poush 1388",30/12/1981
"16 , Poush 1388",31/12/1981
"17 , Poush 1388",01/01/1982
"18 , Poush 1388",02/01/1982
"19 , Poush 1388",03/01/1982
"20 , Poush 1388",04/01/1982
"21 , Poush 1388",05/01/1982
"22 , Poush 1388",06/01/1982
"23 , Poush 1388",07/01/1982
"24 , Poush 1388",08/01/1982
"25 , Poush 1388",09/01/1982
"26 , Poush 1388",10/01/1982
"27 , Poush 1388",11/01/1982
"28 , Poush 1388",12/01/1982
"29 , Poush 1388",13/01/1982
"30 , Poush 1388",14/01/1982
"1 , Magh (Maagh) 1389",15/01/1982
"2 , Magh (Maagh) 1389",16/01/1982
"3 , Magh (Maagh) 1389",17/01/1982
"4 , Magh (Maagh) 1389",18/01/1982
"5 , Magh (Maagh) 1389",19/01/1982
"6 , Magh (Maagh) 1389",20/01/1982
"7 , Magh (Maagh) 1389",21/01/1982
"8 , Magh (Maagh) 1389",22/01/1982
"9 , Magh (Maagh) 1389",23/01/1982
"10 , Magh (Maagh) 1389",24/01/1982
"11 , Magh (Maagh) 1389",25/01/1982
"12 , Magh (Maagh) 1389",26/01/1982
"13 , Magh (Maagh) 1389",27/01/1982
"14 , Magh (Maagh) 1389",28/01/1982
"15 , Magh (Maagh) 1389",29/01/1982
"16 , Magh (Maagh) 1389",30/01/1982
"17 , Magh (Maagh) 1389",31/01/1982
"18 , Magh (Maagh) 1389",01/02/1982
"19 , Magh (Maagh) 1389",02/02/1982
"20 , Magh (Maagh) 1389",03/02/1982
"21 , Magh (Maagh) 1389",04/02/1982
"22 , Magh (Maagh) 1389",05/02/1982
"23 , Magh (Maagh) 1389",06/02/1982
"24 , Magh (Maagh) 1389",07/02/1982
"25 , Magh (Maagh) 1389",08/02/1982
"26 , Magh (Maagh) 1389",09/02/1982
"27 , Magh (Maagh) 1389",10/02/1982
"28 , Magh (Maagh) 1389",11/02/1982
"29 , Magh (Maagh) 1389",12/02/1982
"1 , Falgun (Phalgun) 1389",13/02/1982
"2 , Falgun (Phalgun) 1389",14/02/1982
"3 , Falgun (Phalgun) 1389",15/02/1982
"4 , Falgun (Phalgun) 1389",16/02/1982
"5 , Falgun (Phalgun) 1389",17/02/1982
"6 , Falgun (Phalgun) 1389",18/02/1982
"7 , Falgun (Phalgun) 1389",19/02/1982
"8 , Falgun (Phalgun) 1389",20/02/1982
"9 , Falgun (Phalgun) 1389",21/02/1982
"10 , Falgun (Phalgun) 1389",22/02/1982
"11 , Falgun (Phalgun) 1389",23/02/1982
"12 , Falgun (Phalgun) 1389",24/02/1982
"13 , Falgun (Phalgun) 1389",25/02/1982
"14 , Falgun (Phalgun) 1389",26/02/1982
"15 , Falgun (Phalgun) 1389",27/02/1982
"16 , Falgun (Phalgun) 1389",28/02/1982
"17 , Falgun (Phalgun) 1389",01/03/1982
"18 , Falgun (Phalgun) 1389",02/03/1982
"19 , Falgun (Phalgun) 1389",03/03/1982
"20 , Falgun (Phalgun) 1389",04/03/1982
"21 , Falgun (Phalgun) 1389",05/03/1982
"22 , Falgun (Phalgun) 1389",06/03/1982
"23 , Falgun (Phalgun) 1389",07/03/1982
"24 , Falgun (Phalgun) 1389",08/03/1982
"25 , Falgun (Phalgun) 1389",09/03/1982
"26 , Falgun (Phalgun) 1389",10/03/1982
"27 , Falgun (Phalgun) 1389",11/03/1982
"28 , Falgun (Phalgun) 1389",12/03/1982
"29 , Falgun (Phalgun) 1389",13/03/1982
"30 , Falgun (Phalgun) 1389",14/03/1982
"1 , Choitro (Chaitra) 1389",15/03/1982
"2 , Choitro (Chaitra) 1389",16/03/1982
"3 , Choitro (Chaitra) 1389",17/03/1982
"4 , Choitro (Chaitra) 1389",18/03/1982
"5 , Choitro (Chaitra) 1389",19/03/1982
"6 , Choitro (Chaitra) 1389",20/03/1982
"7 , Choitro (Chaitra) 1389",21/03/1982
"8 , Choitro (Chaitra) 1389",22/03/1982
"9 , Choitro (Chaitra) 1389",23/03/1982
"10 , Choitro (Chaitra) 1389",24/03/1982
"11 , Choitro (Chaitra) 1389",25/03/1982
"12 , Choitro (Chaitra) 1389",26/03/1982
"13 , Choitro (Chaitra) 1389",27/03/1982
"14 , Choitro (Chaitra) 1389",28/03/1982
"15 , Choitro (Chaitra) 1389",29/03/1982
"16 , Choitro (Chaitra) 1389",30/03/1982
"17 , Choitro (Chaitra) 1389",31/03/1982
"18 , Choitro (Chaitra) 1389",01/04/1982
"19 , Choitro (Chaitra) 1389",02/04/1982
"20 , Choitro (Chaitra) 1389",03/04/1982
"21 , Choitro (Chaitra) 1389",04/04/1982
"22 , Choitro (Chaitra) 1389",05/04/1982
"23 , Choitro (Chaitra) 1389",06/04/1982
"24 , Choitro (Chaitra) 1389",07/04/1982
"25 , Choitro (Chaitra) 1389",08/04/1982
"26 , Choitro (Chaitra) 1389",09/04/1982
"27 , Choitro (Chaitra) 1389",10/04/1982
"28 , Choitro (Chaitra) 1389",11/04/1982
"29 , Choitro (Chaitra) 1389",12/04/1982
"30 , Choitro (Chaitra) 1389",13/04/1982
"31 , Choitro (Chaitra) 1389",14/04/1982
"1 , Boishakh (Baisakh) 1389",15/04/1982
"2 , Boishakh (Baisakh) 1389",16/04/1982
"3 , Boishakh (Baisakh) 1389",17/04/1982
"4 , Boishakh (Baisakh) 1389",18/04/1982
"5 , Boishakh (Baisakh) 1389",19/04/1982
"6 , Boishakh (Baisakh) 1389",20/04/1982
"7 , Boishakh (Baisakh) 1389",21/04/1982
"8 , Boishakh (Baisakh) 1389",22/04/1982
"9 , Boishakh (Baisakh) 1389",23/04/1982
"10 , Boishakh (Baisakh) 1389",24/04/1982
"11 , Boishakh (Baisakh) 1389",25/04/1982
"12 , Boishakh (Baisakh) 1389",26/04/1982
"13 , Boishakh (Baisakh) 1389",27/04/1982
"14 , Boishakh (Baisakh) 1389",28/04/1982
"15 , Boishakh (Baisakh) 1389",29/04/1982
"16 , Boishakh (Baisakh) 1389",30/04/1982
"17 , Boishakh (Baisakh) 1389",01/05/1982
"18 , Boishakh (Baisakh) 1389",02/05/1982
"19 , Boishakh (Baisakh) 1389",03/05/1982
"20 , Boishakh (Baisakh) 1389",04/05/1982
"21 , Boishakh (Baisakh) 1389",05/05/1982
"22 , Boishakh (Baisakh) 1389",06/05/1982
"23 , Boishakh (Baisakh) 1389",07/05/1982
"24 , Boishakh (Baisakh) 1389",08/05/1982
"25 , Boishakh (Baisakh) 1389",09/05/1982
"26 , Boishakh (Baisakh) 1389",10/05/1982
"27 , Boishakh (Baisakh) 1389",11/05/1982
"28 , Boishakh (Baisakh) 1389",12/05/1982
"29 , Boishakh (Baisakh) 1389",13/05/1982
"30 , Boishakh (Baisakh) 1389",14/05/1982
"1 , Joishtho (Jaishtho) 1389",15/05/1982
"2 , Joishtho (Jaishtho) 1389",16/05/1982
"3 , Joishtho (Jaishtho) 1389",17/05/1982
"4 , Joishtho (Jaishtho) 1389",18/05/1982
"5 , Joishtho (Jaishtho) 1389",19/05/1982
"6 , Joishtho (Jaishtho) 1389",20/05/1982
"7 , Joishtho (Jaishtho) 1389",21/05/1982
"8 , Joishtho (Jaishtho) 1389",22/05/1982
"9 , Joishtho (Jaishtho) 1389",23/05/1982
"10 , Joishtho (Jaishtho) 1389",24/05/1982
"11 , Joishtho (Jaishtho) 1389",25/05/1982
"12 , Joishtho (Jaishtho) 1389",26/05/1982
"13 , Joishtho (Jaishtho) 1389",27/05/1982
"14 , Joishtho (Jaishtho) 1389",28/05/1982
"15 , Joishtho (Jaishtho) 1389",29/05/1982
"16 , Joishtho (Jaishtho) 1389",30/05/1982
"17 , Joishtho (Jaishtho) 1389",31/05/1982
"18 , Joishtho (Jaishtho) 1389",01/06/1982
"19 , Joishtho (Jaishtho) 1389",02/06/1982
"20 , Joishtho (Jaishtho) 1389",03/06/1982
"21 , Joishtho (Jaishtho) 1389",04/06/1982
"22 , Joishtho (Jaishtho) 1389",05/06/1982
"23 , Joishtho (Jaishtho) 1389",06/06/1982
"24 , Joishtho (Jaishtho) 1389",07/06/1982
"25 , Joishtho (Jaishtho) 1389",08/06/1982
"26 , Joishtho (Jaishtho) 1389",09/06/1982
"27 , Joishtho (Jaishtho) 1389",10/06/1982
"28 , Joishtho (Jaishtho) 1389",11/06/1982
"29 , Joishtho (Jaishtho) 1389",12/06/1982
"30 , Joishtho (Jaishtho) 1389",13/06/1982
"31 , Joishtho (Jaishtho) 1389",14/06/1982
"32 , Joishtho (Jaishtho) 1389",15/06/1982
"1 , Asharh (Aashar) 1389",16/06/1982
"2 , Asharh (Aashar) 1389",17/06/1982
"3 , Asharh (Aashar) 1389",18/06/1982
"4 , Asharh (Aashar) 1389",19/06/1982
"5 , Asharh (Aashar) 1389",20/06/1982
"6 , Asharh (Aashar) 1389",21/06/1982
"7 , Asharh (Aashar) 1389",22/06/1982
"8 , Asharh (Aashar) 1389",23/06/1982
"9 , Asharh (Aashar) 1389",24/06/1982
"10 , Asharh (Aashar) 1389",25/06/1982
"11 , Asharh (Aashar) 1389",26/06/1982
"12 , Asharh (Aashar) 1389",27/06/1982
"13 , Asharh (Aashar) 1389",28/06/1982
"14 , Asharh (Aashar) 1389",29/06/1982
"15 , Asharh (Aashar) 1389",30/06/1982
"16 , Asharh (Aashar) 1389",01/07/1982
"17 , Asharh (Aashar) 1389",02/07/1982
"18 , Asharh (Aashar) 1389",03/07/1982
"19 , Asharh (Aashar) 1389",04/07/1982
"20 , Asharh (Aashar) 1389",05/07/1982
"21 , Asharh (Aashar) 1389",06/07/1982
"22 , Asharh (Aashar) 1389",07/07/1982
"23 , Asharh (Aashar) 1389",08/07/1982
"24 , Asharh (Aashar) 1389",09/07/1982
"25 , Asharh (Aashar) 1389",10/07/1982
"26 , Asharh (Aashar) 1389",11/07/1982
"27 , Asharh (Aashar) 1389",12/07/1982
"28 , Asharh (Aashar) 1389",13/07/1982
"29 , Asharh (Aashar) 1389",14/07/1982
"30 , Asharh (Aashar) 1389",15/07/1982
"31 , Asharh (Aashar) 1389",16/07/1982
"1 , Srabon (Shraban) 1389",17/07/1982
"2 , Srabon (Shraban) 1389",18/07/1982
"3 , Srabon (Shraban) 1389",19/07/1982
"4 , Srabon (Shraban) 1389",20/07/1982
"5 , Srabon (Shraban) 1389",21/07/1982
"6 , Srabon (Shraban) 1389",22/07/1982
"7 , Srabon (Shraban) 1389",23/07/1982
"8 , Srabon (Shraban) 1389",24/07/1982
"9 , Srabon (Shraban) 1389",25/07/1982
"10 , Srabon (Shraban) 1389",26/07/1982
"11 , Srabon (Shraban) 1389",27/07/1982
"12 , Srabon (Shraban) 1389",28/07/1982
"13 , Srabon (Shraban) 1389",29/07/1982
"14 , Srabon (Shraban) 1389",30/07/1982
"15 , Srabon (Shraban) 1389",31/07/1982
"16 , Srabon (Shraban) 1389",01/08/1982
"17 , Srabon (Shraban) 1389",02/08/1982
"18 , Srabon (Shraban) 1389",03/08/1982
"19 , Srabon (Shraban) 1389",04/08/1982
"20 , Srabon (Shraban) 1389",05/08/1982
"21 , Srabon (Shraban) 1389",06/08/1982
"22 , Srabon (Shraban) 1389",07/08/1982
"23 , Srabon (Shraban) 1389",08/08/1982
"24 , Srabon (Shraban) 1389",09/08/1982
"25 , Srabon (Shraban) 1389",10/08/1982
"26 , Srabon (Shraban) 1389",11/08/1982
"27 , Srabon (Shraban) 1389",12/08/1982
"28 , Srabon (Shraban) 1389",13/08/1982
"29 , Srabon (Shraban) 1389",14/08/1982
"30 , Srabon (Shraban) 1389",15/08/1982
"31 , Srabon (Shraban) 1389",16/08/1982
"32 , Srabon (Shraban) 1389",17/08/1982
"1 , Bhadro (Bhadra) 1389",18/08/1982
"2 , Bhadro (Bhadra) 1389",19/08/1982
"3 , Bhadro (Bhadra) 1389",20/08/1982
"4 , Bhadro (Bhadra) 1389",21/08/1982
"5 , Bhadro (Bhadra) 1389",22/08/1982
"6 , Bhadro (Bhadra) 1389",23/08/1982
"7 , Bhadro (Bhadra) 1389",24/08/1982
"8 , Bhadro (Bhadra) 1389",25/08/1982
"9 , Bhadro (Bhadra) 1389",26/08/1982
"10 , Bhadro (Bhadra) 1389",27/08/1982
"11 , Bhadro (Bhadra) 1389",28/08/1982
"12 , Bhadro (Bhadra) 1389",29/08/1982
"13 , Bhadro (Bhadra) 1389",30/08/1982
"14 , Bhadro (Bhadra) 1389",31/08/1982
"15 , Bhadro (Bhadra) 1389",01/09/1982
"16 , Bhadro (Bhadra) 1389",02/09/1982
"17 , Bhadro (Bhadra) 1389",03/09/1982
"18 , Bhadro (Bhadra) 1389",04/09/1982
"19 , Bhadro (Bhadra) 1389",05/09/1982
"20 , Bhadro (Bhadra) 1389",06/09/1982
"21 , Bhadro (Bhadra) 1389",07/09/1982
"22 , Bhadro (Bhadra) 1389",08/09/1982
"23 , Bhadro (Bhadra) 1389",09/09/1982
"24 , Bhadro (Bhadra) 1389",10/09/1982
"25 , Bhadro (Bhadra) 1389",11/09/1982
"26 , Bhadro (Bhadra) 1389",12/09/1982
"27 , Bhadro (Bhadra) 1389",13/09/1982
"28 , Bhadro (Bhadra) 1389",14/09/1982
"29 , Bhadro (Bhadra) 1389",15/09/1982
"30 , Bhadro (Bhadra) 1389",16/09/1982
"31 , Bhadro (Bhadra) 1389",17/09/1982
"1 , Ashshin (Aashin) 1389",18/09/1982
"2 , Ashshin (Aashin) 1389",19/09/1982
"3 , Ashshin (Aashin) 1389",20/09/1982
"4 , Ashshin (Aashin) 1389",21/09/1982
"5 , Ashshin (Aashin) 1389",22/09/1982
"6 , Ashshin (Aashin) 1389",23/09/1982
"7 , Ashshin (Aashin) 1389",24/09/1982
"8 , Ashshin (Aashin) 1389",25/09/1982
"9 , Ashshin (Aashin) 1389",26/09/1982
"10 , Ashshin (Aashin) 1389",27/09/1982
"11 , Ashshin (Aashin) 1389",28/09/1982
"12 , Ashshin (Aashin) 1389",29/09/1982
"13 , Ashshin (Aashin) 1389",30/09/1982
"14 , Ashshin (Aashin) 1389",01/10/1982
"15 , Ashshin (Aashin) 1389",02/10/1982
"16 , Ashshin (Aashin) 1389",03/10/1982
"17 , Ashshin (Aashin) 1389",04/10/1982
"18 , Ashshin (Aashin) 1389",05/10/1982
"19 , Ashshin (Aashin) 1389",06/10/1982
"20 , Ashshin (Aashin) 1389",07/10/1982
"21 , Ashshin (Aashin) 1389",08/10/1982
"22 , Ashshin (Aashin) 1389",09/10/1982
"23 , Ashshin (Aashin) 1389",10/10/1982
"24 , Ashshin (Aashin) 1389",11/10/1982
"25 , Ashshin (Aashin) 1389",12/10/1982
"26 , Ashshin (Aashin) 1389",13/10/1982
"27 , Ashshin (Aashin) 1389",14/10/1982
"28 , Ashshin (Aashin) 1389",15/10/1982
"29 , Ashshin (Aashin) 1389",16/10/1982
"30 , Ashshin (Aashin) 1389",17/10/1982
"1 , Kartik 1389",18/10/1982
"2 , Kartik 1389",19/10/1982
"3 , Kartik 1389",20/10/1982
"4 , Kartik 1389",21/10/1982
"5 , Kartik 1389",22/10/1982
"6 , Kartik 1389",23/10/1982
"7 , Kartik 1389",24/10/1982
"8 , Kartik 1389",25/10/1982
"9 , Kartik 1389",26/10/1982
"10 , Kartik 1389",27/10/1982
"11 , Kartik 1389",28/10/1982
"12 , Kartik 1389",29/10/1982
"13 , Kartik 1389",30/10/1982
"14 , Kartik 1389",31/10/1982
"15 , Kartik 1389",01/11/1982
"16 , Kartik 1389",02/11/1982
"17 , Kartik 1389",03/11/1982
"18 , Kartik 1389",04/11/1982
"19 , Kartik 1389",05/11/1982
"20 , Kartik 1389",06/11/1982
"21 , Kartik 1389",07/11/1982
"22 , Kartik 1389",08/11/1982
"23 , Kartik 1389",09/11/1982
"24 , Kartik 1389",10/11/1982
"25 , Kartik 1389",11/11/1982
"26 , Kartik 1389",12/11/1982
"27 , Kartik 1389",13/11/1982
"28 , Kartik 1389",14/11/1982
"29 , Kartik 1389",15/11/1982
"30 , Kartik 1389",16/11/1982
"1 , Ogrohaeon (Agrahan) 1389",17/11/1982
"2 , Ogrohaeon (Agrahan) 1389",18/11/1982
"3 , Ogrohaeon (Agrahan) 1389",19/11/1982
"4 , Ogrohaeon (Agrahan) 1389",20/11/1982
"5 , Ogrohaeon (Agrahan) 1389",21/11/1982
"6 , Ogrohaeon (Agrahan) 1389",22/11/1982
"7 , Ogrohaeon (Agrahan) 1389",23/11/1982
"8 , Ogrohaeon (Agrahan) 1389",24/11/1982
"9 , Ogrohaeon (Agrahan) 1389",25/11/1982
"10 , Ogrohaeon (Agrahan) 1389",26/11/1982
"11 , Ogrohaeon (Agrahan) 1389",27/11/1982
"12 , Ogrohaeon (Agrahan) 1389",28/11/1982
"13 , Ogrohaeon (Agrahan) 1389",29/11/1982
"14 , Ogrohaeon (Agrahan) 1389",30/11/1982
"15 , Ogrohaeon (Agrahan) 1389",01/12/1982
"16 , Ogrohaeon (Agrahan) 1389",02/12/1982
"17 , Ogrohaeon (Agrahan) 1389",03/12/1982
"18 , Ogrohaeon (Agrahan) 1389",04/12/1982
"19 , Ogrohaeon (Agrahan) 1389",05/12/1982
"20 , Ogrohaeon (Agrahan) 1389",06/12/1982
"21 , Ogrohaeon (Agrahan) 1389",07/12/1982
"22 , Ogrohaeon (Agrahan) 1389",08/12/1982
"23 , Ogrohaeon (Agrahan) 1389",09/12/1982
"24 , Ogrohaeon (Agrahan) 1389",10/12/1982
"25 , Ogrohaeon (Agrahan) 1389",11/12/1982
"26 , Ogrohaeon (Agrahan) 1389",12/12/1982
"27 , Ogrohaeon (Agrahan) 1389",13/12/1982
"28 , Ogrohaeon (Agrahan) 1389",14/12/1982
"29 , Ogrohaeon (Agrahan) 1389",15/12/1982
"30 , Ogrohaeon (Agrahan) 1389",16/12/1982
"1 , Poush 1389",17/12/1982
"2 , Poush 1389",18/12/1982
"3 , Poush 1389",19/12/1982
"4 , Poush 1389",20/12/1982
"5 , Poush 1389",21/12/1982
"6 , Poush 1389",22/12/1982
"7 , Poush 1389",23/12/1982
"8 , Poush 1389",24/12/1982
"9 , Poush 1389",25/12/1982
"10 , Poush 1389",26/12/1982
"11 , Poush 1389",27/12/1982
"12 , Poush 1389",28/12/1982
"13 , Poush 1389",29/12/1982
"14 , Poush 1389",30/12/1982
"15 , Poush 1389",31/12/1982
"16 , Poush 1389",01/01/1983
"17 , Poush 1389",02/01/1983
"18 , Poush 1389",03/01/1983
"19 , Poush 1389",04/01/1983
"20 , Poush 1389",05/01/1983
"21 , Poush 1389",06/01/1983
"22 , Poush 1389",07/01/1983
"23 , Poush 1389",08/01/1983
"24 , Poush 1389",09/01/1983
"25 , Poush 1389",10/01/1983
"26 , Poush 1389",11/01/1983
"27 , Poush 1389",12/01/1983
"28 , Poush 1389",13/01/1983
"29 , Poush 1389",14/01/1983
"1 , Magh (Maagh) 1390",15/01/1983
"2 , Magh (Maagh) 1390",16/01/1983
"3 , Magh (Maagh) 1390",17/01/1983
"4 , Magh (Maagh) 1390",18/01/1983
"5 , Magh (Maagh) 1390",19/01/1983
"6 , Magh (Maagh) 1390",20/01/1983
"7 , Magh (Maagh) 1390",21/01/1983
"8 , Magh (Maagh) 1390",22/01/1983
"9 , Magh (Maagh) 1390",23/01/1983
"10 , Magh (Maagh) 1390",24/01/1983
"11 , Magh (Maagh) 1390",25/01/1983
"12 , Magh (Maagh) 1390",26/01/1983
"13 , Magh (Maagh) 1390",27/01/1983
"14 , Magh (Maagh) 1390",28/01/1983
"15 , Magh (Maagh) 1390",29/01/1983
"16 , Magh (Maagh) 1390",30/01/1983
"17 , Magh (Maagh) 1390",31/01/1983
"18 , Magh (Maagh) 1390",01/02/1983
"19 , Magh (Maagh) 1390",02/02/1983
"20 , Magh (Maagh) 1390",03/02/1983
"21 , Magh (Maagh) 1390",04/02/1983
"22 , Magh (Maagh) 1390",05/02/1983
"23 , Magh (Maagh) 1390",06/02/1983
"24 , Magh (Maagh) 1390",07/02/1983
"25 , Magh (Maagh) 1390",08/02/1983
"26 , Magh (Maagh) 1390",09/02/1983
"27 , Magh (Maagh) 1390",10/02/1983
"28 , Magh (Maagh) 1390",11/02/1983
"29 , Magh (Maagh) 1390",12/02/1983
"30 , Magh (Maagh) 1390",13/02/1983
"1 , Falgun (Phalgun) 1390",14/02/1983
"2 , Falgun (Phalgun) 1390",15/02/1983
"3 , Falgun (Phalgun) 1390",16/02/1983
"4 , Falgun (Phalgun) 1390",17/02/1983
"5 , Falgun (Phalgun) 1390",18/02/1983
"6 , Falgun (Phalgun) 1390",19/02/1983
"7 , Falgun (Phalgun) 1390",20/02/1983
"8 , Falgun (Phalgun) 1390",21/02/1983
"9 , Falgun (Phalgun) 1390",22/02/1983
"10 , Falgun (Phalgun) 1390",23/02/1983
"11 , Falgun (Phalgun) 1390",24/02/1983
"12 , Falgun (Phalgun) 1390",25/02/1983
"13 , Falgun (Phalgun) 1390",26/02/1983
"14 , Falgun (Phalgun) 1390",27/02/1983
"15 , Falgun (Phalgun) 1390",28/02/1983
"16 , Falgun (Phalgun) 1390",01/03/1983
"17 , Falgun (Phalgun) 1390",02/03/1983
"18 , Falgun (Phalgun) 1390",03/03/1983
"19 , Falgun (Phalgun) 1390",04/03/1983
"20 , Falgun (Phalgun) 1390",05/03/1983
"21 , Falgun (Phalgun) 1390",06/03/1983
"22 , Falgun (Phalgun) 1390",07/03/1983
"23 , Falgun (Phalgun) 1390",08/03/1983
"24 , Falgun (Phalgun) 1390",09/03/1983
"25 , Falgun (Phalgun) 1390",10/03/1983
"26 , Falgun (Phalgun) 1390",11/03/1983
"27 , Falgun (Phalgun) 1390",12/03/1983
"28 , Falgun (Phalgun) 1390",13/03/1983
"29 , Falgun (Phalgun) 1390",14/03/1983
"30 , Falgun (Phalgun) 1390",15/03/1983
"1 , Choitro (Chaitra) 1390",16/03/1983
"2 , Choitro (Chaitra) 1390",17/03/1983
"3 , Choitro (Chaitra) 1390",18/03/1983
"4 , Choitro (Chaitra) 1390",19/03/1983
"5 , Choitro (Chaitra) 1390",20/03/1983
"6 , Choitro (Chaitra) 1390",21/03/1983
"7 , Choitro (Chaitra) 1390",22/03/1983
"8 , Choitro (Chaitra) 1390",23/03/1983
"9 , Choitro (Chaitra) 1390",24/03/1983
"10 , Choitro (Chaitra) 1390",25/03/1983
"11 , Choitro (Chaitra) 1390",26/03/1983
"12 , Choitro (Chaitra) 1390",27/03/1983
"13 , Choitro (Chaitra) 1390",28/03/1983
"14 , Choitro (Chaitra) 1390",29/03/1983
"15 , Choitro (Chaitra) 1390",30/03/1983
"16 , Choitro (Chaitra) 1390",31/03/1983
"17 , Choitro (Chaitra) 1390",01/04/1983
"18 , Choitro (Chaitra) 1390",02/04/1983
"19 , Choitro (Chaitra) 1390",03/04/1983
"20 , Choitro (Chaitra) 1390",04/04/1983
"21 , Choitro (Chaitra) 1390",05/04/1983
"22 , Choitro (Chaitra) 1390",06/04/1983
"23 , Choitro (Chaitra) 1390",07/04/1983
"24 , Choitro (Chaitra) 1390",08/04/1983
"25 , Choitro (Chaitra) 1390",09/04/1983
"26 , Choitro (Chaitra) 1390",10/04/1983
"27 , Choitro (Chaitra) 1390",11/04/1983
"28 , Choitro (Chaitra) 1390",12/04/1983
"29 , Choitro (Chaitra) 1390",13/04/1983
"30 , Choitro (Chaitra) 1390",14/04/1983
"1 , Boishakh (Baisakh) 1390",15/04/1983
"2 , Boishakh (Baisakh) 1390",16/04/1983
"3 , Boishakh (Baisakh) 1390",17/04/1983
"4 , Boishakh (Baisakh) 1390",18/04/1983
"5 , Boishakh (Baisakh) 1390",19/04/1983
"6 , Boishakh (Baisakh) 1390",20/04/1983
"7 , Boishakh (Baisakh) 1390",21/04/1983
"8 , Boishakh (Baisakh) 1390",22/04/1983
"9 , Boishakh (Baisakh) 1390",23/04/1983
"10 , Boishakh (Baisakh) 1390",24/04/1983
"11 , Boishakh (Baisakh) 1390",25/04/1983
"12 , Boishakh (Baisakh) 1390",26/04/1983
"13 , Boishakh (Baisakh) 1390",27/04/1983
"14 , Boishakh (Baisakh) 1390",28/04/1983
"15 , Boishakh (Baisakh) 1390",29/04/1983
"16 , Boishakh (Baisakh) 1390",30/04/1983
"17 , Boishakh (Baisakh) 1390",01/05/1983
"18 , Boishakh (Baisakh) 1390",02/05/1983
"19 , Boishakh (Baisakh) 1390",03/05/1983
"20 , Boishakh (Baisakh) 1390",04/05/1983
"21 , Boishakh (Baisakh) 1390",05/05/1983
"22 , Boishakh (Baisakh) 1390",06/05/1983
"23 , Boishakh (Baisakh) 1390",07/05/1983
"24 , Boishakh (Baisakh) 1390",08/05/1983
"25 , Boishakh (Baisakh) 1390",09/05/1983
"26 , Boishakh (Baisakh) 1390",10/05/1983
"27 , Boishakh (Baisakh) 1390",11/05/1983
"28 , Boishakh (Baisakh) 1390",12/05/1983
"29 , Boishakh (Baisakh) 1390",13/05/1983
"30 , Boishakh (Baisakh) 1390",14/05/1983
"31 , Boishakh (Baisakh) 1390",15/05/1983
"1 , Joishtho (Jaishtho) 1390",16/05/1983
"2 , Joishtho (Jaishtho) 1390",17/05/1983
"3 , Joishtho (Jaishtho) 1390",18/05/1983
"4 , Joishtho (Jaishtho) 1390",19/05/1983
"5 , Joishtho (Jaishtho) 1390",20/05/1983
"6 , Joishtho (Jaishtho) 1390",21/05/1983
"7 , Joishtho (Jaishtho) 1390",22/05/1983
"8 , Joishtho (Jaishtho) 1390",23/05/1983
"9 , Joishtho (Jaishtho) 1390",24/05/1983
"10 , Joishtho (Jaishtho) 1390",25/05/1983
"11 , Joishtho (Jaishtho) 1390",26/05/1983
"12 , Joishtho (Jaishtho) 1390",27/05/1983
"13 , Joishtho (Jaishtho) 1390",28/05/1983
"14 , Joishtho (Jaishtho) 1390",29/05/1983
"15 , Joishtho (Jaishtho) 1390",30/05/1983
"16 , Joishtho (Jaishtho) 1390",31/05/1983
"17 , Joishtho (Jaishtho) 1390",01/06/1983
"18 , Joishtho (Jaishtho) 1390",02/06/1983
"19 , Joishtho (Jaishtho) 1390",03/06/1983
"20 , Joishtho (Jaishtho) 1390",04/06/1983
"21 , Joishtho (Jaishtho) 1390",05/06/1983
"22 , Joishtho (Jaishtho) 1390",06/06/1983
"23 , Joishtho (Jaishtho) 1390",07/06/1983
"24 , Joishtho (Jaishtho) 1390",08/06/1983
"25 , Joishtho (Jaishtho) 1390",09/06/1983
"26 , Joishtho (Jaishtho) 1390",10/06/1983
"27 , Joishtho (Jaishtho) 1390",11/06/1983
"28 , Joishtho (Jaishtho) 1390",12/06/1983
"29 , Joishtho (Jaishtho) 1390",13/06/1983
"30 , Joishtho (Jaishtho) 1390",14/06/1983
"31 , Joishtho (Jaishtho) 1390",15/06/1983
"1 , Asharh (Aashar) 1390",16/06/1983
"2 , Asharh (Aashar) 1390",17/06/1983
"3 , Asharh (Aashar) 1390",18/06/1983
"4 , Asharh (Aashar) 1390",19/06/1983
"5 , Asharh (Aashar) 1390",20/06/1983
"6 , Asharh (Aashar) 1390",21/06/1983
"7 , Asharh (Aashar) 1390",22/06/1983
"8 , Asharh (Aashar) 1390",23/06/1983
"9 , Asharh (Aashar) 1390",24/06/1983
"10 , Asharh (Aashar) 1390",25/06/1983
"11 , Asharh (Aashar) 1390",26/06/1983
"12 , Asharh (Aashar) 1390",27/06/1983
"13 , Asharh (Aashar) 1390",28/06/1983
"14 , Asharh (Aashar) 1390",29/06/1983
"15 , Asharh (Aashar) 1390",30/06/1983
"16 , Asharh (Aashar) 1390",01/07/1983
"17 , Asharh (Aashar) 1390",02/07/1983
"18 , Asharh (Aashar) 1390",03/07/1983
"19 , Asharh (Aashar) 1390",04/07/1983
"20 , Asharh (Aashar) 1390",05/07/1983
"21 , Asharh (Aashar) 1390",06/07/1983
"22 , Asharh (Aashar) 1390",07/07/1983
"23 , Asharh (Aashar) 1390",08/07/1983
"24 , Asharh (Aashar) 1390",09/07/1983
"25 , Asharh (Aashar) 1390",10/07/1983
"26 , Asharh (Aashar) 1390",11/07/1983
"27 , Asharh (Aashar) 1390",12/07/1983
"28 , Asharh (Aashar) 1390",13/07/1983
"29 , Asharh (Aashar) 1390",14/07/1983
"30 , Asharh (Aashar) 1390",15/07/1983
"31 , Asharh (Aashar) 1390",16/07/1983
"1 , Srabon (Shraban) 1390",17/07/1983
"2 , Srabon (Shraban) 1390",18/07/1983
"3 , Srabon (Shraban) 1390",19/07/1983
"4 , Srabon (Shraban) 1390",20/07/1983
"5 , Srabon (Shraban) 1390",21/07/1983
"6 , Srabon (Shraban) 1390",22/07/1983
"7 , Srabon (Shraban) 1390",23/07/1983
"8 , Srabon (Shraban) 1390",24/07/1983
"9 , Srabon (Shraban) 1390",25/07/1983
"10 , Srabon (Shraban) 1390",26/07/1983
"11 , Srabon (Shraban) 1390",27/07/1983
"12 , Srabon (Shraban) 1390",28/07/1983
"13 , Srabon (Shraban) 1390",29/07/1983
"14 , Srabon (Shraban) 1390",30/07/1983
"15 , Srabon (Shraban) 1390",31/07/1983
"16 , Srabon (Shraban) 1390",01/08/1983
"17 , Srabon (Shraban) 1390",02/08/1983
"18 , Srabon (Shraban) 1390",03/08/1983
"19 , Srabon (Shraban) 1390",04/08/1983
"20 , Srabon (Shraban) 1390",05/08/1983
"21 , Srabon (Shraban) 1390",06/08/1983
"22 , Srabon (Shraban) 1390",07/08/1983
"23 , Srabon (Shraban) 1390",08/08/1983
"24 , Srabon (Shraban) 1390",09/08/1983
"25 , Srabon (Shraban) 1390",10/08/1983
"26 , Srabon (Shraban) 1390",11/08/1983
"27 , Srabon (Shraban) 1390",12/08/1983
"28 , Srabon (Shraban) 1390",13/08/1983
"29 , Srabon (Shraban) 1390",14/08/1983
"30 , Srabon (Shraban) 1390",15/08/1983
"31 , Srabon (Shraban) 1390",16/08/1983
"32 , Srabon (Shraban) 1390",17/08/1983
"1 , Bhadro (Bhadra) 1390",18/08/1983
"2 , Bhadro (Bhadra) 1390",19/08/1983
"3 , Bhadro (Bhadra) 1390",20/08/1983
"4 , Bhadro (Bhadra) 1390",21/08/1983
"5 , Bhadro (Bhadra) 1390",22/08/1983
"6 , Bhadro (Bhadra) 1390",23/08/1983
"7 , Bhadro (Bhadra) 1390",24/08/1983
"8 , Bhadro (Bhadra) 1390",25/08/1983
"9 , Bhadro (Bhadra) 1390",26/08/1983
"10 , Bhadro (Bhadra) 1390",27/08/1983
"11 , Bhadro (Bhadra) 1390",28/08/1983
"12 , Bhadro (Bhadra) 1390",29/08/1983
"13 , Bhadro (Bhadra) 1390",30/08/1983
"14 , Bhadro (Bhadra) 1390",31/08/1983
"15 , Bhadro (Bhadra) 1390",01/09/1983
"16 , Bhadro (Bhadra) 1390",02/09/1983
"17 , Bhadro (Bhadra) 1390",03/09/1983
"18 , Bhadro (Bhadra) 1390",04/09/1983
"19 , Bhadro (Bhadra) 1390",05/09/1983
"20 , Bhadro (Bhadra) 1390",06/09/1983
"21 , Bhadro (Bhadra) 1390",07/09/1983
"22 , Bhadro (Bhadra) 1390",08/09/1983
"23 , Bhadro (Bhadra) 1390",09/09/1983
"24 , Bhadro (Bhadra) 1390",10/09/1983
"25 , Bhadro (Bhadra) 1390",11/09/1983
"26 , Bhadro (Bhadra) 1390",12/09/1983
"27 , Bhadro (Bhadra) 1390",13/09/1983
"28 , Bhadro (Bhadra) 1390",14/09/1983
"29 , Bhadro (Bhadra) 1390",15/09/1983
"30 , Bhadro (Bhadra) 1390",16/09/1983
"31 , Bhadro (Bhadra) 1390",17/09/1983
"1 , Ashshin (Aashin) 1390",18/09/1983
"2 , Ashshin (Aashin) 1390",19/09/1983
"3 , Ashshin (Aashin) 1390",20/09/1983
"4 , Ashshin (Aashin) 1390",21/09/1983
"5 , Ashshin (Aashin) 1390",22/09/1983
"6 , Ashshin (Aashin) 1390",23/09/1983
"7 , Ashshin (Aashin) 1390",24/09/1983
"8 , Ashshin (Aashin) 1390",25/09/1983
"9 , Ashshin (Aashin) 1390",26/09/1983
"10 , Ashshin (Aashin) 1390",27/09/1983
"11 , Ashshin (Aashin) 1390",28/09/1983
"12 , Ashshin (Aashin) 1390",29/09/1983
"13 , Ashshin (Aashin) 1390",30/09/1983
"14 , Ashshin (Aashin) 1390",01/10/1983
"15 , Ashshin (Aashin) 1390",02/10/1983
"16 , Ashshin (Aashin) 1390",03/10/1983
"17 , Ashshin (Aashin) 1390",04/10/1983
"18 , Ashshin (Aashin) 1390",05/10/1983
"19 , Ashshin (Aashin) 1390",06/10/1983
"20 , Ashshin (Aashin) 1390",07/10/1983
"21 , Ashshin (Aashin) 1390",08/10/1983
"22 , Ashshin (Aashin) 1390",09/10/1983
"23 , Ashshin (Aashin) 1390",10/10/1983
"24 , Ashshin (Aashin) 1390",11/10/1983
"25 , Ashshin (Aashin) 1390",12/10/1983
"26 , Ashshin (Aashin) 1390",13/10/1983
"27 , Ashshin (Aashin) 1390",14/10/1983
"28 , Ashshin (Aashin) 1390",15/10/1983
"29 , Ashshin (Aashin) 1390",16/10/1983
"30 , Ashshin (Aashin) 1390",17/10/1983
"1 , Kartik 1390",18/10/1983
"2 , Kartik 1390",19/10/1983
"3 , Kartik 1390",20/10/1983
"4 , Kartik 1390",21/10/1983
"5 , Kartik 1390",22/10/1983
"6 , Kartik 1390",23/10/1983
"7 , Kartik 1390",24/10/1983
"8 , Kartik 1390",25/10/1983
"9 , Kartik 1390",26/10/1983
"10 , Kartik 1390",27/10/1983
"11 , Kartik 1390",28/10/1983
"12 , Kartik 1390",29/10/1983
"13 , Kartik 1390",30/10/1983
"14 , Kartik 1390",31/10/1983
"15 , Kartik 1390",01/11/1983
"16 , Kartik 1390",02/11/1983
"17 , Kartik 1390",03/11/1983
"18 , Kartik 1390",04/11/1983
"19 , Kartik 1390",05/11/1983
"20 , Kartik 1390",06/11/1983
"21 , Kartik 1390",07/11/1983
"22 , Kartik 1390",08/11/1983
"23 , Kartik 1390",09/11/1983
"24 , Kartik 1390",10/11/1983
"25 , Kartik 1390",11/11/1983
"26 , Kartik 1390",12/11/1983
"27 , Kartik 1390",13/11/1983
"28 , Kartik 1390",14/11/1983
"29 , Kartik 1390",15/11/1983
"30 , Kartik 1390",16/11/1983
"1 , Ogrohaeon (Agrahan) 1390",17/11/1983
"2 , Ogrohaeon (Agrahan) 1390",18/11/1983
"3 , Ogrohaeon (Agrahan) 1390",19/11/1983
"4 , Ogrohaeon (Agrahan) 1390",20/11/1983
"5 , Ogrohaeon (Agrahan) 1390",21/11/1983
"6 , Ogrohaeon (Agrahan) 1390",22/11/1983
"7 , Ogrohaeon (Agrahan) 1390",23/11/1983
"8 , Ogrohaeon (Agrahan) 1390",24/11/1983
"9 , Ogrohaeon (Agrahan) 1390",25/11/1983
"10 , Ogrohaeon (Agrahan) 1390",26/11/1983
"11 , Ogrohaeon (Agrahan) 1390",27/11/1983
"12 , Ogrohaeon (Agrahan) 1390",28/11/1983
"13 , Ogrohaeon (Agrahan) 1390",29/11/1983
"14 , Ogrohaeon (Agrahan) 1390",30/11/1983
"15 , Ogrohaeon (Agrahan) 1390",01/12/1983
"16 , Ogrohaeon (Agrahan) 1390",02/12/1983
"17 , Ogrohaeon (Agrahan) 1390",03/12/1983
"18 , Ogrohaeon (Agrahan) 1390",04/12/1983
"19 , Ogrohaeon (Agrahan) 1390",05/12/1983
"20 , Ogrohaeon (Agrahan) 1390",06/12/1983
"21 , Ogrohaeon (Agrahan) 1390",07/12/1983
"22 , Ogrohaeon (Agrahan) 1390",08/12/1983
"23 , Ogrohaeon (Agrahan) 1390",09/12/1983
"24 , Ogrohaeon (Agrahan) 1390",10/12/1983
"25 , Ogrohaeon (Agrahan) 1390",11/12/1983
"26 , Ogrohaeon (Agrahan) 1390",12/12/1983
"27 , Ogrohaeon (Agrahan) 1390",13/12/1983
"28 , Ogrohaeon (Agrahan) 1390",14/12/1983
"29 , Ogrohaeon (Agrahan) 1390",15/12/1983
"30 , Ogrohaeon (Agrahan) 1390",16/12/1983
"1 , Magh (Maagh) 1391",15/01/1984
"2 , Magh (Maagh) 1391",16/01/1984
"3 , Magh (Maagh) 1391",17/01/1984
"4 , Magh (Maagh) 1391",18/01/1984
"5 , Magh (Maagh) 1391",19/01/1984
"6 , Magh (Maagh) 1391",20/01/1984
"7 , Magh (Maagh) 1391",21/01/1984
"8 , Magh (Maagh) 1391",22/01/1984
"9 , Magh (Maagh) 1391",23/01/1984
"10 , Magh (Maagh) 1391",24/01/1984
"11 , Magh (Maagh) 1391",25/01/1984
"12 , Magh (Maagh) 1391",26/01/1984
"13 , Magh (Maagh) 1391",27/01/1984
"14 , Magh (Maagh) 1391",28/01/1984
"15 , Magh (Maagh) 1391",29/01/1984
"16 , Magh (Maagh) 1391",30/01/1984
"17 , Magh (Maagh) 1391",31/01/1984
"18 , Magh (Maagh) 1391",01/02/1984
"19 , Magh (Maagh) 1391",02/02/1984
"20 , Magh (Maagh) 1391",03/02/1984
"21 , Magh (Maagh) 1391",04/02/1984
"22 , Magh (Maagh) 1391",05/02/1984
"23 , Magh (Maagh) 1391",06/02/1984
"24 , Magh (Maagh) 1391",07/02/1984
"25 , Magh (Maagh) 1391",08/02/1984
"26 , Magh (Maagh) 1391",09/02/1984
"27 , Magh (Maagh) 1391",10/02/1984
"28 , Magh (Maagh) 1391",11/02/1984
"29 , Magh (Maagh) 1391",12/02/1984
"30 , Magh (Maagh) 1391",13/02/1984
"1 , Falgun (Phalgun) 1391",14/02/1984
"2 , Falgun (Phalgun) 1391",15/02/1984
"3 , Falgun (Phalgun) 1391",16/02/1984
"4 , Falgun (Phalgun) 1391",17/02/1984
"5 , Falgun (Phalgun) 1391",18/02/1984
"6 , Falgun (Phalgun) 1391",19/02/1984
"7 , Falgun (Phalgun) 1391",20/02/1984
"8 , Falgun (Phalgun) 1391",21/02/1984
"9 , Falgun (Phalgun) 1391",22/02/1984
"10 , Falgun (Phalgun) 1391",23/02/1984
"11 , Falgun (Phalgun) 1391",24/02/1984
"12 , Falgun (Phalgun) 1391",25/02/1984
"13 , Falgun (Phalgun) 1391",26/02/1984
"14 , Falgun (Phalgun) 1391",27/02/1984
"15 , Falgun (Phalgun) 1391",28/02/1984
"16 , Falgun (Phalgun) 1391",29/02/1984
"17 , Falgun (Phalgun) 1391",01/03/1984
"18 , Falgun (Phalgun) 1391",02/03/1984
"19 , Falgun (Phalgun) 1391",03/03/1984
"20 , Falgun (Phalgun) 1391",04/03/1984
"21 , Falgun (Phalgun) 1391",05/03/1984
"22 , Falgun (Phalgun) 1391",06/03/1984
"23 , Falgun (Phalgun) 1391",07/03/1984
"24 , Falgun (Phalgun) 1391",08/03/1984
"25 , Falgun (Phalgun) 1391",09/03/1984
"26 , Falgun (Phalgun) 1391",10/03/1984
"27 , Falgun (Phalgun) 1391",11/03/1984
"28 , Falgun (Phalgun) 1391",12/03/1984
"29 , Falgun (Phalgun) 1391",13/03/1984
"30 , Falgun (Phalgun) 1391",14/03/1984
"1 , Choitro (Chaitra) 1391",15/03/1984
"2 , Choitro (Chaitra) 1391",16/03/1984
"3 , Choitro (Chaitra) 1391",17/03/1984
"4 , Choitro (Chaitra) 1391",18/03/1984
"5 , Choitro (Chaitra) 1391",19/03/1984
"6 , Choitro (Chaitra) 1391",20/03/1984
"7 , Choitro (Chaitra) 1391",21/03/1984
"8 , Choitro (Chaitra) 1391",22/03/1984
"9 , Choitro (Chaitra) 1391",23/03/1984
"10 , Choitro (Chaitra) 1391",24/03/1984
"11 , Choitro (Chaitra) 1391",25/03/1984
"12 , Choitro (Chaitra) 1391",26/03/1984
"13 , Choitro (Chaitra) 1391",27/03/1984
"14 , Choitro (Chaitra) 1391",28/03/1984
"15 , Choitro (Chaitra) 1391",29/03/1984
"16 , Choitro (Chaitra) 1391",30/03/1984
"17 , Choitro (Chaitra) 1391",31/03/1984
"18 , Choitro (Chaitra) 1391",01/04/1984
"19 , Choitro (Chaitra) 1391",02/04/1984
"20 , Choitro (Chaitra) 1391",03/04/1984
"21 , Choitro (Chaitra) 1391",04/04/1984
"22 , Choitro (Chaitra) 1391",05/04/1984
"23 , Choitro (Chaitra) 1391",06/04/1984
"24 , Choitro (Chaitra) 1391",07/04/1984
"25 , Choitro (Chaitra) 1391",08/04/1984
"26 , Choitro (Chaitra) 1391",09/04/1984
"27 , Choitro (Chaitra) 1391",10/04/1984
"28 , Choitro (Chaitra) 1391",11/04/1984
"29 , Choitro (Chaitra) 1391",12/04/1984
"30 , Choitro (Chaitra) 1391",13/04/1984
"1 , Boishakh (Baisakh) 1391",14/04/1984
"2 , Boishakh (Baisakh) 1391",15/04/1984
"3 , Boishakh (Baisakh) 1391",16/04/1984
"4 , Boishakh (Baisakh) 1391",17/04/1984
"5 , Boishakh (Baisakh) 1391",18/04/1984
"6 , Boishakh (Baisakh) 1391",19/04/1984
"7 , Boishakh (Baisakh) 1391",20/04/1984
"8 , Boishakh (Baisakh) 1391",21/04/1984
"9 , Boishakh (Baisakh) 1391",22/04/1984
"10 , Boishakh (Baisakh) 1391",23/04/1984
"11 , Boishakh (Baisakh) 1391",24/04/1984
"12 , Boishakh (Baisakh) 1391",25/04/1984
"13 , Boishakh (Baisakh) 1391",26/04/1984
"14 , Boishakh (Baisakh) 1391",27/04/1984
"15 , Boishakh (Baisakh) 1391",28/04/1984
"16 , Boishakh (Baisakh) 1391",29/04/1984
"17 , Boishakh (Baisakh) 1391",30/04/1984
"18 , Boishakh (Baisakh) 1391",01/05/1984
"19 , Boishakh (Baisakh) 1391",02/05/1984
"20 , Boishakh (Baisakh) 1391",03/05/1984
"21 , Boishakh (Baisakh) 1391",04/05/1984
"22 , Boishakh (Baisakh) 1391",05/05/1984
"23 , Boishakh (Baisakh) 1391",06/05/1984
"24 , Boishakh (Baisakh) 1391",07/05/1984
"25 , Boishakh (Baisakh) 1391",08/05/1984
"26 , Boishakh (Baisakh) 1391",09/05/1984
"27 , Boishakh (Baisakh) 1391",10/05/1984
"28 , Boishakh (Baisakh) 1391",11/05/1984
"29 , Boishakh (Baisakh) 1391",12/05/1984
"30 , Boishakh (Baisakh) 1391",13/05/1984
"31 , Boishakh (Baisakh) 1391",14/05/1984
"1 , Joishtho (Jaishtho) 1391",15/05/1984
"2 , Joishtho (Jaishtho) 1391",16/05/1984
"3 , Joishtho (Jaishtho) 1391",17/05/1984
"4 , Joishtho (Jaishtho) 1391",18/05/1984
"5 , Joishtho (Jaishtho) 1391",19/05/1984
"6 , Joishtho (Jaishtho) 1391",20/05/1984
"7 , Joishtho (Jaishtho) 1391",21/05/1984
"8 , Joishtho (Jaishtho) 1391",22/05/1984
"9 , Joishtho (Jaishtho) 1391",23/05/1984
"10 , Joishtho (Jaishtho) 1391",24/05/1984
"11 , Joishtho (Jaishtho) 1391",25/05/1984
"12 , Joishtho (Jaishtho) 1391",26/05/1984
"13 , Joishtho (Jaishtho) 1391",27/05/1984
"14 , Joishtho (Jaishtho) 1391",28/05/1984
"15 , Joishtho (Jaishtho) 1391",29/05/1984
"16 , Joishtho (Jaishtho) 1391",30/05/1984
"17 , Joishtho (Jaishtho) 1391",31/05/1984
"18 , Joishtho (Jaishtho) 1391",01/06/1984
"19 , Joishtho (Jaishtho) 1391",02/06/1984
"20 , Joishtho (Jaishtho) 1391",03/06/1984
"21 , Joishtho (Jaishtho) 1391",04/06/1984
"22 , Joishtho (Jaishtho) 1391",05/06/1984
"23 , Joishtho (Jaishtho) 1391",06/06/1984
"24 , Joishtho (Jaishtho) 1391",07/06/1984
"25 , Joishtho (Jaishtho) 1391",08/06/1984
"26 , Joishtho (Jaishtho) 1391",09/06/1984
"27 , Joishtho (Jaishtho) 1391",10/06/1984
"28 , Joishtho (Jaishtho) 1391",11/06/1984
"29 , Joishtho (Jaishtho) 1391",12/06/1984
"30 , Joishtho (Jaishtho) 1391",13/06/1984
"31 , Joishtho (Jaishtho) 1391",14/06/1984
"1 , Asharh (Aashar) 1391",15/06/1984
"2 , Asharh (Aashar) 1391",16/06/1984
"3 , Asharh (Aashar) 1391",17/06/1984
"4 , Asharh (Aashar) 1391",18/06/1984
"5 , Asharh (Aashar) 1391",19/06/1984
"6 , Asharh (Aashar) 1391",20/06/1984
"7 , Asharh (Aashar) 1391",21/06/1984
"8 , Asharh (Aashar) 1391",22/06/1984
"9 , Asharh (Aashar) 1391",23/06/1984
"10 , Asharh (Aashar) 1391",24/06/1984
"11 , Asharh (Aashar) 1391",25/06/1984
"12 , Asharh (Aashar) 1391",26/06/1984
"13 , Asharh (Aashar) 1391",27/06/1984
"14 , Asharh (Aashar) 1391",28/06/1984
"15 , Asharh (Aashar) 1391",29/06/1984
"16 , Asharh (Aashar) 1391",30/06/1984
"17 , Asharh (Aashar) 1391",01/07/1984
"18 , Asharh (Aashar) 1391",02/07/1984
"19 , Asharh (Aashar) 1391",03/07/1984
"20 , Asharh (Aashar) 1391",04/07/1984
"21 , Asharh (Aashar) 1391",05/07/1984
"22 , Asharh (Aashar) 1391",06/07/1984
"23 , Asharh (Aashar) 1391",07/07/1984
"24 , Asharh (Aashar) 1391",08/07/1984
"25 , Asharh (Aashar) 1391",09/07/1984
"26 , Asharh (Aashar) 1391",10/07/1984
"27 , Asharh (Aashar) 1391",11/07/1984
"28 , Asharh (Aashar) 1391",12/07/1984
"29 , Asharh (Aashar) 1391",13/07/1984
"30 , Asharh (Aashar) 1391",14/07/1984
"31 , Asharh (Aashar) 1391",15/07/1984
"32 , Asharh (Aashar) 1391",16/07/1984
"1 , Srabon (Shraban) 1391",17/07/1984
"2 , Srabon (Shraban) 1391",18/07/1984
"3 , Srabon (Shraban) 1391",19/07/1984
"4 , Srabon (Shraban) 1391",20/07/1984
"5 , Srabon (Shraban) 1391",21/07/1984
"6 , Srabon (Shraban) 1391",22/07/1984
"7 , Srabon (Shraban) 1391",23/07/1984
"8 , Srabon (Shraban) 1391",24/07/1984
"9 , Srabon (Shraban) 1391",25/07/1984
"10 , Srabon (Shraban) 1391",26/07/1984
"11 , Srabon (Shraban) 1391",27/07/1984
"12 , Srabon (Shraban) 1391",28/07/1984
"13 , Srabon (Shraban) 1391",29/07/1984
"14 , Srabon (Shraban) 1391",30/07/1984
"15 , Srabon (Shraban) 1391",31/07/1984
"16 , Srabon (Shraban) 1391",01/08/1984
"17 , Srabon (Shraban) 1391",02/08/1984
"18 , Srabon (Shraban) 1391",03/08/1984
"19 , Srabon (Shraban) 1391",04/08/1984
"20 , Srabon (Shraban) 1391",05/08/1984
"21 , Srabon (Shraban) 1391",06/08/1984
"22 , Srabon (Shraban) 1391",07/08/1984
"23 , Srabon (Shraban) 1391",08/08/1984
"24 , Srabon (Shraban) 1391",09/08/1984
"25 , Srabon (Shraban) 1391",10/08/1984
"26 , Srabon (Shraban) 1391",11/08/1984
"27 , Srabon (Shraban) 1391",12/08/1984
"28 , Srabon (Shraban) 1391",13/08/1984
"29 , Srabon (Shraban) 1391",14/08/1984
"30 , Srabon (Shraban) 1391",15/08/1984
"31 , Srabon (Shraban) 1391",16/08/1984
"1 , Bhadro (Bhadra) 1391",17/08/1984
"2 , Bhadro (Bhadra) 1391",18/08/1984
"3 , Bhadro (Bhadra) 1391",19/08/1984
"4 , Bhadro (Bhadra) 1391",20/08/1984
"5 , Bhadro (Bhadra) 1391",21/08/1984
"6 , Bhadro (Bhadra) 1391",22/08/1984
"7 , Bhadro (Bhadra) 1391",23/08/1984
"8 , Bhadro (Bhadra) 1391",24/08/1984
"9 , Bhadro (Bhadra) 1391",25/08/1984
"10 , Bhadro (Bhadra) 1391",26/08/1984
"11 , Bhadro (Bhadra) 1391",27/08/1984
"12 , Bhadro (Bhadra) 1391",28/08/1984
"13 , Bhadro (Bhadra) 1391",29/08/1984
"14 , Bhadro (Bhadra) 1391",30/08/1984
"15 , Bhadro (Bhadra) 1391",31/08/1984
"16 , Bhadro (Bhadra) 1391",01/09/1984
"17 , Bhadro (Bhadra) 1391",02/09/1984
"18 , Bhadro (Bhadra) 1391",03/09/1984
"19 , Bhadro (Bhadra) 1391",04/09/1984
"20 , Bhadro (Bhadra) 1391",05/09/1984
"21 , Bhadro (Bhadra) 1391",06/09/1984
"22 , Bhadro (Bhadra) 1391",07/09/1984
"23 , Bhadro (Bhadra) 1391",08/09/1984
"24 , Bhadro (Bhadra) 1391",09/09/1984
"25 , Bhadro (Bhadra) 1391",10/09/1984
"26 , Bhadro (Bhadra) 1391",11/09/1984
"27 , Bhadro (Bhadra) 1391",12/09/1984
"28 , Bhadro (Bhadra) 1391",13/09/1984
"29 , Bhadro (Bhadra) 1391",14/09/1984
"30 , Bhadro (Bhadra) 1391",15/09/1984
"31 , Bhadro (Bhadra) 1391",16/09/1984
"1 , Ashshin (Aashin) 1391",17/09/1984
"2 , Ashshin (Aashin) 1391",18/09/1984
"3 , Ashshin (Aashin) 1391",19/09/1984
"4 , Ashshin (Aashin) 1391",20/09/1984
"5 , Ashshin (Aashin) 1391",21/09/1984
"6 , Ashshin (Aashin) 1391",22/09/1984
"7 , Ashshin (Aashin) 1391",23/09/1984
"8 , Ashshin (Aashin) 1391",24/09/1984
"9 , Ashshin (Aashin) 1391",25/09/1984
"10 , Ashshin (Aashin) 1391",26/09/1984
"11 , Ashshin (Aashin) 1391",27/09/1984
"12 , Ashshin (Aashin) 1391",28/09/1984
"13 , Ashshin (Aashin) 1391",29/09/1984
"14 , Ashshin (Aashin) 1391",30/09/1984
"15 , Ashshin (Aashin) 1391",01/10/1984
"16 , Ashshin (Aashin) 1391",02/10/1984
"17 , Ashshin (Aashin) 1391",03/10/1984
"18 , Ashshin (Aashin) 1391",04/10/1984
"19 , Ashshin (Aashin) 1391",05/10/1984
"20 , Ashshin (Aashin) 1391",06/10/1984
"21 , Ashshin (Aashin) 1391",07/10/1984
"22 , Ashshin (Aashin) 1391",08/10/1984
"23 , Ashshin (Aashin) 1391",09/10/1984
"24 , Ashshin (Aashin) 1391",10/10/1984
"25 , Ashshin (Aashin) 1391",11/10/1984
"26 , Ashshin (Aashin) 1391",12/10/1984
"27 , Ashshin (Aashin) 1391",13/10/1984
"28 , Ashshin (Aashin) 1391",14/10/1984
"29 , Ashshin (Aashin) 1391",15/10/1984
"30 , Ashshin (Aashin) 1391",16/10/1984
"31 , Ashshin (Aashin) 1391",17/10/1984
"1 , Kartik 1391",18/10/1984
"2 , Kartik 1391",19/10/1984
"3 , Kartik 1391",20/10/1984
"4 , Kartik 1391",21/10/1984
"5 , Kartik 1391",22/10/1984
"6 , Kartik 1391",23/10/1984
"7 , Kartik 1391",24/10/1984
"8 , Kartik 1391",25/10/1984
"9 , Kartik 1391",26/10/1984
"10 , Kartik 1391",27/10/1984
"11 , Kartik 1391",28/10/1984
"12 , Kartik 1391",29/10/1984
"13 , Kartik 1391",30/10/1984
"14 , Kartik 1391",31/10/1984
"15 , Kartik 1391",01/11/1984
"16 , Kartik 1391",02/11/1984
"17 , Kartik 1391",03/11/1984
"18 , Kartik 1391",04/11/1984
"19 , Kartik 1391",05/11/1984
"20 , Kartik 1391",06/11/1984
"21 , Kartik 1391",07/11/1984
"22 , Kartik 1391",08/11/1984
"23 , Kartik 1391",09/11/1984
"24 , Kartik 1391",10/11/1984
"25 , Kartik 1391",11/11/1984
"26 , Kartik 1391",12/11/1984
"27 , Kartik 1391",13/11/1984
"28 , Kartik 1391",14/11/1984
"29 , Kartik 1391",15/11/1984
"30 , Kartik 1391",16/11/1984
"1 , Ogrohaeon (Agrahan) 1391",17/11/1984
"2 , Ogrohaeon (Agrahan) 1391",18/11/1984
"3 , Ogrohaeon (Agrahan) 1391",19/11/1984
"4 , Ogrohaeon (Agrahan) 1391",20/11/1984
"5 , Ogrohaeon (Agrahan) 1391",21/11/1984
"6 , Ogrohaeon (Agrahan) 1391",22/11/1984
"7 , Ogrohaeon (Agrahan) 1391",23/11/1984
"8 , Ogrohaeon (Agrahan) 1391",24/11/1984
"9 , Ogrohaeon (Agrahan) 1391",25/11/1984
"10 , Ogrohaeon (Agrahan) 1391",26/11/1984
"11 , Ogrohaeon (Agrahan) 1391",27/11/1984
"12 , Ogrohaeon (Agrahan) 1391",28/11/1984
"13 , Ogrohaeon (Agrahan) 1391",29/11/1984
"14 , Ogrohaeon (Agrahan) 1391",30/11/1984
"15 , Ogrohaeon (Agrahan) 1391",01/12/1984
"16 , Ogrohaeon (Agrahan) 1391",02/12/1984
"17 , Ogrohaeon (Agrahan) 1391",03/12/1984
"18 , Ogrohaeon (Agrahan) 1391",04/12/1984
"19 , Ogrohaeon (Agrahan) 1391",05/12/1984
"20 , Ogrohaeon (Agrahan) 1391",06/12/1984
"21 , Ogrohaeon (Agrahan) 1391",07/12/1984
"22 , Ogrohaeon (Agrahan) 1391",08/12/1984
"23 , Ogrohaeon (Agrahan) 1391",09/12/1984
"24 , Ogrohaeon (Agrahan) 1391",10/12/1984
"25 , Ogrohaeon (Agrahan) 1391",11/12/1984
"26 , Ogrohaeon (Agrahan) 1391",12/12/1984
"27 , Ogrohaeon (Agrahan) 1391",13/12/1984
"28 , Ogrohaeon (Agrahan) 1391",14/12/1984
"29 , Ogrohaeon (Agrahan) 1391",15/12/1984
"1 , Poush 1391",16/12/1984
"2 , Poush 1391",17/12/1984
"3 , Poush 1391",18/12/1984
"4 , Poush 1391",19/12/1984
"5 , Poush 1391",20/12/1984
"6 , Poush 1391",21/12/1984
"7 , Poush 1391",22/12/1984
"8 , Poush 1391",23/12/1984
"9 , Poush 1391",24/12/1984
"10 , Poush 1391",25/12/1984
"11 , Poush 1391",26/12/1984
"12 , Poush 1391",27/12/1984
"13 , Poush 1391",28/12/1984
"14 , Poush 1391",29/12/1984
"15 , Poush 1391",30/12/1984
"16 , Poush 1391",31/12/1984
"17 , Poush 1391",01/01/1985
"18 , Poush 1391",02/01/1985
"19 , Poush 1391",03/01/1985
"20 , Poush 1391",04/01/1985
"21 , Poush 1391",05/01/1985
"22 , Poush 1391",06/01/1985
"23 , Poush 1391",07/01/1985
"24 , Poush 1391",08/01/1985
"25 , Poush 1391",09/01/1985
"26 , Poush 1391",10/01/1985
"27 , Poush 1391",11/01/1985
"28 , Poush 1391",12/01/1985
"29 , Poush 1391",13/01/1985
"30 , Poush 1391",14/01/1985
"1 , Magh (Maagh) 1392",15/01/1985
"2 , Magh (Maagh) 1392",16/01/1985
"3 , Magh (Maagh) 1392",17/01/1985
"4 , Magh (Maagh) 1392",18/01/1985
"5 , Magh (Maagh) 1392",19/01/1985
"6 , Magh (Maagh) 1392",20/01/1985
"7 , Magh (Maagh) 1392",21/01/1985
"8 , Magh (Maagh) 1392",22/01/1985
"9 , Magh (Maagh) 1392",23/01/1985
"10 , Magh (Maagh) 1392",24/01/1985
"11 , Magh (Maagh) 1392",25/01/1985
"12 , Magh (Maagh) 1392",26/01/1985
"13 , Magh (Maagh) 1392",27/01/1985
"14 , Magh (Maagh) 1392",28/01/1985
"15 , Magh (Maagh) 1392",29/01/1985
"16 , Magh (Maagh) 1392",30/01/1985
"17 , Magh (Maagh) 1392",31/01/1985
"18 , Magh (Maagh) 1392",01/02/1985
"19 , Magh (Maagh) 1392",02/02/1985
"20 , Magh (Maagh) 1392",03/02/1985
"21 , Magh (Maagh) 1392",04/02/1985
"22 , Magh (Maagh) 1392",05/02/1985
"23 , Magh (Maagh) 1392",06/02/1985
"24 , Magh (Maagh) 1392",07/02/1985
"25 , Magh (Maagh) 1392",08/02/1985
"26 , Magh (Maagh) 1392",09/02/1985
"27 , Magh (Maagh) 1392",10/02/1985
"28 , Magh (Maagh) 1392",11/02/1985
"29 , Magh (Maagh) 1392",12/02/1985
"1 , Falgun (Phalgun) 1392",13/02/1985
"2 , Falgun (Phalgun) 1392",14/02/1985
"3 , Falgun (Phalgun) 1392",15/02/1985
"4 , Falgun (Phalgun) 1392",16/02/1985
"5 , Falgun (Phalgun) 1392",17/02/1985
"6 , Falgun (Phalgun) 1392",18/02/1985
"7 , Falgun (Phalgun) 1392",19/02/1985
"8 , Falgun (Phalgun) 1392",20/02/1985
"9 , Falgun (Phalgun) 1392",21/02/1985
"10 , Falgun (Phalgun) 1392",22/02/1985
"11 , Falgun (Phalgun) 1392",23/02/1985
"12 , Falgun (Phalgun) 1392",24/02/1985
"13 , Falgun (Phalgun) 1392",25/02/1985
"14 , Falgun (Phalgun) 1392",26/02/1985
"15 , Falgun (Phalgun) 1392",27/02/1985
"16 , Falgun (Phalgun) 1392",28/02/1985
"17 , Falgun (Phalgun) 1392",01/03/1985
"18 , Falgun (Phalgun) 1392",02/03/1985
"19 , Falgun (Phalgun) 1392",03/03/1985
"20 , Falgun (Phalgun) 1392",04/03/1985
"21 , Falgun (Phalgun) 1392",05/03/1985
"22 , Falgun (Phalgun) 1392",06/03/1985
"23 , Falgun (Phalgun) 1392",07/03/1985
"24 , Falgun (Phalgun) 1392",08/03/1985
"25 , Falgun (Phalgun) 1392",09/03/1985
"26 , Falgun (Phalgun) 1392",10/03/1985
"27 , Falgun (Phalgun) 1392",11/03/1985
"28 , Falgun (Phalgun) 1392",12/03/1985
"29 , Falgun (Phalgun) 1392",13/03/1985
"30 , Falgun (Phalgun) 1392",14/03/1985
"1 , Choitro (Chaitra) 1392",15/03/1985
"2 , Choitro (Chaitra) 1392",16/03/1985
"3 , Choitro (Chaitra) 1392",17/03/1985
"4 , Choitro (Chaitra) 1392",18/03/1985
"5 , Choitro (Chaitra) 1392",19/03/1985
"6 , Choitro (Chaitra) 1392",20/03/1985
"7 , Choitro (Chaitra) 1392",21/03/1985
"8 , Choitro (Chaitra) 1392",22/03/1985
"9 , Choitro (Chaitra) 1392",23/03/1985
"10 , Choitro (Chaitra) 1392",24/03/1985
"11 , Choitro (Chaitra) 1392",25/03/1985
"12 , Choitro (Chaitra) 1392",26/03/1985
"13 , Choitro (Chaitra) 1392",27/03/1985
"14 , Choitro (Chaitra) 1392",28/03/1985
"15 , Choitro (Chaitra) 1392",29/03/1985
"16 , Choitro (Chaitra) 1392",30/03/1985
"17 , Choitro (Chaitra) 1392",31/03/1985
"18 , Choitro (Chaitra) 1392",01/04/1985
"19 , Choitro (Chaitra) 1392",02/04/1985
"20 , Choitro (Chaitra) 1392",03/04/1985
"21 , Choitro (Chaitra) 1392",04/04/1985
"22 , Choitro (Chaitra) 1392",05/04/1985
"23 , Choitro (Chaitra) 1392",06/04/1985
"24 , Choitro (Chaitra) 1392",07/04/1985
"25 , Choitro (Chaitra) 1392",08/04/1985
"26 , Choitro (Chaitra) 1392",09/04/1985
"27 , Choitro (Chaitra) 1392",10/04/1985
"28 , Choitro (Chaitra) 1392",11/04/1985
"29 , Choitro (Chaitra) 1392",12/04/1985
"30 , Choitro (Chaitra) 1392",13/04/1985
"1 , Boishakh (Baisakh) 1392",14/04/1985
"2 , Boishakh (Baisakh) 1392",15/04/1985
"3 , Boishakh (Baisakh) 1392",16/04/1985
"4 , Boishakh (Baisakh) 1392",17/04/1985
"5 , Boishakh (Baisakh) 1392",18/04/1985
"6 , Boishakh (Baisakh) 1392",19/04/1985
"7 , Boishakh (Baisakh) 1392",20/04/1985
"8 , Boishakh (Baisakh) 1392",21/04/1985
"9 , Boishakh (Baisakh) 1392",22/04/1985
"10 , Boishakh (Baisakh) 1392",23/04/1985
"11 , Boishakh (Baisakh) 1392",24/04/1985
"12 , Boishakh (Baisakh) 1392",25/04/1985
"13 , Boishakh (Baisakh) 1392",26/04/1985
"14 , Boishakh (Baisakh) 1392",27/04/1985
"15 , Boishakh (Baisakh) 1392",28/04/1985
"16 , Boishakh (Baisakh) 1392",29/04/1985
"17 , Boishakh (Baisakh) 1392",30/04/1985
"18 , Boishakh (Baisakh) 1392",01/05/1985
"19 , Boishakh (Baisakh) 1392",02/05/1985
"20 , Boishakh (Baisakh) 1392",03/05/1985
"21 , Boishakh (Baisakh) 1392",04/05/1985
"22 , Boishakh (Baisakh) 1392",05/05/1985
"23 , Boishakh (Baisakh) 1392",06/05/1985
"24 , Boishakh (Baisakh) 1392",07/05/1985
"25 , Boishakh (Baisakh) 1392",08/05/1985
"26 , Boishakh (Baisakh) 1392",09/05/1985
"27 , Boishakh (Baisakh) 1392",10/05/1985
"28 , Boishakh (Baisakh) 1392",11/05/1985
"29 , Boishakh (Baisakh) 1392",12/05/1985
"30 , Boishakh (Baisakh) 1392",13/05/1985
"31 , Boishakh (Baisakh) 1392",14/05/1985
"1 , Joishtho (Jaishtho) 1392",15/05/1985
"2 , Joishtho (Jaishtho) 1392",16/05/1985
"3 , Joishtho (Jaishtho) 1392",17/05/1985
"4 , Joishtho (Jaishtho) 1392",18/05/1985
"5 , Joishtho (Jaishtho) 1392",19/05/1985
"6 , Joishtho (Jaishtho) 1392",20/05/1985
"7 , Joishtho (Jaishtho) 1392",21/05/1985
"8 , Joishtho (Jaishtho) 1392",22/05/1985
"9 , Joishtho (Jaishtho) 1392",23/05/1985
"10 , Joishtho (Jaishtho) 1392",24/05/1985
"11 , Joishtho (Jaishtho) 1392",25/05/1985
"12 , Joishtho (Jaishtho) 1392",26/05/1985
"13 , Joishtho (Jaishtho) 1392",27/05/1985
"14 , Joishtho (Jaishtho) 1392",28/05/1985
"15 , Joishtho (Jaishtho) 1392",29/05/1985
"16 , Joishtho (Jaishtho) 1392",30/05/1985
"17 , Joishtho (Jaishtho) 1392",31/05/1985
"18 , Joishtho (Jaishtho) 1392",01/06/1985
"19 , Joishtho (Jaishtho) 1392",02/06/1985
"20 , Joishtho (Jaishtho) 1392",03/06/1985
"21 , Joishtho (Jaishtho) 1392",04/06/1985
"22 , Joishtho (Jaishtho) 1392",05/06/1985
"23 , Joishtho (Jaishtho) 1392",06/06/1985
"24 , Joishtho (Jaishtho) 1392",07/06/1985
"25 , Joishtho (Jaishtho) 1392",08/06/1985
"26 , Joishtho (Jaishtho) 1392",09/06/1985
"27 , Joishtho (Jaishtho) 1392",10/06/1985
"28 , Joishtho (Jaishtho) 1392",11/06/1985
"29 , Joishtho (Jaishtho) 1392",12/06/1985
"30 , Joishtho (Jaishtho) 1392",13/06/1985
"31 , Joishtho (Jaishtho) 1392",14/06/1985
"32 , Joishtho (Jaishtho) 1392",15/06/1985
"1 , Asharh (Aashar) 1392",16/06/1985
"2 , Asharh (Aashar) 1392",17/06/1985
"3 , Asharh (Aashar) 1392",18/06/1985
"4 , Asharh (Aashar) 1392",19/06/1985
"5 , Asharh (Aashar) 1392",20/06/1985
"6 , Asharh (Aashar) 1392",21/06/1985
"7 , Asharh (Aashar) 1392",22/06/1985
"8 , Asharh (Aashar) 1392",23/06/1985
"9 , Asharh (Aashar) 1392",24/06/1985
"10 , Asharh (Aashar) 1392",25/06/1985
"11 , Asharh (Aashar) 1392",26/06/1985
"12 , Asharh (Aashar) 1392",27/06/1985
"13 , Asharh (Aashar) 1392",28/06/1985
"14 , Asharh (Aashar) 1392",29/06/1985
"15 , Asharh (Aashar) 1392",30/06/1985
"16 , Asharh (Aashar) 1392",01/07/1985
"17 , Asharh (Aashar) 1392",02/07/1985
"18 , Asharh (Aashar) 1392",03/07/1985
"19 , Asharh (Aashar) 1392",04/07/1985
"20 , Asharh (Aashar) 1392",05/07/1985
"21 , Asharh (Aashar) 1392",06/07/1985
"22 , Asharh (Aashar) 1392",07/07/1985
"23 , Asharh (Aashar) 1392",08/07/1985
"24 , Asharh (Aashar) 1392",09/07/1985
"25 , Asharh (Aashar) 1392",10/07/1985
"26 , Asharh (Aashar) 1392",11/07/1985
"27 , Asharh (Aashar) 1392",12/07/1985
"28 , Asharh (Aashar) 1392",13/07/1985
"29 , Asharh (Aashar) 1392",14/07/1985
"30 , Asharh (Aashar) 1392",15/07/1985
"31 , Asharh (Aashar) 1392",16/07/1985
"1 , Srabon (Shraban) 1392",17/07/1985
"2 , Srabon (Shraban) 1392",18/07/1985
"3 , Srabon (Shraban) 1392",19/07/1985
"4 , Srabon (Shraban) 1392",20/07/1985
"5 , Srabon (Shraban) 1392",21/07/1985
"6 , Srabon (Shraban) 1392",22/07/1985
"7 , Srabon (Shraban) 1392",23/07/1985
"8 , Srabon (Shraban) 1392",24/07/1985
"9 , Srabon (Shraban) 1392",25/07/1985
"10 , Srabon (Shraban) 1392",26/07/1985
"11 , Srabon (Shraban) 1392",27/07/1985
"12 , Srabon (Shraban) 1392",28/07/1985
"13 , Srabon (Shraban) 1392",29/07/1985
"14 , Srabon (Shraban) 1392",30/07/1985
"15 , Srabon (Shraban) 1392",31/07/1985
"16 , Srabon (Shraban) 1392",01/08/1985
"17 , Srabon (Shraban) 1392",02/08/1985
"18 , Srabon (Shraban) 1392",03/08/1985
"19 , Srabon (Shraban) 1392",04/08/1985
"20 , Srabon (Shraban) 1392",05/08/1985
"21 , Srabon (Shraban) 1392",06/08/1985
"22 , Srabon (Shraban) 1392",07/08/1985
"23 , Srabon (Shraban) 1392",08/08/1985
"24 , Srabon (Shraban) 1392",09/08/1985
"25 , Srabon (Shraban) 1392",10/08/1985
"26 , Srabon (Shraban) 1392",11/08/1985
"27 , Srabon (Shraban) 1392",12/08/1985
"28 , Srabon (Shraban) 1392",13/08/1985
"29 , Srabon (Shraban) 1392",14/08/1985
"30 , Srabon (Shraban) 1392",15/08/1985
"31 , Srabon (Shraban) 1392",16/08/1985
"1 , Bhadro (Bhadra) 1392",17/08/1985
"2 , Bhadro (Bhadra) 1392",18/08/1985
"3 , Bhadro (Bhadra) 1392",19/08/1985
"4 , Bhadro (Bhadra) 1392",20/08/1985
"5 , Bhadro (Bhadra) 1392",21/08/1985
"6 , Bhadro (Bhadra) 1392",22/08/1985
"7 , Bhadro (Bhadra) 1392",23/08/1985
"8 , Bhadro (Bhadra) 1392",24/08/1985
"9 , Bhadro (Bhadra) 1392",25/08/1985
"10 , Bhadro (Bhadra) 1392",26/08/1985
"11 , Bhadro (Bhadra) 1392",27/08/1985
"12 , Bhadro (Bhadra) 1392",28/08/1985
"13 , Bhadro (Bhadra) 1392",29/08/1985
"14 , Bhadro (Bhadra) 1392",30/08/1985
"15 , Bhadro (Bhadra) 1392",31/08/1985
"16 , Bhadro (Bhadra) 1392",01/09/1985
"17 , Bhadro (Bhadra) 1392",02/09/1985
"18 , Bhadro (Bhadra) 1392",03/09/1985
"19 , Bhadro (Bhadra) 1392",04/09/1985
"20 , Bhadro (Bhadra) 1392",05/09/1985
"21 , Bhadro (Bhadra) 1392",06/09/1985
"22 , Bhadro (Bhadra) 1392",07/09/1985
"23 , Bhadro (Bhadra) 1392",08/09/1985
"24 , Bhadro (Bhadra) 1392",09/09/1985
"25 , Bhadro (Bhadra) 1392",10/09/1985
"26 , Bhadro (Bhadra) 1392",11/09/1985
"27 , Bhadro (Bhadra) 1392",12/09/1985
"28 , Bhadro (Bhadra) 1392",13/09/1985
"29 , Bhadro (Bhadra) 1392",14/09/1985
"30 , Bhadro (Bhadra) 1392",15/09/1985
"31 , Bhadro (Bhadra) 1392",16/09/1985
"1 , Ashshin (Aashin) 1392",17/09/1985
"2 , Ashshin (Aashin) 1392",18/09/1985
"3 , Ashshin (Aashin) 1392",19/09/1985
"4 , Ashshin (Aashin) 1392",20/09/1985
"5 , Ashshin (Aashin) 1392",21/09/1985
"6 , Ashshin (Aashin) 1392",22/09/1985
"7 , Ashshin (Aashin) 1392",23/09/1985
"8 , Ashshin (Aashin) 1392",24/09/1985
"9 , Ashshin (Aashin) 1392",25/09/1985
"10 , Ashshin (Aashin) 1392",26/09/1985
"11 , Ashshin (Aashin) 1392",27/09/1985
"12 , Ashshin (Aashin) 1392",28/09/1985
"13 , Ashshin (Aashin) 1392",29/09/1985
"14 , Ashshin (Aashin) 1392",30/09/1985
"15 , Ashshin (Aashin) 1392",01/10/1985
"16 , Ashshin (Aashin) 1392",02/10/1985
"17 , Ashshin (Aashin) 1392",03/10/1985
"18 , Ashshin (Aashin) 1392",04/10/1985
"19 , Ashshin (Aashin) 1392",05/10/1985
"20 , Ashshin (Aashin) 1392",06/10/1985
"21 , Ashshin (Aashin) 1392",07/10/1985
"22 , Ashshin (Aashin) 1392",08/10/1985
"23 , Ashshin (Aashin) 1392",09/10/1985
"24 , Ashshin (Aashin) 1392",10/10/1985
"25 , Ashshin (Aashin) 1392",11/10/1985
"26 , Ashshin (Aashin) 1392",12/10/1985
"27 , Ashshin (Aashin) 1392",13/10/1985
"28 , Ashshin (Aashin) 1392",14/10/1985
"29 , Ashshin (Aashin) 1392",15/10/1985
"30 , Ashshin (Aashin) 1392",16/10/1985
"31 , Ashshin (Aashin) 1392",17/10/1985
"1 , Kartik 1392",18/10/1985
"2 , Kartik 1392",19/10/1985
"3 , Kartik 1392",20/10/1985
"4 , Kartik 1392",21/10/1985
"5 , Kartik 1392",22/10/1985
"6 , Kartik 1392",23/10/1985
"7 , Kartik 1392",24/10/1985
"8 , Kartik 1392",25/10/1985
"9 , Kartik 1392",26/10/1985
"10 , Kartik 1392",27/10/1985
"11 , Kartik 1392",28/10/1985
"12 , Kartik 1392",29/10/1985
"13 , Kartik 1392",30/10/1985
"14 , Kartik 1392",31/10/1985
"15 , Kartik 1392",01/11/1985
"16 , Kartik 1392",02/11/1985
"17 , Kartik 1392",03/11/1985
"18 , Kartik 1392",04/11/1985
"19 , Kartik 1392",05/11/1985
"20 , Kartik 1392",06/11/1985
"21 , Kartik 1392",07/11/1985
"22 , Kartik 1392",08/11/1985
"23 , Kartik 1392",09/11/1985
"24 , Kartik 1392",10/11/1985
"25 , Kartik 1392",11/11/1985
"26 , Kartik 1392",12/11/1985
"27 , Kartik 1392",13/11/1985
"28 , Kartik 1392",14/11/1985
"29 , Kartik 1392",15/11/1985
"30 , Kartik 1392",16/11/1985
"1 , Ogrohaeon (Agrahan) 1392",17/11/1985
"2 , Ogrohaeon (Agrahan) 1392",18/11/1985
"3 , Ogrohaeon (Agrahan) 1392",19/11/1985
"4 , Ogrohaeon (Agrahan) 1392",20/11/1985
"5 , Ogrohaeon (Agrahan) 1392",21/11/1985
"6 , Ogrohaeon (Agrahan) 1392",22/11/1985
"7 , Ogrohaeon (Agrahan) 1392",23/11/1985
"8 , Ogrohaeon (Agrahan) 1392",24/11/1985
"9 , Ogrohaeon (Agrahan) 1392",25/11/1985
"10 , Ogrohaeon (Agrahan) 1392",26/11/1985
"11 , Ogrohaeon (Agrahan) 1392",27/11/1985
"12 , Ogrohaeon (Agrahan) 1392",28/11/1985
"13 , Ogrohaeon (Agrahan) 1392",29/11/1985
"14 , Ogrohaeon (Agrahan) 1392",30/11/1985
"15 , Ogrohaeon (Agrahan) 1392",01/12/1985
"16 , Ogrohaeon (Agrahan) 1392",02/12/1985
"17 , Ogrohaeon (Agrahan) 1392",03/12/1985
"18 , Ogrohaeon (Agrahan) 1392",04/12/1985
"19 , Ogrohaeon (Agrahan) 1392",05/12/1985
"20 , Ogrohaeon (Agrahan) 1392",06/12/1985
"21 , Ogrohaeon (Agrahan) 1392",07/12/1985
"22 , Ogrohaeon (Agrahan) 1392",08/12/1985
"23 , Ogrohaeon (Agrahan) 1392",09/12/1985
"24 , Ogrohaeon (Agrahan) 1392",10/12/1985
"25 , Ogrohaeon (Agrahan) 1392",11/12/1985
"26 , Ogrohaeon (Agrahan) 1392",12/12/1985
"27 , Ogrohaeon (Agrahan) 1392",13/12/1985
"28 , Ogrohaeon (Agrahan) 1392",14/12/1985
"29 , Ogrohaeon (Agrahan) 1392",15/12/1985
"1 , Poush 1392",16/12/1985
"2 , Poush 1392",17/12/1985
"3 , Poush 1392",18/12/1985
"4 , Poush 1392",19/12/1985
"5 , Poush 1392",20/12/1985
"6 , Poush 1392",21/12/1985
"7 , Poush 1392",22/12/1985
"8 , Poush 1392",23/12/1985
"9 , Poush 1392",24/12/1985
"10 , Poush 1392",25/12/1985
"11 , Poush 1392",26/12/1985
"12 , Poush 1392",27/12/1985
"13 , Poush 1392",28/12/1985
"14 , Poush 1392",29/12/1985
"15 , Poush 1392",30/12/1985
"16 , Poush 1392",31/12/1985
"17 , Poush 1392",01/01/1986
"18 , Poush 1392",02/01/1986
"19 , Poush 1392",03/01/1986
"20 , Poush 1392",04/01/1986
"21 , Poush 1392",05/01/1986
"22 , Poush 1392",06/01/1986
"23 , Poush 1392",07/01/1986
"24 , Poush 1392",08/01/1986
"25 , Poush 1392",09/01/1986
"26 , Poush 1392",10/01/1986
"27 , Poush 1392",11/01/1986
"28 , Poush 1392",12/01/1986
"29 , Poush 1392",13/01/1986
"30 , Poush 1392",14/01/1986
"1 , Magh (Maagh) 1393",15/01/1986
"2 , Magh (Maagh) 1393",16/01/1986
"3 , Magh (Maagh) 1393",17/01/1986
"4 , Magh (Maagh) 1393",18/01/1986
"5 , Magh (Maagh) 1393",19/01/1986
"6 , Magh (Maagh) 1393",20/01/1986
"7 , Magh (Maagh) 1393",21/01/1986
"8 , Magh (Maagh) 1393",22/01/1986
"9 , Magh (Maagh) 1393",23/01/1986
"10 , Magh (Maagh) 1393",24/01/1986
"11 , Magh (Maagh) 1393",25/01/1986
"12 , Magh (Maagh) 1393",26/01/1986
"13 , Magh (Maagh) 1393",27/01/1986
"14 , Magh (Maagh) 1393",28/01/1986
"15 , Magh (Maagh) 1393",29/01/1986
"16 , Magh (Maagh) 1393",30/01/1986
"17 , Magh (Maagh) 1393",31/01/1986
"18 , Magh (Maagh) 1393",01/02/1986
"19 , Magh (Maagh) 1393",02/02/1986
"20 , Magh (Maagh) 1393",03/02/1986
"21 , Magh (Maagh) 1393",04/02/1986
"22 , Magh (Maagh) 1393",05/02/1986
"23 , Magh (Maagh) 1393",06/02/1986
"24 , Magh (Maagh) 1393",07/02/1986
"25 , Magh (Maagh) 1393",08/02/1986
"26 , Magh (Maagh) 1393",09/02/1986
"27 , Magh (Maagh) 1393",10/02/1986
"28 , Magh (Maagh) 1393",11/02/1986
"29 , Magh (Maagh) 1393",12/02/1986
"1 , Falgun (Phalgun) 1393",13/02/1986
"2 , Falgun (Phalgun) 1393",14/02/1986
"3 , Falgun (Phalgun) 1393",15/02/1986
"4 , Falgun (Phalgun) 1393",16/02/1986
"5 , Falgun (Phalgun) 1393",17/02/1986
"6 , Falgun (Phalgun) 1393",18/02/1986
"7 , Falgun (Phalgun) 1393",19/02/1986
"8 , Falgun (Phalgun) 1393",20/02/1986
"9 , Falgun (Phalgun) 1393",21/02/1986
"10 , Falgun (Phalgun) 1393",22/02/1986
"11 , Falgun (Phalgun) 1393",23/02/1986
"12 , Falgun (Phalgun) 1393",24/02/1986
"13 , Falgun (Phalgun) 1393",25/02/1986
"14 , Falgun (Phalgun) 1393",26/02/1986
"15 , Falgun (Phalgun) 1393",27/02/1986
"16 , Falgun (Phalgun) 1393",28/02/1986
"17 , Falgun (Phalgun) 1393",01/03/1986
"18 , Falgun (Phalgun) 1393",02/03/1986
"19 , Falgun (Phalgun) 1393",03/03/1986
"20 , Falgun (Phalgun) 1393",04/03/1986
"21 , Falgun (Phalgun) 1393",05/03/1986
"22 , Falgun (Phalgun) 1393",06/03/1986
"23 , Falgun (Phalgun) 1393",07/03/1986
"24 , Falgun (Phalgun) 1393",08/03/1986
"25 , Falgun (Phalgun) 1393",09/03/1986
"26 , Falgun (Phalgun) 1393",10/03/1986
"27 , Falgun (Phalgun) 1393",11/03/1986
"28 , Falgun (Phalgun) 1393",12/03/1986
"29 , Falgun (Phalgun) 1393",13/03/1986
"30 , Falgun (Phalgun) 1393",14/03/1986
"1 , Choitro (Chaitra) 1393",15/03/1986
"2 , Choitro (Chaitra) 1393",16/03/1986
"3 , Choitro (Chaitra) 1393",17/03/1986
"4 , Choitro (Chaitra) 1393",18/03/1986
"5 , Choitro (Chaitra) 1393",19/03/1986
"6 , Choitro (Chaitra) 1393",20/03/1986
"7 , Choitro (Chaitra) 1393",21/03/1986
"8 , Choitro (Chaitra) 1393",22/03/1986
"9 , Choitro (Chaitra) 1393",23/03/1986
"10 , Choitro (Chaitra) 1393",24/03/1986
"11 , Choitro (Chaitra) 1393",25/03/1986
"12 , Choitro (Chaitra) 1393",26/03/1986
"13 , Choitro (Chaitra) 1393",27/03/1986
"14 , Choitro (Chaitra) 1393",28/03/1986
"15 , Choitro (Chaitra) 1393",29/03/1986
"16 , Choitro (Chaitra) 1393",30/03/1986
"17 , Choitro (Chaitra) 1393",31/03/1986
"18 , Choitro (Chaitra) 1393",01/04/1986
"19 , Choitro (Chaitra) 1393",02/04/1986
"20 , Choitro (Chaitra) 1393",03/04/1986
"21 , Choitro (Chaitra) 1393",04/04/1986
"22 , Choitro (Chaitra) 1393",05/04/1986
"23 , Choitro (Chaitra) 1393",06/04/1986
"24 , Choitro (Chaitra) 1393",07/04/1986
"25 , Choitro (Chaitra) 1393",08/04/1986
"26 , Choitro (Chaitra) 1393",09/04/1986
"27 , Choitro (Chaitra) 1393",10/04/1986
"28 , Choitro (Chaitra) 1393",11/04/1986
"29 , Choitro (Chaitra) 1393",12/04/1986
"30 , Choitro (Chaitra) 1393",13/04/1986
"31 , Choitro (Chaitra) 1393",14/04/1986
"1 , Boishakh (Baisakh) 1393",15/04/1986
"2 , Boishakh (Baisakh) 1393",16/04/1986
"3 , Boishakh (Baisakh) 1393",17/04/1986
"4 , Boishakh (Baisakh) 1393",18/04/1986
"5 , Boishakh (Baisakh) 1393",19/04/1986
"6 , Boishakh (Baisakh) 1393",20/04/1986
"7 , Boishakh (Baisakh) 1393",21/04/1986
"8 , Boishakh (Baisakh) 1393",22/04/1986
"9 , Boishakh (Baisakh) 1393",23/04/1986
"10 , Boishakh (Baisakh) 1393",24/04/1986
"11 , Boishakh (Baisakh) 1393",25/04/1986
"12 , Boishakh (Baisakh) 1393",26/04/1986
"13 , Boishakh (Baisakh) 1393",27/04/1986
"14 , Boishakh (Baisakh) 1393",28/04/1986
"15 , Boishakh (Baisakh) 1393",29/04/1986
"16 , Boishakh (Baisakh) 1393",30/04/1986
"17 , Boishakh (Baisakh) 1393",01/05/1986
"18 , Boishakh (Baisakh) 1393",02/05/1986
"19 , Boishakh (Baisakh) 1393",03/05/1986
"20 , Boishakh (Baisakh) 1393",04/05/1986
"21 , Boishakh (Baisakh) 1393",05/05/1986
"22 , Boishakh (Baisakh) 1393",06/05/1986
"23 , Boishakh (Baisakh) 1393",07/05/1986
"24 , Boishakh (Baisakh) 1393",08/05/1986
"25 , Boishakh (Baisakh) 1393",09/05/1986
"26 , Boishakh (Baisakh) 1393",10/05/1986
"27 , Boishakh (Baisakh) 1393",11/05/1986
"28 , Boishakh (Baisakh) 1393",12/05/1986
"29 , Boishakh (Baisakh) 1393",13/05/1986
"30 , Boishakh (Baisakh) 1393",14/05/1986
"31 , Boishakh (Baisakh) 1393",15/05/1986
"1 , Joishtho (Jaishtho) 1393",16/05/1986
"2 , Joishtho (Jaishtho) 1393",17/05/1986
"3 , Joishtho (Jaishtho) 1393",18/05/1986
"4 , Joishtho (Jaishtho) 1393",19/05/1986
"5 , Joishtho (Jaishtho) 1393",20/05/1986
"6 , Joishtho (Jaishtho) 1393",21/05/1986
"7 , Joishtho (Jaishtho) 1393",22/05/1986
"8 , Joishtho (Jaishtho) 1393",23/05/1986
"9 , Joishtho (Jaishtho) 1393",24/05/1986
"10 , Joishtho (Jaishtho) 1393",25/05/1986
"11 , Joishtho (Jaishtho) 1393",26/05/1986
"12 , Joishtho (Jaishtho) 1393",27/05/1986
"13 , Joishtho (Jaishtho) 1393",28/05/1986
"14 , Joishtho (Jaishtho) 1393",29/05/1986
"15 , Joishtho (Jaishtho) 1393",30/05/1986
"16 , Joishtho (Jaishtho) 1393",31/05/1986
"17 , Joishtho (Jaishtho) 1393",01/06/1986
"18 , Joishtho (Jaishtho) 1393",02/06/1986
"19 , Joishtho (Jaishtho) 1393",03/06/1986
"20 , Joishtho (Jaishtho) 1393",04/06/1986
"21 , Joishtho (Jaishtho) 1393",05/06/1986
"22 , Joishtho (Jaishtho) 1393",06/06/1986
"23 , Joishtho (Jaishtho) 1393",07/06/1986
"24 , Joishtho (Jaishtho) 1393",08/06/1986
"25 , Joishtho (Jaishtho) 1393",09/06/1986
"26 , Joishtho (Jaishtho) 1393",10/06/1986
"27 , Joishtho (Jaishtho) 1393",11/06/1986
"28 , Joishtho (Jaishtho) 1393",12/06/1986
"29 , Joishtho (Jaishtho) 1393",13/06/1986
"30 , Joishtho (Jaishtho) 1393",14/06/1986
"31 , Joishtho (Jaishtho) 1393",15/06/1986
"1 , Asharh (Aashar) 1393",16/06/1986
"2 , Asharh (Aashar) 1393",17/06/1986
"3 , Asharh (Aashar) 1393",18/06/1986
"4 , Asharh (Aashar) 1393",19/06/1986
"5 , Asharh (Aashar) 1393",20/06/1986
"6 , Asharh (Aashar) 1393",21/06/1986
"7 , Asharh (Aashar) 1393",22/06/1986
"8 , Asharh (Aashar) 1393",23/06/1986
"9 , Asharh (Aashar) 1393",24/06/1986
"10 , Asharh (Aashar) 1393",25/06/1986
"11 , Asharh (Aashar) 1393",26/06/1986
"12 , Asharh (Aashar) 1393",27/06/1986
"13 , Asharh (Aashar) 1393",28/06/1986
"14 , Asharh (Aashar) 1393",29/06/1986
"15 , Asharh (Aashar) 1393",30/06/1986
"16 , Asharh (Aashar) 1393",01/07/1986
"17 , Asharh (Aashar) 1393",02/07/1986
"18 , Asharh (Aashar) 1393",03/07/1986
"19 , Asharh (Aashar) 1393",04/07/1986
"20 , Asharh (Aashar) 1393",05/07/1986
"21 , Asharh (Aashar) 1393",06/07/1986
"22 , Asharh (Aashar) 1393",07/07/1986
"23 , Asharh (Aashar) 1393",08/07/1986
"24 , Asharh (Aashar) 1393",09/07/1986
"25 , Asharh (Aashar) 1393",10/07/1986
"26 , Asharh (Aashar) 1393",11/07/1986
"27 , Asharh (Aashar) 1393",12/07/1986
"28 , Asharh (Aashar) 1393",13/07/1986
"29 , Asharh (Aashar) 1393",14/07/1986
"30 , Asharh (Aashar) 1393",15/07/1986
"31 , Asharh (Aashar) 1393",16/07/1986
"1 , Srabon (Shraban) 1393",17/07/1986
"2 , Srabon (Shraban) 1393",18/07/1986
"3 , Srabon (Shraban) 1393",19/07/1986
"4 , Srabon (Shraban) 1393",20/07/1986
"5 , Srabon (Shraban) 1393",21/07/1986
"6 , Srabon (Shraban) 1393",22/07/1986
"7 , Srabon (Shraban) 1393",23/07/1986
"8 , Srabon (Shraban) 1393",24/07/1986
"9 , Srabon (Shraban) 1393",25/07/1986
"10 , Srabon (Shraban) 1393",26/07/1986
"11 , Srabon (Shraban) 1393",27/07/1986
"12 , Srabon (Shraban) 1393",28/07/1986
"13 , Srabon (Shraban) 1393",29/07/1986
"14 , Srabon (Shraban) 1393",30/07/1986
"15 , Srabon (Shraban) 1393",31/07/1986
"16 , Srabon (Shraban) 1393",01/08/1986
"17 , Srabon (Shraban) 1393",02/08/1986
"18 , Srabon (Shraban) 1393",03/08/1986
"19 , Srabon (Shraban) 1393",04/08/1986
"20 , Srabon (Shraban) 1393",05/08/1986
"21 , Srabon (Shraban) 1393",06/08/1986
"22 , Srabon (Shraban) 1393",07/08/1986
"23 , Srabon (Shraban) 1393",08/08/1986
"24 , Srabon (Shraban) 1393",09/08/1986
"25 , Srabon (Shraban) 1393",10/08/1986
"26 , Srabon (Shraban) 1393",11/08/1986
"27 , Srabon (Shraban) 1393",12/08/1986
"28 , Srabon (Shraban) 1393",13/08/1986
"29 , Srabon (Shraban) 1393",14/08/1986
"30 , Srabon (Shraban) 1393",15/08/1986
"31 , Srabon (Shraban) 1393",16/08/1986
"32 , Srabon (Shraban) 1393",17/08/1986
"1 , Bhadro (Bhadra) 1393",18/08/1986
"2 , Bhadro (Bhadra) 1393",19/08/1986
"3 , Bhadro (Bhadra) 1393",20/08/1986
"4 , Bhadro (Bhadra) 1393",21/08/1986
"5 , Bhadro (Bhadra) 1393",22/08/1986
"6 , Bhadro (Bhadra) 1393",23/08/1986
"7 , Bhadro (Bhadra) 1393",24/08/1986
"8 , Bhadro (Bhadra) 1393",25/08/1986
"9 , Bhadro (Bhadra) 1393",26/08/1986
"10 , Bhadro (Bhadra) 1393",27/08/1986
"11 , Bhadro (Bhadra) 1393",28/08/1986
"12 , Bhadro (Bhadra) 1393",29/08/1986
"13 , Bhadro (Bhadra) 1393",30/08/1986
"14 , Bhadro (Bhadra) 1393",31/08/1986
"15 , Bhadro (Bhadra) 1393",01/09/1986
"16 , Bhadro (Bhadra) 1393",02/09/1986
"17 , Bhadro (Bhadra) 1393",03/09/1986
"18 , Bhadro (Bhadra) 1393",04/09/1986
"19 , Bhadro (Bhadra) 1393",05/09/1986
"20 , Bhadro (Bhadra) 1393",06/09/1986
"21 , Bhadro (Bhadra) 1393",07/09/1986
"22 , Bhadro (Bhadra) 1393",08/09/1986
"23 , Bhadro (Bhadra) 1393",09/09/1986
"24 , Bhadro (Bhadra) 1393",10/09/1986
"25 , Bhadro (Bhadra) 1393",11/09/1986
"26 , Bhadro (Bhadra) 1393",12/09/1986
"27 , Bhadro (Bhadra) 1393",13/09/1986
"28 , Bhadro (Bhadra) 1393",14/09/1986
"29 , Bhadro (Bhadra) 1393",15/09/1986
"30 , Bhadro (Bhadra) 1393",16/09/1986
"31 , Bhadro (Bhadra) 1393",17/09/1986
"1 , Ashshin (Aashin) 1393",18/09/1986
"2 , Ashshin (Aashin) 1393",19/09/1986
"3 , Ashshin (Aashin) 1393",20/09/1986
"4 , Ashshin (Aashin) 1393",21/09/1986
"5 , Ashshin (Aashin) 1393",22/09/1986
"6 , Ashshin (Aashin) 1393",23/09/1986
"7 , Ashshin (Aashin) 1393",24/09/1986
"8 , Ashshin (Aashin) 1393",25/09/1986
"9 , Ashshin (Aashin) 1393",26/09/1986
"10 , Ashshin (Aashin) 1393",27/09/1986
"11 , Ashshin (Aashin) 1393",28/09/1986
"12 , Ashshin (Aashin) 1393",29/09/1986
"13 , Ashshin (Aashin) 1393",30/09/1986
"14 , Ashshin (Aashin) 1393",01/10/1986
"15 , Ashshin (Aashin) 1393",02/10/1986
"16 , Ashshin (Aashin) 1393",03/10/1986
"17 , Ashshin (Aashin) 1393",04/10/1986
"18 , Ashshin (Aashin) 1393",05/10/1986
"19 , Ashshin (Aashin) 1393",06/10/1986
"20 , Ashshin (Aashin) 1393",07/10/1986
"21 , Ashshin (Aashin) 1393",08/10/1986
"22 , Ashshin (Aashin) 1393",09/10/1986
"23 , Ashshin (Aashin) 1393",10/10/1986
"24 , Ashshin (Aashin) 1393",11/10/1986
"25 , Ashshin (Aashin) 1393",12/10/1986
"26 , Ashshin (Aashin) 1393",13/10/1986
"27 , Ashshin (Aashin) 1393",14/10/1986
"28 , Ashshin (Aashin) 1393",15/10/1986
"29 , Ashshin (Aashin) 1393",16/10/1986
"30 , Ashshin (Aashin) 1393",17/10/1986
"1 , Kartik 1393",18/10/1986
"2 , Kartik 1393",19/10/1986
"3 , Kartik 1393",20/10/1986
"4 , Kartik 1393",21/10/1986
"5 , Kartik 1393",22/10/1986
"6 , Kartik 1393",23/10/1986
"7 , Kartik 1393",24/10/1986
"8 , Kartik 1393",25/10/1986
"9 , Kartik 1393",26/10/1986
"10 , Kartik 1393",27/10/1986
"11 , Kartik 1393",28/10/1986
"12 , Kartik 1393",29/10/1986
"13 , Kartik 1393",30/10/1986
"14 , Kartik 1393",31/10/1986
"15 , Kartik 1393",01/11/1986
"16 , Kartik 1393",02/11/1986
"17 , Kartik 1393",03/11/1986
"18 , Kartik 1393",04/11/1986
"19 , Kartik 1393",05/11/1986
"20 , Kartik 1393",06/11/1986
"21 , Kartik 1393",07/11/1986
"22 , Kartik 1393",08/11/1986
"23 , Kartik 1393",09/11/1986
"24 , Kartik 1393",10/11/1986
"25 , Kartik 1393",11/11/1986
"26 , Kartik 1393",12/11/1986
"27 , Kartik 1393",13/11/1986
"28 , Kartik 1393",14/11/1986
"29 , Kartik 1393",15/11/1986
"30 , Kartik 1393",16/11/1986
"1 , Ogrohaeon (Agrahan) 1393",17/11/1986
"2 , Ogrohaeon (Agrahan) 1393",18/11/1986
"3 , Ogrohaeon (Agrahan) 1393",19/11/1986
"4 , Ogrohaeon (Agrahan) 1393",20/11/1986
"5 , Ogrohaeon (Agrahan) 1393",21/11/1986
"6 , Ogrohaeon (Agrahan) 1393",22/11/1986
"7 , Ogrohaeon (Agrahan) 1393",23/11/1986
"8 , Ogrohaeon (Agrahan) 1393",24/11/1986
"9 , Ogrohaeon (Agrahan) 1393",25/11/1986
"10 , Ogrohaeon (Agrahan) 1393",26/11/1986
"11 , Ogrohaeon (Agrahan) 1393",27/11/1986
"12 , Ogrohaeon (Agrahan) 1393",28/11/1986
"13 , Ogrohaeon (Agrahan) 1393",29/11/1986
"14 , Ogrohaeon (Agrahan) 1393",30/11/1986
"15 , Ogrohaeon (Agrahan) 1393",01/12/1986
"16 , Ogrohaeon (Agrahan) 1393",02/12/1986
"17 , Ogrohaeon (Agrahan) 1393",03/12/1986
"18 , Ogrohaeon (Agrahan) 1393",04/12/1986
"19 , Ogrohaeon (Agrahan) 1393",05/12/1986
"20 , Ogrohaeon (Agrahan) 1393",06/12/1986
"21 , Ogrohaeon (Agrahan) 1393",07/12/1986
"22 , Ogrohaeon (Agrahan) 1393",08/12/1986
"23 , Ogrohaeon (Agrahan) 1393",09/12/1986
"24 , Ogrohaeon (Agrahan) 1393",10/12/1986
"25 , Ogrohaeon (Agrahan) 1393",11/12/1986
"26 , Ogrohaeon (Agrahan) 1393",12/12/1986
"27 , Ogrohaeon (Agrahan) 1393",13/12/1986
"28 , Ogrohaeon (Agrahan) 1393",14/12/1986
"29 , Ogrohaeon (Agrahan) 1393",15/12/1986
"30 , Ogrohaeon (Agrahan) 1393",16/12/1986
"1 , Poush 1393",17/12/1986
"2 , Poush 1393",18/12/1986
"3 , Poush 1393",19/12/1986
"4 , Poush 1393",20/12/1986
"5 , Poush 1393",21/12/1986
"6 , Poush 1393",22/12/1986
"7 , Poush 1393",23/12/1986
"8 , Poush 1393",24/12/1986
"9 , Poush 1393",25/12/1986
"10 , Poush 1393",26/12/1986
"11 , Poush 1393",27/12/1986
"12 , Poush 1393",28/12/1986
"13 , Poush 1393",29/12/1986
"14 , Poush 1393",30/12/1986
"15 , Poush 1393",31/12/1986
"16 , Poush 1393",01/01/1987
"17 , Poush 1393",02/01/1987
"18 , Poush 1393",03/01/1987
"19 , Poush 1393",04/01/1987
"20 , Poush 1393",05/01/1987
"21 , Poush 1393",06/01/1987
"22 , Poush 1393",07/01/1987
"23 , Poush 1393",08/01/1987
"24 , Poush 1393",09/01/1987
"25 , Poush 1393",10/01/1987
"26 , Poush 1393",11/01/1987
"27 , Poush 1393",12/01/1987
"28 , Poush 1393",13/01/1987
"29 , Poush 1393",14/01/1987
"1 , Magh (Maagh) 1394",15/01/1987
"2 , Magh (Maagh) 1394",16/01/1987
"3 , Magh (Maagh) 1394",17/01/1987
"4 , Magh (Maagh) 1394",18/01/1987
"5 , Magh (Maagh) 1394",19/01/1987
"6 , Magh (Maagh) 1394",20/01/1987
"7 , Magh (Maagh) 1394",21/01/1987
"8 , Magh (Maagh) 1394",22/01/1987
"9 , Magh (Maagh) 1394",23/01/1987
"10 , Magh (Maagh) 1394",24/01/1987
"11 , Magh (Maagh) 1394",25/01/1987
"12 , Magh (Maagh) 1394",26/01/1987
"13 , Magh (Maagh) 1394",27/01/1987
"14 , Magh (Maagh) 1394",28/01/1987
"15 , Magh (Maagh) 1394",29/01/1987
"16 , Magh (Maagh) 1394",30/01/1987
"17 , Magh (Maagh) 1394",31/01/1987
"18 , Magh (Maagh) 1394",01/02/1987
"19 , Magh (Maagh) 1394",02/02/1987
"20 , Magh (Maagh) 1394",03/02/1987
"21 , Magh (Maagh) 1394",04/02/1987
"22 , Magh (Maagh) 1394",05/02/1987
"23 , Magh (Maagh) 1394",06/02/1987
"24 , Magh (Maagh) 1394",07/02/1987
"25 , Magh (Maagh) 1394",08/02/1987
"26 , Magh (Maagh) 1394",09/02/1987
"27 , Magh (Maagh) 1394",10/02/1987
"28 , Magh (Maagh) 1394",11/02/1987
"29 , Magh (Maagh) 1394",12/02/1987
"30 , Magh (Maagh) 1394",13/02/1987
"1 , Falgun (Phalgun) 1394",14/02/1987
"2 , Falgun (Phalgun) 1394",15/02/1987
"3 , Falgun (Phalgun) 1394",16/02/1987
"4 , Falgun (Phalgun) 1394",17/02/1987
"5 , Falgun (Phalgun) 1394",18/02/1987
"6 , Falgun (Phalgun) 1394",19/02/1987
"7 , Falgun (Phalgun) 1394",20/02/1987
"8 , Falgun (Phalgun) 1394",21/02/1987
"9 , Falgun (Phalgun) 1394",22/02/1987
"10 , Falgun (Phalgun) 1394",23/02/1987
"11 , Falgun (Phalgun) 1394",24/02/1987
"12 , Falgun (Phalgun) 1394",25/02/1987
"13 , Falgun (Phalgun) 1394",26/02/1987
"14 , Falgun (Phalgun) 1394",27/02/1987
"15 , Falgun (Phalgun) 1394",28/02/1987
"16 , Falgun (Phalgun) 1394",01/03/1987
"17 , Falgun (Phalgun) 1394",02/03/1987
"18 , Falgun (Phalgun) 1394",03/03/1987
"19 , Falgun (Phalgun) 1394",04/03/1987
"20 , Falgun (Phalgun) 1394",05/03/1987
"21 , Falgun (Phalgun) 1394",06/03/1987
"22 , Falgun (Phalgun) 1394",07/03/1987
"23 , Falgun (Phalgun) 1394",08/03/1987
"24 , Falgun (Phalgun) 1394",09/03/1987
"25 , Falgun (Phalgun) 1394",10/03/1987
"26 , Falgun (Phalgun) 1394",11/03/1987
"27 , Falgun (Phalgun) 1394",12/03/1987
"28 , Falgun (Phalgun) 1394",13/03/1987
"29 , Falgun (Phalgun) 1394",14/03/1987
"30 , Falgun (Phalgun) 1394",15/03/1987
"1 , Choitro (Chaitra) 1394",16/03/1987
"2 , Choitro (Chaitra) 1394",17/03/1987
"3 , Choitro (Chaitra) 1394",18/03/1987
"4 , Choitro (Chaitra) 1394",19/03/1987
"5 , Choitro (Chaitra) 1394",20/03/1987
"6 , Choitro (Chaitra) 1394",21/03/1987
"7 , Choitro (Chaitra) 1394",22/03/1987
"8 , Choitro (Chaitra) 1394",23/03/1987
"9 , Choitro (Chaitra) 1394",24/03/1987
"10 , Choitro (Chaitra) 1394",25/03/1987
"11 , Choitro (Chaitra) 1394",26/03/1987
"12 , Choitro (Chaitra) 1394",27/03/1987
"13 , Choitro (Chaitra) 1394",28/03/1987
"14 , Choitro (Chaitra) 1394",29/03/1987
"15 , Choitro (Chaitra) 1394",30/03/1987
"16 , Choitro (Chaitra) 1394",31/03/1987
"17 , Choitro (Chaitra) 1394",01/04/1987
"18 , Choitro (Chaitra) 1394",02/04/1987
"19 , Choitro (Chaitra) 1394",03/04/1987
"20 , Choitro (Chaitra) 1394",04/04/1987
"21 , Choitro (Chaitra) 1394",05/04/1987
"22 , Choitro (Chaitra) 1394",06/04/1987
"23 , Choitro (Chaitra) 1394",07/04/1987
"24 , Choitro (Chaitra) 1394",08/04/1987
"25 , Choitro (Chaitra) 1394",09/04/1987
"26 , Choitro (Chaitra) 1394",10/04/1987
"27 , Choitro (Chaitra) 1394",11/04/1987
"28 , Choitro (Chaitra) 1394",12/04/1987
"29 , Choitro (Chaitra) 1394",13/04/1987
"30 , Choitro (Chaitra) 1394",14/04/1987
"1 , Boishakh (Baisakh) 1394",15/04/1987
"2 , Boishakh (Baisakh) 1394",16/04/1987
"3 , Boishakh (Baisakh) 1394",17/04/1987
"4 , Boishakh (Baisakh) 1394",18/04/1987
"5 , Boishakh (Baisakh) 1394",19/04/1987
"6 , Boishakh (Baisakh) 1394",20/04/1987
"7 , Boishakh (Baisakh) 1394",21/04/1987
"8 , Boishakh (Baisakh) 1394",22/04/1987
"9 , Boishakh (Baisakh) 1394",23/04/1987
"10 , Boishakh (Baisakh) 1394",24/04/1987
"11 , Boishakh (Baisakh) 1394",25/04/1987
"12 , Boishakh (Baisakh) 1394",26/04/1987
"13 , Boishakh (Baisakh) 1394",27/04/1987
"14 , Boishakh (Baisakh) 1394",28/04/1987
"15 , Boishakh (Baisakh) 1394",29/04/1987
"16 , Boishakh (Baisakh) 1394",30/04/1987
"17 , Boishakh (Baisakh) 1394",01/05/1987
"18 , Boishakh (Baisakh) 1394",02/05/1987
"19 , Boishakh (Baisakh) 1394",03/05/1987
"20 , Boishakh (Baisakh) 1394",04/05/1987
"21 , Boishakh (Baisakh) 1394",05/05/1987
"22 , Boishakh (Baisakh) 1394",06/05/1987
"23 , Boishakh (Baisakh) 1394",07/05/1987
"24 , Boishakh (Baisakh) 1394",08/05/1987
"25 , Boishakh (Baisakh) 1394",09/05/1987
"26 , Boishakh (Baisakh) 1394",10/05/1987
"27 , Boishakh (Baisakh) 1394",11/05/1987
"28 , Boishakh (Baisakh) 1394",12/05/1987
"29 , Boishakh (Baisakh) 1394",13/05/1987
"30 , Boishakh (Baisakh) 1394",14/05/1987
"31 , Boishakh (Baisakh) 1394",15/05/1987
"1 , Joishtho (Jaishtho) 1394",16/05/1987
"2 , Joishtho (Jaishtho) 1394",17/05/1987
"3 , Joishtho (Jaishtho) 1394",18/05/1987
"4 , Joishtho (Jaishtho) 1394",19/05/1987
"5 , Joishtho (Jaishtho) 1394",20/05/1987
"6 , Joishtho (Jaishtho) 1394",21/05/1987
"7 , Joishtho (Jaishtho) 1394",22/05/1987
"8 , Joishtho (Jaishtho) 1394",23/05/1987
"9 , Joishtho (Jaishtho) 1394",24/05/1987
"10 , Joishtho (Jaishtho) 1394",25/05/1987
"11 , Joishtho (Jaishtho) 1394",26/05/1987
"12 , Joishtho (Jaishtho) 1394",27/05/1987
"13 , Joishtho (Jaishtho) 1394",28/05/1987
"14 , Joishtho (Jaishtho) 1394",29/05/1987
"15 , Joishtho (Jaishtho) 1394",30/05/1987
"16 , Joishtho (Jaishtho) 1394",31/05/1987
"17 , Joishtho (Jaishtho) 1394",01/06/1987
"18 , Joishtho (Jaishtho) 1394",02/06/1987
"19 , Joishtho (Jaishtho) 1394",03/06/1987
"20 , Joishtho (Jaishtho) 1394",04/06/1987
"21 , Joishtho (Jaishtho) 1394",05/06/1987
"22 , Joishtho (Jaishtho) 1394",06/06/1987
"23 , Joishtho (Jaishtho) 1394",07/06/1987
"24 , Joishtho (Jaishtho) 1394",08/06/1987
"25 , Joishtho (Jaishtho) 1394",09/06/1987
"26 , Joishtho (Jaishtho) 1394",10/06/1987
"27 , Joishtho (Jaishtho) 1394",11/06/1987
"28 , Joishtho (Jaishtho) 1394",12/06/1987
"29 , Joishtho (Jaishtho) 1394",13/06/1987
"30 , Joishtho (Jaishtho) 1394",14/06/1987
"31 , Joishtho (Jaishtho) 1394",15/06/1987
"1 , Asharh (Aashar) 1394",16/06/1987
"2 , Asharh (Aashar) 1394",17/06/1987
"3 , Asharh (Aashar) 1394",18/06/1987
"4 , Asharh (Aashar) 1394",19/06/1987
"5 , Asharh (Aashar) 1394",20/06/1987
"6 , Asharh (Aashar) 1394",21/06/1987
"7 , Asharh (Aashar) 1394",22/06/1987
"8 , Asharh (Aashar) 1394",23/06/1987
"9 , Asharh (Aashar) 1394",24/06/1987
"10 , Asharh (Aashar) 1394",25/06/1987
"11 , Asharh (Aashar) 1394",26/06/1987
"12 , Asharh (Aashar) 1394",27/06/1987
"13 , Asharh (Aashar) 1394",28/06/1987
"14 , Asharh (Aashar) 1394",29/06/1987
"15 , Asharh (Aashar) 1394",30/06/1987
"16 , Asharh (Aashar) 1394",01/07/1987
"17 , Asharh (Aashar) 1394",02/07/1987
"18 , Asharh (Aashar) 1394",03/07/1987
"19 , Asharh (Aashar) 1394",04/07/1987
"20 , Asharh (Aashar) 1394",05/07/1987
"21 , Asharh (Aashar) 1394",06/07/1987
"22 , Asharh (Aashar) 1394",07/07/1987
"23 , Asharh (Aashar) 1394",08/07/1987
"24 , Asharh (Aashar) 1394",09/07/1987
"25 , Asharh (Aashar) 1394",10/07/1987
"26 , Asharh (Aashar) 1394",11/07/1987
"27 , Asharh (Aashar) 1394",12/07/1987
"28 , Asharh (Aashar) 1394",13/07/1987
"29 , Asharh (Aashar) 1394",14/07/1987
"30 , Asharh (Aashar) 1394",15/07/1987
"31 , Asharh (Aashar) 1394",16/07/1987
"1 , Srabon (Shraban) 1394",17/07/1987
"2 , Srabon (Shraban) 1394",18/07/1987
"3 , Srabon (Shraban) 1394",19/07/1987
"4 , Srabon (Shraban) 1394",20/07/1987
"5 , Srabon (Shraban) 1394",21/07/1987
"6 , Srabon (Shraban) 1394",22/07/1987
"7 , Srabon (Shraban) 1394",23/07/1987
"8 , Srabon (Shraban) 1394",24/07/1987
"9 , Srabon (Shraban) 1394",25/07/1987
"10 , Srabon (Shraban) 1394",26/07/1987
"11 , Srabon (Shraban) 1394",27/07/1987
"12 , Srabon (Shraban) 1394",28/07/1987
"13 , Srabon (Shraban) 1394",29/07/1987
"14 , Srabon (Shraban) 1394",30/07/1987
"15 , Srabon (Shraban) 1394",31/07/1987
"16 , Srabon (Shraban) 1394",01/08/1987
"17 , Srabon (Shraban) 1394",02/08/1987
"18 , Srabon (Shraban) 1394",03/08/1987
"19 , Srabon (Shraban) 1394",04/08/1987
"20 , Srabon (Shraban) 1394",05/08/1987
"21 , Srabon (Shraban) 1394",06/08/1987
"22 , Srabon (Shraban) 1394",07/08/1987
"23 , Srabon (Shraban) 1394",08/08/1987
"24 , Srabon (Shraban) 1394",09/08/1987
"25 , Srabon (Shraban) 1394",10/08/1987
"26 , Srabon (Shraban) 1394",11/08/1987
"27 , Srabon (Shraban) 1394",12/08/1987
"28 , Srabon (Shraban) 1394",13/08/1987
"29 , Srabon (Shraban) 1394",14/08/1987
"30 , Srabon (Shraban) 1394",15/08/1987
"31 , Srabon (Shraban) 1394",16/08/1987
"32 , Srabon (Shraban) 1394",17/08/1987
"1 , Bhadro (Bhadra) 1394",18/08/1987
"2 , Bhadro (Bhadra) 1394",19/08/1987
"3 , Bhadro (Bhadra) 1394",20/08/1987
"4 , Bhadro (Bhadra) 1394",21/08/1987
"5 , Bhadro (Bhadra) 1394",22/08/1987
"6 , Bhadro (Bhadra) 1394",23/08/1987
"7 , Bhadro (Bhadra) 1394",24/08/1987
"8 , Bhadro (Bhadra) 1394",25/08/1987
"9 , Bhadro (Bhadra) 1394",26/08/1987
"10 , Bhadro (Bhadra) 1394",27/08/1987
"11 , Bhadro (Bhadra) 1394",28/08/1987
"12 , Bhadro (Bhadra) 1394",29/08/1987
"13 , Bhadro (Bhadra) 1394",30/08/1987
"14 , Bhadro (Bhadra) 1394",31/08/1987
"15 , Bhadro (Bhadra) 1394",01/09/1987
"16 , Bhadro (Bhadra) 1394",02/09/1987
"17 , Bhadro (Bhadra) 1394",03/09/1987
"18 , Bhadro (Bhadra) 1394",04/09/1987
"19 , Bhadro (Bhadra) 1394",05/09/1987
"20 , Bhadro (Bhadra) 1394",06/09/1987
"21 , Bhadro (Bhadra) 1394",07/09/1987
"22 , Bhadro (Bhadra) 1394",08/09/1987
"23 , Bhadro (Bhadra) 1394",09/09/1987
"24 , Bhadro (Bhadra) 1394",10/09/1987
"25 , Bhadro (Bhadra) 1394",11/09/1987
"26 , Bhadro (Bhadra) 1394",12/09/1987
"27 , Bhadro (Bhadra) 1394",13/09/1987
"28 , Bhadro (Bhadra) 1394",14/09/1987
"29 , Bhadro (Bhadra) 1394",15/09/1987
"30 , Bhadro (Bhadra) 1394",16/09/1987
"31 , Bhadro (Bhadra) 1394",17/09/1987
"1 , Ashshin (Aashin) 1394",18/09/1987
"2 , Ashshin (Aashin) 1394",19/09/1987
"3 , Ashshin (Aashin) 1394",20/09/1987
"4 , Ashshin (Aashin) 1394",21/09/1987
"5 , Ashshin (Aashin) 1394",22/09/1987
"6 , Ashshin (Aashin) 1394",23/09/1987
"7 , Ashshin (Aashin) 1394",24/09/1987
"8 , Ashshin (Aashin) 1394",25/09/1987
"9 , Ashshin (Aashin) 1394",26/09/1987
"10 , Ashshin (Aashin) 1394",27/09/1987
"11 , Ashshin (Aashin) 1394",28/09/1987
"12 , Ashshin (Aashin) 1394",29/09/1987
"13 , Ashshin (Aashin) 1394",30/09/1987
"14 , Ashshin (Aashin) 1394",01/10/1987
"15 , Ashshin (Aashin) 1394",02/10/1987
"16 , Ashshin (Aashin) 1394",03/10/1987
"17 , Ashshin (Aashin) 1394",04/10/1987
"18 , Ashshin (Aashin) 1394",05/10/1987
"19 , Ashshin (Aashin) 1394",06/10/1987
"20 , Ashshin (Aashin) 1394",07/10/1987
"21 , Ashshin (Aashin) 1394",08/10/1987
"22 , Ashshin (Aashin) 1394",09/10/1987
"23 , Ashshin (Aashin) 1394",10/10/1987
"24 , Ashshin (Aashin) 1394",11/10/1987
"25 , Ashshin (Aashin) 1394",12/10/1987
"26 , Ashshin (Aashin) 1394",13/10/1987
"27 , Ashshin (Aashin) 1394",14/10/1987
"28 , Ashshin (Aashin) 1394",15/10/1987
"29 , Ashshin (Aashin) 1394",16/10/1987
"30 , Ashshin (Aashin) 1394",17/10/1987
"1 , Kartik 1394",18/10/1987
"2 , Kartik 1394",19/10/1987
"3 , Kartik 1394",20/10/1987
"4 , Kartik 1394",21/10/1987
"5 , Kartik 1394",22/10/1987
"6 , Kartik 1394",23/10/1987
"7 , Kartik 1394",24/10/1987
"8 , Kartik 1394",25/10/1987
"9 , Kartik 1394",26/10/1987
"10 , Kartik 1394",27/10/1987
"11 , Kartik 1394",28/10/1987
"12 , Kartik 1394",29/10/1987
"13 , Kartik 1394",30/10/1987
"14 , Kartik 1394",31/10/1987
"15 , Kartik 1394",01/11/1987
"16 , Kartik 1394",02/11/1987
"17 , Kartik 1394",03/11/1987
"18 , Kartik 1394",04/11/1987
"19 , Kartik 1394",05/11/1987
"20 , Kartik 1394",06/11/1987
"21 , Kartik 1394",07/11/1987
"22 , Kartik 1394",08/11/1987
"23 , Kartik 1394",09/11/1987
"24 , Kartik 1394",10/11/1987
"25 , Kartik 1394",11/11/1987
"26 , Kartik 1394",12/11/1987
"27 , Kartik 1394",13/11/1987
"28 , Kartik 1394",14/11/1987
"29 , Kartik 1394",15/11/1987
"30 , Kartik 1394",16/11/1987
"1 , Ogrohaeon (Agrahan) 1394",17/11/1987
"2 , Ogrohaeon (Agrahan) 1394",18/11/1987
"3 , Ogrohaeon (Agrahan) 1394",19/11/1987
"4 , Ogrohaeon (Agrahan) 1394",20/11/1987
"5 , Ogrohaeon (Agrahan) 1394",21/11/1987
"6 , Ogrohaeon (Agrahan) 1394",22/11/1987
"7 , Ogrohaeon (Agrahan) 1394",23/11/1987
"8 , Ogrohaeon (Agrahan) 1394",24/11/1987
"9 , Ogrohaeon (Agrahan) 1394",25/11/1987
"10 , Ogrohaeon (Agrahan) 1394",26/11/1987
"11 , Ogrohaeon (Agrahan) 1394",27/11/1987
"12 , Ogrohaeon (Agrahan) 1394",28/11/1987
"13 , Ogrohaeon (Agrahan) 1394",29/11/1987
"14 , Ogrohaeon (Agrahan) 1394",30/11/1987
"15 , Ogrohaeon (Agrahan) 1394",01/12/1987
"16 , Ogrohaeon (Agrahan) 1394",02/12/1987
"17 , Ogrohaeon (Agrahan) 1394",03/12/1987
"18 , Ogrohaeon (Agrahan) 1394",04/12/1987
"19 , Ogrohaeon (Agrahan) 1394",05/12/1987
"20 , Ogrohaeon (Agrahan) 1394",06/12/1987
"21 , Ogrohaeon (Agrahan) 1394",07/12/1987
"22 , Ogrohaeon (Agrahan) 1394",08/12/1987
"23 , Ogrohaeon (Agrahan) 1394",09/12/1987
"24 , Ogrohaeon (Agrahan) 1394",10/12/1987
"25 , Ogrohaeon (Agrahan) 1394",11/12/1987
"26 , Ogrohaeon (Agrahan) 1394",12/12/1987
"27 , Ogrohaeon (Agrahan) 1394",13/12/1987
"28 , Ogrohaeon (Agrahan) 1394",14/12/1987
"29 , Ogrohaeon (Agrahan) 1394",15/12/1987
"30 , Ogrohaeon (Agrahan) 1394",16/12/1987
"1 , Poush 1394",17/12/1987
"2 , Poush 1394",18/12/1987
"3 , Poush 1394",19/12/1987
"4 , Poush 1394",20/12/1987
"5 , Poush 1394",21/12/1987
"6 , Poush 1394",22/12/1987
"7 , Poush 1394",23/12/1987
"8 , Poush 1394",24/12/1987
"9 , Poush 1394",25/12/1987
"10 , Poush 1394",26/12/1987
"11 , Poush 1394",27/12/1987
"12 , Poush 1394",28/12/1987
"13 , Poush 1394",29/12/1987
"14 , Poush 1394",30/12/1987
"15 , Poush 1394",31/12/1987
"16 , Poush 1394",01/01/1988
"17 , Poush 1394",02/01/1988
"18 , Poush 1394",03/01/1988
"19 , Poush 1394",04/01/1988
"20 , Poush 1394",05/01/1988
"21 , Poush 1394",06/01/1988
"22 , Poush 1394",07/01/1988
"23 , Poush 1394",08/01/1988
"24 , Poush 1394",09/01/1988
"25 , Poush 1394",10/01/1988
"26 , Poush 1394",11/01/1988
"27 , Poush 1394",12/01/1988
"28 , Poush 1394",13/01/1988
"29 , Poush 1394",14/01/1988
"1 , Magh (Maagh) 1395",15/01/1988
"2 , Magh (Maagh) 1395",16/01/1988
"3 , Magh (Maagh) 1395",17/01/1988
"4 , Magh (Maagh) 1395",18/01/1988
"5 , Magh (Maagh) 1395",19/01/1988
"6 , Magh (Maagh) 1395",20/01/1988
"7 , Magh (Maagh) 1395",21/01/1988
"8 , Magh (Maagh) 1395",22/01/1988
"9 , Magh (Maagh) 1395",23/01/1988
"10 , Magh (Maagh) 1395",24/01/1988
"11 , Magh (Maagh) 1395",25/01/1988
"12 , Magh (Maagh) 1395",26/01/1988
"13 , Magh (Maagh) 1395",27/01/1988
"14 , Magh (Maagh) 1395",28/01/1988
"15 , Magh (Maagh) 1395",29/01/1988
"16 , Magh (Maagh) 1395",30/01/1988
"17 , Magh (Maagh) 1395",31/01/1988
"18 , Magh (Maagh) 1395",01/02/1988
"19 , Magh (Maagh) 1395",02/02/1988
"20 , Magh (Maagh) 1395",03/02/1988
"21 , Magh (Maagh) 1395",04/02/1988
"22 , Magh (Maagh) 1395",05/02/1988
"23 , Magh (Maagh) 1395",06/02/1988
"24 , Magh (Maagh) 1395",07/02/1988
"25 , Magh (Maagh) 1395",08/02/1988
"26 , Magh (Maagh) 1395",09/02/1988
"27 , Magh (Maagh) 1395",10/02/1988
"28 , Magh (Maagh) 1395",11/02/1988
"29 , Magh (Maagh) 1395",12/02/1988
"30 , Magh (Maagh) 1395",13/02/1988
"1 , Falgun (Phalgun) 1395",14/02/1988
"2 , Falgun (Phalgun) 1395",15/02/1988
"3 , Falgun (Phalgun) 1395",16/02/1988
"4 , Falgun (Phalgun) 1395",17/02/1988
"5 , Falgun (Phalgun) 1395",18/02/1988
"6 , Falgun (Phalgun) 1395",19/02/1988
"7 , Falgun (Phalgun) 1395",20/02/1988
"8 , Falgun (Phalgun) 1395",21/02/1988
"9 , Falgun (Phalgun) 1395",22/02/1988
"10 , Falgun (Phalgun) 1395",23/02/1988
"11 , Falgun (Phalgun) 1395",24/02/1988
"12 , Falgun (Phalgun) 1395",25/02/1988
"13 , Falgun (Phalgun) 1395",26/02/1988
"14 , Falgun (Phalgun) 1395",27/02/1988
"15 , Falgun (Phalgun) 1395",28/02/1988
"16 , Falgun (Phalgun) 1395",29/02/1988
"17 , Falgun (Phalgun) 1395",01/03/1988
"18 , Falgun (Phalgun) 1395",02/03/1988
"19 , Falgun (Phalgun) 1395",03/03/1988
"20 , Falgun (Phalgun) 1395",04/03/1988
"21 , Falgun (Phalgun) 1395",05/03/1988
"22 , Falgun (Phalgun) 1395",06/03/1988
"23 , Falgun (Phalgun) 1395",07/03/1988
"24 , Falgun (Phalgun) 1395",08/03/1988
"25 , Falgun (Phalgun) 1395",09/03/1988
"26 , Falgun (Phalgun) 1395",10/03/1988
"27 , Falgun (Phalgun) 1395",11/03/1988
"28 , Falgun (Phalgun) 1395",12/03/1988
"29 , Falgun (Phalgun) 1395",13/03/1988
"30 , Falgun (Phalgun) 1395",14/03/1988
"1 , Choitro (Chaitra) 1395",15/03/1988
"2 , Choitro (Chaitra) 1395",16/03/1988
"3 , Choitro (Chaitra) 1395",17/03/1988
"4 , Choitro (Chaitra) 1395",18/03/1988
"5 , Choitro (Chaitra) 1395",19/03/1988
"6 , Choitro (Chaitra) 1395",20/03/1988
"7 , Choitro (Chaitra) 1395",21/03/1988
"8 , Choitro (Chaitra) 1395",22/03/1988
"9 , Choitro (Chaitra) 1395",23/03/1988
"10 , Choitro (Chaitra) 1395",24/03/1988
"11 , Choitro (Chaitra) 1395",25/03/1988
"12 , Choitro (Chaitra) 1395",26/03/1988
"13 , Choitro (Chaitra) 1395",27/03/1988
"14 , Choitro (Chaitra) 1395",28/03/1988
"15 , Choitro (Chaitra) 1395",29/03/1988
"16 , Choitro (Chaitra) 1395",30/03/1988
"17 , Choitro (Chaitra) 1395",31/03/1988
"18 , Choitro (Chaitra) 1395",01/04/1988
"19 , Choitro (Chaitra) 1395",02/04/1988
"20 , Choitro (Chaitra) 1395",03/04/1988
"21 , Choitro (Chaitra) 1395",04/04/1988
"22 , Choitro (Chaitra) 1395",05/04/1988
"23 , Choitro (Chaitra) 1395",06/04/1988
"24 , Choitro (Chaitra) 1395",07/04/1988
"25 , Choitro (Chaitra) 1395",08/04/1988
"26 , Choitro (Chaitra) 1395",09/04/1988
"27 , Choitro (Chaitra) 1395",10/04/1988
"28 , Choitro (Chaitra) 1395",11/04/1988
"29 , Choitro (Chaitra) 1395",12/04/1988
"30 , Choitro (Chaitra) 1395",13/04/1988
"1 , Boishakh (Baisakh) 1395",14/04/1988
"2 , Boishakh (Baisakh) 1395",15/04/1988
"3 , Boishakh (Baisakh) 1395",16/04/1988
"4 , Boishakh (Baisakh) 1395",17/04/1988
"5 , Boishakh (Baisakh) 1395",18/04/1988
"6 , Boishakh (Baisakh) 1395",19/04/1988
"7 , Boishakh (Baisakh) 1395",20/04/1988
"8 , Boishakh (Baisakh) 1395",21/04/1988
"9 , Boishakh (Baisakh) 1395",22/04/1988
"10 , Boishakh (Baisakh) 1395",23/04/1988
"11 , Boishakh (Baisakh) 1395",24/04/1988
"12 , Boishakh (Baisakh) 1395",25/04/1988
"13 , Boishakh (Baisakh) 1395",26/04/1988
"14 , Boishakh (Baisakh) 1395",27/04/1988
"15 , Boishakh (Baisakh) 1395",28/04/1988
"16 , Boishakh (Baisakh) 1395",29/04/1988
"17 , Boishakh (Baisakh) 1395",30/04/1988
"18 , Boishakh (Baisakh) 1395",01/05/1988
"19 , Boishakh (Baisakh) 1395",02/05/1988
"20 , Boishakh (Baisakh) 1395",03/05/1988
"21 , Boishakh (Baisakh) 1395",04/05/1988
"22 , Boishakh (Baisakh) 1395",05/05/1988
"23 , Boishakh (Baisakh) 1395",06/05/1988
"24 , Boishakh (Baisakh) 1395",07/05/1988
"25 , Boishakh (Baisakh) 1395",08/05/1988
"26 , Boishakh (Baisakh) 1395",09/05/1988
"27 , Boishakh (Baisakh) 1395",10/05/1988
"28 , Boishakh (Baisakh) 1395",11/05/1988
"29 , Boishakh (Baisakh) 1395",12/05/1988
"30 , Boishakh (Baisakh) 1395",13/05/1988
"31 , Boishakh (Baisakh) 1395",14/05/1988
"1 , Joishtho (Jaishtho) 1395",15/05/1988
"2 , Joishtho (Jaishtho) 1395",16/05/1988
"3 , Joishtho (Jaishtho) 1395",17/05/1988
"4 , Joishtho (Jaishtho) 1395",18/05/1988
"5 , Joishtho (Jaishtho) 1395",19/05/1988
"6 , Joishtho (Jaishtho) 1395",20/05/1988
"7 , Joishtho (Jaishtho) 1395",21/05/1988
"8 , Joishtho (Jaishtho) 1395",22/05/1988
"9 , Joishtho (Jaishtho) 1395",23/05/1988
"10 , Joishtho (Jaishtho) 1395",24/05/1988
"11 , Joishtho (Jaishtho) 1395",25/05/1988
"12 , Joishtho (Jaishtho) 1395",26/05/1988
"13 , Joishtho (Jaishtho) 1395",27/05/1988
"14 , Joishtho (Jaishtho) 1395",28/05/1988
"15 , Joishtho (Jaishtho) 1395",29/05/1988
"16 , Joishtho (Jaishtho) 1395",30/05/1988
"17 , Joishtho (Jaishtho) 1395",31/05/1988
"18 , Joishtho (Jaishtho) 1395",01/06/1988
"19 , Joishtho (Jaishtho) 1395",02/06/1988
"20 , Joishtho (Jaishtho) 1395",03/06/1988
"21 , Joishtho (Jaishtho) 1395",04/06/1988
"22 , Joishtho (Jaishtho) 1395",05/06/1988
"23 , Joishtho (Jaishtho) 1395",06/06/1988
"24 , Joishtho (Jaishtho) 1395",07/06/1988
"25 , Joishtho (Jaishtho) 1395",08/06/1988
"26 , Joishtho (Jaishtho) 1395",09/06/1988
"27 , Joishtho (Jaishtho) 1395",10/06/1988
"28 , Joishtho (Jaishtho) 1395",11/06/1988
"29 , Joishtho (Jaishtho) 1395",12/06/1988
"30 , Joishtho (Jaishtho) 1395",13/06/1988
"31 , Joishtho (Jaishtho) 1395",14/06/1988
"1 , Asharh (Aashar) 1395",15/06/1988
"2 , Asharh (Aashar) 1395",16/06/1988
"3 , Asharh (Aashar) 1395",17/06/1988
"4 , Asharh (Aashar) 1395",18/06/1988
"5 , Asharh (Aashar) 1395",19/06/1988
"6 , Asharh (Aashar) 1395",20/06/1988
"7 , Asharh (Aashar) 1395",21/06/1988
"8 , Asharh (Aashar) 1395",22/06/1988
"9 , Asharh (Aashar) 1395",23/06/1988
"10 , Asharh (Aashar) 1395",24/06/1988
"11 , Asharh (Aashar) 1395",25/06/1988
"12 , Asharh (Aashar) 1395",26/06/1988
"13 , Asharh (Aashar) 1395",27/06/1988
"14 , Asharh (Aashar) 1395",28/06/1988
"15 , Asharh (Aashar) 1395",29/06/1988
"16 , Asharh (Aashar) 1395",30/06/1988
"17 , Asharh (Aashar) 1395",01/07/1988
"18 , Asharh (Aashar) 1395",02/07/1988
"19 , Asharh (Aashar) 1395",03/07/1988
"20 , Asharh (Aashar) 1395",04/07/1988
"21 , Asharh (Aashar) 1395",05/07/1988
"22 , Asharh (Aashar) 1395",06/07/1988
"23 , Asharh (Aashar) 1395",07/07/1988
"24 , Asharh (Aashar) 1395",08/07/1988
"25 , Asharh (Aashar) 1395",09/07/1988
"26 , Asharh (Aashar) 1395",10/07/1988
"27 , Asharh (Aashar) 1395",11/07/1988
"28 , Asharh (Aashar) 1395",12/07/1988
"29 , Asharh (Aashar) 1395",13/07/1988
"30 , Asharh (Aashar) 1395",14/07/1988
"31 , Asharh (Aashar) 1395",15/07/1988
"32 , Asharh (Aashar) 1395",16/07/1988
"1 , Srabon (Shraban) 1395",17/07/1988
"2 , Srabon (Shraban) 1395",18/07/1988
"3 , Srabon (Shraban) 1395",19/07/1988
"4 , Srabon (Shraban) 1395",20/07/1988
"5 , Srabon (Shraban) 1395",21/07/1988
"6 , Srabon (Shraban) 1395",22/07/1988
"7 , Srabon (Shraban) 1395",23/07/1988
"8 , Srabon (Shraban) 1395",24/07/1988
"9 , Srabon (Shraban) 1395",25/07/1988
"10 , Srabon (Shraban) 1395",26/07/1988
"11 , Srabon (Shraban) 1395",27/07/1988
"12 , Srabon (Shraban) 1395",28/07/1988
"13 , Srabon (Shraban) 1395",29/07/1988
"14 , Srabon (Shraban) 1395",30/07/1988
"15 , Srabon (Shraban) 1395",31/07/1988
"16 , Srabon (Shraban) 1395",01/08/1988
"17 , Srabon (Shraban) 1395",02/08/1988
"18 , Srabon (Shraban) 1395",03/08/1988
"19 , Srabon (Shraban) 1395",04/08/1988
"20 , Srabon (Shraban) 1395",05/08/1988
"21 , Srabon (Shraban) 1395",06/08/1988
"22 , Srabon (Shraban) 1395",07/08/1988
"23 , Srabon (Shraban) 1395",08/08/1988
"24 , Srabon (Shraban) 1395",09/08/1988
"25 , Srabon (Shraban) 1395",10/08/1988
"26 , Srabon (Shraban) 1395",11/08/1988
"27 , Srabon (Shraban) 1395",12/08/1988
"28 , Srabon (Shraban) 1395",13/08/1988
"29 , Srabon (Shraban) 1395",14/08/1988
"30 , Srabon (Shraban) 1395",15/08/1988
"31 , Srabon (Shraban) 1395",16/08/1988
"1 , Bhadro (Bhadra) 1395",17/08/1988
"2 , Bhadro (Bhadra) 1395",18/08/1988
"3 , Bhadro (Bhadra) 1395",19/08/1988
"4 , Bhadro (Bhadra) 1395",20/08/1988
"5 , Bhadro (Bhadra) 1395",21/08/1988
"6 , Bhadro (Bhadra) 1395",22/08/1988
"7 , Bhadro (Bhadra) 1395",23/08/1988
"8 , Bhadro (Bhadra) 1395",24/08/1988
"9 , Bhadro (Bhadra) 1395",25/08/1988
"10 , Bhadro (Bhadra) 1395",26/08/1988
"11 , Bhadro (Bhadra) 1395",27/08/1988
"12 , Bhadro (Bhadra) 1395",28/08/1988
"13 , Bhadro (Bhadra) 1395",29/08/1988
"14 , Bhadro (Bhadra) 1395",30/08/1988
"15 , Bhadro (Bhadra) 1395",31/08/1988
"16 , Bhadro (Bhadra) 1395",01/09/1988
"17 , Bhadro (Bhadra) 1395",02/09/1988
"18 , Bhadro (Bhadra) 1395",03/09/1988
"19 , Bhadro (Bhadra) 1395",04/09/1988
"20 , Bhadro (Bhadra) 1395",05/09/1988
"21 , Bhadro (Bhadra) 1395",06/09/1988
"22 , Bhadro (Bhadra) 1395",07/09/1988
"23 , Bhadro (Bhadra) 1395",08/09/1988
"24 , Bhadro (Bhadra) 1395",09/09/1988
"25 , Bhadro (Bhadra) 1395",10/09/1988
"26 , Bhadro (Bhadra) 1395",11/09/1988
"27 , Bhadro (Bhadra) 1395",12/09/1988
"28 , Bhadro (Bhadra) 1395",13/09/1988
"29 , Bhadro (Bhadra) 1395",14/09/1988
"30 , Bhadro (Bhadra) 1395",15/09/1988
"31 , Bhadro (Bhadra) 1395",16/09/1988
"1 , Ashshin (Aashin) 1395",17/09/1988
"2 , Ashshin (Aashin) 1395",18/09/1988
"3 , Ashshin (Aashin) 1395",19/09/1988
"4 , Ashshin (Aashin) 1395",20/09/1988
"5 , Ashshin (Aashin) 1395",21/09/1988
"6 , Ashshin (Aashin) 1395",22/09/1988
"7 , Ashshin (Aashin) 1395",23/09/1988
"8 , Ashshin (Aashin) 1395",24/09/1988
"9 , Ashshin (Aashin) 1395",25/09/1988
"10 , Ashshin (Aashin) 1395",26/09/1988
"11 , Ashshin (Aashin) 1395",27/09/1988
"12 , Ashshin (Aashin) 1395",28/09/1988
"13 , Ashshin (Aashin) 1395",29/09/1988
"14 , Ashshin (Aashin) 1395",30/09/1988
"15 , Ashshin (Aashin) 1395",01/10/1988
"16 , Ashshin (Aashin) 1395",02/10/1988
"17 , Ashshin (Aashin) 1395",03/10/1988
"18 , Ashshin (Aashin) 1395",04/10/1988
"19 , Ashshin (Aashin) 1395",05/10/1988
"20 , Ashshin (Aashin) 1395",06/10/1988
"21 , Ashshin (Aashin) 1395",07/10/1988
"22 , Ashshin (Aashin) 1395",08/10/1988
"23 , Ashshin (Aashin) 1395",09/10/1988
"24 , Ashshin (Aashin) 1395",10/10/1988
"25 , Ashshin (Aashin) 1395",11/10/1988
"26 , Ashshin (Aashin) 1395",12/10/1988
"27 , Ashshin (Aashin) 1395",13/10/1988
"28 , Ashshin (Aashin) 1395",14/10/1988
"29 , Ashshin (Aashin) 1395",15/10/1988
"30 , Ashshin (Aashin) 1395",16/10/1988
"31 , Ashshin (Aashin) 1395",17/10/1988
"1 , Kartik 1395",18/10/1988
"2 , Kartik 1395",19/10/1988
"3 , Kartik 1395",20/10/1988
"4 , Kartik 1395",21/10/1988
"5 , Kartik 1395",22/10/1988
"6 , Kartik 1395",23/10/1988
"7 , Kartik 1395",24/10/1988
"8 , Kartik 1395",25/10/1988
"9 , Kartik 1395",26/10/1988
"10 , Kartik 1395",27/10/1988
"11 , Kartik 1395",28/10/1988
"12 , Kartik 1395",29/10/1988
"13 , Kartik 1395",30/10/1988
"14 , Kartik 1395",31/10/1988
"15 , Kartik 1395",01/11/1988
"16 , Kartik 1395",02/11/1988
"17 , Kartik 1395",03/11/1988
"18 , Kartik 1395",04/11/1988
"19 , Kartik 1395",05/11/1988
"20 , Kartik 1395",06/11/1988
"21 , Kartik 1395",07/11/1988
"22 , Kartik 1395",08/11/1988
"23 , Kartik 1395",09/11/1988
"24 , Kartik 1395",10/11/1988
"25 , Kartik 1395",11/11/1988
"26 , Kartik 1395",12/11/1988
"27 , Kartik 1395",13/11/1988
"28 , Kartik 1395",14/11/1988
"29 , Kartik 1395",15/11/1988
"30 , Kartik 1395",16/11/1988
"1 , Ogrohaeon (Agrahan) 1395",17/11/1988
"2 , Ogrohaeon (Agrahan) 1395",18/11/1988
"3 , Ogrohaeon (Agrahan) 1395",19/11/1988
"4 , Ogrohaeon (Agrahan) 1395",20/11/1988
"5 , Ogrohaeon (Agrahan) 1395",21/11/1988
"6 , Ogrohaeon (Agrahan) 1395",22/11/1988
"7 , Ogrohaeon (Agrahan) 1395",23/11/1988
"8 , Ogrohaeon (Agrahan) 1395",24/11/1988
"9 , Ogrohaeon (Agrahan) 1395",25/11/1988
"10 , Ogrohaeon (Agrahan) 1395",26/11/1988
"11 , Ogrohaeon (Agrahan) 1395",27/11/1988
"12 , Ogrohaeon (Agrahan) 1395",28/11/1988
"13 , Ogrohaeon (Agrahan) 1395",29/11/1988
"14 , Ogrohaeon (Agrahan) 1395",30/11/1988
"15 , Ogrohaeon (Agrahan) 1395",01/12/1988
"16 , Ogrohaeon (Agrahan) 1395",02/12/1988
"17 , Ogrohaeon (Agrahan) 1395",03/12/1988
"18 , Ogrohaeon (Agrahan) 1395",04/12/1988
"19 , Ogrohaeon (Agrahan) 1395",05/12/1988
"20 , Ogrohaeon (Agrahan) 1395",06/12/1988
"21 , Ogrohaeon (Agrahan) 1395",07/12/1988
"22 , Ogrohaeon (Agrahan) 1395",08/12/1988
"23 , Ogrohaeon (Agrahan) 1395",09/12/1988
"24 , Ogrohaeon (Agrahan) 1395",10/12/1988
"25 , Ogrohaeon (Agrahan) 1395",11/12/1988
"26 , Ogrohaeon (Agrahan) 1395",12/12/1988
"27 , Ogrohaeon (Agrahan) 1395",13/12/1988
"28 , Ogrohaeon (Agrahan) 1395",14/12/1988
"29 , Ogrohaeon (Agrahan) 1395",15/12/1988
"1 , Magh (Maagh) 1396",15/01/1989
"2 , Magh (Maagh) 1396",16/01/1989
"3 , Magh (Maagh) 1396",17/01/1989
"4 , Magh (Maagh) 1396",18/01/1989
"5 , Magh (Maagh) 1396",19/01/1989
"6 , Magh (Maagh) 1396",20/01/1989
"7 , Magh (Maagh) 1396",21/01/1989
"8 , Magh (Maagh) 1396",22/01/1989
"9 , Magh (Maagh) 1396",23/01/1989
"10 , Magh (Maagh) 1396",24/01/1989
"11 , Magh (Maagh) 1396",25/01/1989
"12 , Magh (Maagh) 1396",26/01/1989
"13 , Magh (Maagh) 1396",27/01/1989
"14 , Magh (Maagh) 1396",28/01/1989
"15 , Magh (Maagh) 1396",29/01/1989
"16 , Magh (Maagh) 1396",30/01/1989
"17 , Magh (Maagh) 1396",31/01/1989
"18 , Magh (Maagh) 1396",01/02/1989
"19 , Magh (Maagh) 1396",02/02/1989
"20 , Magh (Maagh) 1396",03/02/1989
"21 , Magh (Maagh) 1396",04/02/1989
"22 , Magh (Maagh) 1396",05/02/1989
"23 , Magh (Maagh) 1396",06/02/1989
"24 , Magh (Maagh) 1396",07/02/1989
"25 , Magh (Maagh) 1396",08/02/1989
"26 , Magh (Maagh) 1396",09/02/1989
"27 , Magh (Maagh) 1396",10/02/1989
"28 , Magh (Maagh) 1396",11/02/1989
"29 , Magh (Maagh) 1396",12/02/1989
"1 , Falgun (Phalgun) 1396",13/02/1989
"2 , Falgun (Phalgun) 1396",14/02/1989
"3 , Falgun (Phalgun) 1396",15/02/1989
"4 , Falgun (Phalgun) 1396",16/02/1989
"5 , Falgun (Phalgun) 1396",17/02/1989
"6 , Falgun (Phalgun) 1396",18/02/1989
"7 , Falgun (Phalgun) 1396",19/02/1989
"8 , Falgun (Phalgun) 1396",20/02/1989
"9 , Falgun (Phalgun) 1396",21/02/1989
"10 , Falgun (Phalgun) 1396",22/02/1989
"11 , Falgun (Phalgun) 1396",23/02/1989
"12 , Falgun (Phalgun) 1396",24/02/1989
"13 , Falgun (Phalgun) 1396",25/02/1989
"14 , Falgun (Phalgun) 1396",26/02/1989
"15 , Falgun (Phalgun) 1396",27/02/1989
"16 , Falgun (Phalgun) 1396",28/02/1989
"17 , Falgun (Phalgun) 1396",01/03/1989
"18 , Falgun (Phalgun) 1396",02/03/1989
"19 , Falgun (Phalgun) 1396",03/03/1989
"20 , Falgun (Phalgun) 1396",04/03/1989
"21 , Falgun (Phalgun) 1396",05/03/1989
"22 , Falgun (Phalgun) 1396",06/03/1989
"23 , Falgun (Phalgun) 1396",07/03/1989
"24 , Falgun (Phalgun) 1396",08/03/1989
"25 , Falgun (Phalgun) 1396",09/03/1989
"26 , Falgun (Phalgun) 1396",10/03/1989
"27 , Falgun (Phalgun) 1396",11/03/1989
"28 , Falgun (Phalgun) 1396",12/03/1989
"29 , Falgun (Phalgun) 1396",13/03/1989
"30 , Falgun (Phalgun) 1396",14/03/1989
"1 , Choitro (Chaitra) 1396",15/03/1989
"2 , Choitro (Chaitra) 1396",16/03/1989
"3 , Choitro (Chaitra) 1396",17/03/1989
"4 , Choitro (Chaitra) 1396",18/03/1989
"5 , Choitro (Chaitra) 1396",19/03/1989
"6 , Choitro (Chaitra) 1396",20/03/1989
"7 , Choitro (Chaitra) 1396",21/03/1989
"8 , Choitro (Chaitra) 1396",22/03/1989
"9 , Choitro (Chaitra) 1396",23/03/1989
"10 , Choitro (Chaitra) 1396",24/03/1989
"11 , Choitro (Chaitra) 1396",25/03/1989
"12 , Choitro (Chaitra) 1396",26/03/1989
"13 , Choitro (Chaitra) 1396",27/03/1989
"14 , Choitro (Chaitra) 1396",28/03/1989
"15 , Choitro (Chaitra) 1396",29/03/1989
"16 , Choitro (Chaitra) 1396",30/03/1989
"17 , Choitro (Chaitra) 1396",31/03/1989
"18 , Choitro (Chaitra) 1396",01/04/1989
"19 , Choitro (Chaitra) 1396",02/04/1989
"20 , Choitro (Chaitra) 1396",03/04/1989
"21 , Choitro (Chaitra) 1396",04/04/1989
"22 , Choitro (Chaitra) 1396",05/04/1989
"23 , Choitro (Chaitra) 1396",06/04/1989
"24 , Choitro (Chaitra) 1396",07/04/1989
"25 , Choitro (Chaitra) 1396",08/04/1989
"26 , Choitro (Chaitra) 1396",09/04/1989
"27 , Choitro (Chaitra) 1396",10/04/1989
"28 , Choitro (Chaitra) 1396",11/04/1989
"29 , Choitro (Chaitra) 1396",12/04/1989
"30 , Choitro (Chaitra) 1396",13/04/1989
"1 , Boishakh (Baisakh) 1396",14/04/1989
"2 , Boishakh (Baisakh) 1396",15/04/1989
"3 , Boishakh (Baisakh) 1396",16/04/1989
"4 , Boishakh (Baisakh) 1396",17/04/1989
"5 , Boishakh (Baisakh) 1396",18/04/1989
"6 , Boishakh (Baisakh) 1396",19/04/1989
"7 , Boishakh (Baisakh) 1396",20/04/1989
"8 , Boishakh (Baisakh) 1396",21/04/1989
"9 , Boishakh (Baisakh) 1396",22/04/1989
"10 , Boishakh (Baisakh) 1396",23/04/1989
"11 , Boishakh (Baisakh) 1396",24/04/1989
"12 , Boishakh (Baisakh) 1396",25/04/1989
"13 , Boishakh (Baisakh) 1396",26/04/1989
"14 , Boishakh (Baisakh) 1396",27/04/1989
"15 , Boishakh (Baisakh) 1396",28/04/1989
"16 , Boishakh (Baisakh) 1396",29/04/1989
"17 , Boishakh (Baisakh) 1396",30/04/1989
"18 , Boishakh (Baisakh) 1396",01/05/1989
"19 , Boishakh (Baisakh) 1396",02/05/1989
"20 , Boishakh (Baisakh) 1396",03/05/1989
"21 , Boishakh (Baisakh) 1396",04/05/1989
"22 , Boishakh (Baisakh) 1396",05/05/1989
"23 , Boishakh (Baisakh) 1396",06/05/1989
"24 , Boishakh (Baisakh) 1396",07/05/1989
"25 , Boishakh (Baisakh) 1396",08/05/1989
"26 , Boishakh (Baisakh) 1396",09/05/1989
"27 , Boishakh (Baisakh) 1396",10/05/1989
"28 , Boishakh (Baisakh) 1396",11/05/1989
"29 , Boishakh (Baisakh) 1396",12/05/1989
"30 , Boishakh (Baisakh) 1396",13/05/1989
"31 , Boishakh (Baisakh) 1396",14/05/1989
"1 , Joishtho (Jaishtho) 1396",15/05/1989
"2 , Joishtho (Jaishtho) 1396",16/05/1989
"3 , Joishtho (Jaishtho) 1396",17/05/1989
"4 , Joishtho (Jaishtho) 1396",18/05/1989
"5 , Joishtho (Jaishtho) 1396",19/05/1989
"6 , Joishtho (Jaishtho) 1396",20/05/1989
"7 , Joishtho (Jaishtho) 1396",21/05/1989
"8 , Joishtho (Jaishtho) 1396",22/05/1989
"9 , Joishtho (Jaishtho) 1396",23/05/1989
"10 , Joishtho (Jaishtho) 1396",24/05/1989
"11 , Joishtho (Jaishtho) 1396",25/05/1989
"12 , Joishtho (Jaishtho) 1396",26/05/1989
"13 , Joishtho (Jaishtho) 1396",27/05/1989
"14 , Joishtho (Jaishtho) 1396",28/05/1989
"15 , Joishtho (Jaishtho) 1396",29/05/1989
"16 , Joishtho (Jaishtho) 1396",30/05/1989
"17 , Joishtho (Jaishtho) 1396",31/05/1989
"18 , Joishtho (Jaishtho) 1396",01/06/1989
"19 , Joishtho (Jaishtho) 1396",02/06/1989
"20 , Joishtho (Jaishtho) 1396",03/06/1989
"21 , Joishtho (Jaishtho) 1396",04/06/1989
"22 , Joishtho (Jaishtho) 1396",05/06/1989
"23 , Joishtho (Jaishtho) 1396",06/06/1989
"24 , Joishtho (Jaishtho) 1396",07/06/1989
"25 , Joishtho (Jaishtho) 1396",08/06/1989
"26 , Joishtho (Jaishtho) 1396",09/06/1989
"27 , Joishtho (Jaishtho) 1396",10/06/1989
"28 , Joishtho (Jaishtho) 1396",11/06/1989
"29 , Joishtho (Jaishtho) 1396",12/06/1989
"30 , Joishtho (Jaishtho) 1396",13/06/1989
"31 , Joishtho (Jaishtho) 1396",14/06/1989
"32 , Joishtho (Jaishtho) 1396",15/06/1989
"1 , Asharh (Aashar) 1396",16/06/1989
"2 , Asharh (Aashar) 1396",17/06/1989
"3 , Asharh (Aashar) 1396",18/06/1989
"4 , Asharh (Aashar) 1396",19/06/1989
"5 , Asharh (Aashar) 1396",20/06/1989
"6 , Asharh (Aashar) 1396",21/06/1989
"7 , Asharh (Aashar) 1396",22/06/1989
"8 , Asharh (Aashar) 1396",23/06/1989
"9 , Asharh (Aashar) 1396",24/06/1989
"10 , Asharh (Aashar) 1396",25/06/1989
"11 , Asharh (Aashar) 1396",26/06/1989
"12 , Asharh (Aashar) 1396",27/06/1989
"13 , Asharh (Aashar) 1396",28/06/1989
"14 , Asharh (Aashar) 1396",29/06/1989
"15 , Asharh (Aashar) 1396",30/06/1989
"16 , Asharh (Aashar) 1396",01/07/1989
"17 , Asharh (Aashar) 1396",02/07/1989
"18 , Asharh (Aashar) 1396",03/07/1989
"19 , Asharh (Aashar) 1396",04/07/1989
"20 , Asharh (Aashar) 1396",05/07/1989
"21 , Asharh (Aashar) 1396",06/07/1989
"22 , Asharh (Aashar) 1396",07/07/1989
"23 , Asharh (Aashar) 1396",08/07/1989
"24 , Asharh (Aashar) 1396",09/07/1989
"25 , Asharh (Aashar) 1396",10/07/1989
"26 , Asharh (Aashar) 1396",11/07/1989
"27 , Asharh (Aashar) 1396",12/07/1989
"28 , Asharh (Aashar) 1396",13/07/1989
"29 , Asharh (Aashar) 1396",14/07/1989
"30 , Asharh (Aashar) 1396",15/07/1989
"31 , Asharh (Aashar) 1396",16/07/1989
"1 , Srabon (Shraban) 1396",17/07/1989
"2 , Srabon (Shraban) 1396",18/07/1989
"3 , Srabon (Shraban) 1396",19/07/1989
"4 , Srabon (Shraban) 1396",20/07/1989
"5 , Srabon (Shraban) 1396",21/07/1989
"6 , Srabon (Shraban) 1396",22/07/1989
"7 , Srabon (Shraban) 1396",23/07/1989
"8 , Srabon (Shraban) 1396",24/07/1989
"9 , Srabon (Shraban) 1396",25/07/1989
"10 , Srabon (Shraban) 1396",26/07/1989
"11 , Srabon (Shraban) 1396",27/07/1989
"12 , Srabon (Shraban) 1396",28/07/1989
"13 , Srabon (Shraban) 1396",29/07/1989
"14 , Srabon (Shraban) 1396",30/07/1989
"15 , Srabon (Shraban) 1396",31/07/1989
"16 , Srabon (Shraban) 1396",01/08/1989
"17 , Srabon (Shraban) 1396",02/08/1989
"18 , Srabon (Shraban) 1396",03/08/1989
"19 , Srabon (Shraban) 1396",04/08/1989
"20 , Srabon (Shraban) 1396",05/08/1989
"21 , Srabon (Shraban) 1396",06/08/1989
"22 , Srabon (Shraban) 1396",07/08/1989
"23 , Srabon (Shraban) 1396",08/08/1989
"24 , Srabon (Shraban) 1396",09/08/1989
"25 , Srabon (Shraban) 1396",10/08/1989
"26 , Srabon (Shraban) 1396",11/08/1989
"27 , Srabon (Shraban) 1396",12/08/1989
"28 , Srabon (Shraban) 1396",13/08/1989
"29 , Srabon (Shraban) 1396",14/08/1989
"30 , Srabon (Shraban) 1396",15/08/1989
"31 , Srabon (Shraban) 1396",16/08/1989
"1 , Bhadro (Bhadra) 1396",17/08/1989
"2 , Bhadro (Bhadra) 1396",18/08/1989
"3 , Bhadro (Bhadra) 1396",19/08/1989
"4 , Bhadro (Bhadra) 1396",20/08/1989
"5 , Bhadro (Bhadra) 1396",21/08/1989
"6 , Bhadro (Bhadra) 1396",22/08/1989
"7 , Bhadro (Bhadra) 1396",23/08/1989
"8 , Bhadro (Bhadra) 1396",24/08/1989
"9 , Bhadro (Bhadra) 1396",25/08/1989
"10 , Bhadro (Bhadra) 1396",26/08/1989
"11 , Bhadro (Bhadra) 1396",27/08/1989
"12 , Bhadro (Bhadra) 1396",28/08/1989
"13 , Bhadro (Bhadra) 1396",29/08/1989
"14 , Bhadro (Bhadra) 1396",30/08/1989
"15 , Bhadro (Bhadra) 1396",31/08/1989
"16 , Bhadro (Bhadra) 1396",01/09/1989
"17 , Bhadro (Bhadra) 1396",02/09/1989
"18 , Bhadro (Bhadra) 1396",03/09/1989
"19 , Bhadro (Bhadra) 1396",04/09/1989
"20 , Bhadro (Bhadra) 1396",05/09/1989
"21 , Bhadro (Bhadra) 1396",06/09/1989
"22 , Bhadro (Bhadra) 1396",07/09/1989
"23 , Bhadro (Bhadra) 1396",08/09/1989
"24 , Bhadro (Bhadra) 1396",09/09/1989
"25 , Bhadro (Bhadra) 1396",10/09/1989
"26 , Bhadro (Bhadra) 1396",11/09/1989
"27 , Bhadro (Bhadra) 1396",12/09/1989
"28 , Bhadro (Bhadra) 1396",13/09/1989
"29 , Bhadro (Bhadra) 1396",14/09/1989
"30 , Bhadro (Bhadra) 1396",15/09/1989
"31 , Bhadro (Bhadra) 1396",16/09/1989
"1 , Ashshin (Aashin) 1396",17/09/1989
"2 , Ashshin (Aashin) 1396",18/09/1989
"3 , Ashshin (Aashin) 1396",19/09/1989
"4 , Ashshin (Aashin) 1396",20/09/1989
"5 , Ashshin (Aashin) 1396",21/09/1989
"6 , Ashshin (Aashin) 1396",22/09/1989
"7 , Ashshin (Aashin) 1396",23/09/1989
"8 , Ashshin (Aashin) 1396",24/09/1989
"9 , Ashshin (Aashin) 1396",25/09/1989
"10 , Ashshin (Aashin) 1396",26/09/1989
"11 , Ashshin (Aashin) 1396",27/09/1989
"12 , Ashshin (Aashin) 1396",28/09/1989
"13 , Ashshin (Aashin) 1396",29/09/1989
"14 , Ashshin (Aashin) 1396",30/09/1989
"15 , Ashshin (Aashin) 1396",01/10/1989
"16 , Ashshin (Aashin) 1396",02/10/1989
"17 , Ashshin (Aashin) 1396",03/10/1989
"18 , Ashshin (Aashin) 1396",04/10/1989
"19 , Ashshin (Aashin) 1396",05/10/1989
"20 , Ashshin (Aashin) 1396",06/10/1989
"21 , Ashshin (Aashin) 1396",07/10/1989
"22 , Ashshin (Aashin) 1396",08/10/1989
"23 , Ashshin (Aashin) 1396",09/10/1989
"24 , Ashshin (Aashin) 1396",10/10/1989
"25 , Ashshin (Aashin) 1396",11/10/1989
"26 , Ashshin (Aashin) 1396",12/10/1989
"27 , Ashshin (Aashin) 1396",13/10/1989
"28 , Ashshin (Aashin) 1396",14/10/1989
"29 , Ashshin (Aashin) 1396",15/10/1989
"30 , Ashshin (Aashin) 1396",16/10/1989
"31 , Ashshin (Aashin) 1396",17/10/1989
"1 , Kartik 1396",18/10/1989
"2 , Kartik 1396",19/10/1989
"3 , Kartik 1396",20/10/1989
"4 , Kartik 1396",21/10/1989
"5 , Kartik 1396",22/10/1989
"6 , Kartik 1396",23/10/1989
"7 , Kartik 1396",24/10/1989
"8 , Kartik 1396",25/10/1989
"9 , Kartik 1396",26/10/1989
"10 , Kartik 1396",27/10/1989
"11 , Kartik 1396",28/10/1989
"12 , Kartik 1396",29/10/1989
"13 , Kartik 1396",30/10/1989
"14 , Kartik 1396",31/10/1989
"15 , Kartik 1396",01/11/1989
"16 , Kartik 1396",02/11/1989
"17 , Kartik 1396",03/11/1989
"18 , Kartik 1396",04/11/1989
"19 , Kartik 1396",05/11/1989
"20 , Kartik 1396",06/11/1989
"21 , Kartik 1396",07/11/1989
"22 , Kartik 1396",08/11/1989
"23 , Kartik 1396",09/11/1989
"24 , Kartik 1396",10/11/1989
"25 , Kartik 1396",11/11/1989
"26 , Kartik 1396",12/11/1989
"27 , Kartik 1396",13/11/1989
"28 , Kartik 1396",14/11/1989
"29 , Kartik 1396",15/11/1989
"30 , Kartik 1396",16/11/1989
"1 , Ogrohaeon (Agrahan) 1396",17/11/1989
"2 , Ogrohaeon (Agrahan) 1396",18/11/1989
"3 , Ogrohaeon (Agrahan) 1396",19/11/1989
"4 , Ogrohaeon (Agrahan) 1396",20/11/1989
"5 , Ogrohaeon (Agrahan) 1396",21/11/1989
"6 , Ogrohaeon (Agrahan) 1396",22/11/1989
"7 , Ogrohaeon (Agrahan) 1396",23/11/1989
"8 , Ogrohaeon (Agrahan) 1396",24/11/1989
"9 , Ogrohaeon (Agrahan) 1396",25/11/1989
"10 , Ogrohaeon (Agrahan) 1396",26/11/1989
"11 , Ogrohaeon (Agrahan) 1396",27/11/1989
"12 , Ogrohaeon (Agrahan) 1396",28/11/1989
"13 , Ogrohaeon (Agrahan) 1396",29/11/1989
"14 , Ogrohaeon (Agrahan) 1396",30/11/1989
"15 , Ogrohaeon (Agrahan) 1396",01/12/1989
"16 , Ogrohaeon (Agrahan) 1396",02/12/1989
"17 , Ogrohaeon (Agrahan) 1396",03/12/1989
"18 , Ogrohaeon (Agrahan) 1396",04/12/1989
"19 , Ogrohaeon (Agrahan) 1396",05/12/1989
"20 , Ogrohaeon (Agrahan) 1396",06/12/1989
"21 , Ogrohaeon (Agrahan) 1396",07/12/1989
"22 , Ogrohaeon (Agrahan) 1396",08/12/1989
"23 , Ogrohaeon (Agrahan) 1396",09/12/1989
"24 , Ogrohaeon (Agrahan) 1396",10/12/1989
"25 , Ogrohaeon (Agrahan) 1396",11/12/1989
"26 , Ogrohaeon (Agrahan) 1396",12/12/1989
"27 , Ogrohaeon (Agrahan) 1396",13/12/1989
"28 , Ogrohaeon (Agrahan) 1396",14/12/1989
"29 , Ogrohaeon (Agrahan) 1396",15/12/1989
"1 , Poush 1396",16/12/1989
"2 , Poush 1396",17/12/1989
"3 , Poush 1396",18/12/1989
"4 , Poush 1396",19/12/1989
"5 , Poush 1396",20/12/1989
"6 , Poush 1396",21/12/1989
"7 , Poush 1396",22/12/1989
"8 , Poush 1396",23/12/1989
"9 , Poush 1396",24/12/1989
"10 , Poush 1396",25/12/1989
"11 , Poush 1396",26/12/1989
"12 , Poush 1396",27/12/1989
"13 , Poush 1396",28/12/1989
"14 , Poush 1396",29/12/1989
"15 , Poush 1396",30/12/1989
"16 , Poush 1396",31/12/1989
"17 , Poush 1396",01/01/1990
"18 , Poush 1396",02/01/1990
"19 , Poush 1396",03/01/1990
"20 , Poush 1396",04/01/1990
"21 , Poush 1396",05/01/1990
"22 , Poush 1396",06/01/1990
"23 , Poush 1396",07/01/1990
"24 , Poush 1396",08/01/1990
"25 , Poush 1396",09/01/1990
"26 , Poush 1396",10/01/1990
"27 , Poush 1396",11/01/1990
"28 , Poush 1396",12/01/1990
"29 , Poush 1396",13/01/1990
"30 , Poush 1396",14/01/1990
"1 , Magh (Maagh) 1397",15/01/1990
"2 , Magh (Maagh) 1397",16/01/1990
"3 , Magh (Maagh) 1397",17/01/1990
"4 , Magh (Maagh) 1397",18/01/1990
"5 , Magh (Maagh) 1397",19/01/1990
"6 , Magh (Maagh) 1397",20/01/1990
"7 , Magh (Maagh) 1397",21/01/1990
"8 , Magh (Maagh) 1397",22/01/1990
"9 , Magh (Maagh) 1397",23/01/1990
"10 , Magh (Maagh) 1397",24/01/1990
"11 , Magh (Maagh) 1397",25/01/1990
"12 , Magh (Maagh) 1397",26/01/1990
"13 , Magh (Maagh) 1397",27/01/1990
"14 , Magh (Maagh) 1397",28/01/1990
"15 , Magh (Maagh) 1397",29/01/1990
"16 , Magh (Maagh) 1397",30/01/1990
"17 , Magh (Maagh) 1397",31/01/1990
"18 , Magh (Maagh) 1397",01/02/1990
"19 , Magh (Maagh) 1397",02/02/1990
"20 , Magh (Maagh) 1397",03/02/1990
"21 , Magh (Maagh) 1397",04/02/1990
"22 , Magh (Maagh) 1397",05/02/1990
"23 , Magh (Maagh) 1397",06/02/1990
"24 , Magh (Maagh) 1397",07/02/1990
"25 , Magh (Maagh) 1397",08/02/1990
"26 , Magh (Maagh) 1397",09/02/1990
"27 , Magh (Maagh) 1397",10/02/1990
"28 , Magh (Maagh) 1397",11/02/1990
"29 , Magh (Maagh) 1397",12/02/1990
"1 , Falgun (Phalgun) 1397",13/02/1990
"2 , Falgun (Phalgun) 1397",14/02/1990
"3 , Falgun (Phalgun) 1397",15/02/1990
"4 , Falgun (Phalgun) 1397",16/02/1990
"5 , Falgun (Phalgun) 1397",17/02/1990
"6 , Falgun (Phalgun) 1397",18/02/1990
"7 , Falgun (Phalgun) 1397",19/02/1990
"8 , Falgun (Phalgun) 1397",20/02/1990
"9 , Falgun (Phalgun) 1397",21/02/1990
"10 , Falgun (Phalgun) 1397",22/02/1990
"11 , Falgun (Phalgun) 1397",23/02/1990
"12 , Falgun (Phalgun) 1397",24/02/1990
"13 , Falgun (Phalgun) 1397",25/02/1990
"14 , Falgun (Phalgun) 1397",26/02/1990
"15 , Falgun (Phalgun) 1397",27/02/1990
"16 , Falgun (Phalgun) 1397",28/02/1990
"17 , Falgun (Phalgun) 1397",01/03/1990
"18 , Falgun (Phalgun) 1397",02/03/1990
"19 , Falgun (Phalgun) 1397",03/03/1990
"20 , Falgun (Phalgun) 1397",04/03/1990
"21 , Falgun (Phalgun) 1397",05/03/1990
"22 , Falgun (Phalgun) 1397",06/03/1990
"23 , Falgun (Phalgun) 1397",07/03/1990
"24 , Falgun (Phalgun) 1397",08/03/1990
"25 , Falgun (Phalgun) 1397",09/03/1990
"26 , Falgun (Phalgun) 1397",10/03/1990
"27 , Falgun (Phalgun) 1397",11/03/1990
"28 , Falgun (Phalgun) 1397",12/03/1990
"29 , Falgun (Phalgun) 1397",13/03/1990
"30 , Falgun (Phalgun) 1397",14/03/1990
"1 , Choitro (Chaitra) 1397",15/03/1990
"2 , Choitro (Chaitra) 1397",16/03/1990
"3 , Choitro (Chaitra) 1397",17/03/1990
"4 , Choitro (Chaitra) 1397",18/03/1990
"5 , Choitro (Chaitra) 1397",19/03/1990
"6 , Choitro (Chaitra) 1397",20/03/1990
"7 , Choitro (Chaitra) 1397",21/03/1990
"8 , Choitro (Chaitra) 1397",22/03/1990
"9 , Choitro (Chaitra) 1397",23/03/1990
"10 , Choitro (Chaitra) 1397",24/03/1990
"11 , Choitro (Chaitra) 1397",25/03/1990
"12 , Choitro (Chaitra) 1397",26/03/1990
"13 , Choitro (Chaitra) 1397",27/03/1990
"14 , Choitro (Chaitra) 1397",28/03/1990
"15 , Choitro (Chaitra) 1397",29/03/1990
"16 , Choitro (Chaitra) 1397",30/03/1990
"17 , Choitro (Chaitra) 1397",31/03/1990
"18 , Choitro (Chaitra) 1397",01/04/1990
"19 , Choitro (Chaitra) 1397",02/04/1990
"20 , Choitro (Chaitra) 1397",03/04/1990
"21 , Choitro (Chaitra) 1397",04/04/1990
"22 , Choitro (Chaitra) 1397",05/04/1990
"23 , Choitro (Chaitra) 1397",06/04/1990
"24 , Choitro (Chaitra) 1397",07/04/1990
"25 , Choitro (Chaitra) 1397",08/04/1990
"26 , Choitro (Chaitra) 1397",09/04/1990
"27 , Choitro (Chaitra) 1397",10/04/1990
"28 , Choitro (Chaitra) 1397",11/04/1990
"29 , Choitro (Chaitra) 1397",12/04/1990
"30 , Choitro (Chaitra) 1397",13/04/1990
"31 , Choitro (Chaitra) 1397",14/04/1990
"1 , Boishakh (Baisakh) 1397",15/04/1990
"2 , Boishakh (Baisakh) 1397",16/04/1990
"3 , Boishakh (Baisakh) 1397",17/04/1990
"4 , Boishakh (Baisakh) 1397",18/04/1990
"5 , Boishakh (Baisakh) 1397",19/04/1990
"6 , Boishakh (Baisakh) 1397",20/04/1990
"7 , Boishakh (Baisakh) 1397",21/04/1990
"8 , Boishakh (Baisakh) 1397",22/04/1990
"9 , Boishakh (Baisakh) 1397",23/04/1990
"10 , Boishakh (Baisakh) 1397",24/04/1990
"11 , Boishakh (Baisakh) 1397",25/04/1990
"12 , Boishakh (Baisakh) 1397",26/04/1990
"13 , Boishakh (Baisakh) 1397",27/04/1990
"14 , Boishakh (Baisakh) 1397",28/04/1990
"15 , Boishakh (Baisakh) 1397",29/04/1990
"16 , Boishakh (Baisakh) 1397",30/04/1990
"17 , Boishakh (Baisakh) 1397",01/05/1990
"18 , Boishakh (Baisakh) 1397",02/05/1990
"19 , Boishakh (Baisakh) 1397",03/05/1990
"20 , Boishakh (Baisakh) 1397",04/05/1990
"21 , Boishakh (Baisakh) 1397",05/05/1990
"22 , Boishakh (Baisakh) 1397",06/05/1990
"23 , Boishakh (Baisakh) 1397",07/05/1990
"24 , Boishakh (Baisakh) 1397",08/05/1990
"25 , Boishakh (Baisakh) 1397",09/05/1990
"26 , Boishakh (Baisakh) 1397",10/05/1990
"27 , Boishakh (Baisakh) 1397",11/05/1990
"28 , Boishakh (Baisakh) 1397",12/05/1990
"29 , Boishakh (Baisakh) 1397",13/05/1990
"30 , Boishakh (Baisakh) 1397",14/05/1990
"31 , Boishakh (Baisakh) 1397",15/05/1990
"1 , Joishtho (Jaishtho) 1397",16/05/1990
"2 , Joishtho (Jaishtho) 1397",17/05/1990
"3 , Joishtho (Jaishtho) 1397",18/05/1990
"4 , Joishtho (Jaishtho) 1397",19/05/1990
"5 , Joishtho (Jaishtho) 1397",20/05/1990
"6 , Joishtho (Jaishtho) 1397",21/05/1990
"7 , Joishtho (Jaishtho) 1397",22/05/1990
"8 , Joishtho (Jaishtho) 1397",23/05/1990
"9 , Joishtho (Jaishtho) 1397",24/05/1990
"10 , Joishtho (Jaishtho) 1397",25/05/1990
"11 , Joishtho (Jaishtho) 1397",26/05/1990
"12 , Joishtho (Jaishtho) 1397",27/05/1990
"13 , Joishtho (Jaishtho) 1397",28/05/1990
"14 , Joishtho (Jaishtho) 1397",29/05/1990
"15 , Joishtho (Jaishtho) 1397",30/05/1990
"16 , Joishtho (Jaishtho) 1397",31/05/1990
"17 , Joishtho (Jaishtho) 1397",01/06/1990
"18 , Joishtho (Jaishtho) 1397",02/06/1990
"19 , Joishtho (Jaishtho) 1397",03/06/1990
"20 , Joishtho (Jaishtho) 1397",04/06/1990
"21 , Joishtho (Jaishtho) 1397",05/06/1990
"22 , Joishtho (Jaishtho) 1397",06/06/1990
"23 , Joishtho (Jaishtho) 1397",07/06/1990
"24 , Joishtho (Jaishtho) 1397",08/06/1990
"25 , Joishtho (Jaishtho) 1397",09/06/1990
"26 , Joishtho (Jaishtho) 1397",10/06/1990
"27 , Joishtho (Jaishtho) 1397",11/06/1990
"28 , Joishtho (Jaishtho) 1397",12/06/1990
"29 , Joishtho (Jaishtho) 1397",13/06/1990
"30 , Joishtho (Jaishtho) 1397",14/06/1990
"31 , Joishtho (Jaishtho) 1397",15/06/1990
"1 , Asharh (Aashar) 1397",16/06/1990
"2 , Asharh (Aashar) 1397",17/06/1990
"3 , Asharh (Aashar) 1397",18/06/1990
"4 , Asharh (Aashar) 1397",19/06/1990
"5 , Asharh (Aashar) 1397",20/06/1990
"6 , Asharh (Aashar) 1397",21/06/1990
"7 , Asharh (Aashar) 1397",22/06/1990
"8 , Asharh (Aashar) 1397",23/06/1990
"9 , Asharh (Aashar) 1397",24/06/1990
"10 , Asharh (Aashar) 1397",25/06/1990
"11 , Asharh (Aashar) 1397",26/06/1990
"12 , Asharh (Aashar) 1397",27/06/1990
"13 , Asharh (Aashar) 1397",28/06/1990
"14 , Asharh (Aashar) 1397",29/06/1990
"15 , Asharh (Aashar) 1397",30/06/1990
"16 , Asharh (Aashar) 1397",01/07/1990
"17 , Asharh (Aashar) 1397",02/07/1990
"18 , Asharh (Aashar) 1397",03/07/1990
"19 , Asharh (Aashar) 1397",04/07/1990
"20 , Asharh (Aashar) 1397",05/07/1990
"21 , Asharh (Aashar) 1397",06/07/1990
"22 , Asharh (Aashar) 1397",07/07/1990
"23 , Asharh (Aashar) 1397",08/07/1990
"24 , Asharh (Aashar) 1397",09/07/1990
"25 , Asharh (Aashar) 1397",10/07/1990
"26 , Asharh (Aashar) 1397",11/07/1990
"27 , Asharh (Aashar) 1397",12/07/1990
"28 , Asharh (Aashar) 1397",13/07/1990
"29 , Asharh (Aashar) 1397",14/07/1990
"30 , Asharh (Aashar) 1397",15/07/1990
"31 , Asharh (Aashar) 1397",16/07/1990
"1 , Srabon (Shraban) 1397",17/07/1990
"2 , Srabon (Shraban) 1397",18/07/1990
"3 , Srabon (Shraban) 1397",19/07/1990
"4 , Srabon (Shraban) 1397",20/07/1990
"5 , Srabon (Shraban) 1397",21/07/1990
"6 , Srabon (Shraban) 1397",22/07/1990
"7 , Srabon (Shraban) 1397",23/07/1990
"8 , Srabon (Shraban) 1397",24/07/1990
"9 , Srabon (Shraban) 1397",25/07/1990
"10 , Srabon (Shraban) 1397",26/07/1990
"11 , Srabon (Shraban) 1397",27/07/1990
"12 , Srabon (Shraban) 1397",28/07/1990
"13 , Srabon (Shraban) 1397",29/07/1990
"14 , Srabon (Shraban) 1397",30/07/1990
"15 , Srabon (Shraban) 1397",31/07/1990
"16 , Srabon (Shraban) 1397",01/08/1990
"17 , Srabon (Shraban) 1397",02/08/1990
"18 , Srabon (Shraban) 1397",03/08/1990
"19 , Srabon (Shraban) 1397",04/08/1990
"20 , Srabon (Shraban) 1397",05/08/1990
"21 , Srabon (Shraban) 1397",06/08/1990
"22 , Srabon (Shraban) 1397",07/08/1990
"23 , Srabon (Shraban) 1397",08/08/1990
"24 , Srabon (Shraban) 1397",09/08/1990
"25 , Srabon (Shraban) 1397",10/08/1990
"26 , Srabon (Shraban) 1397",11/08/1990
"27 , Srabon (Shraban) 1397",12/08/1990
"28 , Srabon (Shraban) 1397",13/08/1990
"29 , Srabon (Shraban) 1397",14/08/1990
"30 , Srabon (Shraban) 1397",15/08/1990
"31 , Srabon (Shraban) 1397",16/08/1990
"32 , Srabon (Shraban) 1397",17/08/1990
"1 , Bhadro (Bhadra) 1397",18/08/1990
"2 , Bhadro (Bhadra) 1397",19/08/1990
"3 , Bhadro (Bhadra) 1397",20/08/1990
"4 , Bhadro (Bhadra) 1397",21/08/1990
"5 , Bhadro (Bhadra) 1397",22/08/1990
"6 , Bhadro (Bhadra) 1397",23/08/1990
"7 , Bhadro (Bhadra) 1397",24/08/1990
"8 , Bhadro (Bhadra) 1397",25/08/1990
"9 , Bhadro (Bhadra) 1397",26/08/1990
"10 , Bhadro (Bhadra) 1397",27/08/1990
"11 , Bhadro (Bhadra) 1397",28/08/1990
"12 , Bhadro (Bhadra) 1397",29/08/1990
"13 , Bhadro (Bhadra) 1397",30/08/1990
"14 , Bhadro (Bhadra) 1397",31/08/1990
"15 , Bhadro (Bhadra) 1397",01/09/1990
"16 , Bhadro (Bhadra) 1397",02/09/1990
"17 , Bhadro (Bhadra) 1397",03/09/1990
"18 , Bhadro (Bhadra) 1397",04/09/1990
"19 , Bhadro (Bhadra) 1397",05/09/1990
"20 , Bhadro (Bhadra) 1397",06/09/1990
"21 , Bhadro (Bhadra) 1397",07/09/1990
"22 , Bhadro (Bhadra) 1397",08/09/1990
"23 , Bhadro (Bhadra) 1397",09/09/1990
"24 , Bhadro (Bhadra) 1397",10/09/1990
"25 , Bhadro (Bhadra) 1397",11/09/1990
"26 , Bhadro (Bhadra) 1397",12/09/1990
"27 , Bhadro (Bhadra) 1397",13/09/1990
"28 , Bhadro (Bhadra) 1397",14/09/1990
"29 , Bhadro (Bhadra) 1397",15/09/1990
"30 , Bhadro (Bhadra) 1397",16/09/1990
"31 , Bhadro (Bhadra) 1397",17/09/1990
"1 , Ashshin (Aashin) 1397",18/09/1990
"2 , Ashshin (Aashin) 1397",19/09/1990
"3 , Ashshin (Aashin) 1397",20/09/1990
"4 , Ashshin (Aashin) 1397",21/09/1990
"5 , Ashshin (Aashin) 1397",22/09/1990
"6 , Ashshin (Aashin) 1397",23/09/1990
"7 , Ashshin (Aashin) 1397",24/09/1990
"8 , Ashshin (Aashin) 1397",25/09/1990
"9 , Ashshin (Aashin) 1397",26/09/1990
"10 , Ashshin (Aashin) 1397",27/09/1990
"11 , Ashshin (Aashin) 1397",28/09/1990
"12 , Ashshin (Aashin) 1397",29/09/1990
"13 , Ashshin (Aashin) 1397",30/09/1990
"14 , Ashshin (Aashin) 1397",01/10/1990
"15 , Ashshin (Aashin) 1397",02/10/1990
"16 , Ashshin (Aashin) 1397",03/10/1990
"17 , Ashshin (Aashin) 1397",04/10/1990
"18 , Ashshin (Aashin) 1397",05/10/1990
"19 , Ashshin (Aashin) 1397",06/10/1990
"20 , Ashshin (Aashin) 1397",07/10/1990
"21 , Ashshin (Aashin) 1397",08/10/1990
"22 , Ashshin (Aashin) 1397",09/10/1990
"23 , Ashshin (Aashin) 1397",10/10/1990
"24 , Ashshin (Aashin) 1397",11/10/1990
"25 , Ashshin (Aashin) 1397",12/10/1990
"26 , Ashshin (Aashin) 1397",13/10/1990
"27 , Ashshin (Aashin) 1397",14/10/1990
"28 , Ashshin (Aashin) 1397",15/10/1990
"29 , Ashshin (Aashin) 1397",16/10/1990
"30 , Ashshin (Aashin) 1397",17/10/1990
"1 , Kartik 1397",18/10/1990
"2 , Kartik 1397",19/10/1990
"3 , Kartik 1397",20/10/1990
"4 , Kartik 1397",21/10/1990
"5 , Kartik 1397",22/10/1990
"6 , Kartik 1397",23/10/1990
"7 , Kartik 1397",24/10/1990
"8 , Kartik 1397",25/10/1990
"9 , Kartik 1397",26/10/1990
"10 , Kartik 1397",27/10/1990
"11 , Kartik 1397",28/10/1990
"12 , Kartik 1397",29/10/1990
"13 , Kartik 1397",30/10/1990
"14 , Kartik 1397",31/10/1990
"15 , Kartik 1397",01/11/1990
"16 , Kartik 1397",02/11/1990
"17 , Kartik 1397",03/11/1990
"18 , Kartik 1397",04/11/1990
"19 , Kartik 1397",05/11/1990
"20 , Kartik 1397",06/11/1990
"21 , Kartik 1397",07/11/1990
"22 , Kartik 1397",08/11/1990
"23 , Kartik 1397",09/11/1990
"24 , Kartik 1397",10/11/1990
"25 , Kartik 1397",11/11/1990
"26 , Kartik 1397",12/11/1990
"27 , Kartik 1397",13/11/1990
"28 , Kartik 1397",14/11/1990
"29 , Kartik 1397",15/11/1990
"30 , Kartik 1397",16/11/1990
"1 , Ogrohaeon (Agrahan) 1397",17/11/1990
"2 , Ogrohaeon (Agrahan) 1397",18/11/1990
"3 , Ogrohaeon (Agrahan) 1397",19/11/1990
"4 , Ogrohaeon (Agrahan) 1397",20/11/1990
"5 , Ogrohaeon (Agrahan) 1397",21/11/1990
"6 , Ogrohaeon (Agrahan) 1397",22/11/1990
"7 , Ogrohaeon (Agrahan) 1397",23/11/1990
"8 , Ogrohaeon (Agrahan) 1397",24/11/1990
"9 , Ogrohaeon (Agrahan) 1397",25/11/1990
"10 , Ogrohaeon (Agrahan) 1397",26/11/1990
"11 , Ogrohaeon (Agrahan) 1397",27/11/1990
"12 , Ogrohaeon (Agrahan) 1397",28/11/1990
"13 , Ogrohaeon (Agrahan) 1397",29/11/1990
"14 , Ogrohaeon (Agrahan) 1397",30/11/1990
"15 , Ogrohaeon (Agrahan) 1397",01/12/1990
"16 , Ogrohaeon (Agrahan) 1397",02/12/1990
"17 , Ogrohaeon (Agrahan) 1397",03/12/1990
"18 , Ogrohaeon (Agrahan) 1397",04/12/1990
"19 , Ogrohaeon (Agrahan) 1397",05/12/1990
"20 , Ogrohaeon (Agrahan) 1397",06/12/1990
"21 , Ogrohaeon (Agrahan) 1397",07/12/1990
"22 , Ogrohaeon (Agrahan) 1397",08/12/1990
"23 , Ogrohaeon (Agrahan) 1397",09/12/1990
"24 , Ogrohaeon (Agrahan) 1397",10/12/1990
"25 , Ogrohaeon (Agrahan) 1397",11/12/1990
"26 , Ogrohaeon (Agrahan) 1397",12/12/1990
"27 , Ogrohaeon (Agrahan) 1397",13/12/1990
"28 , Ogrohaeon (Agrahan) 1397",14/12/1990
"29 , Ogrohaeon (Agrahan) 1397",15/12/1990
"30 , Ogrohaeon (Agrahan) 1397",16/12/1990
"1 , Poush 1397",17/12/1990
"2 , Poush 1397",18/12/1990
"3 , Poush 1397",19/12/1990
"4 , Poush 1397",20/12/1990
"5 , Poush 1397",21/12/1990
"6 , Poush 1397",22/12/1990
"7 , Poush 1397",23/12/1990
"8 , Poush 1397",24/12/1990
"9 , Poush 1397",25/12/1990
"10 , Poush 1397",26/12/1990
"11 , Poush 1397",27/12/1990
"12 , Poush 1397",28/12/1990
"13 , Poush 1397",29/12/1990
"14 , Poush 1397",30/12/1990
"15 , Poush 1397",31/12/1990
"16 , Poush 1397",01/01/1991
"17 , Poush 1397",02/01/1991
"18 , Poush 1397",03/01/1991
"19 , Poush 1397",04/01/1991
"20 , Poush 1397",05/01/1991
"21 , Poush 1397",06/01/1991
"22 , Poush 1397",07/01/1991
"23 , Poush 1397",08/01/1991
"24 , Poush 1397",09/01/1991
"25 , Poush 1397",10/01/1991
"26 , Poush 1397",11/01/1991
"27 , Poush 1397",12/01/1991
"28 , Poush 1397",13/01/1991
"29 , Poush 1397",14/01/1991
"1 , Magh (Maagh) 1398",15/01/1991
"2 , Magh (Maagh) 1398",16/01/1991
"3 , Magh (Maagh) 1398",17/01/1991
"4 , Magh (Maagh) 1398",18/01/1991
"5 , Magh (Maagh) 1398",19/01/1991
"6 , Magh (Maagh) 1398",20/01/1991
"7 , Magh (Maagh) 1398",21/01/1991
"8 , Magh (Maagh) 1398",22/01/1991
"9 , Magh (Maagh) 1398",23/01/1991
"10 , Magh (Maagh) 1398",24/01/1991
"11 , Magh (Maagh) 1398",25/01/1991
"12 , Magh (Maagh) 1398",26/01/1991
"13 , Magh (Maagh) 1398",27/01/1991
"14 , Magh (Maagh) 1398",28/01/1991
"15 , Magh (Maagh) 1398",29/01/1991
"16 , Magh (Maagh) 1398",30/01/1991
"17 , Magh (Maagh) 1398",31/01/1991
"18 , Magh (Maagh) 1398",01/02/1991
"19 , Magh (Maagh) 1398",02/02/1991
"20 , Magh (Maagh) 1398",03/02/1991
"21 , Magh (Maagh) 1398",04/02/1991
"22 , Magh (Maagh) 1398",05/02/1991
"23 , Magh (Maagh) 1398",06/02/1991
"24 , Magh (Maagh) 1398",07/02/1991
"25 , Magh (Maagh) 1398",08/02/1991
"26 , Magh (Maagh) 1398",09/02/1991
"27 , Magh (Maagh) 1398",10/02/1991
"28 , Magh (Maagh) 1398",11/02/1991
"29 , Magh (Maagh) 1398",12/02/1991
"30 , Magh (Maagh) 1398",13/02/1991
"1 , Falgun (Phalgun) 1398",14/02/1991
"2 , Falgun (Phalgun) 1398",15/02/1991
"3 , Falgun (Phalgun) 1398",16/02/1991
"4 , Falgun (Phalgun) 1398",17/02/1991
"5 , Falgun (Phalgun) 1398",18/02/1991
"6 , Falgun (Phalgun) 1398",19/02/1991
"7 , Falgun (Phalgun) 1398",20/02/1991
"8 , Falgun (Phalgun) 1398",21/02/1991
"9 , Falgun (Phalgun) 1398",22/02/1991
"10 , Falgun (Phalgun) 1398",23/02/1991
"11 , Falgun (Phalgun) 1398",24/02/1991
"12 , Falgun (Phalgun) 1398",25/02/1991
"13 , Falgun (Phalgun) 1398",26/02/1991
"14 , Falgun (Phalgun) 1398",27/02/1991
"15 , Falgun (Phalgun) 1398",28/02/1991
"16 , Falgun (Phalgun) 1398",01/03/1991
"17 , Falgun (Phalgun) 1398",02/03/1991
"18 , Falgun (Phalgun) 1398",03/03/1991
"19 , Falgun (Phalgun) 1398",04/03/1991
"20 , Falgun (Phalgun) 1398",05/03/1991
"21 , Falgun (Phalgun) 1398",06/03/1991
"22 , Falgun (Phalgun) 1398",07/03/1991
"23 , Falgun (Phalgun) 1398",08/03/1991
"24 , Falgun (Phalgun) 1398",09/03/1991
"25 , Falgun (Phalgun) 1398",10/03/1991
"26 , Falgun (Phalgun) 1398",11/03/1991
"27 , Falgun (Phalgun) 1398",12/03/1991
"28 , Falgun (Phalgun) 1398",13/03/1991
"29 , Falgun (Phalgun) 1398",14/03/1991
"30 , Falgun (Phalgun) 1398",15/03/1991
"1 , Choitro (Chaitra) 1398",16/03/1991
"2 , Choitro (Chaitra) 1398",17/03/1991
"3 , Choitro (Chaitra) 1398",18/03/1991
"4 , Choitro (Chaitra) 1398",19/03/1991
"5 , Choitro (Chaitra) 1398",20/03/1991
"6 , Choitro (Chaitra) 1398",21/03/1991
"7 , Choitro (Chaitra) 1398",22/03/1991
"8 , Choitro (Chaitra) 1398",23/03/1991
"9 , Choitro (Chaitra) 1398",24/03/1991
"10 , Choitro (Chaitra) 1398",25/03/1991
"11 , Choitro (Chaitra) 1398",26/03/1991
"12 , Choitro (Chaitra) 1398",27/03/1991
"13 , Choitro (Chaitra) 1398",28/03/1991
"14 , Choitro (Chaitra) 1398",29/03/1991
"15 , Choitro (Chaitra) 1398",30/03/1991
"16 , Choitro (Chaitra) 1398",31/03/1991
"17 , Choitro (Chaitra) 1398",01/04/1991
"18 , Choitro (Chaitra) 1398",02/04/1991
"19 , Choitro (Chaitra) 1398",03/04/1991
"20 , Choitro (Chaitra) 1398",04/04/1991
"21 , Choitro (Chaitra) 1398",05/04/1991
"22 , Choitro (Chaitra) 1398",06/04/1991
"23 , Choitro (Chaitra) 1398",07/04/1991
"24 , Choitro (Chaitra) 1398",08/04/1991
"25 , Choitro (Chaitra) 1398",09/04/1991
"26 , Choitro (Chaitra) 1398",10/04/1991
"27 , Choitro (Chaitra) 1398",11/04/1991
"28 , Choitro (Chaitra) 1398",12/04/1991
"29 , Choitro (Chaitra) 1398",13/04/1991
"30 , Choitro (Chaitra) 1398",14/04/1991
"1 , Boishakh (Baisakh) 1398",15/04/1991
"2 , Boishakh (Baisakh) 1398",16/04/1991
"3 , Boishakh (Baisakh) 1398",17/04/1991
"4 , Boishakh (Baisakh) 1398",18/04/1991
"5 , Boishakh (Baisakh) 1398",19/04/1991
"6 , Boishakh (Baisakh) 1398",20/04/1991
"7 , Boishakh (Baisakh) 1398",21/04/1991
"8 , Boishakh (Baisakh) 1398",22/04/1991
"9 , Boishakh (Baisakh) 1398",23/04/1991
"10 , Boishakh (Baisakh) 1398",24/04/1991
"11 , Boishakh (Baisakh) 1398",25/04/1991
"12 , Boishakh (Baisakh) 1398",26/04/1991
"13 , Boishakh (Baisakh) 1398",27/04/1991
"14 , Boishakh (Baisakh) 1398",28/04/1991
"15 , Boishakh (Baisakh) 1398",29/04/1991
"16 , Boishakh (Baisakh) 1398",30/04/1991
"17 , Boishakh (Baisakh) 1398",01/05/1991
"18 , Boishakh (Baisakh) 1398",02/05/1991
"19 , Boishakh (Baisakh) 1398",03/05/1991
"20 , Boishakh (Baisakh) 1398",04/05/1991
"21 , Boishakh (Baisakh) 1398",05/05/1991
"22 , Boishakh (Baisakh) 1398",06/05/1991
"23 , Boishakh (Baisakh) 1398",07/05/1991
"24 , Boishakh (Baisakh) 1398",08/05/1991
"25 , Boishakh (Baisakh) 1398",09/05/1991
"26 , Boishakh (Baisakh) 1398",10/05/1991
"27 , Boishakh (Baisakh) 1398",11/05/1991
"28 , Boishakh (Baisakh) 1398",12/05/1991
"29 , Boishakh (Baisakh) 1398",13/05/1991
"30 , Boishakh (Baisakh) 1398",14/05/1991
"31 , Boishakh (Baisakh) 1398",15/05/1991
"1 , Joishtho (Jaishtho) 1398",16/05/1991
"2 , Joishtho (Jaishtho) 1398",17/05/1991
"3 , Joishtho (Jaishtho) 1398",18/05/1991
"4 , Joishtho (Jaishtho) 1398",19/05/1991
"5 , Joishtho (Jaishtho) 1398",20/05/1991
"6 , Joishtho (Jaishtho) 1398",21/05/1991
"7 , Joishtho (Jaishtho) 1398",22/05/1991
"8 , Joishtho (Jaishtho) 1398",23/05/1991
"9 , Joishtho (Jaishtho) 1398",24/05/1991
"10 , Joishtho (Jaishtho) 1398",25/05/1991
"11 , Joishtho (Jaishtho) 1398",26/05/1991
"12 , Joishtho (Jaishtho) 1398",27/05/1991
"13 , Joishtho (Jaishtho) 1398",28/05/1991
"14 , Joishtho (Jaishtho) 1398",29/05/1991
"15 , Joishtho (Jaishtho) 1398",30/05/1991
"16 , Joishtho (Jaishtho) 1398",31/05/1991
"17 , Joishtho (Jaishtho) 1398",01/06/1991
"18 , Joishtho (Jaishtho) 1398",02/06/1991
"19 , Joishtho (Jaishtho) 1398",03/06/1991
"20 , Joishtho (Jaishtho) 1398",04/06/1991
"21 , Joishtho (Jaishtho) 1398",05/06/1991
"22 , Joishtho (Jaishtho) 1398",06/06/1991
"23 , Joishtho (Jaishtho) 1398",07/06/1991
"24 , Joishtho (Jaishtho) 1398",08/06/1991
"25 , Joishtho (Jaishtho) 1398",09/06/1991
"26 , Joishtho (Jaishtho) 1398",10/06/1991
"27 , Joishtho (Jaishtho) 1398",11/06/1991
"28 , Joishtho (Jaishtho) 1398",12/06/1991
"29 , Joishtho (Jaishtho) 1398",13/06/1991
"30 , Joishtho (Jaishtho) 1398",14/06/1991
"31 , Joishtho (Jaishtho) 1398",15/06/1991
"1 , Asharh (Aashar) 1398",16/06/1991
"2 , Asharh (Aashar) 1398",17/06/1991
"3 , Asharh (Aashar) 1398",18/06/1991
"4 , Asharh (Aashar) 1398",19/06/1991
"5 , Asharh (Aashar) 1398",20/06/1991
"6 , Asharh (Aashar) 1398",21/06/1991
"7 , Asharh (Aashar) 1398",22/06/1991
"8 , Asharh (Aashar) 1398",23/06/1991
"9 , Asharh (Aashar) 1398",24/06/1991
"10 , Asharh (Aashar) 1398",25/06/1991
"11 , Asharh (Aashar) 1398",26/06/1991
"12 , Asharh (Aashar) 1398",27/06/1991
"13 , Asharh (Aashar) 1398",28/06/1991
"14 , Asharh (Aashar) 1398",29/06/1991
"15 , Asharh (Aashar) 1398",30/06/1991
"16 , Asharh (Aashar) 1398",01/07/1991
"17 , Asharh (Aashar) 1398",02/07/1991
"18 , Asharh (Aashar) 1398",03/07/1991
"19 , Asharh (Aashar) 1398",04/07/1991
"20 , Asharh (Aashar) 1398",05/07/1991
"21 , Asharh (Aashar) 1398",06/07/1991
"22 , Asharh (Aashar) 1398",07/07/1991
"23 , Asharh (Aashar) 1398",08/07/1991
"24 , Asharh (Aashar) 1398",09/07/1991
"25 , Asharh (Aashar) 1398",10/07/1991
"26 , Asharh (Aashar) 1398",11/07/1991
"27 , Asharh (Aashar) 1398",12/07/1991
"28 , Asharh (Aashar) 1398",13/07/1991
"29 , Asharh (Aashar) 1398",14/07/1991
"30 , Asharh (Aashar) 1398",15/07/1991
"31 , Asharh (Aashar) 1398",16/07/1991
"1 , Srabon (Shraban) 1398",17/07/1991
"2 , Srabon (Shraban) 1398",18/07/1991
"3 , Srabon (Shraban) 1398",19/07/1991
"4 , Srabon (Shraban) 1398",20/07/1991
"5 , Srabon (Shraban) 1398",21/07/1991
"6 , Srabon (Shraban) 1398",22/07/1991
"7 , Srabon (Shraban) 1398",23/07/1991
"8 , Srabon (Shraban) 1398",24/07/1991
"9 , Srabon (Shraban) 1398",25/07/1991
"10 , Srabon (Shraban) 1398",26/07/1991
"11 , Srabon (Shraban) 1398",27/07/1991
"12 , Srabon (Shraban) 1398",28/07/1991
"13 , Srabon (Shraban) 1398",29/07/1991
"14 , Srabon (Shraban) 1398",30/07/1991
"15 , Srabon (Shraban) 1398",31/07/1991
"16 , Srabon (Shraban) 1398",01/08/1991
"17 , Srabon (Shraban) 1398",02/08/1991
"18 , Srabon (Shraban) 1398",03/08/1991
"19 , Srabon (Shraban) 1398",04/08/1991
"20 , Srabon (Shraban) 1398",05/08/1991
"21 , Srabon (Shraban) 1398",06/08/1991
"22 , Srabon (Shraban) 1398",07/08/1991
"23 , Srabon (Shraban) 1398",08/08/1991
"24 , Srabon (Shraban) 1398",09/08/1991
"25 , Srabon (Shraban) 1398",10/08/1991
"26 , Srabon (Shraban) 1398",11/08/1991
"27 , Srabon (Shraban) 1398",12/08/1991
"28 , Srabon (Shraban) 1398",13/08/1991
"29 , Srabon (Shraban) 1398",14/08/1991
"30 , Srabon (Shraban) 1398",15/08/1991
"31 , Srabon (Shraban) 1398",16/08/1991
"32 , Srabon (Shraban) 1398",17/08/1991
"1 , Bhadro (Bhadra) 1398",18/08/1991
"2 , Bhadro (Bhadra) 1398",19/08/1991
"3 , Bhadro (Bhadra) 1398",20/08/1991
"4 , Bhadro (Bhadra) 1398",21/08/1991
"5 , Bhadro (Bhadra) 1398",22/08/1991
"6 , Bhadro (Bhadra) 1398",23/08/1991
"7 , Bhadro (Bhadra) 1398",24/08/1991
"8 , Bhadro (Bhadra) 1398",25/08/1991
"9 , Bhadro (Bhadra) 1398",26/08/1991
"10 , Bhadro (Bhadra) 1398",27/08/1991
"11 , Bhadro (Bhadra) 1398",28/08/1991
"12 , Bhadro (Bhadra) 1398",29/08/1991
"13 , Bhadro (Bhadra) 1398",30/08/1991
"14 , Bhadro (Bhadra) 1398",31/08/1991
"15 , Bhadro (Bhadra) 1398",01/09/1991
"16 , Bhadro (Bhadra) 1398",02/09/1991
"17 , Bhadro (Bhadra) 1398",03/09/1991
"18 , Bhadro (Bhadra) 1398",04/09/1991
"19 , Bhadro (Bhadra) 1398",05/09/1991
"20 , Bhadro (Bhadra) 1398",06/09/1991
"21 , Bhadro (Bhadra) 1398",07/09/1991
"22 , Bhadro (Bhadra) 1398",08/09/1991
"23 , Bhadro (Bhadra) 1398",09/09/1991
"24 , Bhadro (Bhadra) 1398",10/09/1991
"25 , Bhadro (Bhadra) 1398",11/09/1991
"26 , Bhadro (Bhadra) 1398",12/09/1991
"27 , Bhadro (Bhadra) 1398",13/09/1991
"28 , Bhadro (Bhadra) 1398",14/09/1991
"29 , Bhadro (Bhadra) 1398",15/09/1991
"30 , Bhadro (Bhadra) 1398",16/09/1991
"31 , Bhadro (Bhadra) 1398",17/09/1991
"1 , Ashshin (Aashin) 1398",18/09/1991
"2 , Ashshin (Aashin) 1398",19/09/1991
"3 , Ashshin (Aashin) 1398",20/09/1991
"4 , Ashshin (Aashin) 1398",21/09/1991
"5 , Ashshin (Aashin) 1398",22/09/1991
"6 , Ashshin (Aashin) 1398",23/09/1991
"7 , Ashshin (Aashin) 1398",24/09/1991
"8 , Ashshin (Aashin) 1398",25/09/1991
"9 , Ashshin (Aashin) 1398",26/09/1991
"10 , Ashshin (Aashin) 1398",27/09/1991
"11 , Ashshin (Aashin) 1398",28/09/1991
"12 , Ashshin (Aashin) 1398",29/09/1991
"13 , Ashshin (Aashin) 1398",30/09/1991
"14 , Ashshin (Aashin) 1398",01/10/1991
"15 , Ashshin (Aashin) 1398",02/10/1991
"16 , Ashshin (Aashin) 1398",03/10/1991
"17 , Ashshin (Aashin) 1398",04/10/1991
"18 , Ashshin (Aashin) 1398",05/10/1991
"19 , Ashshin (Aashin) 1398",06/10/1991
"20 , Ashshin (Aashin) 1398",07/10/1991
"21 , Ashshin (Aashin) 1398",08/10/1991
"22 , Ashshin (Aashin) 1398",09/10/1991
"23 , Ashshin (Aashin) 1398",10/10/1991
"24 , Ashshin (Aashin) 1398",11/10/1991
"25 , Ashshin (Aashin) 1398",12/10/1991
"26 , Ashshin (Aashin) 1398",13/10/1991
"27 , Ashshin (Aashin) 1398",14/10/1991
"28 , Ashshin (Aashin) 1398",15/10/1991
"29 , Ashshin (Aashin) 1398",16/10/1991
"30 , Ashshin (Aashin) 1398",17/10/1991
"1 , Kartik 1398",18/10/1991
"2 , Kartik 1398",19/10/1991
"3 , Kartik 1398",20/10/1991
"4 , Kartik 1398",21/10/1991
"5 , Kartik 1398",22/10/1991
"6 , Kartik 1398",23/10/1991
"7 , Kartik 1398",24/10/1991
"8 , Kartik 1398",25/10/1991
"9 , Kartik 1398",26/10/1991
"10 , Kartik 1398",27/10/1991
"11 , Kartik 1398",28/10/1991
"12 , Kartik 1398",29/10/1991
"13 , Kartik 1398",30/10/1991
"14 , Kartik 1398",31/10/1991
"15 , Kartik 1398",01/11/1991
"16 , Kartik 1398",02/11/1991
"17 , Kartik 1398",03/11/1991
"18 , Kartik 1398",04/11/1991
"19 , Kartik 1398",05/11/1991
"20 , Kartik 1398",06/11/1991
"21 , Kartik 1398",07/11/1991
"22 , Kartik 1398",08/11/1991
"23 , Kartik 1398",09/11/1991
"24 , Kartik 1398",10/11/1991
"25 , Kartik 1398",11/11/1991
"26 , Kartik 1398",12/11/1991
"27 , Kartik 1398",13/11/1991
"28 , Kartik 1398",14/11/1991
"29 , Kartik 1398",15/11/1991
"30 , Kartik 1398",16/11/1991
"1 , Ogrohaeon (Agrahan) 1398",17/11/1991
"2 , Ogrohaeon (Agrahan) 1398",18/11/1991
"3 , Ogrohaeon (Agrahan) 1398",19/11/1991
"4 , Ogrohaeon (Agrahan) 1398",20/11/1991
"5 , Ogrohaeon (Agrahan) 1398",21/11/1991
"6 , Ogrohaeon (Agrahan) 1398",22/11/1991
"7 , Ogrohaeon (Agrahan) 1398",23/11/1991
"8 , Ogrohaeon (Agrahan) 1398",24/11/1991
"9 , Ogrohaeon (Agrahan) 1398",25/11/1991
"10 , Ogrohaeon (Agrahan) 1398",26/11/1991
"11 , Ogrohaeon (Agrahan) 1398",27/11/1991
"12 , Ogrohaeon (Agrahan) 1398",28/11/1991
"13 , Ogrohaeon (Agrahan) 1398",29/11/1991
"14 , Ogrohaeon (Agrahan) 1398",30/11/1991
"15 , Ogrohaeon (Agrahan) 1398",01/12/1991
"16 , Ogrohaeon (Agrahan) 1398",02/12/1991
"17 , Ogrohaeon (Agrahan) 1398",03/12/1991
"18 , Ogrohaeon (Agrahan) 1398",04/12/1991
"19 , Ogrohaeon (Agrahan) 1398",05/12/1991
"20 , Ogrohaeon (Agrahan) 1398",06/12/1991
"21 , Ogrohaeon (Agrahan) 1398",07/12/1991
"22 , Ogrohaeon (Agrahan) 1398",08/12/1991
"23 , Ogrohaeon (Agrahan) 1398",09/12/1991
"24 , Ogrohaeon (Agrahan) 1398",10/12/1991
"25 , Ogrohaeon (Agrahan) 1398",11/12/1991
"26 , Ogrohaeon (Agrahan) 1398",12/12/1991
"27 , Ogrohaeon (Agrahan) 1398",13/12/1991
"28 , Ogrohaeon (Agrahan) 1398",14/12/1991
"29 , Ogrohaeon (Agrahan) 1398",15/12/1991
"30 , Ogrohaeon (Agrahan) 1398",16/12/1991
"1 , Poush 1398",17/12/1991
"2 , Poush 1398",18/12/1991
"3 , Poush 1398",19/12/1991
"4 , Poush 1398",20/12/1991
"5 , Poush 1398",21/12/1991
"6 , Poush 1398",22/12/1991
"7 , Poush 1398",23/12/1991
"8 , Poush 1398",24/12/1991
"9 , Poush 1398",25/12/1991
"10 , Poush 1398",26/12/1991
"11 , Poush 1398",27/12/1991
"12 , Poush 1398",28/12/1991
"13 , Poush 1398",29/12/1991
"14 , Poush 1398",30/12/1991
"15 , Poush 1398",31/12/1991
"16 , Poush 1398",01/01/1992
"17 , Poush 1398",02/01/1992
"18 , Poush 1398",03/01/1992
"19 , Poush 1398",04/01/1992
"20 , Poush 1398",05/01/1992
"21 , Poush 1398",06/01/1992
"22 , Poush 1398",07/01/1992
"23 , Poush 1398",08/01/1992
"24 , Poush 1398",09/01/1992
"25 , Poush 1398",10/01/1992
"26 , Poush 1398",11/01/1992
"27 , Poush 1398",12/01/1992
"28 , Poush 1398",13/01/1992
"29 , Poush 1398",14/01/1992
"1 , Magh (Maagh) 1399",15/01/1992
"2 , Magh (Maagh) 1399",16/01/1992
"3 , Magh (Maagh) 1399",17/01/1992
"4 , Magh (Maagh) 1399",18/01/1992
"5 , Magh (Maagh) 1399",19/01/1992
"6 , Magh (Maagh) 1399",20/01/1992
"7 , Magh (Maagh) 1399",21/01/1992
"8 , Magh (Maagh) 1399",22/01/1992
"9 , Magh (Maagh) 1399",23/01/1992
"10 , Magh (Maagh) 1399",24/01/1992
"11 , Magh (Maagh) 1399",25/01/1992
"12 , Magh (Maagh) 1399",26/01/1992
"13 , Magh (Maagh) 1399",27/01/1992
"14 , Magh (Maagh) 1399",28/01/1992
"15 , Magh (Maagh) 1399",29/01/1992
"16 , Magh (Maagh) 1399",30/01/1992
"17 , Magh (Maagh) 1399",31/01/1992
"18 , Magh (Maagh) 1399",01/02/1992
"19 , Magh (Maagh) 1399",02/02/1992
"20 , Magh (Maagh) 1399",03/02/1992
"21 , Magh (Maagh) 1399",04/02/1992
"22 , Magh (Maagh) 1399",05/02/1992
"23 , Magh (Maagh) 1399",06/02/1992
"24 , Magh (Maagh) 1399",07/02/1992
"25 , Magh (Maagh) 1399",08/02/1992
"26 , Magh (Maagh) 1399",09/02/1992
"27 , Magh (Maagh) 1399",10/02/1992
"28 , Magh (Maagh) 1399",11/02/1992
"29 , Magh (Maagh) 1399",12/02/1992
"30 , Magh (Maagh) 1399",13/02/1992
"1 , Falgun (Phalgun) 1399",14/02/1992
"2 , Falgun (Phalgun) 1399",15/02/1992
"3 , Falgun (Phalgun) 1399",16/02/1992
"4 , Falgun (Phalgun) 1399",17/02/1992
"5 , Falgun (Phalgun) 1399",18/02/1992
"6 , Falgun (Phalgun) 1399",19/02/1992
"7 , Falgun (Phalgun) 1399",20/02/1992
"8 , Falgun (Phalgun) 1399",21/02/1992
"9 , Falgun (Phalgun) 1399",22/02/1992
"10 , Falgun (Phalgun) 1399",23/02/1992
"11 , Falgun (Phalgun) 1399",24/02/1992
"12 , Falgun (Phalgun) 1399",25/02/1992
"13 , Falgun (Phalgun) 1399",26/02/1992
"14 , Falgun (Phalgun) 1399",27/02/1992
"15 , Falgun (Phalgun) 1399",28/02/1992
"16 , Falgun (Phalgun) 1399",29/02/1992
"17 , Falgun (Phalgun) 1399",01/03/1992
"18 , Falgun (Phalgun) 1399",02/03/1992
"19 , Falgun (Phalgun) 1399",03/03/1992
"20 , Falgun (Phalgun) 1399",04/03/1992
"21 , Falgun (Phalgun) 1399",05/03/1992
"22 , Falgun (Phalgun) 1399",06/03/1992
"23 , Falgun (Phalgun) 1399",07/03/1992
"24 , Falgun (Phalgun) 1399",08/03/1992
"25 , Falgun (Phalgun) 1399",09/03/1992
"26 , Falgun (Phalgun) 1399",10/03/1992
"27 , Falgun (Phalgun) 1399",11/03/1992
"28 , Falgun (Phalgun) 1399",12/03/1992
"29 , Falgun (Phalgun) 1399",13/03/1992
"30 , Falgun (Phalgun) 1399",14/03/1992
"1 , Choitro (Chaitra) 1399",15/03/1992
"2 , Choitro (Chaitra) 1399",16/03/1992
"3 , Choitro (Chaitra) 1399",17/03/1992
"4 , Choitro (Chaitra) 1399",18/03/1992
"5 , Choitro (Chaitra) 1399",19/03/1992
"6 , Choitro (Chaitra) 1399",20/03/1992
"7 , Choitro (Chaitra) 1399",21/03/1992
"8 , Choitro (Chaitra) 1399",22/03/1992
"9 , Choitro (Chaitra) 1399",23/03/1992
"10 , Choitro (Chaitra) 1399",24/03/1992
"11 , Choitro (Chaitra) 1399",25/03/1992
"12 , Choitro (Chaitra) 1399",26/03/1992
"13 , Choitro (Chaitra) 1399",27/03/1992
"14 , Choitro (Chaitra) 1399",28/03/1992
"15 , Choitro (Chaitra) 1399",29/03/1992
"16 , Choitro (Chaitra) 1399",30/03/1992
"17 , Choitro (Chaitra) 1399",31/03/1992
"18 , Choitro (Chaitra) 1399",01/04/1992
"19 , Choitro (Chaitra) 1399",02/04/1992
"20 , Choitro (Chaitra) 1399",03/04/1992
"21 , Choitro (Chaitra) 1399",04/04/1992
"22 , Choitro (Chaitra) 1399",05/04/1992
"23 , Choitro (Chaitra) 1399",06/04/1992
"24 , Choitro (Chaitra) 1399",07/04/1992
"25 , Choitro (Chaitra) 1399",08/04/1992
"26 , Choitro (Chaitra) 1399",09/04/1992
"27 , Choitro (Chaitra) 1399",10/04/1992
"28 , Choitro (Chaitra) 1399",11/04/1992
"29 , Choitro (Chaitra) 1399",12/04/1992
"30 , Choitro (Chaitra) 1399",13/04/1992
"1 , Boishakh (Baisakh) 1399",14/04/1992
"2 , Boishakh (Baisakh) 1399",15/04/1992
"3 , Boishakh (Baisakh) 1399",16/04/1992
"4 , Boishakh (Baisakh) 1399",17/04/1992
"5 , Boishakh (Baisakh) 1399",18/04/1992
"6 , Boishakh (Baisakh) 1399",19/04/1992
"7 , Boishakh (Baisakh) 1399",20/04/1992
"8 , Boishakh (Baisakh) 1399",21/04/1992
"9 , Boishakh (Baisakh) 1399",22/04/1992
"10 , Boishakh (Baisakh) 1399",23/04/1992
"11 , Boishakh (Baisakh) 1399",24/04/1992
"12 , Boishakh (Baisakh) 1399",25/04/1992
"13 , Boishakh (Baisakh) 1399",26/04/1992
"14 , Boishakh (Baisakh) 1399",27/04/1992
"15 , Boishakh (Baisakh) 1399",28/04/1992
"16 , Boishakh (Baisakh) 1399",29/04/1992
"17 , Boishakh (Baisakh) 1399",30/04/1992
"18 , Boishakh (Baisakh) 1399",01/05/1992
"19 , Boishakh (Baisakh) 1399",02/05/1992
"20 , Boishakh (Baisakh) 1399",03/05/1992
"21 , Boishakh (Baisakh) 1399",04/05/1992
"22 , Boishakh (Baisakh) 1399",05/05/1992
"23 , Boishakh (Baisakh) 1399",06/05/1992
"24 , Boishakh (Baisakh) 1399",07/05/1992
"25 , Boishakh (Baisakh) 1399",08/05/1992
"26 , Boishakh (Baisakh) 1399",09/05/1992
"27 , Boishakh (Baisakh) 1399",10/05/1992
"28 , Boishakh (Baisakh) 1399",11/05/1992
"29 , Boishakh (Baisakh) 1399",12/05/1992
"30 , Boishakh (Baisakh) 1399",13/05/1992
"31 , Boishakh (Baisakh) 1399",14/05/1992
"1 , Joishtho (Jaishtho) 1399",15/05/1992
"2 , Joishtho (Jaishtho) 1399",16/05/1992
"3 , Joishtho (Jaishtho) 1399",17/05/1992
"4 , Joishtho (Jaishtho) 1399",18/05/1992
"5 , Joishtho (Jaishtho) 1399",19/05/1992
"6 , Joishtho (Jaishtho) 1399",20/05/1992
"7 , Joishtho (Jaishtho) 1399",21/05/1992
"8 , Joishtho (Jaishtho) 1399",22/05/1992
"9 , Joishtho (Jaishtho) 1399",23/05/1992
"10 , Joishtho (Jaishtho) 1399",24/05/1992
"11 , Joishtho (Jaishtho) 1399",25/05/1992
"12 , Joishtho (Jaishtho) 1399",26/05/1992
"13 , Joishtho (Jaishtho) 1399",27/05/1992
"14 , Joishtho (Jaishtho) 1399",28/05/1992
"15 , Joishtho (Jaishtho) 1399",29/05/1992
"16 , Joishtho (Jaishtho) 1399",30/05/1992
"17 , Joishtho (Jaishtho) 1399",31/05/1992
"18 , Joishtho (Jaishtho) 1399",01/06/1992
"19 , Joishtho (Jaishtho) 1399",02/06/1992
"20 , Joishtho (Jaishtho) 1399",03/06/1992
"21 , Joishtho (Jaishtho) 1399",04/06/1992
"22 , Joishtho (Jaishtho) 1399",05/06/1992
"23 , Joishtho (Jaishtho) 1399",06/06/1992
"24 , Joishtho (Jaishtho) 1399",07/06/1992
"25 , Joishtho (Jaishtho) 1399",08/06/1992
"26 , Joishtho (Jaishtho) 1399",09/06/1992
"27 , Joishtho (Jaishtho) 1399",10/06/1992
"28 , Joishtho (Jaishtho) 1399",11/06/1992
"29 , Joishtho (Jaishtho) 1399",12/06/1992
"30 , Joishtho (Jaishtho) 1399",13/06/1992
"31 , Joishtho (Jaishtho) 1399",14/06/1992
"1 , Asharh (Aashar) 1399",15/06/1992
"2 , Asharh (Aashar) 1399",16/06/1992
"3 , Asharh (Aashar) 1399",17/06/1992
"4 , Asharh (Aashar) 1399",18/06/1992
"5 , Asharh (Aashar) 1399",19/06/1992
"6 , Asharh (Aashar) 1399",20/06/1992
"7 , Asharh (Aashar) 1399",21/06/1992
"8 , Asharh (Aashar) 1399",22/06/1992
"9 , Asharh (Aashar) 1399",23/06/1992
"10 , Asharh (Aashar) 1399",24/06/1992
"11 , Asharh (Aashar) 1399",25/06/1992
"12 , Asharh (Aashar) 1399",26/06/1992
"13 , Asharh (Aashar) 1399",27/06/1992
"14 , Asharh (Aashar) 1399",28/06/1992
"15 , Asharh (Aashar) 1399",29/06/1992
"16 , Asharh (Aashar) 1399",30/06/1992
"17 , Asharh (Aashar) 1399",01/07/1992
"18 , Asharh (Aashar) 1399",02/07/1992
"19 , Asharh (Aashar) 1399",03/07/1992
"20 , Asharh (Aashar) 1399",04/07/1992
"21 , Asharh (Aashar) 1399",05/07/1992
"22 , Asharh (Aashar) 1399",06/07/1992
"23 , Asharh (Aashar) 1399",07/07/1992
"24 , Asharh (Aashar) 1399",08/07/1992
"25 , Asharh (Aashar) 1399",09/07/1992
"26 , Asharh (Aashar) 1399",10/07/1992
"27 , Asharh (Aashar) 1399",11/07/1992
"28 , Asharh (Aashar) 1399",12/07/1992
"29 , Asharh (Aashar) 1399",13/07/1992
"30 , Asharh (Aashar) 1399",14/07/1992
"31 , Asharh (Aashar) 1399",15/07/1992
"32 , Asharh (Aashar) 1399",16/07/1992
"1 , Srabon (Shraban) 1399",17/07/1992
"2 , Srabon (Shraban) 1399",18/07/1992
"3 , Srabon (Shraban) 1399",19/07/1992
"4 , Srabon (Shraban) 1399",20/07/1992
"5 , Srabon (Shraban) 1399",21/07/1992
"6 , Srabon (Shraban) 1399",22/07/1992
"7 , Srabon (Shraban) 1399",23/07/1992
"8 , Srabon (Shraban) 1399",24/07/1992
"9 , Srabon (Shraban) 1399",25/07/1992
"10 , Srabon (Shraban) 1399",26/07/1992
"11 , Srabon (Shraban) 1399",27/07/1992
"12 , Srabon (Shraban) 1399",28/07/1992
"13 , Srabon (Shraban) 1399",29/07/1992
"14 , Srabon (Shraban) 1399",30/07/1992
"15 , Srabon (Shraban) 1399",31/07/1992
"16 , Srabon (Shraban) 1399",01/08/1992
"17 , Srabon (Shraban) 1399",02/08/1992
"18 , Srabon (Shraban) 1399",03/08/1992
"19 , Srabon (Shraban) 1399",04/08/1992
"20 , Srabon (Shraban) 1399",05/08/1992
"21 , Srabon (Shraban) 1399",06/08/1992
"22 , Srabon (Shraban) 1399",07/08/1992
"23 , Srabon (Shraban) 1399",08/08/1992
"24 , Srabon (Shraban) 1399",09/08/1992
"25 , Srabon (Shraban) 1399",10/08/1992
"26 , Srabon (Shraban) 1399",11/08/1992
"27 , Srabon (Shraban) 1399",12/08/1992
"28 , Srabon (Shraban) 1399",13/08/1992
"29 , Srabon (Shraban) 1399",14/08/1992
"30 , Srabon (Shraban) 1399",15/08/1992
"31 , Srabon (Shraban) 1399",16/08/1992
"1 , Bhadro (Bhadra) 1399",17/08/1992
"2 , Bhadro (Bhadra) 1399",18/08/1992
"3 , Bhadro (Bhadra) 1399",19/08/1992
"4 , Bhadro (Bhadra) 1399",20/08/1992
"5 , Bhadro (Bhadra) 1399",21/08/1992
"6 , Bhadro (Bhadra) 1399",22/08/1992
"7 , Bhadro (Bhadra) 1399",23/08/1992
"8 , Bhadro (Bhadra) 1399",24/08/1992
"9 , Bhadro (Bhadra) 1399",25/08/1992
"10 , Bhadro (Bhadra) 1399",26/08/1992
"11 , Bhadro (Bhadra) 1399",27/08/1992
"12 , Bhadro (Bhadra) 1399",28/08/1992
"13 , Bhadro (Bhadra) 1399",29/08/1992
"14 , Bhadro (Bhadra) 1399",30/08/1992
"15 , Bhadro (Bhadra) 1399",31/08/1992
"16 , Bhadro (Bhadra) 1399",01/09/1992
"17 , Bhadro (Bhadra) 1399",02/09/1992
"18 , Bhadro (Bhadra) 1399",03/09/1992
"19 , Bhadro (Bhadra) 1399",04/09/1992
"20 , Bhadro (Bhadra) 1399",05/09/1992
"21 , Bhadro (Bhadra) 1399",06/09/1992
"22 , Bhadro (Bhadra) 1399",07/09/1992
"23 , Bhadro (Bhadra) 1399",08/09/1992
"24 , Bhadro (Bhadra) 1399",09/09/1992
"25 , Bhadro (Bhadra) 1399",10/09/1992
"26 , Bhadro (Bhadra) 1399",11/09/1992
"27 , Bhadro (Bhadra) 1399",12/09/1992
"28 , Bhadro (Bhadra) 1399",13/09/1992
"29 , Bhadro (Bhadra) 1399",14/09/1992
"30 , Bhadro (Bhadra) 1399",15/09/1992
"31 , Bhadro (Bhadra) 1399",16/09/1992
"1 , Ashshin (Aashin) 1399",17/09/1992
"2 , Ashshin (Aashin) 1399",18/09/1992
"3 , Ashshin (Aashin) 1399",19/09/1992
"4 , Ashshin (Aashin) 1399",20/09/1992
"5 , Ashshin (Aashin) 1399",21/09/1992
"6 , Ashshin (Aashin) 1399",22/09/1992
"7 , Ashshin (Aashin) 1399",23/09/1992
"8 , Ashshin (Aashin) 1399",24/09/1992
"9 , Ashshin (Aashin) 1399",25/09/1992
"10 , Ashshin (Aashin) 1399",26/09/1992
"11 , Ashshin (Aashin) 1399",27/09/1992
"12 , Ashshin (Aashin) 1399",28/09/1992
"13 , Ashshin (Aashin) 1399",29/09/1992
"14 , Ashshin (Aashin) 1399",30/09/1992
"15 , Ashshin (Aashin) 1399",01/10/1992
"16 , Ashshin (Aashin) 1399",02/10/1992
"17 , Ashshin (Aashin) 1399",03/10/1992
"18 , Ashshin (Aashin) 1399",04/10/1992
"19 , Ashshin (Aashin) 1399",05/10/1992
"20 , Ashshin (Aashin) 1399",06/10/1992
"21 , Ashshin (Aashin) 1399",07/10/1992
"22 , Ashshin (Aashin) 1399",08/10/1992
"23 , Ashshin (Aashin) 1399",09/10/1992
"24 , Ashshin (Aashin) 1399",10/10/1992
"25 , Ashshin (Aashin) 1399",11/10/1992
"26 , Ashshin (Aashin) 1399",12/10/1992
"27 , Ashshin (Aashin) 1399",13/10/1992
"28 , Ashshin (Aashin) 1399",14/10/1992
"29 , Ashshin (Aashin) 1399",15/10/1992
"30 , Ashshin (Aashin) 1399",16/10/1992
"31 , Ashshin (Aashin) 1399",17/10/1992
"1 , Kartik 1399",18/10/1992
"2 , Kartik 1399",19/10/1992
"3 , Kartik 1399",20/10/1992
"4 , Kartik 1399",21/10/1992
"5 , Kartik 1399",22/10/1992
"6 , Kartik 1399",23/10/1992
"7 , Kartik 1399",24/10/1992
"8 , Kartik 1399",25/10/1992
"9 , Kartik 1399",26/10/1992
"10 , Kartik 1399",27/10/1992
"11 , Kartik 1399",28/10/1992
"12 , Kartik 1399",29/10/1992
"13 , Kartik 1399",30/10/1992
"14 , Kartik 1399",31/10/1992
"15 , Kartik 1399",01/11/1992
"16 , Kartik 1399",02/11/1992
"17 , Kartik 1399",03/11/1992
"18 , Kartik 1399",04/11/1992
"19 , Kartik 1399",05/11/1992
"20 , Kartik 1399",06/11/1992
"21 , Kartik 1399",07/11/1992
"22 , Kartik 1399",08/11/1992
"23 , Kartik 1399",09/11/1992
"24 , Kartik 1399",10/11/1992
"25 , Kartik 1399",11/11/1992
"26 , Kartik 1399",12/11/1992
"27 , Kartik 1399",13/11/1992
"28 , Kartik 1399",14/11/1992
"29 , Kartik 1399",15/11/1992
"30 , Kartik 1399",16/11/1992
"1 , Ogrohaeon (Agrahan) 1399",17/11/1992
"2 , Ogrohaeon (Agrahan) 1399",18/11/1992
"3 , Ogrohaeon (Agrahan) 1399",19/11/1992
"4 , Ogrohaeon (Agrahan) 1399",20/11/1992
"5 , Ogrohaeon (Agrahan) 1399",21/11/1992
"6 , Ogrohaeon (Agrahan) 1399",22/11/1992
"7 , Ogrohaeon (Agrahan) 1399",23/11/1992
"8 , Ogrohaeon (Agrahan) 1399",24/11/1992
"9 , Ogrohaeon (Agrahan) 1399",25/11/1992
"10 , Ogrohaeon (Agrahan) 1399",26/11/1992
"11 , Ogrohaeon (Agrahan) 1399",27/11/1992
"12 , Ogrohaeon (Agrahan) 1399",28/11/1992
"13 , Ogrohaeon (Agrahan) 1399",29/11/1992
"14 , Ogrohaeon (Agrahan) 1399",30/11/1992
"15 , Ogrohaeon (Agrahan) 1399",01/12/1992
"16 , Ogrohaeon (Agrahan) 1399",02/12/1992
"17 , Ogrohaeon (Agrahan) 1399",03/12/1992
"18 , Ogrohaeon (Agrahan) 1399",04/12/1992
"19 , Ogrohaeon (Agrahan) 1399",05/12/1992
"20 , Ogrohaeon (Agrahan) 1399",06/12/1992
"21 , Ogrohaeon (Agrahan) 1399",07/12/1992
"22 , Ogrohaeon (Agrahan) 1399",08/12/1992
"23 , Ogrohaeon (Agrahan) 1399",09/12/1992
"24 , Ogrohaeon (Agrahan) 1399",10/12/1992
"25 , Ogrohaeon (Agrahan) 1399",11/12/1992
"26 , Ogrohaeon (Agrahan) 1399",12/12/1992
"27 , Ogrohaeon (Agrahan) 1399",13/12/1992
"28 , Ogrohaeon (Agrahan) 1399",14/12/1992
"29 , Ogrohaeon (Agrahan) 1399",15/12/1992
"1 , Poush 1399",16/12/1992
"2 , Poush 1399",17/12/1992
"3 , Poush 1399",18/12/1992
"4 , Poush 1399",19/12/1992
"5 , Poush 1399",20/12/1992
"6 , Poush 1399",21/12/1992
"7 , Poush 1399",22/12/1992
"8 , Poush 1399",23/12/1992
"9 , Poush 1399",24/12/1992
"10 , Poush 1399",25/12/1992
"11 , Poush 1399",26/12/1992
"12 , Poush 1399",27/12/1992
"13 , Poush 1399",28/12/1992
"14 , Poush 1399",29/12/1992
"15 , Poush 1399",30/12/1992
"16 , Poush 1399",31/12/1992
"17 , Poush 1399",01/01/1993
"18 , Poush 1399",02/01/1993
"19 , Poush 1399",03/01/1993
"20 , Poush 1399",04/01/1993
"21 , Poush 1399",05/01/1993
"22 , Poush 1399",06/01/1993
"23 , Poush 1399",07/01/1993
"24 , Poush 1399",08/01/1993
"25 , Poush 1399",09/01/1993
"26 , Poush 1399",10/01/1993
"27 , Poush 1399",11/01/1993
"28 , Poush 1399",12/01/1993
"29 , Poush 1399",13/01/1993
"30 , Poush 1399",14/01/1993
"1 , Magh (Maagh) 1400",15/01/1993
"2 , Magh (Maagh) 1400",16/01/1993
"3 , Magh (Maagh) 1400",17/01/1993
"4 , Magh (Maagh) 1400",18/01/1993
"5 , Magh (Maagh) 1400",19/01/1993
"6 , Magh (Maagh) 1400",20/01/1993
"7 , Magh (Maagh) 1400",21/01/1993
"8 , Magh (Maagh) 1400",22/01/1993
"9 , Magh (Maagh) 1400",23/01/1993
"10 , Magh (Maagh) 1400",24/01/1993
"11 , Magh (Maagh) 1400",25/01/1993
"12 , Magh (Maagh) 1400",26/01/1993
"13 , Magh (Maagh) 1400",27/01/1993
"14 , Magh (Maagh) 1400",28/01/1993
"15 , Magh (Maagh) 1400",29/01/1993
"16 , Magh (Maagh) 1400",30/01/1993
"17 , Magh (Maagh) 1400",31/01/1993
"18 , Magh (Maagh) 1400",01/02/1993
"19 , Magh (Maagh) 1400",02/02/1993
"20 , Magh (Maagh) 1400",03/02/1993
"21 , Magh (Maagh) 1400",04/02/1993
"22 , Magh (Maagh) 1400",05/02/1993
"23 , Magh (Maagh) 1400",06/02/1993
"24 , Magh (Maagh) 1400",07/02/1993
"25 , Magh (Maagh) 1400",08/02/1993
"26 , Magh (Maagh) 1400",09/02/1993
"27 , Magh (Maagh) 1400",10/02/1993
"28 , Magh (Maagh) 1400",11/02/1993
"29 , Magh (Maagh) 1400",12/02/1993
"1 , Falgun (Phalgun) 1400",13/02/1993
"2 , Falgun (Phalgun) 1400",14/02/1993
"3 , Falgun (Phalgun) 1400",15/02/1993
"4 , Falgun (Phalgun) 1400",16/02/1993
"5 , Falgun (Phalgun) 1400",17/02/1993
"6 , Falgun (Phalgun) 1400",18/02/1993
"7 , Falgun (Phalgun) 1400",19/02/1993
"8 , Falgun (Phalgun) 1400",20/02/1993
"9 , Falgun (Phalgun) 1400",21/02/1993
"10 , Falgun (Phalgun) 1400",22/02/1993
"11 , Falgun (Phalgun) 1400",23/02/1993
"12 , Falgun (Phalgun) 1400",24/02/1993
"13 , Falgun (Phalgun) 1400",25/02/1993
"14 , Falgun (Phalgun) 1400",26/02/1993
"15 , Falgun (Phalgun) 1400",27/02/1993
"16 , Falgun (Phalgun) 1400",28/02/1993
"17 , Falgun (Phalgun) 1400",01/03/1993
"18 , Falgun (Phalgun) 1400",02/03/1993
"19 , Falgun (Phalgun) 1400",03/03/1993
"20 , Falgun (Phalgun) 1400",04/03/1993
"21 , Falgun (Phalgun) 1400",05/03/1993
"22 , Falgun (Phalgun) 1400",06/03/1993
"23 , Falgun (Phalgun) 1400",07/03/1993
"24 , Falgun (Phalgun) 1400",08/03/1993
"25 , Falgun (Phalgun) 1400",09/03/1993
"26 , Falgun (Phalgun) 1400",10/03/1993
"27 , Falgun (Phalgun) 1400",11/03/1993
"28 , Falgun (Phalgun) 1400",12/03/1993
"29 , Falgun (Phalgun) 1400",13/03/1993
"30 , Falgun (Phalgun) 1400",14/03/1993
"1 , Choitro (Chaitra) 1400",15/03/1993
"2 , Choitro (Chaitra) 1400",16/03/1993
"3 , Choitro (Chaitra) 1400",17/03/1993
"4 , Choitro (Chaitra) 1400",18/03/1993
"5 , Choitro (Chaitra) 1400",19/03/1993
"6 , Choitro (Chaitra) 1400",20/03/1993
"7 , Choitro (Chaitra) 1400",21/03/1993
"8 , Choitro (Chaitra) 1400",22/03/1993
"9 , Choitro (Chaitra) 1400",23/03/1993
"10 , Choitro (Chaitra) 1400",24/03/1993
"11 , Choitro (Chaitra) 1400",25/03/1993
"12 , Choitro (Chaitra) 1400",26/03/1993
"13 , Choitro (Chaitra) 1400",27/03/1993
"14 , Choitro (Chaitra) 1400",28/03/1993
"15 , Choitro (Chaitra) 1400",29/03/1993
"16 , Choitro (Chaitra) 1400",30/03/1993
"17 , Choitro (Chaitra) 1400",31/03/1993
"18 , Choitro (Chaitra) 1400",01/04/1993
"19 , Choitro (Chaitra) 1400",02/04/1993
"20 , Choitro (Chaitra) 1400",03/04/1993
"21 , Choitro (Chaitra) 1400",04/04/1993
"22 , Choitro (Chaitra) 1400",05/04/1993
"23 , Choitro (Chaitra) 1400",06/04/1993
"24 , Choitro (Chaitra) 1400",07/04/1993
"25 , Choitro (Chaitra) 1400",08/04/1993
"26 , Choitro (Chaitra) 1400",09/04/1993
"27 , Choitro (Chaitra) 1400",10/04/1993
"28 , Choitro (Chaitra) 1400",11/04/1993
"29 , Choitro (Chaitra) 1400",12/04/1993
"30 , Choitro (Chaitra) 1400",13/04/1993
"1 , Boishakh (Baisakh) 1400",14/04/1993
"2 , Boishakh (Baisakh) 1400",15/04/1993
"3 , Boishakh (Baisakh) 1400",16/04/1993
"4 , Boishakh (Baisakh) 1400",17/04/1993
"5 , Boishakh (Baisakh) 1400",18/04/1993
"6 , Boishakh (Baisakh) 1400",19/04/1993
"7 , Boishakh (Baisakh) 1400",20/04/1993
"8 , Boishakh (Baisakh) 1400",21/04/1993
"9 , Boishakh (Baisakh) 1400",22/04/1993
"10 , Boishakh (Baisakh) 1400",23/04/1993
"11 , Boishakh (Baisakh) 1400",24/04/1993
"12 , Boishakh (Baisakh) 1400",25/04/1993
"13 , Boishakh (Baisakh) 1400",26/04/1993
"14 , Boishakh (Baisakh) 1400",27/04/1993
"15 , Boishakh (Baisakh) 1400",28/04/1993
"16 , Boishakh (Baisakh) 1400",29/04/1993
"17 , Boishakh (Baisakh) 1400",30/04/1993
"18 , Boishakh (Baisakh) 1400",01/05/1993
"19 , Boishakh (Baisakh) 1400",02/05/1993
"20 , Boishakh (Baisakh) 1400",03/05/1993
"21 , Boishakh (Baisakh) 1400",04/05/1993
"22 , Boishakh (Baisakh) 1400",05/05/1993
"23 , Boishakh (Baisakh) 1400",06/05/1993
"24 , Boishakh (Baisakh) 1400",07/05/1993
"25 , Boishakh (Baisakh) 1400",08/05/1993
"26 , Boishakh (Baisakh) 1400",09/05/1993
"27 , Boishakh (Baisakh) 1400",10/05/1993
"28 , Boishakh (Baisakh) 1400",11/05/1993
"29 , Boishakh (Baisakh) 1400",12/05/1993
"30 , Boishakh (Baisakh) 1400",13/05/1993
"31 , Boishakh (Baisakh) 1400",14/05/1993
"1 , Joishtho (Jaishtho) 1400",15/05/1993
"2 , Joishtho (Jaishtho) 1400",16/05/1993
"3 , Joishtho (Jaishtho) 1400",17/05/1993
"4 , Joishtho (Jaishtho) 1400",18/05/1993
"5 , Joishtho (Jaishtho) 1400",19/05/1993
"6 , Joishtho (Jaishtho) 1400",20/05/1993
"7 , Joishtho (Jaishtho) 1400",21/05/1993
"8 , Joishtho (Jaishtho) 1400",22/05/1993
"9 , Joishtho (Jaishtho) 1400",23/05/1993
"10 , Joishtho (Jaishtho) 1400",24/05/1993
"11 , Joishtho (Jaishtho) 1400",25/05/1993
"12 , Joishtho (Jaishtho) 1400",26/05/1993
"13 , Joishtho (Jaishtho) 1400",27/05/1993
"14 , Joishtho (Jaishtho) 1400",28/05/1993
"15 , Joishtho (Jaishtho) 1400",29/05/1993
"16 , Joishtho (Jaishtho) 1400",30/05/1993
"17 , Joishtho (Jaishtho) 1400",31/05/1993
"18 , Joishtho (Jaishtho) 1400",01/06/1993
"19 , Joishtho (Jaishtho) 1400",02/06/1993
"20 , Joishtho (Jaishtho) 1400",03/06/1993
"21 , Joishtho (Jaishtho) 1400",04/06/1993
"22 , Joishtho (Jaishtho) 1400",05/06/1993
"23 , Joishtho (Jaishtho) 1400",06/06/1993
"24 , Joishtho (Jaishtho) 1400",07/06/1993
"25 , Joishtho (Jaishtho) 1400",08/06/1993
"26 , Joishtho (Jaishtho) 1400",09/06/1993
"27 , Joishtho (Jaishtho) 1400",10/06/1993
"28 , Joishtho (Jaishtho) 1400",11/06/1993
"29 , Joishtho (Jaishtho) 1400",12/06/1993
"30 , Joishtho (Jaishtho) 1400",13/06/1993
"31 , Joishtho (Jaishtho) 1400",14/06/1993
"32 , Joishtho (Jaishtho) 1400",15/06/1993
"1 , Asharh (Aashar) 1400",16/06/1993
"2 , Asharh (Aashar) 1400",17/06/1993
"3 , Asharh (Aashar) 1400",18/06/1993
"4 , Asharh (Aashar) 1400",19/06/1993
"5 , Asharh (Aashar) 1400",20/06/1993
"6 , Asharh (Aashar) 1400",21/06/1993
"7 , Asharh (Aashar) 1400",22/06/1993
"8 , Asharh (Aashar) 1400",23/06/1993
"9 , Asharh (Aashar) 1400",24/06/1993
"10 , Asharh (Aashar) 1400",25/06/1993
"11 , Asharh (Aashar) 1400",26/06/1993
"12 , Asharh (Aashar) 1400",27/06/1993
"13 , Asharh (Aashar) 1400",28/06/1993
"14 , Asharh (Aashar) 1400",29/06/1993
"15 , Asharh (Aashar) 1400",30/06/1993
"16 , Asharh (Aashar) 1400",01/07/1993
"17 , Asharh (Aashar) 1400",02/07/1993
"18 , Asharh (Aashar) 1400",03/07/1993
"19 , Asharh (Aashar) 1400",04/07/1993
"20 , Asharh (Aashar) 1400",05/07/1993
"21 , Asharh (Aashar) 1400",06/07/1993
"22 , Asharh (Aashar) 1400",07/07/1993
"23 , Asharh (Aashar) 1400",08/07/1993
"24 , Asharh (Aashar) 1400",09/07/1993
"25 , Asharh (Aashar) 1400",10/07/1993
"26 , Asharh (Aashar) 1400",11/07/1993
"27 , Asharh (Aashar) 1400",12/07/1993
"28 , Asharh (Aashar) 1400",13/07/1993
"29 , Asharh (Aashar) 1400",14/07/1993
"30 , Asharh (Aashar) 1400",15/07/1993
"31 , Asharh (Aashar) 1400",16/07/1993
"1 , Srabon (Shraban) 1400",17/07/1993
"2 , Srabon (Shraban) 1400",18/07/1993
"3 , Srabon (Shraban) 1400",19/07/1993
"4 , Srabon (Shraban) 1400",20/07/1993
"5 , Srabon (Shraban) 1400",21/07/1993
"6 , Srabon (Shraban) 1400",22/07/1993
"7 , Srabon (Shraban) 1400",23/07/1993
"8 , Srabon (Shraban) 1400",24/07/1993
"9 , Srabon (Shraban) 1400",25/07/1993
"10 , Srabon (Shraban) 1400",26/07/1993
"11 , Srabon (Shraban) 1400",27/07/1993
"12 , Srabon (Shraban) 1400",28/07/1993
"13 , Srabon (Shraban) 1400",29/07/1993
"14 , Srabon (Shraban) 1400",30/07/1993
"15 , Srabon (Shraban) 1400",31/07/1993
"16 , Srabon (Shraban) 1400",01/08/1993
"17 , Srabon (Shraban) 1400",02/08/1993
"18 , Srabon (Shraban) 1400",03/08/1993
"19 , Srabon (Shraban) 1400",04/08/1993
"20 , Srabon (Shraban) 1400",05/08/1993
"21 , Srabon (Shraban) 1400",06/08/1993
"22 , Srabon (Shraban) 1400",07/08/1993
"23 , Srabon (Shraban) 1400",08/08/1993
"24 , Srabon (Shraban) 1400",09/08/1993
"25 , Srabon (Shraban) 1400",10/08/1993
"26 , Srabon (Shraban) 1400",11/08/1993
"27 , Srabon (Shraban) 1400",12/08/1993
"28 , Srabon (Shraban) 1400",13/08/1993
"29 , Srabon (Shraban) 1400",14/08/1993
"30 , Srabon (Shraban) 1400",15/08/1993
"31 , Srabon (Shraban) 1400",16/08/1993
"1 , Bhadro (Bhadra) 1400",17/08/1993
"2 , Bhadro (Bhadra) 1400",18/08/1993
"3 , Bhadro (Bhadra) 1400",19/08/1993
"4 , Bhadro (Bhadra) 1400",20/08/1993
"5 , Bhadro (Bhadra) 1400",21/08/1993
"6 , Bhadro (Bhadra) 1400",22/08/1993
"7 , Bhadro (Bhadra) 1400",23/08/1993
"8 , Bhadro (Bhadra) 1400",24/08/1993
"9 , Bhadro (Bhadra) 1400",25/08/1993
"10 , Bhadro (Bhadra) 1400",26/08/1993
"11 , Bhadro (Bhadra) 1400",27/08/1993
"12 , Bhadro (Bhadra) 1400",28/08/1993
"13 , Bhadro (Bhadra) 1400",29/08/1993
"14 , Bhadro (Bhadra) 1400",30/08/1993
"15 , Bhadro (Bhadra) 1400",31/08/1993
"16 , Bhadro (Bhadra) 1400",01/09/1993
"17 , Bhadro (Bhadra) 1400",02/09/1993
"18 , Bhadro (Bhadra) 1400",03/09/1993
"19 , Bhadro (Bhadra) 1400",04/09/1993
"20 , Bhadro (Bhadra) 1400",05/09/1993
"21 , Bhadro (Bhadra) 1400",06/09/1993
"22 , Bhadro (Bhadra) 1400",07/09/1993
"23 , Bhadro (Bhadra) 1400",08/09/1993
"24 , Bhadro (Bhadra) 1400",09/09/1993
"25 , Bhadro (Bhadra) 1400",10/09/1993
"26 , Bhadro (Bhadra) 1400",11/09/1993
"27 , Bhadro (Bhadra) 1400",12/09/1993
"28 , Bhadro (Bhadra) 1400",13/09/1993
"29 , Bhadro (Bhadra) 1400",14/09/1993
"30 , Bhadro (Bhadra) 1400",15/09/1993
"31 , Bhadro (Bhadra) 1400",16/09/1993
"1 , Ashshin (Aashin) 1400",17/09/1993
"2 , Ashshin (Aashin) 1400",18/09/1993
"3 , Ashshin (Aashin) 1400",19/09/1993
"4 , Ashshin (Aashin) 1400",20/09/1993
"5 , Ashshin (Aashin) 1400",21/09/1993
"6 , Ashshin (Aashin) 1400",22/09/1993
"7 , Ashshin (Aashin) 1400",23/09/1993
"8 , Ashshin (Aashin) 1400",24/09/1993
"9 , Ashshin (Aashin) 1400",25/09/1993
"10 , Ashshin (Aashin) 1400",26/09/1993
"11 , Ashshin (Aashin) 1400",27/09/1993
"12 , Ashshin (Aashin) 1400",28/09/1993
"13 , Ashshin (Aashin) 1400",29/09/1993
"14 , Ashshin (Aashin) 1400",30/09/1993
"15 , Ashshin (Aashin) 1400",01/10/1993
"16 , Ashshin (Aashin) 1400",02/10/1993
"17 , Ashshin (Aashin) 1400",03/10/1993
"18 , Ashshin (Aashin) 1400",04/10/1993
"19 , Ashshin (Aashin) 1400",05/10/1993
"20 , Ashshin (Aashin) 1400",06/10/1993
"21 , Ashshin (Aashin) 1400",07/10/1993
"22 , Ashshin (Aashin) 1400",08/10/1993
"23 , Ashshin (Aashin) 1400",09/10/1993
"24 , Ashshin (Aashin) 1400",10/10/1993
"25 , Ashshin (Aashin) 1400",11/10/1993
"26 , Ashshin (Aashin) 1400",12/10/1993
"27 , Ashshin (Aashin) 1400",13/10/1993
"28 , Ashshin (Aashin) 1400",14/10/1993
"29 , Ashshin (Aashin) 1400",15/10/1993
"30 , Ashshin (Aashin) 1400",16/10/1993
"31 , Ashshin (Aashin) 1400",17/10/1993
"1 , Kartik 1400",18/10/1993
"2 , Kartik 1400",19/10/1993
"3 , Kartik 1400",20/10/1993
"4 , Kartik 1400",21/10/1993
"5 , Kartik 1400",22/10/1993
"6 , Kartik 1400",23/10/1993
"7 , Kartik 1400",24/10/1993
"8 , Kartik 1400",25/10/1993
"9 , Kartik 1400",26/10/1993
"10 , Kartik 1400",27/10/1993
"11 , Kartik 1400",28/10/1993
"12 , Kartik 1400",29/10/1993
"13 , Kartik 1400",30/10/1993
"14 , Kartik 1400",31/10/1993
"15 , Kartik 1400",01/11/1993
"16 , Kartik 1400",02/11/1993
"17 , Kartik 1400",03/11/1993
"18 , Kartik 1400",04/11/1993
"19 , Kartik 1400",05/11/1993
"20 , Kartik 1400",06/11/1993
"21 , Kartik 1400",07/11/1993
"22 , Kartik 1400",08/11/1993
"23 , Kartik 1400",09/11/1993
"24 , Kartik 1400",10/11/1993
"25 , Kartik 1400",11/11/1993
"26 , Kartik 1400",12/11/1993
"27 , Kartik 1400",13/11/1993
"28 , Kartik 1400",14/11/1993
"29 , Kartik 1400",15/11/1993
"30 , Kartik 1400",16/11/1993
"1 , Ogrohaeon (Agrahan) 1400",17/11/1993
"2 , Ogrohaeon (Agrahan) 1400",18/11/1993
"3 , Ogrohaeon (Agrahan) 1400",19/11/1993
"4 , Ogrohaeon (Agrahan) 1400",20/11/1993
"5 , Ogrohaeon (Agrahan) 1400",21/11/1993
"6 , Ogrohaeon (Agrahan) 1400",22/11/1993
"7 , Ogrohaeon (Agrahan) 1400",23/11/1993
"8 , Ogrohaeon (Agrahan) 1400",24/11/1993
"9 , Ogrohaeon (Agrahan) 1400",25/11/1993
"10 , Ogrohaeon (Agrahan) 1400",26/11/1993
"11 , Ogrohaeon (Agrahan) 1400",27/11/1993
"12 , Ogrohaeon (Agrahan) 1400",28/11/1993
"13 , Ogrohaeon (Agrahan) 1400",29/11/1993
"14 , Ogrohaeon (Agrahan) 1400",30/11/1993
"15 , Ogrohaeon (Agrahan) 1400",01/12/1993
"16 , Ogrohaeon (Agrahan) 1400",02/12/1993
"17 , Ogrohaeon (Agrahan) 1400",03/12/1993
"18 , Ogrohaeon (Agrahan) 1400",04/12/1993
"19 , Ogrohaeon (Agrahan) 1400",05/12/1993
"20 , Ogrohaeon (Agrahan) 1400",06/12/1993
"21 , Ogrohaeon (Agrahan) 1400",07/12/1993
"22 , Ogrohaeon (Agrahan) 1400",08/12/1993
"23 , Ogrohaeon (Agrahan) 1400",09/12/1993
"24 , Ogrohaeon (Agrahan) 1400",10/12/1993
"25 , Ogrohaeon (Agrahan) 1400",11/12/1993
"26 , Ogrohaeon (Agrahan) 1400",12/12/1993
"27 , Ogrohaeon (Agrahan) 1400",13/12/1993
"28 , Ogrohaeon (Agrahan) 1400",14/12/1993
"29 , Ogrohaeon (Agrahan) 1400",15/12/1993
"1 , Poush 1400",16/12/1993
"2 , Poush 1400",17/12/1993
"3 , Poush 1400",18/12/1993
"4 , Poush 1400",19/12/1993
"5 , Poush 1400",20/12/1993
"6 , Poush 1400",21/12/1993
"7 , Poush 1400",22/12/1993
"8 , Poush 1400",23/12/1993
"9 , Poush 1400",24/12/1993
"10 , Poush 1400",25/12/1993
"11 , Poush 1400",26/12/1993
"12 , Poush 1400",27/12/1993
"13 , Poush 1400",28/12/1993
"14 , Poush 1400",29/12/1993
"15 , Poush 1400",30/12/1993
"16 , Poush 1400",31/12/1993
"17 , Poush 1400",01/01/1994
"18 , Poush 1400",02/01/1994
"19 , Poush 1400",03/01/1994
"20 , Poush 1400",04/01/1994
"21 , Poush 1400",05/01/1994
"22 , Poush 1400",06/01/1994
"23 , Poush 1400",07/01/1994
"24 , Poush 1400",08/01/1994
"25 , Poush 1400",09/01/1994
"26 , Poush 1400",10/01/1994
"27 , Poush 1400",11/01/1994
"28 , Poush 1400",12/01/1994
"29 , Poush 1400",13/01/1994
"30 , Poush 1400",14/01/1994
"1 , Magh (Maagh) 1401",15/01/1994
"2 , Magh (Maagh) 1401",16/01/1994
"3 , Magh (Maagh) 1401",17/01/1994
"4 , Magh (Maagh) 1401",18/01/1994
"5 , Magh (Maagh) 1401",19/01/1994
"6 , Magh (Maagh) 1401",20/01/1994
"7 , Magh (Maagh) 1401",21/01/1994
"8 , Magh (Maagh) 1401",22/01/1994
"9 , Magh (Maagh) 1401",23/01/1994
"10 , Magh (Maagh) 1401",24/01/1994
"11 , Magh (Maagh) 1401",25/01/1994
"12 , Magh (Maagh) 1401",26/01/1994
"13 , Magh (Maagh) 1401",27/01/1994
"14 , Magh (Maagh) 1401",28/01/1994
"15 , Magh (Maagh) 1401",29/01/1994
"16 , Magh (Maagh) 1401",30/01/1994
"17 , Magh (Maagh) 1401",31/01/1994
"18 , Magh (Maagh) 1401",01/02/1994
"19 , Magh (Maagh) 1401",02/02/1994
"20 , Magh (Maagh) 1401",03/02/1994
"21 , Magh (Maagh) 1401",04/02/1994
"22 , Magh (Maagh) 1401",05/02/1994
"23 , Magh (Maagh) 1401",06/02/1994
"24 , Magh (Maagh) 1401",07/02/1994
"25 , Magh (Maagh) 1401",08/02/1994
"26 , Magh (Maagh) 1401",09/02/1994
"27 , Magh (Maagh) 1401",10/02/1994
"28 , Magh (Maagh) 1401",11/02/1994
"29 , Magh (Maagh) 1401",12/02/1994
"1 , Falgun (Phalgun) 1401",13/02/1994
"2 , Falgun (Phalgun) 1401",14/02/1994
"3 , Falgun (Phalgun) 1401",15/02/1994
"4 , Falgun (Phalgun) 1401",16/02/1994
"5 , Falgun (Phalgun) 1401",17/02/1994
"6 , Falgun (Phalgun) 1401",18/02/1994
"7 , Falgun (Phalgun) 1401",19/02/1994
"8 , Falgun (Phalgun) 1401",20/02/1994
"9 , Falgun (Phalgun) 1401",21/02/1994
"10 , Falgun (Phalgun) 1401",22/02/1994
"11 , Falgun (Phalgun) 1401",23/02/1994
"12 , Falgun (Phalgun) 1401",24/02/1994
"13 , Falgun (Phalgun) 1401",25/02/1994
"14 , Falgun (Phalgun) 1401",26/02/1994
"15 , Falgun (Phalgun) 1401",27/02/1994
"16 , Falgun (Phalgun) 1401",28/02/1994
"17 , Falgun (Phalgun) 1401",01/03/1994
"18 , Falgun (Phalgun) 1401",02/03/1994
"19 , Falgun (Phalgun) 1401",03/03/1994
"20 , Falgun (Phalgun) 1401",04/03/1994
"21 , Falgun (Phalgun) 1401",05/03/1994
"22 , Falgun (Phalgun) 1401",06/03/1994
"23 , Falgun (Phalgun) 1401",07/03/1994
"24 , Falgun (Phalgun) 1401",08/03/1994
"25 , Falgun (Phalgun) 1401",09/03/1994
"26 , Falgun (Phalgun) 1401",10/03/1994
"27 , Falgun (Phalgun) 1401",11/03/1994
"28 , Falgun (Phalgun) 1401",12/03/1994
"29 , Falgun (Phalgun) 1401",13/03/1994
"30 , Falgun (Phalgun) 1401",14/03/1994
"1 , Choitro (Chaitra) 1401",15/03/1994
"2 , Choitro (Chaitra) 1401",16/03/1994
"3 , Choitro (Chaitra) 1401",17/03/1994
"4 , Choitro (Chaitra) 1401",18/03/1994
"5 , Choitro (Chaitra) 1401",19/03/1994
"6 , Choitro (Chaitra) 1401",20/03/1994
"7 , Choitro (Chaitra) 1401",21/03/1994
"8 , Choitro (Chaitra) 1401",22/03/1994
"9 , Choitro (Chaitra) 1401",23/03/1994
"10 , Choitro (Chaitra) 1401",24/03/1994
"11 , Choitro (Chaitra) 1401",25/03/1994
"12 , Choitro (Chaitra) 1401",26/03/1994
"13 , Choitro (Chaitra) 1401",27/03/1994
"14 , Choitro (Chaitra) 1401",28/03/1994
"15 , Choitro (Chaitra) 1401",29/03/1994
"16 , Choitro (Chaitra) 1401",30/03/1994
"17 , Choitro (Chaitra) 1401",31/03/1994
"18 , Choitro (Chaitra) 1401",01/04/1994
"19 , Choitro (Chaitra) 1401",02/04/1994
"20 , Choitro (Chaitra) 1401",03/04/1994
"21 , Choitro (Chaitra) 1401",04/04/1994
"22 , Choitro (Chaitra) 1401",05/04/1994
"23 , Choitro (Chaitra) 1401",06/04/1994
"24 , Choitro (Chaitra) 1401",07/04/1994
"25 , Choitro (Chaitra) 1401",08/04/1994
"26 , Choitro (Chaitra) 1401",09/04/1994
"27 , Choitro (Chaitra) 1401",10/04/1994
"28 , Choitro (Chaitra) 1401",11/04/1994
"29 , Choitro (Chaitra) 1401",12/04/1994
"30 , Choitro (Chaitra) 1401",13/04/1994
"31 , Choitro (Chaitra) 1401",14/04/1994
"1 , Boishakh (Baisakh) 1401",15/04/1994
"2 , Boishakh (Baisakh) 1401",16/04/1994
"3 , Boishakh (Baisakh) 1401",17/04/1994
"4 , Boishakh (Baisakh) 1401",18/04/1994
"5 , Boishakh (Baisakh) 1401",19/04/1994
"6 , Boishakh (Baisakh) 1401",20/04/1994
"7 , Boishakh (Baisakh) 1401",21/04/1994
"8 , Boishakh (Baisakh) 1401",22/04/1994
"9 , Boishakh (Baisakh) 1401",23/04/1994
"10 , Boishakh (Baisakh) 1401",24/04/1994
"11 , Boishakh (Baisakh) 1401",25/04/1994
"12 , Boishakh (Baisakh) 1401",26/04/1994
"13 , Boishakh (Baisakh) 1401",27/04/1994
"14 , Boishakh (Baisakh) 1401",28/04/1994
"15 , Boishakh (Baisakh) 1401",29/04/1994
"16 , Boishakh (Baisakh) 1401",30/04/1994
"17 , Boishakh (Baisakh) 1401",01/05/1994
"18 , Boishakh (Baisakh) 1401",02/05/1994
"19 , Boishakh (Baisakh) 1401",03/05/1994
"20 , Boishakh (Baisakh) 1401",04/05/1994
"21 , Boishakh (Baisakh) 1401",05/05/1994
"22 , Boishakh (Baisakh) 1401",06/05/1994
"23 , Boishakh (Baisakh) 1401",07/05/1994
"24 , Boishakh (Baisakh) 1401",08/05/1994
"25 , Boishakh (Baisakh) 1401",09/05/1994
"26 , Boishakh (Baisakh) 1401",10/05/1994
"27 , Boishakh (Baisakh) 1401",11/05/1994
"28 , Boishakh (Baisakh) 1401",12/05/1994
"29 , Boishakh (Baisakh) 1401",13/05/1994
"30 , Boishakh (Baisakh) 1401",14/05/1994
"31 , Boishakh (Baisakh) 1401",15/05/1994
"1 , Joishtho (Jaishtho) 1401",16/05/1994
"2 , Joishtho (Jaishtho) 1401",17/05/1994
"3 , Joishtho (Jaishtho) 1401",18/05/1994
"4 , Joishtho (Jaishtho) 1401",19/05/1994
"5 , Joishtho (Jaishtho) 1401",20/05/1994
"6 , Joishtho (Jaishtho) 1401",21/05/1994
"7 , Joishtho (Jaishtho) 1401",22/05/1994
"8 , Joishtho (Jaishtho) 1401",23/05/1994
"9 , Joishtho (Jaishtho) 1401",24/05/1994
"10 , Joishtho (Jaishtho) 1401",25/05/1994
"11 , Joishtho (Jaishtho) 1401",26/05/1994
"12 , Joishtho (Jaishtho) 1401",27/05/1994
"13 , Joishtho (Jaishtho) 1401",28/05/1994
"14 , Joishtho (Jaishtho) 1401",29/05/1994
"15 , Joishtho (Jaishtho) 1401",30/05/1994
"16 , Joishtho (Jaishtho) 1401",31/05/1994
"17 , Joishtho (Jaishtho) 1401",01/06/1994
"18 , Joishtho (Jaishtho) 1401",02/06/1994
"19 , Joishtho (Jaishtho) 1401",03/06/1994
"20 , Joishtho (Jaishtho) 1401",04/06/1994
"21 , Joishtho (Jaishtho) 1401",05/06/1994
"22 , Joishtho (Jaishtho) 1401",06/06/1994
"23 , Joishtho (Jaishtho) 1401",07/06/1994
"24 , Joishtho (Jaishtho) 1401",08/06/1994
"25 , Joishtho (Jaishtho) 1401",09/06/1994
"26 , Joishtho (Jaishtho) 1401",10/06/1994
"27 , Joishtho (Jaishtho) 1401",11/06/1994
"28 , Joishtho (Jaishtho) 1401",12/06/1994
"29 , Joishtho (Jaishtho) 1401",13/06/1994
"30 , Joishtho (Jaishtho) 1401",14/06/1994
"31 , Joishtho (Jaishtho) 1401",15/06/1994
"1 , Asharh (Aashar) 1401",16/06/1994
"2 , Asharh (Aashar) 1401",17/06/1994
"3 , Asharh (Aashar) 1401",18/06/1994
"4 , Asharh (Aashar) 1401",19/06/1994
"5 , Asharh (Aashar) 1401",20/06/1994
"6 , Asharh (Aashar) 1401",21/06/1994
"7 , Asharh (Aashar) 1401",22/06/1994
"8 , Asharh (Aashar) 1401",23/06/1994
"9 , Asharh (Aashar) 1401",24/06/1994
"10 , Asharh (Aashar) 1401",25/06/1994
"11 , Asharh (Aashar) 1401",26/06/1994
"12 , Asharh (Aashar) 1401",27/06/1994
"13 , Asharh (Aashar) 1401",28/06/1994
"14 , Asharh (Aashar) 1401",29/06/1994
"15 , Asharh (Aashar) 1401",30/06/1994
"16 , Asharh (Aashar) 1401",01/07/1994
"17 , Asharh (Aashar) 1401",02/07/1994
"18 , Asharh (Aashar) 1401",03/07/1994
"19 , Asharh (Aashar) 1401",04/07/1994
"20 , Asharh (Aashar) 1401",05/07/1994
"21 , Asharh (Aashar) 1401",06/07/1994
"22 , Asharh (Aashar) 1401",07/07/1994
"23 , Asharh (Aashar) 1401",08/07/1994
"24 , Asharh (Aashar) 1401",09/07/1994
"25 , Asharh (Aashar) 1401",10/07/1994
"26 , Asharh (Aashar) 1401",11/07/1994
"27 , Asharh (Aashar) 1401",12/07/1994
"28 , Asharh (Aashar) 1401",13/07/1994
"29 , Asharh (Aashar) 1401",14/07/1994
"30 , Asharh (Aashar) 1401",15/07/1994
"31 , Asharh (Aashar) 1401",16/07/1994
"1 , Srabon (Shraban) 1401",17/07/1994
"2 , Srabon (Shraban) 1401",18/07/1994
"3 , Srabon (Shraban) 1401",19/07/1994
"4 , Srabon (Shraban) 1401",20/07/1994
"5 , Srabon (Shraban) 1401",21/07/1994
"6 , Srabon (Shraban) 1401",22/07/1994
"7 , Srabon (Shraban) 1401",23/07/1994
"8 , Srabon (Shraban) 1401",24/07/1994
"9 , Srabon (Shraban) 1401",25/07/1994
"10 , Srabon (Shraban) 1401",26/07/1994
"11 , Srabon (Shraban) 1401",27/07/1994
"12 , Srabon (Shraban) 1401",28/07/1994
"13 , Srabon (Shraban) 1401",29/07/1994
"14 , Srabon (Shraban) 1401",30/07/1994
"15 , Srabon (Shraban) 1401",31/07/1994
"16 , Srabon (Shraban) 1401",01/08/1994
"17 , Srabon (Shraban) 1401",02/08/1994
"18 , Srabon (Shraban) 1401",03/08/1994
"19 , Srabon (Shraban) 1401",04/08/1994
"20 , Srabon (Shraban) 1401",05/08/1994
"21 , Srabon (Shraban) 1401",06/08/1994
"22 , Srabon (Shraban) 1401",07/08/1994
"23 , Srabon (Shraban) 1401",08/08/1994
"24 , Srabon (Shraban) 1401",09/08/1994
"25 , Srabon (Shraban) 1401",10/08/1994
"26 , Srabon (Shraban) 1401",11/08/1994
"27 , Srabon (Shraban) 1401",12/08/1994
"28 , Srabon (Shraban) 1401",13/08/1994
"29 , Srabon (Shraban) 1401",14/08/1994
"30 , Srabon (Shraban) 1401",15/08/1994
"31 , Srabon (Shraban) 1401",16/08/1994
"32 , Srabon (Shraban) 1401",17/08/1994
"1 , Bhadro (Bhadra) 1401",18/08/1994
"2 , Bhadro (Bhadra) 1401",19/08/1994
"3 , Bhadro (Bhadra) 1401",20/08/1994
"4 , Bhadro (Bhadra) 1401",21/08/1994
"5 , Bhadro (Bhadra) 1401",22/08/1994
"6 , Bhadro (Bhadra) 1401",23/08/1994
"7 , Bhadro (Bhadra) 1401",24/08/1994
"8 , Bhadro (Bhadra) 1401",25/08/1994
"9 , Bhadro (Bhadra) 1401",26/08/1994
"10 , Bhadro (Bhadra) 1401",27/08/1994
"11 , Bhadro (Bhadra) 1401",28/08/1994
"12 , Bhadro (Bhadra) 1401",29/08/1994
"13 , Bhadro (Bhadra) 1401",30/08/1994
"14 , Bhadro (Bhadra) 1401",31/08/1994
"15 , Bhadro (Bhadra) 1401",01/09/1994
"16 , Bhadro (Bhadra) 1401",02/09/1994
"17 , Bhadro (Bhadra) 1401",03/09/1994
"18 , Bhadro (Bhadra) 1401",04/09/1994
"19 , Bhadro (Bhadra) 1401",05/09/1994
"20 , Bhadro (Bhadra) 1401",06/09/1994
"21 , Bhadro (Bhadra) 1401",07/09/1994
"22 , Bhadro (Bhadra) 1401",08/09/1994
"23 , Bhadro (Bhadra) 1401",09/09/1994
"24 , Bhadro (Bhadra) 1401",10/09/1994
"25 , Bhadro (Bhadra) 1401",11/09/1994
"26 , Bhadro (Bhadra) 1401",12/09/1994
"27 , Bhadro (Bhadra) 1401",13/09/1994
"28 , Bhadro (Bhadra) 1401",14/09/1994
"29 , Bhadro (Bhadra) 1401",15/09/1994
"30 , Bhadro (Bhadra) 1401",16/09/1994
"31 , Bhadro (Bhadra) 1401",17/09/1994
"1 , Ashshin (Aashin) 1401",18/09/1994
"2 , Ashshin (Aashin) 1401",19/09/1994
"3 , Ashshin (Aashin) 1401",20/09/1994
"4 , Ashshin (Aashin) 1401",21/09/1994
"5 , Ashshin (Aashin) 1401",22/09/1994
"6 , Ashshin (Aashin) 1401",23/09/1994
"7 , Ashshin (Aashin) 1401",24/09/1994
"8 , Ashshin (Aashin) 1401",25/09/1994
"9 , Ashshin (Aashin) 1401",26/09/1994
"10 , Ashshin (Aashin) 1401",27/09/1994
"11 , Ashshin (Aashin) 1401",28/09/1994
"12 , Ashshin (Aashin) 1401",29/09/1994
"13 , Ashshin (Aashin) 1401",30/09/1994
"14 , Ashshin (Aashin) 1401",01/10/1994
"15 , Ashshin (Aashin) 1401",02/10/1994
"16 , Ashshin (Aashin) 1401",03/10/1994
"17 , Ashshin (Aashin) 1401",04/10/1994
"18 , Ashshin (Aashin) 1401",05/10/1994
"19 , Ashshin (Aashin) 1401",06/10/1994
"20 , Ashshin (Aashin) 1401",07/10/1994
"21 , Ashshin (Aashin) 1401",08/10/1994
"22 , Ashshin (Aashin) 1401",09/10/1994
"23 , Ashshin (Aashin) 1401",10/10/1994
"24 , Ashshin (Aashin) 1401",11/10/1994
"25 , Ashshin (Aashin) 1401",12/10/1994
"26 , Ashshin (Aashin) 1401",13/10/1994
"27 , Ashshin (Aashin) 1401",14/10/1994
"28 , Ashshin (Aashin) 1401",15/10/1994
"29 , Ashshin (Aashin) 1401",16/10/1994
"30 , Ashshin (Aashin) 1401",17/10/1994
"1 , Kartik 1401",18/10/1994
"2 , Kartik 1401",19/10/1994
"3 , Kartik 1401",20/10/1994
"4 , Kartik 1401",21/10/1994
"5 , Kartik 1401",22/10/1994
"6 , Kartik 1401",23/10/1994
"7 , Kartik 1401",24/10/1994
"8 , Kartik 1401",25/10/1994
"9 , Kartik 1401",26/10/1994
"10 , Kartik 1401",27/10/1994
"11 , Kartik 1401",28/10/1994
"12 , Kartik 1401",29/10/1994
"13 , Kartik 1401",30/10/1994
"14 , Kartik 1401",31/10/1994
"15 , Kartik 1401",01/11/1994
"16 , Kartik 1401",02/11/1994
"17 , Kartik 1401",03/11/1994
"18 , Kartik 1401",04/11/1994
"19 , Kartik 1401",05/11/1994
"20 , Kartik 1401",06/11/1994
"21 , Kartik 1401",07/11/1994
"22 , Kartik 1401",08/11/1994
"23 , Kartik 1401",09/11/1994
"24 , Kartik 1401",10/11/1994
"25 , Kartik 1401",11/11/1994
"26 , Kartik 1401",12/11/1994
"27 , Kartik 1401",13/11/1994
"28 , Kartik 1401",14/11/1994
"29 , Kartik 1401",15/11/1994
"30 , Kartik 1401",16/11/1994
"1 , Ogrohaeon (Agrahan) 1401",17/11/1994
"2 , Ogrohaeon (Agrahan) 1401",18/11/1994
"3 , Ogrohaeon (Agrahan) 1401",19/11/1994
"4 , Ogrohaeon (Agrahan) 1401",20/11/1994
"5 , Ogrohaeon (Agrahan) 1401",21/11/1994
"6 , Ogrohaeon (Agrahan) 1401",22/11/1994
"7 , Ogrohaeon (Agrahan) 1401",23/11/1994
"8 , Ogrohaeon (Agrahan) 1401",24/11/1994
"9 , Ogrohaeon (Agrahan) 1401",25/11/1994
"10 , Ogrohaeon (Agrahan) 1401",26/11/1994
"11 , Ogrohaeon (Agrahan) 1401",27/11/1994
"12 , Ogrohaeon (Agrahan) 1401",28/11/1994
"13 , Ogrohaeon (Agrahan) 1401",29/11/1994
"14 , Ogrohaeon (Agrahan) 1401",30/11/1994
"15 , Ogrohaeon (Agrahan) 1401",01/12/1994
"16 , Ogrohaeon (Agrahan) 1401",02/12/1994
"17 , Ogrohaeon (Agrahan) 1401",03/12/1994
"18 , Ogrohaeon (Agrahan) 1401",04/12/1994
"19 , Ogrohaeon (Agrahan) 1401",05/12/1994
"20 , Ogrohaeon (Agrahan) 1401",06/12/1994
"21 , Ogrohaeon (Agrahan) 1401",07/12/1994
"22 , Ogrohaeon (Agrahan) 1401",08/12/1994
"23 , Ogrohaeon (Agrahan) 1401",09/12/1994
"24 , Ogrohaeon (Agrahan) 1401",10/12/1994
"25 , Ogrohaeon (Agrahan) 1401",11/12/1994
"26 , Ogrohaeon (Agrahan) 1401",12/12/1994
"27 , Ogrohaeon (Agrahan) 1401",13/12/1994
"28 , Ogrohaeon (Agrahan) 1401",14/12/1994
"29 , Ogrohaeon (Agrahan) 1401",15/12/1994
"30 , Ogrohaeon (Agrahan) 1401",16/12/1994
"1 , Poush 1401",17/12/1994
"2 , Poush 1401",18/12/1994
"3 , Poush 1401",19/12/1994
"4 , Poush 1401",20/12/1994
"5 , Poush 1401",21/12/1994
"6 , Poush 1401",22/12/1994
"7 , Poush 1401",23/12/1994
"8 , Poush 1401",24/12/1994
"9 , Poush 1401",25/12/1994
"10 , Poush 1401",26/12/1994
"11 , Poush 1401",27/12/1994
"12 , Poush 1401",28/12/1994
"13 , Poush 1401",29/12/1994
"14 , Poush 1401",30/12/1994
"15 , Poush 1401",31/12/1994
"16 , Poush 1401",01/01/1995
"17 , Poush 1401",02/01/1995
"18 , Poush 1401",03/01/1995
"19 , Poush 1401",04/01/1995
"20 , Poush 1401",05/01/1995
"21 , Poush 1401",06/01/1995
"22 , Poush 1401",07/01/1995
"23 , Poush 1401",08/01/1995
"24 , Poush 1401",09/01/1995
"25 , Poush 1401",10/01/1995
"26 , Poush 1401",11/01/1995
"27 , Poush 1401",12/01/1995
"28 , Poush 1401",13/01/1995
"29 , Poush 1401",14/01/1995
"1 , Magh (Maagh) 1402",15/01/1995
"2 , Magh (Maagh) 1402",16/01/1995
"3 , Magh (Maagh) 1402",17/01/1995
"4 , Magh (Maagh) 1402",18/01/1995
"5 , Magh (Maagh) 1402",19/01/1995
"6 , Magh (Maagh) 1402",20/01/1995
"7 , Magh (Maagh) 1402",21/01/1995
"8 , Magh (Maagh) 1402",22/01/1995
"9 , Magh (Maagh) 1402",23/01/1995
"10 , Magh (Maagh) 1402",24/01/1995
"11 , Magh (Maagh) 1402",25/01/1995
"12 , Magh (Maagh) 1402",26/01/1995
"13 , Magh (Maagh) 1402",27/01/1995
"14 , Magh (Maagh) 1402",28/01/1995
"15 , Magh (Maagh) 1402",29/01/1995
"16 , Magh (Maagh) 1402",30/01/1995
"17 , Magh (Maagh) 1402",31/01/1995
"18 , Magh (Maagh) 1402",01/02/1995
"19 , Magh (Maagh) 1402",02/02/1995
"20 , Magh (Maagh) 1402",03/02/1995
"21 , Magh (Maagh) 1402",04/02/1995
"22 , Magh (Maagh) 1402",05/02/1995
"23 , Magh (Maagh) 1402",06/02/1995
"24 , Magh (Maagh) 1402",07/02/1995
"25 , Magh (Maagh) 1402",08/02/1995
"26 , Magh (Maagh) 1402",09/02/1995
"27 , Magh (Maagh) 1402",10/02/1995
"28 , Magh (Maagh) 1402",11/02/1995
"29 , Magh (Maagh) 1402",12/02/1995
"30 , Magh (Maagh) 1402",13/02/1995
"1 , Falgun (Phalgun) 1402",14/02/1995
"2 , Falgun (Phalgun) 1402",15/02/1995
"3 , Falgun (Phalgun) 1402",16/02/1995
"4 , Falgun (Phalgun) 1402",17/02/1995
"5 , Falgun (Phalgun) 1402",18/02/1995
"6 , Falgun (Phalgun) 1402",19/02/1995
"7 , Falgun (Phalgun) 1402",20/02/1995
"8 , Falgun (Phalgun) 1402",21/02/1995
"9 , Falgun (Phalgun) 1402",22/02/1995
"10 , Falgun (Phalgun) 1402",23/02/1995
"11 , Falgun (Phalgun) 1402",24/02/1995
"12 , Falgun (Phalgun) 1402",25/02/1995
"13 , Falgun (Phalgun) 1402",26/02/1995
"14 , Falgun (Phalgun) 1402",27/02/1995
"15 , Falgun (Phalgun) 1402",28/02/1995
"16 , Falgun (Phalgun) 1402",01/03/1995
"17 , Falgun (Phalgun) 1402",02/03/1995
"18 , Falgun (Phalgun) 1402",03/03/1995
"19 , Falgun (Phalgun) 1402",04/03/1995
"20 , Falgun (Phalgun) 1402",05/03/1995
"21 , Falgun (Phalgun) 1402",06/03/1995
"22 , Falgun (Phalgun) 1402",07/03/1995
"23 , Falgun (Phalgun) 1402",08/03/1995
"24 , Falgun (Phalgun) 1402",09/03/1995
"25 , Falgun (Phalgun) 1402",10/03/1995
"26 , Falgun (Phalgun) 1402",11/03/1995
"27 , Falgun (Phalgun) 1402",12/03/1995
"28 , Falgun (Phalgun) 1402",13/03/1995
"29 , Falgun (Phalgun) 1402",14/03/1995
"30 , Falgun (Phalgun) 1402",15/03/1995
"1 , Choitro (Chaitra) 1402",16/03/1995
"2 , Choitro (Chaitra) 1402",17/03/1995
"3 , Choitro (Chaitra) 1402",18/03/1995
"4 , Choitro (Chaitra) 1402",19/03/1995
"5 , Choitro (Chaitra) 1402",20/03/1995
"6 , Choitro (Chaitra) 1402",21/03/1995
"7 , Choitro (Chaitra) 1402",22/03/1995
"8 , Choitro (Chaitra) 1402",23/03/1995
"9 , Choitro (Chaitra) 1402",24/03/1995
"10 , Choitro (Chaitra) 1402",25/03/1995
"11 , Choitro (Chaitra) 1402",26/03/1995
"12 , Choitro (Chaitra) 1402",27/03/1995
"13 , Choitro (Chaitra) 1402",28/03/1995
"14 , Choitro (Chaitra) 1402",29/03/1995
"15 , Choitro (Chaitra) 1402",30/03/1995
"16 , Choitro (Chaitra) 1402",31/03/1995
"17 , Choitro (Chaitra) 1402",01/04/1995
"18 , Choitro (Chaitra) 1402",02/04/1995
"19 , Choitro (Chaitra) 1402",03/04/1995
"20 , Choitro (Chaitra) 1402",04/04/1995
"21 , Choitro (Chaitra) 1402",05/04/1995
"22 , Choitro (Chaitra) 1402",06/04/1995
"23 , Choitro (Chaitra) 1402",07/04/1995
"24 , Choitro (Chaitra) 1402",08/04/1995
"25 , Choitro (Chaitra) 1402",09/04/1995
"26 , Choitro (Chaitra) 1402",10/04/1995
"27 , Choitro (Chaitra) 1402",11/04/1995
"28 , Choitro (Chaitra) 1402",12/04/1995
"29 , Choitro (Chaitra) 1402",13/04/1995
"30 , Choitro (Chaitra) 1402",14/04/1995
"1 , Boishakh (Baisakh) 1402",15/04/1995
"2 , Boishakh (Baisakh) 1402",16/04/1995
"3 , Boishakh (Baisakh) 1402",17/04/1995
"4 , Boishakh (Baisakh) 1402",18/04/1995
"5 , Boishakh (Baisakh) 1402",19/04/1995
"6 , Boishakh (Baisakh) 1402",20/04/1995
"7 , Boishakh (Baisakh) 1402",21/04/1995
"8 , Boishakh (Baisakh) 1402",22/04/1995
"9 , Boishakh (Baisakh) 1402",23/04/1995
"10 , Boishakh (Baisakh) 1402",24/04/1995
"11 , Boishakh (Baisakh) 1402",25/04/1995
"12 , Boishakh (Baisakh) 1402",26/04/1995
"13 , Boishakh (Baisakh) 1402",27/04/1995
"14 , Boishakh (Baisakh) 1402",28/04/1995
"15 , Boishakh (Baisakh) 1402",29/04/1995
"16 , Boishakh (Baisakh) 1402",30/04/1995
"17 , Boishakh (Baisakh) 1402",01/05/1995
"18 , Boishakh (Baisakh) 1402",02/05/1995
"19 , Boishakh (Baisakh) 1402",03/05/1995
"20 , Boishakh (Baisakh) 1402",04/05/1995
"21 , Boishakh (Baisakh) 1402",05/05/1995
"22 , Boishakh (Baisakh) 1402",06/05/1995
"23 , Boishakh (Baisakh) 1402",07/05/1995
"24 , Boishakh (Baisakh) 1402",08/05/1995
"25 , Boishakh (Baisakh) 1402",09/05/1995
"26 , Boishakh (Baisakh) 1402",10/05/1995
"27 , Boishakh (Baisakh) 1402",11/05/1995
"28 , Boishakh (Baisakh) 1402",12/05/1995
"29 , Boishakh (Baisakh) 1402",13/05/1995
"30 , Boishakh (Baisakh) 1402",14/05/1995
"31 , Boishakh (Baisakh) 1402",15/05/1995
"1 , Joishtho (Jaishtho) 1402",16/05/1995
"2 , Joishtho (Jaishtho) 1402",17/05/1995
"3 , Joishtho (Jaishtho) 1402",18/05/1995
"4 , Joishtho (Jaishtho) 1402",19/05/1995
"5 , Joishtho (Jaishtho) 1402",20/05/1995
"6 , Joishtho (Jaishtho) 1402",21/05/1995
"7 , Joishtho (Jaishtho) 1402",22/05/1995
"8 , Joishtho (Jaishtho) 1402",23/05/1995
"9 , Joishtho (Jaishtho) 1402",24/05/1995
"10 , Joishtho (Jaishtho) 1402",25/05/1995
"11 , Joishtho (Jaishtho) 1402",26/05/1995
"12 , Joishtho (Jaishtho) 1402",27/05/1995
"13 , Joishtho (Jaishtho) 1402",28/05/1995
"14 , Joishtho (Jaishtho) 1402",29/05/1995
"15 , Joishtho (Jaishtho) 1402",30/05/1995
"16 , Joishtho (Jaishtho) 1402",31/05/1995
"17 , Joishtho (Jaishtho) 1402",01/06/1995
"18 , Joishtho (Jaishtho) 1402",02/06/1995
"19 , Joishtho (Jaishtho) 1402",03/06/1995
"20 , Joishtho (Jaishtho) 1402",04/06/1995
"21 , Joishtho (Jaishtho) 1402",05/06/1995
"22 , Joishtho (Jaishtho) 1402",06/06/1995
"23 , Joishtho (Jaishtho) 1402",07/06/1995
"24 , Joishtho (Jaishtho) 1402",08/06/1995
"25 , Joishtho (Jaishtho) 1402",09/06/1995
"26 , Joishtho (Jaishtho) 1402",10/06/1995
"27 , Joishtho (Jaishtho) 1402",11/06/1995
"28 , Joishtho (Jaishtho) 1402",12/06/1995
"29 , Joishtho (Jaishtho) 1402",13/06/1995
"30 , Joishtho (Jaishtho) 1402",14/06/1995
"31 , Joishtho (Jaishtho) 1402",15/06/1995
"1 , Asharh (Aashar) 1402",16/06/1995
"2 , Asharh (Aashar) 1402",17/06/1995
"3 , Asharh (Aashar) 1402",18/06/1995
"4 , Asharh (Aashar) 1402",19/06/1995
"5 , Asharh (Aashar) 1402",20/06/1995
"6 , Asharh (Aashar) 1402",21/06/1995
"7 , Asharh (Aashar) 1402",22/06/1995
"8 , Asharh (Aashar) 1402",23/06/1995
"9 , Asharh (Aashar) 1402",24/06/1995
"10 , Asharh (Aashar) 1402",25/06/1995
"11 , Asharh (Aashar) 1402",26/06/1995
"12 , Asharh (Aashar) 1402",27/06/1995
"13 , Asharh (Aashar) 1402",28/06/1995
"14 , Asharh (Aashar) 1402",29/06/1995
"15 , Asharh (Aashar) 1402",30/06/1995
"16 , Asharh (Aashar) 1402",01/07/1995
"17 , Asharh (Aashar) 1402",02/07/1995
"18 , Asharh (Aashar) 1402",03/07/1995
"19 , Asharh (Aashar) 1402",04/07/1995
"20 , Asharh (Aashar) 1402",05/07/1995
"21 , Asharh (Aashar) 1402",06/07/1995
"22 , Asharh (Aashar) 1402",07/07/1995
"23 , Asharh (Aashar) 1402",08/07/1995
"24 , Asharh (Aashar) 1402",09/07/1995
"25 , Asharh (Aashar) 1402",10/07/1995
"26 , Asharh (Aashar) 1402",11/07/1995
"27 , Asharh (Aashar) 1402",12/07/1995
"28 , Asharh (Aashar) 1402",13/07/1995
"29 , Asharh (Aashar) 1402",14/07/1995
"30 , Asharh (Aashar) 1402",15/07/1995
"31 , Asharh (Aashar) 1402",16/07/1995
"32 , Asharh (Aashar) 1402",17/07/1995
"1 , Srabon (Shraban) 1402",18/07/1995
"2 , Srabon (Shraban) 1402",19/07/1995
"3 , Srabon (Shraban) 1402",20/07/1995
"4 , Srabon (Shraban) 1402",21/07/1995
"5 , Srabon (Shraban) 1402",22/07/1995
"6 , Srabon (Shraban) 1402",23/07/1995
"7 , Srabon (Shraban) 1402",24/07/1995
"8 , Srabon (Shraban) 1402",25/07/1995
"9 , Srabon (Shraban) 1402",26/07/1995
"10 , Srabon (Shraban) 1402",27/07/1995
"11 , Srabon (Shraban) 1402",28/07/1995
"12 , Srabon (Shraban) 1402",29/07/1995
"13 , Srabon (Shraban) 1402",30/07/1995
"14 , Srabon (Shraban) 1402",31/07/1995
"15 , Srabon (Shraban) 1402",01/08/1995
"16 , Srabon (Shraban) 1402",02/08/1995
"17 , Srabon (Shraban) 1402",03/08/1995
"18 , Srabon (Shraban) 1402",04/08/1995
"19 , Srabon (Shraban) 1402",05/08/1995
"20 , Srabon (Shraban) 1402",06/08/1995
"21 , Srabon (Shraban) 1402",07/08/1995
"22 , Srabon (Shraban) 1402",08/08/1995
"23 , Srabon (Shraban) 1402",09/08/1995
"24 , Srabon (Shraban) 1402",10/08/1995
"25 , Srabon (Shraban) 1402",11/08/1995
"26 , Srabon (Shraban) 1402",12/08/1995
"27 , Srabon (Shraban) 1402",13/08/1995
"28 , Srabon (Shraban) 1402",14/08/1995
"29 , Srabon (Shraban) 1402",15/08/1995
"30 , Srabon (Shraban) 1402",16/08/1995
"31 , Srabon (Shraban) 1402",17/08/1995
"1 , Bhadro (Bhadra) 1402",18/08/1995
"2 , Bhadro (Bhadra) 1402",19/08/1995
"3 , Bhadro (Bhadra) 1402",20/08/1995
"4 , Bhadro (Bhadra) 1402",21/08/1995
"5 , Bhadro (Bhadra) 1402",22/08/1995
"6 , Bhadro (Bhadra) 1402",23/08/1995
"7 , Bhadro (Bhadra) 1402",24/08/1995
"8 , Bhadro (Bhadra) 1402",25/08/1995
"9 , Bhadro (Bhadra) 1402",26/08/1995
"10 , Bhadro (Bhadra) 1402",27/08/1995
"11 , Bhadro (Bhadra) 1402",28/08/1995
"12 , Bhadro (Bhadra) 1402",29/08/1995
"13 , Bhadro (Bhadra) 1402",30/08/1995
"14 , Bhadro (Bhadra) 1402",31/08/1995
"15 , Bhadro (Bhadra) 1402",01/09/1995
"16 , Bhadro (Bhadra) 1402",02/09/1995
"17 , Bhadro (Bhadra) 1402",03/09/1995
"18 , Bhadro (Bhadra) 1402",04/09/1995
"19 , Bhadro (Bhadra) 1402",05/09/1995
"20 , Bhadro (Bhadra) 1402",06/09/1995
"21 , Bhadro (Bhadra) 1402",07/09/1995
"22 , Bhadro (Bhadra) 1402",08/09/1995
"23 , Bhadro (Bhadra) 1402",09/09/1995
"24 , Bhadro (Bhadra) 1402",10/09/1995
"25 , Bhadro (Bhadra) 1402",11/09/1995
"26 , Bhadro (Bhadra) 1402",12/09/1995
"27 , Bhadro (Bhadra) 1402",13/09/1995
"28 , Bhadro (Bhadra) 1402",14/09/1995
"29 , Bhadro (Bhadra) 1402",15/09/1995
"30 , Bhadro (Bhadra) 1402",16/09/1995
"31 , Bhadro (Bhadra) 1402",17/09/1995
"1 , Ashshin (Aashin) 1402",18/09/1995
"2 , Ashshin (Aashin) 1402",19/09/1995
"3 , Ashshin (Aashin) 1402",20/09/1995
"4 , Ashshin (Aashin) 1402",21/09/1995
"5 , Ashshin (Aashin) 1402",22/09/1995
"6 , Ashshin (Aashin) 1402",23/09/1995
"7 , Ashshin (Aashin) 1402",24/09/1995
"8 , Ashshin (Aashin) 1402",25/09/1995
"9 , Ashshin (Aashin) 1402",26/09/1995
"10 , Ashshin (Aashin) 1402",27/09/1995
"11 , Ashshin (Aashin) 1402",28/09/1995
"12 , Ashshin (Aashin) 1402",29/09/1995
"13 , Ashshin (Aashin) 1402",30/09/1995
"14 , Ashshin (Aashin) 1402",01/10/1995
"15 , Ashshin (Aashin) 1402",02/10/1995
"16 , Ashshin (Aashin) 1402",03/10/1995
"17 , Ashshin (Aashin) 1402",04/10/1995
"18 , Ashshin (Aashin) 1402",05/10/1995
"19 , Ashshin (Aashin) 1402",06/10/1995
"20 , Ashshin (Aashin) 1402",07/10/1995
"21 , Ashshin (Aashin) 1402",08/10/1995
"22 , Ashshin (Aashin) 1402",09/10/1995
"23 , Ashshin (Aashin) 1402",10/10/1995
"24 , Ashshin (Aashin) 1402",11/10/1995
"25 , Ashshin (Aashin) 1402",12/10/1995
"26 , Ashshin (Aashin) 1402",13/10/1995
"27 , Ashshin (Aashin) 1402",14/10/1995
"28 , Ashshin (Aashin) 1402",15/10/1995
"29 , Ashshin (Aashin) 1402",16/10/1995
"30 , Ashshin (Aashin) 1402",17/10/1995
"1 , Kartik 1402",18/10/1995
"2 , Kartik 1402",19/10/1995
"3 , Kartik 1402",20/10/1995
"4 , Kartik 1402",21/10/1995
"5 , Kartik 1402",22/10/1995
"6 , Kartik 1402",23/10/1995
"7 , Kartik 1402",24/10/1995
"8 , Kartik 1402",25/10/1995
"9 , Kartik 1402",26/10/1995
"10 , Kartik 1402",27/10/1995
"11 , Kartik 1402",28/10/1995
"12 , Kartik 1402",29/10/1995
"13 , Kartik 1402",30/10/1995
"14 , Kartik 1402",31/10/1995
"15 , Kartik 1402",01/11/1995
"16 , Kartik 1402",02/11/1995
"17 , Kartik 1402",03/11/1995
"18 , Kartik 1402",04/11/1995
"19 , Kartik 1402",05/11/1995
"20 , Kartik 1402",06/11/1995
"21 , Kartik 1402",07/11/1995
"22 , Kartik 1402",08/11/1995
"23 , Kartik 1402",09/11/1995
"24 , Kartik 1402",10/11/1995
"25 , Kartik 1402",11/11/1995
"26 , Kartik 1402",12/11/1995
"27 , Kartik 1402",13/11/1995
"28 , Kartik 1402",14/11/1995
"29 , Kartik 1402",15/11/1995
"30 , Kartik 1402",16/11/1995
"1 , Ogrohaeon (Agrahan) 1402",17/11/1995
"2 , Ogrohaeon (Agrahan) 1402",18/11/1995
"3 , Ogrohaeon (Agrahan) 1402",19/11/1995
"4 , Ogrohaeon (Agrahan) 1402",20/11/1995
"5 , Ogrohaeon (Agrahan) 1402",21/11/1995
"6 , Ogrohaeon (Agrahan) 1402",22/11/1995
"7 , Ogrohaeon (Agrahan) 1402",23/11/1995
"8 , Ogrohaeon (Agrahan) 1402",24/11/1995
"9 , Ogrohaeon (Agrahan) 1402",25/11/1995
"10 , Ogrohaeon (Agrahan) 1402",26/11/1995
"11 , Ogrohaeon (Agrahan) 1402",27/11/1995
"12 , Ogrohaeon (Agrahan) 1402",28/11/1995
"13 , Ogrohaeon (Agrahan) 1402",29/11/1995
"14 , Ogrohaeon (Agrahan) 1402",30/11/1995
"15 , Ogrohaeon (Agrahan) 1402",01/12/1995
"16 , Ogrohaeon (Agrahan) 1402",02/12/1995
"17 , Ogrohaeon (Agrahan) 1402",03/12/1995
"18 , Ogrohaeon (Agrahan) 1402",04/12/1995
"19 , Ogrohaeon (Agrahan) 1402",05/12/1995
"20 , Ogrohaeon (Agrahan) 1402",06/12/1995
"21 , Ogrohaeon (Agrahan) 1402",07/12/1995
"22 , Ogrohaeon (Agrahan) 1402",08/12/1995
"23 , Ogrohaeon (Agrahan) 1402",09/12/1995
"24 , Ogrohaeon (Agrahan) 1402",10/12/1995
"25 , Ogrohaeon (Agrahan) 1402",11/12/1995
"26 , Ogrohaeon (Agrahan) 1402",12/12/1995
"27 , Ogrohaeon (Agrahan) 1402",13/12/1995
"28 , Ogrohaeon (Agrahan) 1402",14/12/1995
"29 , Ogrohaeon (Agrahan) 1402",15/12/1995
"30 , Ogrohaeon (Agrahan) 1402",16/12/1995
"1 , Poush 1402",17/12/1995
"2 , Poush 1402",18/12/1995
"3 , Poush 1402",19/12/1995
"4 , Poush 1402",20/12/1995
"5 , Poush 1402",21/12/1995
"6 , Poush 1402",22/12/1995
"7 , Poush 1402",23/12/1995
"8 , Poush 1402",24/12/1995
"9 , Poush 1402",25/12/1995
"10 , Poush 1402",26/12/1995
"11 , Poush 1402",27/12/1995
"12 , Poush 1402",28/12/1995
"13 , Poush 1402",29/12/1995
"14 , Poush 1402",30/12/1995
"15 , Poush 1402",31/12/1995
"16 , Poush 1402",01/01/1996
"17 , Poush 1402",02/01/1996
"18 , Poush 1402",03/01/1996
"19 , Poush 1402",04/01/1996
"20 , Poush 1402",05/01/1996
"21 , Poush 1402",06/01/1996
"22 , Poush 1402",07/01/1996
"23 , Poush 1402",08/01/1996
"24 , Poush 1402",09/01/1996
"25 , Poush 1402",10/01/1996
"26 , Poush 1402",11/01/1996
"27 , Poush 1402",12/01/1996
"28 , Poush 1402",13/01/1996
"29 , Poush 1402",14/01/1996
"1 , Magh (Maagh) 1403",15/01/1996
"2 , Magh (Maagh) 1403",16/01/1996
"3 , Magh (Maagh) 1403",17/01/1996
"4 , Magh (Maagh) 1403",18/01/1996
"5 , Magh (Maagh) 1403",19/01/1996
"6 , Magh (Maagh) 1403",20/01/1996
"7 , Magh (Maagh) 1403",21/01/1996
"8 , Magh (Maagh) 1403",22/01/1996
"9 , Magh (Maagh) 1403",23/01/1996
"10 , Magh (Maagh) 1403",24/01/1996
"11 , Magh (Maagh) 1403",25/01/1996
"12 , Magh (Maagh) 1403",26/01/1996
"13 , Magh (Maagh) 1403",27/01/1996
"14 , Magh (Maagh) 1403",28/01/1996
"15 , Magh (Maagh) 1403",29/01/1996
"16 , Magh (Maagh) 1403",30/01/1996
"17 , Magh (Maagh) 1403",31/01/1996
"18 , Magh (Maagh) 1403",01/02/1996
"19 , Magh (Maagh) 1403",02/02/1996
"20 , Magh (Maagh) 1403",03/02/1996
"21 , Magh (Maagh) 1403",04/02/1996
"22 , Magh (Maagh) 1403",05/02/1996
"23 , Magh (Maagh) 1403",06/02/1996
"24 , Magh (Maagh) 1403",07/02/1996
"25 , Magh (Maagh) 1403",08/02/1996
"26 , Magh (Maagh) 1403",09/02/1996
"27 , Magh (Maagh) 1403",10/02/1996
"28 , Magh (Maagh) 1403",11/02/1996
"29 , Magh (Maagh) 1403",12/02/1996
"30 , Magh (Maagh) 1403",13/02/1996
"1 , Falgun (Phalgun) 1403",14/02/1996
"2 , Falgun (Phalgun) 1403",15/02/1996
"3 , Falgun (Phalgun) 1403",16/02/1996
"4 , Falgun (Phalgun) 1403",17/02/1996
"5 , Falgun (Phalgun) 1403",18/02/1996
"6 , Falgun (Phalgun) 1403",19/02/1996
"7 , Falgun (Phalgun) 1403",20/02/1996
"8 , Falgun (Phalgun) 1403",21/02/1996
"9 , Falgun (Phalgun) 1403",22/02/1996
"10 , Falgun (Phalgun) 1403",23/02/1996
"11 , Falgun (Phalgun) 1403",24/02/1996
"12 , Falgun (Phalgun) 1403",25/02/1996
"13 , Falgun (Phalgun) 1403",26/02/1996
"14 , Falgun (Phalgun) 1403",27/02/1996
"15 , Falgun (Phalgun) 1403",28/02/1996
"16 , Falgun (Phalgun) 1403",29/02/1996
"17 , Falgun (Phalgun) 1403",01/03/1996
"18 , Falgun (Phalgun) 1403",02/03/1996
"19 , Falgun (Phalgun) 1403",03/03/1996
"20 , Falgun (Phalgun) 1403",04/03/1996
"21 , Falgun (Phalgun) 1403",05/03/1996
"22 , Falgun (Phalgun) 1403",06/03/1996
"23 , Falgun (Phalgun) 1403",07/03/1996
"24 , Falgun (Phalgun) 1403",08/03/1996
"25 , Falgun (Phalgun) 1403",09/03/1996
"26 , Falgun (Phalgun) 1403",10/03/1996
"27 , Falgun (Phalgun) 1403",11/03/1996
"28 , Falgun (Phalgun) 1403",12/03/1996
"29 , Falgun (Phalgun) 1403",13/03/1996
"30 , Falgun (Phalgun) 1403",14/03/1996
"1 , Choitro (Chaitra) 1403",15/03/1996
"2 , Choitro (Chaitra) 1403",16/03/1996
"3 , Choitro (Chaitra) 1403",17/03/1996
"4 , Choitro (Chaitra) 1403",18/03/1996
"5 , Choitro (Chaitra) 1403",19/03/1996
"6 , Choitro (Chaitra) 1403",20/03/1996
"7 , Choitro (Chaitra) 1403",21/03/1996
"8 , Choitro (Chaitra) 1403",22/03/1996
"9 , Choitro (Chaitra) 1403",23/03/1996
"10 , Choitro (Chaitra) 1403",24/03/1996
"11 , Choitro (Chaitra) 1403",25/03/1996
"12 , Choitro (Chaitra) 1403",26/03/1996
"13 , Choitro (Chaitra) 1403",27/03/1996
"14 , Choitro (Chaitra) 1403",28/03/1996
"15 , Choitro (Chaitra) 1403",29/03/1996
"16 , Choitro (Chaitra) 1403",30/03/1996
"17 , Choitro (Chaitra) 1403",31/03/1996
"18 , Choitro (Chaitra) 1403",01/04/1996
"19 , Choitro (Chaitra) 1403",02/04/1996
"20 , Choitro (Chaitra) 1403",03/04/1996
"21 , Choitro (Chaitra) 1403",04/04/1996
"22 , Choitro (Chaitra) 1403",05/04/1996
"23 , Choitro (Chaitra) 1403",06/04/1996
"24 , Choitro (Chaitra) 1403",07/04/1996
"25 , Choitro (Chaitra) 1403",08/04/1996
"26 , Choitro (Chaitra) 1403",09/04/1996
"27 , Choitro (Chaitra) 1403",10/04/1996
"28 , Choitro (Chaitra) 1403",11/04/1996
"29 , Choitro (Chaitra) 1403",12/04/1996
"30 , Choitro (Chaitra) 1403",13/04/1996
"1 , Boishakh (Baisakh) 1403",14/04/1996
"2 , Boishakh (Baisakh) 1403",15/04/1996
"3 , Boishakh (Baisakh) 1403",16/04/1996
"4 , Boishakh (Baisakh) 1403",17/04/1996
"5 , Boishakh (Baisakh) 1403",18/04/1996
"6 , Boishakh (Baisakh) 1403",19/04/1996
"7 , Boishakh (Baisakh) 1403",20/04/1996
"8 , Boishakh (Baisakh) 1403",21/04/1996
"9 , Boishakh (Baisakh) 1403",22/04/1996
"10 , Boishakh (Baisakh) 1403",23/04/1996
"11 , Boishakh (Baisakh) 1403",24/04/1996
"12 , Boishakh (Baisakh) 1403",25/04/1996
"13 , Boishakh (Baisakh) 1403",26/04/1996
"14 , Boishakh (Baisakh) 1403",27/04/1996
"15 , Boishakh (Baisakh) 1403",28/04/1996
"16 , Boishakh (Baisakh) 1403",29/04/1996
"17 , Boishakh (Baisakh) 1403",30/04/1996
"18 , Boishakh (Baisakh) 1403",01/05/1996
"19 , Boishakh (Baisakh) 1403",02/05/1996
"20 , Boishakh (Baisakh) 1403",03/05/1996
"21 , Boishakh (Baisakh) 1403",04/05/1996
"22 , Boishakh (Baisakh) 1403",05/05/1996
"23 , Boishakh (Baisakh) 1403",06/05/1996
"24 , Boishakh (Baisakh) 1403",07/05/1996
"25 , Boishakh (Baisakh) 1403",08/05/1996
"26 , Boishakh (Baisakh) 1403",09/05/1996
"27 , Boishakh (Baisakh) 1403",10/05/1996
"28 , Boishakh (Baisakh) 1403",11/05/1996
"29 , Boishakh (Baisakh) 1403",12/05/1996
"30 , Boishakh (Baisakh) 1403",13/05/1996
"31 , Boishakh (Baisakh) 1403",14/05/1996
"1 , Joishtho (Jaishtho) 1403",15/05/1996
"2 , Joishtho (Jaishtho) 1403",16/05/1996
"3 , Joishtho (Jaishtho) 1403",17/05/1996
"4 , Joishtho (Jaishtho) 1403",18/05/1996
"5 , Joishtho (Jaishtho) 1403",19/05/1996
"6 , Joishtho (Jaishtho) 1403",20/05/1996
"7 , Joishtho (Jaishtho) 1403",21/05/1996
"8 , Joishtho (Jaishtho) 1403",22/05/1996
"9 , Joishtho (Jaishtho) 1403",23/05/1996
"10 , Joishtho (Jaishtho) 1403",24/05/1996
"11 , Joishtho (Jaishtho) 1403",25/05/1996
"12 , Joishtho (Jaishtho) 1403",26/05/1996
"13 , Joishtho (Jaishtho) 1403",27/05/1996
"14 , Joishtho (Jaishtho) 1403",28/05/1996
"15 , Joishtho (Jaishtho) 1403",29/05/1996
"16 , Joishtho (Jaishtho) 1403",30/05/1996
"17 , Joishtho (Jaishtho) 1403",31/05/1996
"18 , Joishtho (Jaishtho) 1403",01/06/1996
"19 , Joishtho (Jaishtho) 1403",02/06/1996
"20 , Joishtho (Jaishtho) 1403",03/06/1996
"21 , Joishtho (Jaishtho) 1403",04/06/1996
"22 , Joishtho (Jaishtho) 1403",05/06/1996
"23 , Joishtho (Jaishtho) 1403",06/06/1996
"24 , Joishtho (Jaishtho) 1403",07/06/1996
"25 , Joishtho (Jaishtho) 1403",08/06/1996
"26 , Joishtho (Jaishtho) 1403",09/06/1996
"27 , Joishtho (Jaishtho) 1403",10/06/1996
"28 , Joishtho (Jaishtho) 1403",11/06/1996
"29 , Joishtho (Jaishtho) 1403",12/06/1996
"30 , Joishtho (Jaishtho) 1403",13/06/1996
"31 , Joishtho (Jaishtho) 1403",14/06/1996
"1 , Asharh (Aashar) 1403",15/06/1996
"2 , Asharh (Aashar) 1403",16/06/1996
"3 , Asharh (Aashar) 1403",17/06/1996
"4 , Asharh (Aashar) 1403",18/06/1996
"5 , Asharh (Aashar) 1403",19/06/1996
"6 , Asharh (Aashar) 1403",20/06/1996
"7 , Asharh (Aashar) 1403",21/06/1996
"8 , Asharh (Aashar) 1403",22/06/1996
"9 , Asharh (Aashar) 1403",23/06/1996
"10 , Asharh (Aashar) 1403",24/06/1996
"11 , Asharh (Aashar) 1403",25/06/1996
"12 , Asharh (Aashar) 1403",26/06/1996
"13 , Asharh (Aashar) 1403",27/06/1996
"14 , Asharh (Aashar) 1403",28/06/1996
"15 , Asharh (Aashar) 1403",29/06/1996
"16 , Asharh (Aashar) 1403",30/06/1996
"17 , Asharh (Aashar) 1403",01/07/1996
"18 , Asharh (Aashar) 1403",02/07/1996
"19 , Asharh (Aashar) 1403",03/07/1996
"20 , Asharh (Aashar) 1403",04/07/1996
"21 , Asharh (Aashar) 1403",05/07/1996
"22 , Asharh (Aashar) 1403",06/07/1996
"23 , Asharh (Aashar) 1403",07/07/1996
"24 , Asharh (Aashar) 1403",08/07/1996
"25 , Asharh (Aashar) 1403",09/07/1996
"26 , Asharh (Aashar) 1403",10/07/1996
"27 , Asharh (Aashar) 1403",11/07/1996
"28 , Asharh (Aashar) 1403",12/07/1996
"29 , Asharh (Aashar) 1403",13/07/1996
"30 , Asharh (Aashar) 1403",14/07/1996
"31 , Asharh (Aashar) 1403",15/07/1996
"32 , Asharh (Aashar) 1403",16/07/1996
"1 , Srabon (Shraban) 1403",17/07/1996
"2 , Srabon (Shraban) 1403",18/07/1996
"3 , Srabon (Shraban) 1403",19/07/1996
"4 , Srabon (Shraban) 1403",20/07/1996
"5 , Srabon (Shraban) 1403",21/07/1996
"6 , Srabon (Shraban) 1403",22/07/1996
"7 , Srabon (Shraban) 1403",23/07/1996
"8 , Srabon (Shraban) 1403",24/07/1996
"9 , Srabon (Shraban) 1403",25/07/1996
"10 , Srabon (Shraban) 1403",26/07/1996
"11 , Srabon (Shraban) 1403",27/07/1996
"12 , Srabon (Shraban) 1403",28/07/1996
"13 , Srabon (Shraban) 1403",29/07/1996
"14 , Srabon (Shraban) 1403",30/07/1996
"15 , Srabon (Shraban) 1403",31/07/1996
"16 , Srabon (Shraban) 1403",01/08/1996
"17 , Srabon (Shraban) 1403",02/08/1996
"18 , Srabon (Shraban) 1403",03/08/1996
"19 , Srabon (Shraban) 1403",04/08/1996
"20 , Srabon (Shraban) 1403",05/08/1996
"21 , Srabon (Shraban) 1403",06/08/1996
"22 , Srabon (Shraban) 1403",07/08/1996
"23 , Srabon (Shraban) 1403",08/08/1996
"24 , Srabon (Shraban) 1403",09/08/1996
"25 , Srabon (Shraban) 1403",10/08/1996
"26 , Srabon (Shraban) 1403",11/08/1996
"27 , Srabon (Shraban) 1403",12/08/1996
"28 , Srabon (Shraban) 1403",13/08/1996
"29 , Srabon (Shraban) 1403",14/08/1996
"30 , Srabon (Shraban) 1403",15/08/1996
"31 , Srabon (Shraban) 1403",16/08/1996
"1 , Bhadro (Bhadra) 1403",17/08/1996
"2 , Bhadro (Bhadra) 1403",18/08/1996
"3 , Bhadro (Bhadra) 1403",19/08/1996
"4 , Bhadro (Bhadra) 1403",20/08/1996
"5 , Bhadro (Bhadra) 1403",21/08/1996
"6 , Bhadro (Bhadra) 1403",22/08/1996
"7 , Bhadro (Bhadra) 1403",23/08/1996
"8 , Bhadro (Bhadra) 1403",24/08/1996
"9 , Bhadro (Bhadra) 1403",25/08/1996
"10 , Bhadro (Bhadra) 1403",26/08/1996
"11 , Bhadro (Bhadra) 1403",27/08/1996
"12 , Bhadro (Bhadra) 1403",28/08/1996
"13 , Bhadro (Bhadra) 1403",29/08/1996
"14 , Bhadro (Bhadra) 1403",30/08/1996
"15 , Bhadro (Bhadra) 1403",31/08/1996
"16 , Bhadro (Bhadra) 1403",01/09/1996
"17 , Bhadro (Bhadra) 1403",02/09/1996
"18 , Bhadro (Bhadra) 1403",03/09/1996
"19 , Bhadro (Bhadra) 1403",04/09/1996
"20 , Bhadro (Bhadra) 1403",05/09/1996
"21 , Bhadro (Bhadra) 1403",06/09/1996
"22 , Bhadro (Bhadra) 1403",07/09/1996
"23 , Bhadro (Bhadra) 1403",08/09/1996
"24 , Bhadro (Bhadra) 1403",09/09/1996
"25 , Bhadro (Bhadra) 1403",10/09/1996
"26 , Bhadro (Bhadra) 1403",11/09/1996
"27 , Bhadro (Bhadra) 1403",12/09/1996
"28 , Bhadro (Bhadra) 1403",13/09/1996
"29 , Bhadro (Bhadra) 1403",14/09/1996
"30 , Bhadro (Bhadra) 1403",15/09/1996
"31 , Bhadro (Bhadra) 1403",16/09/1996
"1 , Ashshin (Aashin) 1403",17/09/1996
"2 , Ashshin (Aashin) 1403",18/09/1996
"3 , Ashshin (Aashin) 1403",19/09/1996
"4 , Ashshin (Aashin) 1403",20/09/1996
"5 , Ashshin (Aashin) 1403",21/09/1996
"6 , Ashshin (Aashin) 1403",22/09/1996
"7 , Ashshin (Aashin) 1403",23/09/1996
"8 , Ashshin (Aashin) 1403",24/09/1996
"9 , Ashshin (Aashin) 1403",25/09/1996
"10 , Ashshin (Aashin) 1403",26/09/1996
"11 , Ashshin (Aashin) 1403",27/09/1996
"12 , Ashshin (Aashin) 1403",28/09/1996
"13 , Ashshin (Aashin) 1403",29/09/1996
"14 , Ashshin (Aashin) 1403",30/09/1996
"15 , Ashshin (Aashin) 1403",01/10/1996
"16 , Ashshin (Aashin) 1403",02/10/1996
"17 , Ashshin (Aashin) 1403",03/10/1996
"18 , Ashshin (Aashin) 1403",04/10/1996
"19 , Ashshin (Aashin) 1403",05/10/1996
"20 , Ashshin (Aashin) 1403",06/10/1996
"21 , Ashshin (Aashin) 1403",07/10/1996
"22 , Ashshin (Aashin) 1403",08/10/1996
"23 , Ashshin (Aashin) 1403",09/10/1996
"24 , Ashshin (Aashin) 1403",10/10/1996
"25 , Ashshin (Aashin) 1403",11/10/1996
"26 , Ashshin (Aashin) 1403",12/10/1996
"27 , Ashshin (Aashin) 1403",13/10/1996
"28 , Ashshin (Aashin) 1403",14/10/1996
"29 , Ashshin (Aashin) 1403",15/10/1996
"30 , Ashshin (Aashin) 1403",16/10/1996
"31 , Ashshin (Aashin) 1403",17/10/1996
"1 , Kartik 1403",18/10/1996
"2 , Kartik 1403",19/10/1996
"3 , Kartik 1403",20/10/1996
"4 , Kartik 1403",21/10/1996
"5 , Kartik 1403",22/10/1996
"6 , Kartik 1403",23/10/1996
"7 , Kartik 1403",24/10/1996
"8 , Kartik 1403",25/10/1996
"9 , Kartik 1403",26/10/1996
"10 , Kartik 1403",27/10/1996
"11 , Kartik 1403",28/10/1996
"12 , Kartik 1403",29/10/1996
"13 , Kartik 1403",30/10/1996
"14 , Kartik 1403",31/10/1996
"15 , Kartik 1403",01/11/1996
"16 , Kartik 1403",02/11/1996
"17 , Kartik 1403",03/11/1996
"18 , Kartik 1403",04/11/1996
"19 , Kartik 1403",05/11/1996
"20 , Kartik 1403",06/11/1996
"21 , Kartik 1403",07/11/1996
"22 , Kartik 1403",08/11/1996
"23 , Kartik 1403",09/11/1996
"24 , Kartik 1403",10/11/1996
"25 , Kartik 1403",11/11/1996
"26 , Kartik 1403",12/11/1996
"27 , Kartik 1403",13/11/1996
"28 , Kartik 1403",14/11/1996
"29 , Kartik 1403",15/11/1996
"30 , Kartik 1403",16/11/1996
"1 , Ogrohaeon (Agrahan) 1403",17/11/1996
"2 , Ogrohaeon (Agrahan) 1403",18/11/1996
"3 , Ogrohaeon (Agrahan) 1403",19/11/1996
"4 , Ogrohaeon (Agrahan) 1403",20/11/1996
"5 , Ogrohaeon (Agrahan) 1403",21/11/1996
"6 , Ogrohaeon (Agrahan) 1403",22/11/1996
"7 , Ogrohaeon (Agrahan) 1403",23/11/1996
"8 , Ogrohaeon (Agrahan) 1403",24/11/1996
"9 , Ogrohaeon (Agrahan) 1403",25/11/1996
"10 , Ogrohaeon (Agrahan) 1403",26/11/1996
"11 , Ogrohaeon (Agrahan) 1403",27/11/1996
"12 , Ogrohaeon (Agrahan) 1403",28/11/1996
"13 , Ogrohaeon (Agrahan) 1403",29/11/1996
"14 , Ogrohaeon (Agrahan) 1403",30/11/1996
"15 , Ogrohaeon (Agrahan) 1403",01/12/1996
"16 , Ogrohaeon (Agrahan) 1403",02/12/1996
"17 , Ogrohaeon (Agrahan) 1403",03/12/1996
"18 , Ogrohaeon (Agrahan) 1403",04/12/1996
"19 , Ogrohaeon (Agrahan) 1403",05/12/1996
"20 , Ogrohaeon (Agrahan) 1403",06/12/1996
"21 , Ogrohaeon (Agrahan) 1403",07/12/1996
"22 , Ogrohaeon (Agrahan) 1403",08/12/1996
"23 , Ogrohaeon (Agrahan) 1403",09/12/1996
"24 , Ogrohaeon (Agrahan) 1403",10/12/1996
"25 , Ogrohaeon (Agrahan) 1403",11/12/1996
"26 , Ogrohaeon (Agrahan) 1403",12/12/1996
"27 , Ogrohaeon (Agrahan) 1403",13/12/1996
"28 , Ogrohaeon (Agrahan) 1403",14/12/1996
"29 , Ogrohaeon (Agrahan) 1403",15/12/1996
"1 , Poush 1403",16/12/1996
"2 , Poush 1403",17/12/1996
"3 , Poush 1403",18/12/1996
"4 , Poush 1403",19/12/1996
"5 , Poush 1403",20/12/1996
"6 , Poush 1403",21/12/1996
"7 , Poush 1403",22/12/1996
"8 , Poush 1403",23/12/1996
"9 , Poush 1403",24/12/1996
"10 , Poush 1403",25/12/1996
"11 , Poush 1403",26/12/1996
"12 , Poush 1403",27/12/1996
"13 , Poush 1403",28/12/1996
"14 , Poush 1403",29/12/1996
"15 , Poush 1403",30/12/1996
"16 , Poush 1403",31/12/1996
"17 , Poush 1403",01/01/1997
"18 , Poush 1403",02/01/1997
"19 , Poush 1403",03/01/1997
"20 , Poush 1403",04/01/1997
"21 , Poush 1403",05/01/1997
"22 , Poush 1403",06/01/1997
"23 , Poush 1403",07/01/1997
"24 , Poush 1403",08/01/1997
"25 , Poush 1403",09/01/1997
"26 , Poush 1403",10/01/1997
"27 , Poush 1403",11/01/1997
"28 , Poush 1403",12/01/1997
"29 , Poush 1403",13/01/1997
"30 , Poush 1403",14/01/1997
"1 , Magh (Maagh) 1404",15/01/1997
"2 , Magh (Maagh) 1404",16/01/1997
"3 , Magh (Maagh) 1404",17/01/1997
"4 , Magh (Maagh) 1404",18/01/1997
"5 , Magh (Maagh) 1404",19/01/1997
"6 , Magh (Maagh) 1404",20/01/1997
"7 , Magh (Maagh) 1404",21/01/1997
"8 , Magh (Maagh) 1404",22/01/1997
"9 , Magh (Maagh) 1404",23/01/1997
"10 , Magh (Maagh) 1404",24/01/1997
"11 , Magh (Maagh) 1404",25/01/1997
"12 , Magh (Maagh) 1404",26/01/1997
"13 , Magh (Maagh) 1404",27/01/1997
"14 , Magh (Maagh) 1404",28/01/1997
"15 , Magh (Maagh) 1404",29/01/1997
"16 , Magh (Maagh) 1404",30/01/1997
"17 , Magh (Maagh) 1404",31/01/1997
"18 , Magh (Maagh) 1404",01/02/1997
"19 , Magh (Maagh) 1404",02/02/1997
"20 , Magh (Maagh) 1404",03/02/1997
"21 , Magh (Maagh) 1404",04/02/1997
"22 , Magh (Maagh) 1404",05/02/1997
"23 , Magh (Maagh) 1404",06/02/1997
"24 , Magh (Maagh) 1404",07/02/1997
"25 , Magh (Maagh) 1404",08/02/1997
"26 , Magh (Maagh) 1404",09/02/1997
"27 , Magh (Maagh) 1404",10/02/1997
"28 , Magh (Maagh) 1404",11/02/1997
"29 , Magh (Maagh) 1404",12/02/1997
"1 , Falgun (Phalgun) 1404",13/02/1997
"2 , Falgun (Phalgun) 1404",14/02/1997
"3 , Falgun (Phalgun) 1404",15/02/1997
"4 , Falgun (Phalgun) 1404",16/02/1997
"5 , Falgun (Phalgun) 1404",17/02/1997
"6 , Falgun (Phalgun) 1404",18/02/1997
"7 , Falgun (Phalgun) 1404",19/02/1997
"8 , Falgun (Phalgun) 1404",20/02/1997
"9 , Falgun (Phalgun) 1404",21/02/1997
"10 , Falgun (Phalgun) 1404",22/02/1997
"11 , Falgun (Phalgun) 1404",23/02/1997
"12 , Falgun (Phalgun) 1404",24/02/1997
"13 , Falgun (Phalgun) 1404",25/02/1997
"14 , Falgun (Phalgun) 1404",26/02/1997
"15 , Falgun (Phalgun) 1404",27/02/1997
"16 , Falgun (Phalgun) 1404",28/02/1997
"17 , Falgun (Phalgun) 1404",01/03/1997
"18 , Falgun (Phalgun) 1404",02/03/1997
"19 , Falgun (Phalgun) 1404",03/03/1997
"20 , Falgun (Phalgun) 1404",04/03/1997
"21 , Falgun (Phalgun) 1404",05/03/1997
"22 , Falgun (Phalgun) 1404",06/03/1997
"23 , Falgun (Phalgun) 1404",07/03/1997
"24 , Falgun (Phalgun) 1404",08/03/1997
"25 , Falgun (Phalgun) 1404",09/03/1997
"26 , Falgun (Phalgun) 1404",10/03/1997
"27 , Falgun (Phalgun) 1404",11/03/1997
"28 , Falgun (Phalgun) 1404",12/03/1997
"29 , Falgun (Phalgun) 1404",13/03/1997
"30 , Falgun (Phalgun) 1404",14/03/1997
"1 , Choitro (Chaitra) 1404",15/03/1997
"2 , Choitro (Chaitra) 1404",16/03/1997
"3 , Choitro (Chaitra) 1404",17/03/1997
"4 , Choitro (Chaitra) 1404",18/03/1997
"5 , Choitro (Chaitra) 1404",19/03/1997
"6 , Choitro (Chaitra) 1404",20/03/1997
"7 , Choitro (Chaitra) 1404",21/03/1997
"8 , Choitro (Chaitra) 1404",22/03/1997
"9 , Choitro (Chaitra) 1404",23/03/1997
"10 , Choitro (Chaitra) 1404",24/03/1997
"11 , Choitro (Chaitra) 1404",25/03/1997
"12 , Choitro (Chaitra) 1404",26/03/1997
"13 , Choitro (Chaitra) 1404",27/03/1997
"14 , Choitro (Chaitra) 1404",28/03/1997
"15 , Choitro (Chaitra) 1404",29/03/1997
"16 , Choitro (Chaitra) 1404",30/03/1997
"17 , Choitro (Chaitra) 1404",31/03/1997
"18 , Choitro (Chaitra) 1404",01/04/1997
"19 , Choitro (Chaitra) 1404",02/04/1997
"20 , Choitro (Chaitra) 1404",03/04/1997
"21 , Choitro (Chaitra) 1404",04/04/1997
"22 , Choitro (Chaitra) 1404",05/04/1997
"23 , Choitro (Chaitra) 1404",06/04/1997
"24 , Choitro (Chaitra) 1404",07/04/1997
"25 , Choitro (Chaitra) 1404",08/04/1997
"26 , Choitro (Chaitra) 1404",09/04/1997
"27 , Choitro (Chaitra) 1404",10/04/1997
"28 , Choitro (Chaitra) 1404",11/04/1997
"29 , Choitro (Chaitra) 1404",12/04/1997
"30 , Choitro (Chaitra) 1404",13/04/1997
"1 , Boishakh (Baisakh) 1404",14/04/1997
"2 , Boishakh (Baisakh) 1404",15/04/1997
"3 , Boishakh (Baisakh) 1404",16/04/1997
"4 , Boishakh (Baisakh) 1404",17/04/1997
"5 , Boishakh (Baisakh) 1404",18/04/1997
"6 , Boishakh (Baisakh) 1404",19/04/1997
"7 , Boishakh (Baisakh) 1404",20/04/1997
"8 , Boishakh (Baisakh) 1404",21/04/1997
"9 , Boishakh (Baisakh) 1404",22/04/1997
"10 , Boishakh (Baisakh) 1404",23/04/1997
"11 , Boishakh (Baisakh) 1404",24/04/1997
"12 , Boishakh (Baisakh) 1404",25/04/1997
"13 , Boishakh (Baisakh) 1404",26/04/1997
"14 , Boishakh (Baisakh) 1404",27/04/1997
"15 , Boishakh (Baisakh) 1404",28/04/1997
"16 , Boishakh (Baisakh) 1404",29/04/1997
"17 , Boishakh (Baisakh) 1404",30/04/1997
"18 , Boishakh (Baisakh) 1404",01/05/1997
"19 , Boishakh (Baisakh) 1404",02/05/1997
"20 , Boishakh (Baisakh) 1404",03/05/1997
"21 , Boishakh (Baisakh) 1404",04/05/1997
"22 , Boishakh (Baisakh) 1404",05/05/1997
"23 , Boishakh (Baisakh) 1404",06/05/1997
"24 , Boishakh (Baisakh) 1404",07/05/1997
"25 , Boishakh (Baisakh) 1404",08/05/1997
"26 , Boishakh (Baisakh) 1404",09/05/1997
"27 , Boishakh (Baisakh) 1404",10/05/1997
"28 , Boishakh (Baisakh) 1404",11/05/1997
"29 , Boishakh (Baisakh) 1404",12/05/1997
"30 , Boishakh (Baisakh) 1404",13/05/1997
"31 , Boishakh (Baisakh) 1404",14/05/1997
"1 , Joishtho (Jaishtho) 1404",15/05/1997
"2 , Joishtho (Jaishtho) 1404",16/05/1997
"3 , Joishtho (Jaishtho) 1404",17/05/1997
"4 , Joishtho (Jaishtho) 1404",18/05/1997
"5 , Joishtho (Jaishtho) 1404",19/05/1997
"6 , Joishtho (Jaishtho) 1404",20/05/1997
"7 , Joishtho (Jaishtho) 1404",21/05/1997
"8 , Joishtho (Jaishtho) 1404",22/05/1997
"9 , Joishtho (Jaishtho) 1404",23/05/1997
"10 , Joishtho (Jaishtho) 1404",24/05/1997
"11 , Joishtho (Jaishtho) 1404",25/05/1997
"12 , Joishtho (Jaishtho) 1404",26/05/1997
"13 , Joishtho (Jaishtho) 1404",27/05/1997
"14 , Joishtho (Jaishtho) 1404",28/05/1997
"15 , Joishtho (Jaishtho) 1404",29/05/1997
"16 , Joishtho (Jaishtho) 1404",30/05/1997
"17 , Joishtho (Jaishtho) 1404",31/05/1997
"18 , Joishtho (Jaishtho) 1404",01/06/1997
"19 , Joishtho (Jaishtho) 1404",02/06/1997
"20 , Joishtho (Jaishtho) 1404",03/06/1997
"21 , Joishtho (Jaishtho) 1404",04/06/1997
"22 , Joishtho (Jaishtho) 1404",05/06/1997
"23 , Joishtho (Jaishtho) 1404",06/06/1997
"24 , Joishtho (Jaishtho) 1404",07/06/1997
"25 , Joishtho (Jaishtho) 1404",08/06/1997
"26 , Joishtho (Jaishtho) 1404",09/06/1997
"27 , Joishtho (Jaishtho) 1404",10/06/1997
"28 , Joishtho (Jaishtho) 1404",11/06/1997
"29 , Joishtho (Jaishtho) 1404",12/06/1997
"30 , Joishtho (Jaishtho) 1404",13/06/1997
"31 , Joishtho (Jaishtho) 1404",14/06/1997
"32 , Joishtho (Jaishtho) 1404",15/06/1997
"1 , Asharh (Aashar) 1404",16/06/1997
"2 , Asharh (Aashar) 1404",17/06/1997
"3 , Asharh (Aashar) 1404",18/06/1997
"4 , Asharh (Aashar) 1404",19/06/1997
"5 , Asharh (Aashar) 1404",20/06/1997
"6 , Asharh (Aashar) 1404",21/06/1997
"7 , Asharh (Aashar) 1404",22/06/1997
"8 , Asharh (Aashar) 1404",23/06/1997
"9 , Asharh (Aashar) 1404",24/06/1997
"10 , Asharh (Aashar) 1404",25/06/1997
"11 , Asharh (Aashar) 1404",26/06/1997
"12 , Asharh (Aashar) 1404",27/06/1997
"13 , Asharh (Aashar) 1404",28/06/1997
"14 , Asharh (Aashar) 1404",29/06/1997
"15 , Asharh (Aashar) 1404",30/06/1997
"16 , Asharh (Aashar) 1404",01/07/1997
"17 , Asharh (Aashar) 1404",02/07/1997
"18 , Asharh (Aashar) 1404",03/07/1997
"19 , Asharh (Aashar) 1404",04/07/1997
"20 , Asharh (Aashar) 1404",05/07/1997
"21 , Asharh (Aashar) 1404",06/07/1997
"22 , Asharh (Aashar) 1404",07/07/1997
"23 , Asharh (Aashar) 1404",08/07/1997
"24 , Asharh (Aashar) 1404",09/07/1997
"25 , Asharh (Aashar) 1404",10/07/1997
"26 , Asharh (Aashar) 1404",11/07/1997
"27 , Asharh (Aashar) 1404",12/07/1997
"28 , Asharh (Aashar) 1404",13/07/1997
"29 , Asharh (Aashar) 1404",14/07/1997
"30 , Asharh (Aashar) 1404",15/07/1997
"31 , Asharh (Aashar) 1404",16/07/1997
"1 , Srabon (Shraban) 1404",17/07/1997
"2 , Srabon (Shraban) 1404",18/07/1997
"3 , Srabon (Shraban) 1404",19/07/1997
"4 , Srabon (Shraban) 1404",20/07/1997
"5 , Srabon (Shraban) 1404",21/07/1997
"6 , Srabon (Shraban) 1404",22/07/1997
"7 , Srabon (Shraban) 1404",23/07/1997
"8 , Srabon (Shraban) 1404",24/07/1997
"9 , Srabon (Shraban) 1404",25/07/1997
"10 , Srabon (Shraban) 1404",26/07/1997
"11 , Srabon (Shraban) 1404",27/07/1997
"12 , Srabon (Shraban) 1404",28/07/1997
"13 , Srabon (Shraban) 1404",29/07/1997
"14 , Srabon (Shraban) 1404",30/07/1997
"15 , Srabon (Shraban) 1404",31/07/1997
"16 , Srabon (Shraban) 1404",01/08/1997
"17 , Srabon (Shraban) 1404",02/08/1997
"18 , Srabon (Shraban) 1404",03/08/1997
"19 , Srabon (Shraban) 1404",04/08/1997
"20 , Srabon (Shraban) 1404",05/08/1997
"21 , Srabon (Shraban) 1404",06/08/1997
"22 , Srabon (Shraban) 1404",07/08/1997
"23 , Srabon (Shraban) 1404",08/08/1997
"24 , Srabon (Shraban) 1404",09/08/1997
"25 , Srabon (Shraban) 1404",10/08/1997
"26 , Srabon (Shraban) 1404",11/08/1997
"27 , Srabon (Shraban) 1404",12/08/1997
"28 , Srabon (Shraban) 1404",13/08/1997
"29 , Srabon (Shraban) 1404",14/08/1997
"30 , Srabon (Shraban) 1404",15/08/1997
"31 , Srabon (Shraban) 1404",16/08/1997
"1 , Bhadro (Bhadra) 1404",17/08/1997
"2 , Bhadro (Bhadra) 1404",18/08/1997
"3 , Bhadro (Bhadra) 1404",19/08/1997
"4 , Bhadro (Bhadra) 1404",20/08/1997
"5 , Bhadro (Bhadra) 1404",21/08/1997
"6 , Bhadro (Bhadra) 1404",22/08/1997
"7 , Bhadro (Bhadra) 1404",23/08/1997
"8 , Bhadro (Bhadra) 1404",24/08/1997
"9 , Bhadro (Bhadra) 1404",25/08/1997
"10 , Bhadro (Bhadra) 1404",26/08/1997
"11 , Bhadro (Bhadra) 1404",27/08/1997
"12 , Bhadro (Bhadra) 1404",28/08/1997
"13 , Bhadro (Bhadra) 1404",29/08/1997
"14 , Bhadro (Bhadra) 1404",30/08/1997
"15 , Bhadro (Bhadra) 1404",31/08/1997
"16 , Bhadro (Bhadra) 1404",01/09/1997
"17 , Bhadro (Bhadra) 1404",02/09/1997
"18 , Bhadro (Bhadra) 1404",03/09/1997
"19 , Bhadro (Bhadra) 1404",04/09/1997
"20 , Bhadro (Bhadra) 1404",05/09/1997
"21 , Bhadro (Bhadra) 1404",06/09/1997
"22 , Bhadro (Bhadra) 1404",07/09/1997
"23 , Bhadro (Bhadra) 1404",08/09/1997
"24 , Bhadro (Bhadra) 1404",09/09/1997
"25 , Bhadro (Bhadra) 1404",10/09/1997
"26 , Bhadro (Bhadra) 1404",11/09/1997
"27 , Bhadro (Bhadra) 1404",12/09/1997
"28 , Bhadro (Bhadra) 1404",13/09/1997
"29 , Bhadro (Bhadra) 1404",14/09/1997
"30 , Bhadro (Bhadra) 1404",15/09/1997
"31 , Bhadro (Bhadra) 1404",16/09/1997
"1 , Ashshin (Aashin) 1404",17/09/1997
"2 , Ashshin (Aashin) 1404",18/09/1997
"3 , Ashshin (Aashin) 1404",19/09/1997
"4 , Ashshin (Aashin) 1404",20/09/1997
"5 , Ashshin (Aashin) 1404",21/09/1997
"6 , Ashshin (Aashin) 1404",22/09/1997
"7 , Ashshin (Aashin) 1404",23/09/1997
"8 , Ashshin (Aashin) 1404",24/09/1997
"9 , Ashshin (Aashin) 1404",25/09/1997
"10 , Ashshin (Aashin) 1404",26/09/1997
"11 , Ashshin (Aashin) 1404",27/09/1997
"12 , Ashshin (Aashin) 1404",28/09/1997
"13 , Ashshin (Aashin) 1404",29/09/1997
"14 , Ashshin (Aashin) 1404",30/09/1997
"15 , Ashshin (Aashin) 1404",01/10/1997
"16 , Ashshin (Aashin) 1404",02/10/1997
"17 , Ashshin (Aashin) 1404",03/10/1997
"18 , Ashshin (Aashin) 1404",04/10/1997
"19 , Ashshin (Aashin) 1404",05/10/1997
"20 , Ashshin (Aashin) 1404",06/10/1997
"21 , Ashshin (Aashin) 1404",07/10/1997
"22 , Ashshin (Aashin) 1404",08/10/1997
"23 , Ashshin (Aashin) 1404",09/10/1997
"24 , Ashshin (Aashin) 1404",10/10/1997
"25 , Ashshin (Aashin) 1404",11/10/1997
"26 , Ashshin (Aashin) 1404",12/10/1997
"27 , Ashshin (Aashin) 1404",13/10/1997
"28 , Ashshin (Aashin) 1404",14/10/1997
"29 , Ashshin (Aashin) 1404",15/10/1997
"30 , Ashshin (Aashin) 1404",16/10/1997
"31 , Ashshin (Aashin) 1404",17/10/1997
"1 , Kartik 1404",18/10/1997
"2 , Kartik 1404",19/10/1997
"3 , Kartik 1404",20/10/1997
"4 , Kartik 1404",21/10/1997
"5 , Kartik 1404",22/10/1997
"6 , Kartik 1404",23/10/1997
"7 , Kartik 1404",24/10/1997
"8 , Kartik 1404",25/10/1997
"9 , Kartik 1404",26/10/1997
"10 , Kartik 1404",27/10/1997
"11 , Kartik 1404",28/10/1997
"12 , Kartik 1404",29/10/1997
"13 , Kartik 1404",30/10/1997
"14 , Kartik 1404",31/10/1997
"15 , Kartik 1404",01/11/1997
"16 , Kartik 1404",02/11/1997
"17 , Kartik 1404",03/11/1997
"18 , Kartik 1404",04/11/1997
"19 , Kartik 1404",05/11/1997
"20 , Kartik 1404",06/11/1997
"21 , Kartik 1404",07/11/1997
"22 , Kartik 1404",08/11/1997
"23 , Kartik 1404",09/11/1997
"24 , Kartik 1404",10/11/1997
"25 , Kartik 1404",11/11/1997
"26 , Kartik 1404",12/11/1997
"27 , Kartik 1404",13/11/1997
"28 , Kartik 1404",14/11/1997
"29 , Kartik 1404",15/11/1997
"30 , Kartik 1404",16/11/1997
"1 , Ogrohaeon (Agrahan) 1404",17/11/1997
"2 , Ogrohaeon (Agrahan) 1404",18/11/1997
"3 , Ogrohaeon (Agrahan) 1404",19/11/1997
"4 , Ogrohaeon (Agrahan) 1404",20/11/1997
"5 , Ogrohaeon (Agrahan) 1404",21/11/1997
"6 , Ogrohaeon (Agrahan) 1404",22/11/1997
"7 , Ogrohaeon (Agrahan) 1404",23/11/1997
"8 , Ogrohaeon (Agrahan) 1404",24/11/1997
"9 , Ogrohaeon (Agrahan) 1404",25/11/1997
"10 , Ogrohaeon (Agrahan) 1404",26/11/1997
"11 , Ogrohaeon (Agrahan) 1404",27/11/1997
"12 , Ogrohaeon (Agrahan) 1404",28/11/1997
"13 , Ogrohaeon (Agrahan) 1404",29/11/1997
"14 , Ogrohaeon (Agrahan) 1404",30/11/1997
"15 , Ogrohaeon (Agrahan) 1404",01/12/1997
"16 , Ogrohaeon (Agrahan) 1404",02/12/1997
"17 , Ogrohaeon (Agrahan) 1404",03/12/1997
"18 , Ogrohaeon (Agrahan) 1404",04/12/1997
"19 , Ogrohaeon (Agrahan) 1404",05/12/1997
"20 , Ogrohaeon (Agrahan) 1404",06/12/1997
"21 , Ogrohaeon (Agrahan) 1404",07/12/1997
"22 , Ogrohaeon (Agrahan) 1404",08/12/1997
"23 , Ogrohaeon (Agrahan) 1404",09/12/1997
"24 , Ogrohaeon (Agrahan) 1404",10/12/1997
"25 , Ogrohaeon (Agrahan) 1404",11/12/1997
"26 , Ogrohaeon (Agrahan) 1404",12/12/1997
"27 , Ogrohaeon (Agrahan) 1404",13/12/1997
"28 , Ogrohaeon (Agrahan) 1404",14/12/1997
"29 , Ogrohaeon (Agrahan) 1404",15/12/1997
"1 , Poush 1404",16/12/1997
"2 , Poush 1404",17/12/1997
"3 , Poush 1404",18/12/1997
"4 , Poush 1404",19/12/1997
"5 , Poush 1404",20/12/1997
"6 , Poush 1404",21/12/1997
"7 , Poush 1404",22/12/1997
"8 , Poush 1404",23/12/1997
"9 , Poush 1404",24/12/1997
"10 , Poush 1404",25/12/1997
"11 , Poush 1404",26/12/1997
"12 , Poush 1404",27/12/1997
"13 , Poush 1404",28/12/1997
"14 , Poush 1404",29/12/1997
"15 , Poush 1404",30/12/1997
"16 , Poush 1404",31/12/1997
"17 , Poush 1404",01/01/1998
"18 , Poush 1404",02/01/1998
"19 , Poush 1404",03/01/1998
"20 , Poush 1404",04/01/1998
"21 , Poush 1404",05/01/1998
"22 , Poush 1404",06/01/1998
"23 , Poush 1404",07/01/1998
"24 , Poush 1404",08/01/1998
"25 , Poush 1404",09/01/1998
"26 , Poush 1404",10/01/1998
"27 , Poush 1404",11/01/1998
"28 , Poush 1404",12/01/1998
"29 , Poush 1404",13/01/1998
"30 , Poush 1404",14/01/1998
"1 , Magh (Maagh) 1405",15/01/1998
"2 , Magh (Maagh) 1405",16/01/1998
"3 , Magh (Maagh) 1405",17/01/1998
"4 , Magh (Maagh) 1405",18/01/1998
"5 , Magh (Maagh) 1405",19/01/1998
"6 , Magh (Maagh) 1405",20/01/1998
"7 , Magh (Maagh) 1405",21/01/1998
"8 , Magh (Maagh) 1405",22/01/1998
"9 , Magh (Maagh) 1405",23/01/1998
"10 , Magh (Maagh) 1405",24/01/1998
"11 , Magh (Maagh) 1405",25/01/1998
"12 , Magh (Maagh) 1405",26/01/1998
"13 , Magh (Maagh) 1405",27/01/1998
"14 , Magh (Maagh) 1405",28/01/1998
"15 , Magh (Maagh) 1405",29/01/1998
"16 , Magh (Maagh) 1405",30/01/1998
"17 , Magh (Maagh) 1405",31/01/1998
"18 , Magh (Maagh) 1405",01/02/1998
"19 , Magh (Maagh) 1405",02/02/1998
"20 , Magh (Maagh) 1405",03/02/1998
"21 , Magh (Maagh) 1405",04/02/1998
"22 , Magh (Maagh) 1405",05/02/1998
"23 , Magh (Maagh) 1405",06/02/1998
"24 , Magh (Maagh) 1405",07/02/1998
"25 , Magh (Maagh) 1405",08/02/1998
"26 , Magh (Maagh) 1405",09/02/1998
"27 , Magh (Maagh) 1405",10/02/1998
"28 , Magh (Maagh) 1405",11/02/1998
"29 , Magh (Maagh) 1405",12/02/1998
"1 , Falgun (Phalgun) 1405",13/02/1998
"2 , Falgun (Phalgun) 1405",14/02/1998
"3 , Falgun (Phalgun) 1405",15/02/1998
"4 , Falgun (Phalgun) 1405",16/02/1998
"5 , Falgun (Phalgun) 1405",17/02/1998
"6 , Falgun (Phalgun) 1405",18/02/1998
"7 , Falgun (Phalgun) 1405",19/02/1998
"8 , Falgun (Phalgun) 1405",20/02/1998
"9 , Falgun (Phalgun) 1405",21/02/1998
"10 , Falgun (Phalgun) 1405",22/02/1998
"11 , Falgun (Phalgun) 1405",23/02/1998
"12 , Falgun (Phalgun) 1405",24/02/1998
"13 , Falgun (Phalgun) 1405",25/02/1998
"14 , Falgun (Phalgun) 1405",26/02/1998
"15 , Falgun (Phalgun) 1405",27/02/1998
"16 , Falgun (Phalgun) 1405",28/02/1998
"17 , Falgun (Phalgun) 1405",01/03/1998
"18 , Falgun (Phalgun) 1405",02/03/1998
"19 , Falgun (Phalgun) 1405",03/03/1998
"20 , Falgun (Phalgun) 1405",04/03/1998
"21 , Falgun (Phalgun) 1405",05/03/1998
"22 , Falgun (Phalgun) 1405",06/03/1998
"23 , Falgun (Phalgun) 1405",07/03/1998
"24 , Falgun (Phalgun) 1405",08/03/1998
"25 , Falgun (Phalgun) 1405",09/03/1998
"26 , Falgun (Phalgun) 1405",10/03/1998
"27 , Falgun (Phalgun) 1405",11/03/1998
"28 , Falgun (Phalgun) 1405",12/03/1998
"29 , Falgun (Phalgun) 1405",13/03/1998
"30 , Falgun (Phalgun) 1405",14/03/1998
"1 , Choitro (Chaitra) 1405",15/03/1998
"2 , Choitro (Chaitra) 1405",16/03/1998
"3 , Choitro (Chaitra) 1405",17/03/1998
"4 , Choitro (Chaitra) 1405",18/03/1998
"5 , Choitro (Chaitra) 1405",19/03/1998
"6 , Choitro (Chaitra) 1405",20/03/1998
"7 , Choitro (Chaitra) 1405",21/03/1998
"8 , Choitro (Chaitra) 1405",22/03/1998
"9 , Choitro (Chaitra) 1405",23/03/1998
"10 , Choitro (Chaitra) 1405",24/03/1998
"11 , Choitro (Chaitra) 1405",25/03/1998
"12 , Choitro (Chaitra) 1405",26/03/1998
"13 , Choitro (Chaitra) 1405",27/03/1998
"14 , Choitro (Chaitra) 1405",28/03/1998
"15 , Choitro (Chaitra) 1405",29/03/1998
"16 , Choitro (Chaitra) 1405",30/03/1998
"17 , Choitro (Chaitra) 1405",31/03/1998
"18 , Choitro (Chaitra) 1405",01/04/1998
"19 , Choitro (Chaitra) 1405",02/04/1998
"20 , Choitro (Chaitra) 1405",03/04/1998
"21 , Choitro (Chaitra) 1405",04/04/1998
"22 , Choitro (Chaitra) 1405",05/04/1998
"23 , Choitro (Chaitra) 1405",06/04/1998
"24 , Choitro (Chaitra) 1405",07/04/1998
"25 , Choitro (Chaitra) 1405",08/04/1998
"26 , Choitro (Chaitra) 1405",09/04/1998
"27 , Choitro (Chaitra) 1405",10/04/1998
"28 , Choitro (Chaitra) 1405",11/04/1998
"29 , Choitro (Chaitra) 1405",12/04/1998
"30 , Choitro (Chaitra) 1405",13/04/1998
"31 , Choitro (Chaitra) 1405",14/04/1998
"1 , Boishakh (Baisakh) 1405",15/04/1998
"2 , Boishakh (Baisakh) 1405",16/04/1998
"3 , Boishakh (Baisakh) 1405",17/04/1998
"4 , Boishakh (Baisakh) 1405",18/04/1998
"5 , Boishakh (Baisakh) 1405",19/04/1998
"6 , Boishakh (Baisakh) 1405",20/04/1998
"7 , Boishakh (Baisakh) 1405",21/04/1998
"8 , Boishakh (Baisakh) 1405",22/04/1998
"9 , Boishakh (Baisakh) 1405",23/04/1998
"10 , Boishakh (Baisakh) 1405",24/04/1998
"11 , Boishakh (Baisakh) 1405",25/04/1998
"12 , Boishakh (Baisakh) 1405",26/04/1998
"13 , Boishakh (Baisakh) 1405",27/04/1998
"14 , Boishakh (Baisakh) 1405",28/04/1998
"15 , Boishakh (Baisakh) 1405",29/04/1998
"16 , Boishakh (Baisakh) 1405",30/04/1998
"17 , Boishakh (Baisakh) 1405",01/05/1998
"18 , Boishakh (Baisakh) 1405",02/05/1998
"19 , Boishakh (Baisakh) 1405",03/05/1998
"20 , Boishakh (Baisakh) 1405",04/05/1998
"21 , Boishakh (Baisakh) 1405",05/05/1998
"22 , Boishakh (Baisakh) 1405",06/05/1998
"23 , Boishakh (Baisakh) 1405",07/05/1998
"24 , Boishakh (Baisakh) 1405",08/05/1998
"25 , Boishakh (Baisakh) 1405",09/05/1998
"26 , Boishakh (Baisakh) 1405",10/05/1998
"27 , Boishakh (Baisakh) 1405",11/05/1998
"28 , Boishakh (Baisakh) 1405",12/05/1998
"29 , Boishakh (Baisakh) 1405",13/05/1998
"30 , Boishakh (Baisakh) 1405",14/05/1998
"31 , Boishakh (Baisakh) 1405",15/05/1998
"1 , Joishtho (Jaishtho) 1405",16/05/1998
"2 , Joishtho (Jaishtho) 1405",17/05/1998
"3 , Joishtho (Jaishtho) 1405",18/05/1998
"4 , Joishtho (Jaishtho) 1405",19/05/1998
"5 , Joishtho (Jaishtho) 1405",20/05/1998
"6 , Joishtho (Jaishtho) 1405",21/05/1998
"7 , Joishtho (Jaishtho) 1405",22/05/1998
"8 , Joishtho (Jaishtho) 1405",23/05/1998
"9 , Joishtho (Jaishtho) 1405",24/05/1998
"10 , Joishtho (Jaishtho) 1405",25/05/1998
"11 , Joishtho (Jaishtho) 1405",26/05/1998
"12 , Joishtho (Jaishtho) 1405",27/05/1998
"13 , Joishtho (Jaishtho) 1405",28/05/1998
"14 , Joishtho (Jaishtho) 1405",29/05/1998
"15 , Joishtho (Jaishtho) 1405",30/05/1998
"16 , Joishtho (Jaishtho) 1405",31/05/1998
"17 , Joishtho (Jaishtho) 1405",01/06/1998
"18 , Joishtho (Jaishtho) 1405",02/06/1998
"19 , Joishtho (Jaishtho) 1405",03/06/1998
"20 , Joishtho (Jaishtho) 1405",04/06/1998
"21 , Joishtho (Jaishtho) 1405",05/06/1998
"22 , Joishtho (Jaishtho) 1405",06/06/1998
"23 , Joishtho (Jaishtho) 1405",07/06/1998
"24 , Joishtho (Jaishtho) 1405",08/06/1998
"25 , Joishtho (Jaishtho) 1405",09/06/1998
"26 , Joishtho (Jaishtho) 1405",10/06/1998
"27 , Joishtho (Jaishtho) 1405",11/06/1998
"28 , Joishtho (Jaishtho) 1405",12/06/1998
"29 , Joishtho (Jaishtho) 1405",13/06/1998
"30 , Joishtho (Jaishtho) 1405",14/06/1998
"31 , Joishtho (Jaishtho) 1405",15/06/1998
"1 , Asharh (Aashar) 1405",16/06/1998
"2 , Asharh (Aashar) 1405",17/06/1998
"3 , Asharh (Aashar) 1405",18/06/1998
"4 , Asharh (Aashar) 1405",19/06/1998
"5 , Asharh (Aashar) 1405",20/06/1998
"6 , Asharh (Aashar) 1405",21/06/1998
"7 , Asharh (Aashar) 1405",22/06/1998
"8 , Asharh (Aashar) 1405",23/06/1998
"9 , Asharh (Aashar) 1405",24/06/1998
"10 , Asharh (Aashar) 1405",25/06/1998
"11 , Asharh (Aashar) 1405",26/06/1998
"12 , Asharh (Aashar) 1405",27/06/1998
"13 , Asharh (Aashar) 1405",28/06/1998
"14 , Asharh (Aashar) 1405",29/06/1998
"15 , Asharh (Aashar) 1405",30/06/1998
"16 , Asharh (Aashar) 1405",01/07/1998
"17 , Asharh (Aashar) 1405",02/07/1998
"18 , Asharh (Aashar) 1405",03/07/1998
"19 , Asharh (Aashar) 1405",04/07/1998
"20 , Asharh (Aashar) 1405",05/07/1998
"21 , Asharh (Aashar) 1405",06/07/1998
"22 , Asharh (Aashar) 1405",07/07/1998
"23 , Asharh (Aashar) 1405",08/07/1998
"24 , Asharh (Aashar) 1405",09/07/1998
"25 , Asharh (Aashar) 1405",10/07/1998
"26 , Asharh (Aashar) 1405",11/07/1998
"27 , Asharh (Aashar) 1405",12/07/1998
"28 , Asharh (Aashar) 1405",13/07/1998
"29 , Asharh (Aashar) 1405",14/07/1998
"30 , Asharh (Aashar) 1405",15/07/1998
"31 , Asharh (Aashar) 1405",16/07/1998
"1 , Srabon (Shraban) 1405",17/07/1998
"2 , Srabon (Shraban) 1405",18/07/1998
"3 , Srabon (Shraban) 1405",19/07/1998
"4 , Srabon (Shraban) 1405",20/07/1998
"5 , Srabon (Shraban) 1405",21/07/1998
"6 , Srabon (Shraban) 1405",22/07/1998
"7 , Srabon (Shraban) 1405",23/07/1998
"8 , Srabon (Shraban) 1405",24/07/1998
"9 , Srabon (Shraban) 1405",25/07/1998
"10 , Srabon (Shraban) 1405",26/07/1998
"11 , Srabon (Shraban) 1405",27/07/1998
"12 , Srabon (Shraban) 1405",28/07/1998
"13 , Srabon (Shraban) 1405",29/07/1998
"14 , Srabon (Shraban) 1405",30/07/1998
"15 , Srabon (Shraban) 1405",31/07/1998
"16 , Srabon (Shraban) 1405",01/08/1998
"17 , Srabon (Shraban) 1405",02/08/1998
"18 , Srabon (Shraban) 1405",03/08/1998
"19 , Srabon (Shraban) 1405",04/08/1998
"20 , Srabon (Shraban) 1405",05/08/1998
"21 , Srabon (Shraban) 1405",06/08/1998
"22 , Srabon (Shraban) 1405",07/08/1998
"23 , Srabon (Shraban) 1405",08/08/1998
"24 , Srabon (Shraban) 1405",09/08/1998
"25 , Srabon (Shraban) 1405",10/08/1998
"26 , Srabon (Shraban) 1405",11/08/1998
"27 , Srabon (Shraban) 1405",12/08/1998
"28 , Srabon (Shraban) 1405",13/08/1998
"29 , Srabon (Shraban) 1405",14/08/1998
"30 , Srabon (Shraban) 1405",15/08/1998
"31 , Srabon (Shraban) 1405",16/08/1998
"32 , Srabon (Shraban) 1405",17/08/1998
"1 , Bhadro (Bhadra) 1405",18/08/1998
"2 , Bhadro (Bhadra) 1405",19/08/1998
"3 , Bhadro (Bhadra) 1405",20/08/1998
"4 , Bhadro (Bhadra) 1405",21/08/1998
"5 , Bhadro (Bhadra) 1405",22/08/1998
"6 , Bhadro (Bhadra) 1405",23/08/1998
"7 , Bhadro (Bhadra) 1405",24/08/1998
"8 , Bhadro (Bhadra) 1405",25/08/1998
"9 , Bhadro (Bhadra) 1405",26/08/1998
"10 , Bhadro (Bhadra) 1405",27/08/1998
"11 , Bhadro (Bhadra) 1405",28/08/1998
"12 , Bhadro (Bhadra) 1405",29/08/1998
"13 , Bhadro (Bhadra) 1405",30/08/1998
"14 , Bhadro (Bhadra) 1405",31/08/1998
"15 , Bhadro (Bhadra) 1405",01/09/1998
"16 , Bhadro (Bhadra) 1405",02/09/1998
"17 , Bhadro (Bhadra) 1405",03/09/1998
"18 , Bhadro (Bhadra) 1405",04/09/1998
"19 , Bhadro (Bhadra) 1405",05/09/1998
"20 , Bhadro (Bhadra) 1405",06/09/1998
"21 , Bhadro (Bhadra) 1405",07/09/1998
"22 , Bhadro (Bhadra) 1405",08/09/1998
"23 , Bhadro (Bhadra) 1405",09/09/1998
"24 , Bhadro (Bhadra) 1405",10/09/1998
"25 , Bhadro (Bhadra) 1405",11/09/1998
"26 , Bhadro (Bhadra) 1405",12/09/1998
"27 , Bhadro (Bhadra) 1405",13/09/1998
"28 , Bhadro (Bhadra) 1405",14/09/1998
"29 , Bhadro (Bhadra) 1405",15/09/1998
"30 , Bhadro (Bhadra) 1405",16/09/1998
"31 , Bhadro (Bhadra) 1405",17/09/1998
"1 , Kartik 1405",18/10/1998
"2 , Kartik 1405",19/10/1998
"3 , Kartik 1405",20/10/1998
"4 , Kartik 1405",21/10/1998
"5 , Kartik 1405",22/10/1998
"6 , Kartik 1405",23/10/1998
"7 , Kartik 1405",24/10/1998
"8 , Kartik 1405",25/10/1998
"9 , Kartik 1405",26/10/1998
"10 , Kartik 1405",27/10/1998
"11 , Kartik 1405",28/10/1998
"12 , Kartik 1405",29/10/1998
"13 , Kartik 1405",30/10/1998
"14 , Kartik 1405",31/10/1998
"15 , Kartik 1405",01/11/1998
"16 , Kartik 1405",02/11/1998
"17 , Kartik 1405",03/11/1998
"18 , Kartik 1405",04/11/1998
"19 , Kartik 1405",05/11/1998
"20 , Kartik 1405",06/11/1998
"21 , Kartik 1405",07/11/1998
"22 , Kartik 1405",08/11/1998
"23 , Kartik 1405",09/11/1998
"24 , Kartik 1405",10/11/1998
"25 , Kartik 1405",11/11/1998
"26 , Kartik 1405",12/11/1998
"27 , Kartik 1405",13/11/1998
"28 , Kartik 1405",14/11/1998
"29 , Kartik 1405",15/11/1998
"30 , Kartik 1405",16/11/1998
"1 , Ogrohaeon (Agrahan) 1405",17/11/1998
"2 , Ogrohaeon (Agrahan) 1405",18/11/1998
"3 , Ogrohaeon (Agrahan) 1405",19/11/1998
"4 , Ogrohaeon (Agrahan) 1405",20/11/1998
"5 , Ogrohaeon (Agrahan) 1405",21/11/1998
"6 , Ogrohaeon (Agrahan) 1405",22/11/1998
"7 , Ogrohaeon (Agrahan) 1405",23/11/1998
"8 , Ogrohaeon (Agrahan) 1405",24/11/1998
"9 , Ogrohaeon (Agrahan) 1405",25/11/1998
"10 , Ogrohaeon (Agrahan) 1405",26/11/1998
"11 , Ogrohaeon (Agrahan) 1405",27/11/1998
"12 , Ogrohaeon (Agrahan) 1405",28/11/1998
"13 , Ogrohaeon (Agrahan) 1405",29/11/1998
"14 , Ogrohaeon (Agrahan) 1405",30/11/1998
"15 , Ogrohaeon (Agrahan) 1405",01/12/1998
"16 , Ogrohaeon (Agrahan) 1405",02/12/1998
"17 , Ogrohaeon (Agrahan) 1405",03/12/1998
"18 , Ogrohaeon (Agrahan) 1405",04/12/1998
"19 , Ogrohaeon (Agrahan) 1405",05/12/1998
"20 , Ogrohaeon (Agrahan) 1405",06/12/1998
"21 , Ogrohaeon (Agrahan) 1405",07/12/1998
"22 , Ogrohaeon (Agrahan) 1405",08/12/1998
"23 , Ogrohaeon (Agrahan) 1405",09/12/1998
"24 , Ogrohaeon (Agrahan) 1405",10/12/1998
"25 , Ogrohaeon (Agrahan) 1405",11/12/1998
"26 , Ogrohaeon (Agrahan) 1405",12/12/1998
"27 , Ogrohaeon (Agrahan) 1405",13/12/1998
"28 , Ogrohaeon (Agrahan) 1405",14/12/1998
"29 , Ogrohaeon (Agrahan) 1405",15/12/1998
"30 , Ogrohaeon (Agrahan) 1405",16/12/1998
"1 , Poush 1405",17/12/1998
"2 , Poush 1405",18/12/1998
"3 , Poush 1405",19/12/1998
"4 , Poush 1405",20/12/1998
"5 , Poush 1405",21/12/1998
"6 , Poush 1405",22/12/1998
"7 , Poush 1405",23/12/1998
"8 , Poush 1405",24/12/1998
"9 , Poush 1405",25/12/1998
"10 , Poush 1405",26/12/1998
"11 , Poush 1405",27/12/1998
"12 , Poush 1405",28/12/1998
"13 , Poush 1405",29/12/1998
"14 , Poush 1405",30/12/1998
"15 , Poush 1405",31/12/1998
"16 , Poush 1405",01/01/1999
"17 , Poush 1405",02/01/1999
"18 , Poush 1405",03/01/1999
"19 , Poush 1405",04/01/1999
"20 , Poush 1405",05/01/1999
"21 , Poush 1405",06/01/1999
"22 , Poush 1405",07/01/1999
"23 , Poush 1405",08/01/1999
"24 , Poush 1405",09/01/1999
"25 , Poush 1405",10/01/1999
"26 , Poush 1405",11/01/1999
"27 , Poush 1405",12/01/1999
"28 , Poush 1405",13/01/1999
"29 , Poush 1405",14/01/1999
"1 , Magh (Maagh) 1406",15/01/1999
"2 , Magh (Maagh) 1406",16/01/1999
"3 , Magh (Maagh) 1406",17/01/1999
"4 , Magh (Maagh) 1406",18/01/1999
"5 , Magh (Maagh) 1406",19/01/1999
"6 , Magh (Maagh) 1406",20/01/1999
"7 , Magh (Maagh) 1406",21/01/1999
"8 , Magh (Maagh) 1406",22/01/1999
"9 , Magh (Maagh) 1406",23/01/1999
"10 , Magh (Maagh) 1406",24/01/1999
"11 , Magh (Maagh) 1406",25/01/1999
"12 , Magh (Maagh) 1406",26/01/1999
"13 , Magh (Maagh) 1406",27/01/1999
"14 , Magh (Maagh) 1406",28/01/1999
"15 , Magh (Maagh) 1406",29/01/1999
"16 , Magh (Maagh) 1406",30/01/1999
"17 , Magh (Maagh) 1406",31/01/1999
"18 , Magh (Maagh) 1406",01/02/1999
"19 , Magh (Maagh) 1406",02/02/1999
"20 , Magh (Maagh) 1406",03/02/1999
"21 , Magh (Maagh) 1406",04/02/1999
"22 , Magh (Maagh) 1406",05/02/1999
"23 , Magh (Maagh) 1406",06/02/1999
"24 , Magh (Maagh) 1406",07/02/1999
"25 , Magh (Maagh) 1406",08/02/1999
"26 , Magh (Maagh) 1406",09/02/1999
"27 , Magh (Maagh) 1406",10/02/1999
"28 , Magh (Maagh) 1406",11/02/1999
"29 , Magh (Maagh) 1406",12/02/1999
"30 , Magh (Maagh) 1406",13/02/1999
"1 , Falgun (Phalgun) 1406",14/02/1999
"2 , Falgun (Phalgun) 1406",15/02/1999
"3 , Falgun (Phalgun) 1406",16/02/1999
"4 , Falgun (Phalgun) 1406",17/02/1999
"5 , Falgun (Phalgun) 1406",18/02/1999
"6 , Falgun (Phalgun) 1406",19/02/1999
"7 , Falgun (Phalgun) 1406",20/02/1999
"8 , Falgun (Phalgun) 1406",21/02/1999
"9 , Falgun (Phalgun) 1406",22/02/1999
"10 , Falgun (Phalgun) 1406",23/02/1999
"11 , Falgun (Phalgun) 1406",24/02/1999
"12 , Falgun (Phalgun) 1406",25/02/1999
"13 , Falgun (Phalgun) 1406",26/02/1999
"14 , Falgun (Phalgun) 1406",27/02/1999
"15 , Falgun (Phalgun) 1406",28/02/1999
"16 , Falgun (Phalgun) 1406",01/03/1999
"17 , Falgun (Phalgun) 1406",02/03/1999
"18 , Falgun (Phalgun) 1406",03/03/1999
"19 , Falgun (Phalgun) 1406",04/03/1999
"20 , Falgun (Phalgun) 1406",05/03/1999
"21 , Falgun (Phalgun) 1406",06/03/1999
"22 , Falgun (Phalgun) 1406",07/03/1999
"23 , Falgun (Phalgun) 1406",08/03/1999
"24 , Falgun (Phalgun) 1406",09/03/1999
"25 , Falgun (Phalgun) 1406",10/03/1999
"26 , Falgun (Phalgun) 1406",11/03/1999
"27 , Falgun (Phalgun) 1406",12/03/1999
"28 , Falgun (Phalgun) 1406",13/03/1999
"29 , Falgun (Phalgun) 1406",14/03/1999
"30 , Falgun (Phalgun) 1406",15/03/1999
"1 , Choitro (Chaitra) 1406",16/03/1999
"2 , Choitro (Chaitra) 1406",17/03/1999
"3 , Choitro (Chaitra) 1406",18/03/1999
"4 , Choitro (Chaitra) 1406",19/03/1999
"5 , Choitro (Chaitra) 1406",20/03/1999
"6 , Choitro (Chaitra) 1406",21/03/1999
"7 , Choitro (Chaitra) 1406",22/03/1999
"8 , Choitro (Chaitra) 1406",23/03/1999
"9 , Choitro (Chaitra) 1406",24/03/1999
"10 , Choitro (Chaitra) 1406",25/03/1999
"11 , Choitro (Chaitra) 1406",26/03/1999
"12 , Choitro (Chaitra) 1406",27/03/1999
"13 , Choitro (Chaitra) 1406",28/03/1999
"14 , Choitro (Chaitra) 1406",29/03/1999
"15 , Choitro (Chaitra) 1406",30/03/1999
"16 , Choitro (Chaitra) 1406",31/03/1999
"17 , Choitro (Chaitra) 1406",01/04/1999
"18 , Choitro (Chaitra) 1406",02/04/1999
"19 , Choitro (Chaitra) 1406",03/04/1999
"20 , Choitro (Chaitra) 1406",04/04/1999
"21 , Choitro (Chaitra) 1406",05/04/1999
"22 , Choitro (Chaitra) 1406",06/04/1999
"23 , Choitro (Chaitra) 1406",07/04/1999
"24 , Choitro (Chaitra) 1406",08/04/1999
"25 , Choitro (Chaitra) 1406",09/04/1999
"26 , Choitro (Chaitra) 1406",10/04/1999
"27 , Choitro (Chaitra) 1406",11/04/1999
"28 , Choitro (Chaitra) 1406",12/04/1999
"29 , Choitro (Chaitra) 1406",13/04/1999
"30 , Choitro (Chaitra) 1406",14/04/1999
"1 , Boishakh (Baisakh) 1406",15/04/1999
"2 , Boishakh (Baisakh) 1406",16/04/1999
"3 , Boishakh (Baisakh) 1406",17/04/1999
"4 , Boishakh (Baisakh) 1406",18/04/1999
"5 , Boishakh (Baisakh) 1406",19/04/1999
"6 , Boishakh (Baisakh) 1406",20/04/1999
"7 , Boishakh (Baisakh) 1406",21/04/1999
"8 , Boishakh (Baisakh) 1406",22/04/1999
"9 , Boishakh (Baisakh) 1406",23/04/1999
"10 , Boishakh (Baisakh) 1406",24/04/1999
"11 , Boishakh (Baisakh) 1406",25/04/1999
"12 , Boishakh (Baisakh) 1406",26/04/1999
"13 , Boishakh (Baisakh) 1406",27/04/1999
"14 , Boishakh (Baisakh) 1406",28/04/1999
"15 , Boishakh (Baisakh) 1406",29/04/1999
"16 , Boishakh (Baisakh) 1406",30/04/1999
"17 , Boishakh (Baisakh) 1406",01/05/1999
"18 , Boishakh (Baisakh) 1406",02/05/1999
"19 , Boishakh (Baisakh) 1406",03/05/1999
"20 , Boishakh (Baisakh) 1406",04/05/1999
"21 , Boishakh (Baisakh) 1406",05/05/1999
"22 , Boishakh (Baisakh) 1406",06/05/1999
"23 , Boishakh (Baisakh) 1406",07/05/1999
"24 , Boishakh (Baisakh) 1406",08/05/1999
"25 , Boishakh (Baisakh) 1406",09/05/1999
"26 , Boishakh (Baisakh) 1406",10/05/1999
"27 , Boishakh (Baisakh) 1406",11/05/1999
"28 , Boishakh (Baisakh) 1406",12/05/1999
"29 , Boishakh (Baisakh) 1406",13/05/1999
"30 , Boishakh (Baisakh) 1406",14/05/1999
"31 , Boishakh (Baisakh) 1406",15/05/1999
"1 , Joishtho (Jaishtho) 1406",16/05/1999
"2 , Joishtho (Jaishtho) 1406",17/05/1999
"3 , Joishtho (Jaishtho) 1406",18/05/1999
"4 , Joishtho (Jaishtho) 1406",19/05/1999
"5 , Joishtho (Jaishtho) 1406",20/05/1999
"6 , Joishtho (Jaishtho) 1406",21/05/1999
"7 , Joishtho (Jaishtho) 1406",22/05/1999
"8 , Joishtho (Jaishtho) 1406",23/05/1999
"9 , Joishtho (Jaishtho) 1406",24/05/1999
"10 , Joishtho (Jaishtho) 1406",25/05/1999
"11 , Joishtho (Jaishtho) 1406",26/05/1999
"12 , Joishtho (Jaishtho) 1406",27/05/1999
"13 , Joishtho (Jaishtho) 1406",28/05/1999
"14 , Joishtho (Jaishtho) 1406",29/05/1999
"15 , Joishtho (Jaishtho) 1406",30/05/1999
"16 , Joishtho (Jaishtho) 1406",31/05/1999
"17 , Joishtho (Jaishtho) 1406",01/06/1999
"18 , Joishtho (Jaishtho) 1406",02/06/1999
"19 , Joishtho (Jaishtho) 1406",03/06/1999
"20 , Joishtho (Jaishtho) 1406",04/06/1999
"21 , Joishtho (Jaishtho) 1406",05/06/1999
"22 , Joishtho (Jaishtho) 1406",06/06/1999
"23 , Joishtho (Jaishtho) 1406",07/06/1999
"24 , Joishtho (Jaishtho) 1406",08/06/1999
"25 , Joishtho (Jaishtho) 1406",09/06/1999
"26 , Joishtho (Jaishtho) 1406",10/06/1999
"27 , Joishtho (Jaishtho) 1406",11/06/1999
"28 , Joishtho (Jaishtho) 1406",12/06/1999
"29 , Joishtho (Jaishtho) 1406",13/06/1999
"30 , Joishtho (Jaishtho) 1406",14/06/1999
"31 , Joishtho (Jaishtho) 1406",15/06/1999
"1 , Asharh (Aashar) 1406",16/06/1999
"2 , Asharh (Aashar) 1406",17/06/1999
"3 , Asharh (Aashar) 1406",18/06/1999
"4 , Asharh (Aashar) 1406",19/06/1999
"5 , Asharh (Aashar) 1406",20/06/1999
"6 , Asharh (Aashar) 1406",21/06/1999
"7 , Asharh (Aashar) 1406",22/06/1999
"8 , Asharh (Aashar) 1406",23/06/1999
"9 , Asharh (Aashar) 1406",24/06/1999
"10 , Asharh (Aashar) 1406",25/06/1999
"11 , Asharh (Aashar) 1406",26/06/1999
"12 , Asharh (Aashar) 1406",27/06/1999
"13 , Asharh (Aashar) 1406",28/06/1999
"14 , Asharh (Aashar) 1406",29/06/1999
"15 , Asharh (Aashar) 1406",30/06/1999
"16 , Asharh (Aashar) 1406",01/07/1999
"17 , Asharh (Aashar) 1406",02/07/1999
"18 , Asharh (Aashar) 1406",03/07/1999
"19 , Asharh (Aashar) 1406",04/07/1999
"20 , Asharh (Aashar) 1406",05/07/1999
"21 , Asharh (Aashar) 1406",06/07/1999
"22 , Asharh (Aashar) 1406",07/07/1999
"23 , Asharh (Aashar) 1406",08/07/1999
"24 , Asharh (Aashar) 1406",09/07/1999
"25 , Asharh (Aashar) 1406",10/07/1999
"26 , Asharh (Aashar) 1406",11/07/1999
"27 , Asharh (Aashar) 1406",12/07/1999
"28 , Asharh (Aashar) 1406",13/07/1999
"29 , Asharh (Aashar) 1406",14/07/1999
"30 , Asharh (Aashar) 1406",15/07/1999
"31 , Asharh (Aashar) 1406",16/07/1999
"32 , Asharh (Aashar) 1406",17/07/1999
"1 , Srabon (Shraban) 1406",18/07/1999
"2 , Srabon (Shraban) 1406",19/07/1999
"3 , Srabon (Shraban) 1406",20/07/1999
"4 , Srabon (Shraban) 1406",21/07/1999
"5 , Srabon (Shraban) 1406",22/07/1999
"6 , Srabon (Shraban) 1406",23/07/1999
"7 , Srabon (Shraban) 1406",24/07/1999
"8 , Srabon (Shraban) 1406",25/07/1999
"9 , Srabon (Shraban) 1406",26/07/1999
"10 , Srabon (Shraban) 1406",27/07/1999
"11 , Srabon (Shraban) 1406",28/07/1999
"12 , Srabon (Shraban) 1406",29/07/1999
"13 , Srabon (Shraban) 1406",30/07/1999
"14 , Srabon (Shraban) 1406",31/07/1999
"15 , Srabon (Shraban) 1406",01/08/1999
"16 , Srabon (Shraban) 1406",02/08/1999
"17 , Srabon (Shraban) 1406",03/08/1999
"18 , Srabon (Shraban) 1406",04/08/1999
"19 , Srabon (Shraban) 1406",05/08/1999
"20 , Srabon (Shraban) 1406",06/08/1999
"21 , Srabon (Shraban) 1406",07/08/1999
"22 , Srabon (Shraban) 1406",08/08/1999
"23 , Srabon (Shraban) 1406",09/08/1999
"24 , Srabon (Shraban) 1406",10/08/1999
"25 , Srabon (Shraban) 1406",11/08/1999
"26 , Srabon (Shraban) 1406",12/08/1999
"27 , Srabon (Shraban) 1406",13/08/1999
"28 , Srabon (Shraban) 1406",14/08/1999
"29 , Srabon (Shraban) 1406",15/08/1999
"30 , Srabon (Shraban) 1406",16/08/1999
"31 , Srabon (Shraban) 1406",17/08/1999
"1 , Bhadro (Bhadra) 1406",18/08/1999
"2 , Bhadro (Bhadra) 1406",19/08/1999
"3 , Bhadro (Bhadra) 1406",20/08/1999
"4 , Bhadro (Bhadra) 1406",21/08/1999
"5 , Bhadro (Bhadra) 1406",22/08/1999
"6 , Bhadro (Bhadra) 1406",23/08/1999
"7 , Bhadro (Bhadra) 1406",24/08/1999
"8 , Bhadro (Bhadra) 1406",25/08/1999
"9 , Bhadro (Bhadra) 1406",26/08/1999
"10 , Bhadro (Bhadra) 1406",27/08/1999
"11 , Bhadro (Bhadra) 1406",28/08/1999
"12 , Bhadro (Bhadra) 1406",29/08/1999
"13 , Bhadro (Bhadra) 1406",30/08/1999
"14 , Bhadro (Bhadra) 1406",31/08/1999
"15 , Bhadro (Bhadra) 1406",01/09/1999
"16 , Bhadro (Bhadra) 1406",02/09/1999
"17 , Bhadro (Bhadra) 1406",03/09/1999
"18 , Bhadro (Bhadra) 1406",04/09/1999
"19 , Bhadro (Bhadra) 1406",05/09/1999
"20 , Bhadro (Bhadra) 1406",06/09/1999
"21 , Bhadro (Bhadra) 1406",07/09/1999
"22 , Bhadro (Bhadra) 1406",08/09/1999
"23 , Bhadro (Bhadra) 1406",09/09/1999
"24 , Bhadro (Bhadra) 1406",10/09/1999
"25 , Bhadro (Bhadra) 1406",11/09/1999
"26 , Bhadro (Bhadra) 1406",12/09/1999
"27 , Bhadro (Bhadra) 1406",13/09/1999
"28 , Bhadro (Bhadra) 1406",14/09/1999
"29 , Bhadro (Bhadra) 1406",15/09/1999
"30 , Bhadro (Bhadra) 1406",16/09/1999
"31 , Bhadro (Bhadra) 1406",17/09/1999
"1 , Ashshin (Aashin) 1406",18/09/1999
"2 , Ashshin (Aashin) 1406",19/09/1999
"3 , Ashshin (Aashin) 1406",20/09/1999
"4 , Ashshin (Aashin) 1406",21/09/1999
"5 , Ashshin (Aashin) 1406",22/09/1999
"6 , Ashshin (Aashin) 1406",23/09/1999
"7 , Ashshin (Aashin) 1406",24/09/1999
"8 , Ashshin (Aashin) 1406",25/09/1999
"9 , Ashshin (Aashin) 1406",26/09/1999
"10 , Ashshin (Aashin) 1406",27/09/1999
"11 , Ashshin (Aashin) 1406",28/09/1999
"12 , Ashshin (Aashin) 1406",29/09/1999
"13 , Ashshin (Aashin) 1406",30/09/1999
"14 , Ashshin (Aashin) 1406",01/10/1999
"15 , Ashshin (Aashin) 1406",02/10/1999
"16 , Ashshin (Aashin) 1406",03/10/1999
"17 , Ashshin (Aashin) 1406",04/10/1999
"18 , Ashshin (Aashin) 1406",05/10/1999
"19 , Ashshin (Aashin) 1406",06/10/1999
"20 , Ashshin (Aashin) 1406",07/10/1999
"21 , Ashshin (Aashin) 1406",08/10/1999
"22 , Ashshin (Aashin) 1406",09/10/1999
"23 , Ashshin (Aashin) 1406",10/10/1999
"24 , Ashshin (Aashin) 1406",11/10/1999
"25 , Ashshin (Aashin) 1406",12/10/1999
"26 , Ashshin (Aashin) 1406",13/10/1999
"27 , Ashshin (Aashin) 1406",14/10/1999
"28 , Ashshin (Aashin) 1406",15/10/1999
"29 , Ashshin (Aashin) 1406",16/10/1999
"30 , Ashshin (Aashin) 1406",17/10/1999
"1 , Kartik 1406",18/10/1999
"2 , Kartik 1406",19/10/1999
"3 , Kartik 1406",20/10/1999
"4 , Kartik 1406",21/10/1999
"5 , Kartik 1406",22/10/1999
"6 , Kartik 1406",23/10/1999
"7 , Kartik 1406",24/10/1999
"8 , Kartik 1406",25/10/1999
"9 , Kartik 1406",26/10/1999
"10 , Kartik 1406",27/10/1999
"11 , Kartik 1406",28/10/1999
"12 , Kartik 1406",29/10/1999
"13 , Kartik 1406",30/10/1999
"14 , Kartik 1406",31/10/1999
"15 , Kartik 1406",01/11/1999
"16 , Kartik 1406",02/11/1999
"17 , Kartik 1406",03/11/1999
"18 , Kartik 1406",04/11/1999
"19 , Kartik 1406",05/11/1999
"20 , Kartik 1406",06/11/1999
"21 , Kartik 1406",07/11/1999
"22 , Kartik 1406",08/11/1999
"23 , Kartik 1406",09/11/1999
"24 , Kartik 1406",10/11/1999
"25 , Kartik 1406",11/11/1999
"26 , Kartik 1406",12/11/1999
"27 , Kartik 1406",13/11/1999
"28 , Kartik 1406",14/11/1999
"29 , Kartik 1406",15/11/1999
"30 , Kartik 1406",16/11/1999
"1 , Ogrohaeon (Agrahan) 1406",17/11/1999
"2 , Ogrohaeon (Agrahan) 1406",18/11/1999
"3 , Ogrohaeon (Agrahan) 1406",19/11/1999
"4 , Ogrohaeon (Agrahan) 1406",20/11/1999
"5 , Ogrohaeon (Agrahan) 1406",21/11/1999
"6 , Ogrohaeon (Agrahan) 1406",22/11/1999
"7 , Ogrohaeon (Agrahan) 1406",23/11/1999
"8 , Ogrohaeon (Agrahan) 1406",24/11/1999
"9 , Ogrohaeon (Agrahan) 1406",25/11/1999
"10 , Ogrohaeon (Agrahan) 1406",26/11/1999
"11 , Ogrohaeon (Agrahan) 1406",27/11/1999
"12 , Ogrohaeon (Agrahan) 1406",28/11/1999
"13 , Ogrohaeon (Agrahan) 1406",29/11/1999
"14 , Ogrohaeon (Agrahan) 1406",30/11/1999
"15 , Ogrohaeon (Agrahan) 1406",01/12/1999
"16 , Ogrohaeon (Agrahan) 1406",02/12/1999
"17 , Ogrohaeon (Agrahan) 1406",03/12/1999
"18 , Ogrohaeon (Agrahan) 1406",04/12/1999
"19 , Ogrohaeon (Agrahan) 1406",05/12/1999
"20 , Ogrohaeon (Agrahan) 1406",06/12/1999
"21 , Ogrohaeon (Agrahan) 1406",07/12/1999
"22 , Ogrohaeon (Agrahan) 1406",08/12/1999
"23 , Ogrohaeon (Agrahan) 1406",09/12/1999
"24 , Ogrohaeon (Agrahan) 1406",10/12/1999
"25 , Ogrohaeon (Agrahan) 1406",11/12/1999
"26 , Ogrohaeon (Agrahan) 1406",12/12/1999
"27 , Ogrohaeon (Agrahan) 1406",13/12/1999
"28 , Ogrohaeon (Agrahan) 1406",14/12/1999
"29 , Ogrohaeon (Agrahan) 1406",15/12/1999
"30 , Ogrohaeon (Agrahan) 1406",16/12/1999
"1 , Poush 1406",17/12/1999
"2 , Poush 1406",18/12/1999
"3 , Poush 1406",19/12/1999
"4 , Poush 1406",20/12/1999
"5 , Poush 1406",21/12/1999
"6 , Poush 1406",22/12/1999
"7 , Poush 1406",23/12/1999
"8 , Poush 1406",24/12/1999
"9 , Poush 1406",25/12/1999
"10 , Poush 1406",26/12/1999
"11 , Poush 1406",27/12/1999
"12 , Poush 1406",28/12/1999
"13 , Poush 1406",29/12/1999
"14 , Poush 1406",30/12/1999
"15 , Poush 1406",31/12/1999
"16 , Poush 1406",01/01/2000
"17 , Poush 1406",02/01/2000
"18 , Poush 1406",03/01/2000
"19 , Poush 1406",04/01/2000
"20 , Poush 1406",05/01/2000
"21 , Poush 1406",06/01/2000
"22 , Poush 1406",07/01/2000
"23 , Poush 1406",08/01/2000
"24 , Poush 1406",09/01/2000
"25 , Poush 1406",10/01/2000
"26 , Poush 1406",11/01/2000
"27 , Poush 1406",12/01/2000
"28 , Poush 1406",13/01/2000
"29 , Poush 1406",14/01/2000
"1 , Magh (Maagh) 1407",15/01/2000
"2 , Magh (Maagh) 1407",16/01/2000
"3 , Magh (Maagh) 1407",17/01/2000
"4 , Magh (Maagh) 1407",18/01/2000
"5 , Magh (Maagh) 1407",19/01/2000
"6 , Magh (Maagh) 1407",20/01/2000
"7 , Magh (Maagh) 1407",21/01/2000
"8 , Magh (Maagh) 1407",22/01/2000
"9 , Magh (Maagh) 1407",23/01/2000
"10 , Magh (Maagh) 1407",24/01/2000
"11 , Magh (Maagh) 1407",25/01/2000
"12 , Magh (Maagh) 1407",26/01/2000
"13 , Magh (Maagh) 1407",27/01/2000
"14 , Magh (Maagh) 1407",28/01/2000
"15 , Magh (Maagh) 1407",29/01/2000
"16 , Magh (Maagh) 1407",30/01/2000
"17 , Magh (Maagh) 1407",31/01/2000
"18 , Magh (Maagh) 1407",01/02/2000
"19 , Magh (Maagh) 1407",02/02/2000
"20 , Magh (Maagh) 1407",03/02/2000
"21 , Magh (Maagh) 1407",04/02/2000
"22 , Magh (Maagh) 1407",05/02/2000
"23 , Magh (Maagh) 1407",06/02/2000
"24 , Magh (Maagh) 1407",07/02/2000
"25 , Magh (Maagh) 1407",08/02/2000
"26 , Magh (Maagh) 1407",09/02/2000
"27 , Magh (Maagh) 1407",10/02/2000
"28 , Magh (Maagh) 1407",11/02/2000
"29 , Magh (Maagh) 1407",12/02/2000
"30 , Magh (Maagh) 1407",13/02/2000
"1 , Falgun (Phalgun) 1407",14/02/2000
"2 , Falgun (Phalgun) 1407",15/02/2000
"3 , Falgun (Phalgun) 1407",16/02/2000
"4 , Falgun (Phalgun) 1407",17/02/2000
"5 , Falgun (Phalgun) 1407",18/02/2000
"6 , Falgun (Phalgun) 1407",19/02/2000
"7 , Falgun (Phalgun) 1407",20/02/2000
"8 , Falgun (Phalgun) 1407",21/02/2000
"9 , Falgun (Phalgun) 1407",22/02/2000
"10 , Falgun (Phalgun) 1407",23/02/2000
"11 , Falgun (Phalgun) 1407",24/02/2000
"12 , Falgun (Phalgun) 1407",25/02/2000
"13 , Falgun (Phalgun) 1407",26/02/2000
"14 , Falgun (Phalgun) 1407",27/02/2000
"15 , Falgun (Phalgun) 1407",28/02/2000
"16 , Falgun (Phalgun) 1407",29/02/2000
"17 , Falgun (Phalgun) 1407",01/03/2000
"18 , Falgun (Phalgun) 1407",02/03/2000
"19 , Falgun (Phalgun) 1407",03/03/2000
"20 , Falgun (Phalgun) 1407",04/03/2000
"21 , Falgun (Phalgun) 1407",05/03/2000
"22 , Falgun (Phalgun) 1407",06/03/2000
"23 , Falgun (Phalgun) 1407",07/03/2000
"24 , Falgun (Phalgun) 1407",08/03/2000
"25 , Falgun (Phalgun) 1407",09/03/2000
"26 , Falgun (Phalgun) 1407",10/03/2000
"27 , Falgun (Phalgun) 1407",11/03/2000
"28 , Falgun (Phalgun) 1407",12/03/2000
"29 , Falgun (Phalgun) 1407",13/03/2000
"30 , Falgun (Phalgun) 1407",14/03/2000
"1 , Choitro (Chaitra) 1407",15/03/2000
"2 , Choitro (Chaitra) 1407",16/03/2000
"3 , Choitro (Chaitra) 1407",17/03/2000
"4 , Choitro (Chaitra) 1407",18/03/2000
"5 , Choitro (Chaitra) 1407",19/03/2000
"6 , Choitro (Chaitra) 1407",20/03/2000
"7 , Choitro (Chaitra) 1407",21/03/2000
"8 , Choitro (Chaitra) 1407",22/03/2000
"9 , Choitro (Chaitra) 1407",23/03/2000
"10 , Choitro (Chaitra) 1407",24/03/2000
"11 , Choitro (Chaitra) 1407",25/03/2000
"12 , Choitro (Chaitra) 1407",26/03/2000
"13 , Choitro (Chaitra) 1407",27/03/2000
"14 , Choitro (Chaitra) 1407",28/03/2000
"15 , Choitro (Chaitra) 1407",29/03/2000
"16 , Choitro (Chaitra) 1407",30/03/2000
"17 , Choitro (Chaitra) 1407",31/03/2000
"18 , Choitro (Chaitra) 1407",01/04/2000
"19 , Choitro (Chaitra) 1407",02/04/2000
"20 , Choitro (Chaitra) 1407",03/04/2000
"21 , Choitro (Chaitra) 1407",04/04/2000
"22 , Choitro (Chaitra) 1407",05/04/2000
"23 , Choitro (Chaitra) 1407",06/04/2000
"24 , Choitro (Chaitra) 1407",07/04/2000
"25 , Choitro (Chaitra) 1407",08/04/2000
"26 , Choitro (Chaitra) 1407",09/04/2000
"27 , Choitro (Chaitra) 1407",10/04/2000
"28 , Choitro (Chaitra) 1407",11/04/2000
"29 , Choitro (Chaitra) 1407",12/04/2000
"30 , Choitro (Chaitra) 1407",13/04/2000
"1 , Boishakh (Baisakh) 1407",14/04/2000
"2 , Boishakh (Baisakh) 1407",15/04/2000
"3 , Boishakh (Baisakh) 1407",16/04/2000
"4 , Boishakh (Baisakh) 1407",17/04/2000
"5 , Boishakh (Baisakh) 1407",18/04/2000
"6 , Boishakh (Baisakh) 1407",19/04/2000
"7 , Boishakh (Baisakh) 1407",20/04/2000
"8 , Boishakh (Baisakh) 1407",21/04/2000
"9 , Boishakh (Baisakh) 1407",22/04/2000
"10 , Boishakh (Baisakh) 1407",23/04/2000
"11 , Boishakh (Baisakh) 1407",24/04/2000
"12 , Boishakh (Baisakh) 1407",25/04/2000
"13 , Boishakh (Baisakh) 1407",26/04/2000
"14 , Boishakh (Baisakh) 1407",27/04/2000
"15 , Boishakh (Baisakh) 1407",28/04/2000
"16 , Boishakh (Baisakh) 1407",29/04/2000
"17 , Boishakh (Baisakh) 1407",30/04/2000
"18 , Boishakh (Baisakh) 1407",01/05/2000
"19 , Boishakh (Baisakh) 1407",02/05/2000
"20 , Boishakh (Baisakh) 1407",03/05/2000
"21 , Boishakh (Baisakh) 1407",04/05/2000
"22 , Boishakh (Baisakh) 1407",05/05/2000
"23 , Boishakh (Baisakh) 1407",06/05/2000
"24 , Boishakh (Baisakh) 1407",07/05/2000
"25 , Boishakh (Baisakh) 1407",08/05/2000
"26 , Boishakh (Baisakh) 1407",09/05/2000
"27 , Boishakh (Baisakh) 1407",10/05/2000
"28 , Boishakh (Baisakh) 1407",11/05/2000
"29 , Boishakh (Baisakh) 1407",12/05/2000
"30 , Boishakh (Baisakh) 1407",13/05/2000
"31 , Boishakh (Baisakh) 1407",14/05/2000
"1 , Joishtho (Jaishtho) 1407",15/05/2000
"2 , Joishtho (Jaishtho) 1407",16/05/2000
"3 , Joishtho (Jaishtho) 1407",17/05/2000
"4 , Joishtho (Jaishtho) 1407",18/05/2000
"5 , Joishtho (Jaishtho) 1407",19/05/2000
"6 , Joishtho (Jaishtho) 1407",20/05/2000
"7 , Joishtho (Jaishtho) 1407",21/05/2000
"8 , Joishtho (Jaishtho) 1407",22/05/2000
"9 , Joishtho (Jaishtho) 1407",23/05/2000
"10 , Joishtho (Jaishtho) 1407",24/05/2000
"11 , Joishtho (Jaishtho) 1407",25/05/2000
"12 , Joishtho (Jaishtho) 1407",26/05/2000
"13 , Joishtho (Jaishtho) 1407",27/05/2000
"14 , Joishtho (Jaishtho) 1407",28/05/2000
"15 , Joishtho (Jaishtho) 1407",29/05/2000
"16 , Joishtho (Jaishtho) 1407",30/05/2000
"17 , Joishtho (Jaishtho) 1407",31/05/2000
"18 , Joishtho (Jaishtho) 1407",01/06/2000
"19 , Joishtho (Jaishtho) 1407",02/06/2000
"20 , Joishtho (Jaishtho) 1407",03/06/2000
"21 , Joishtho (Jaishtho) 1407",04/06/2000
"22 , Joishtho (Jaishtho) 1407",05/06/2000
"23 , Joishtho (Jaishtho) 1407",06/06/2000
"24 , Joishtho (Jaishtho) 1407",07/06/2000
"25 , Joishtho (Jaishtho) 1407",08/06/2000
"26 , Joishtho (Jaishtho) 1407",09/06/2000
"27 , Joishtho (Jaishtho) 1407",10/06/2000
"28 , Joishtho (Jaishtho) 1407",11/06/2000
"29 , Joishtho (Jaishtho) 1407",12/06/2000
"30 , Joishtho (Jaishtho) 1407",13/06/2000
"31 , Joishtho (Jaishtho) 1407",14/06/2000
"1 , Asharh (Aashar) 1407",15/06/2000
"2 , Asharh (Aashar) 1407",16/06/2000
"3 , Asharh (Aashar) 1407",17/06/2000
"4 , Asharh (Aashar) 1407",18/06/2000
"5 , Asharh (Aashar) 1407",19/06/2000
"6 , Asharh (Aashar) 1407",20/06/2000
"7 , Asharh (Aashar) 1407",21/06/2000
"8 , Asharh (Aashar) 1407",22/06/2000
"9 , Asharh (Aashar) 1407",23/06/2000
"10 , Asharh (Aashar) 1407",24/06/2000
"11 , Asharh (Aashar) 1407",25/06/2000
"12 , Asharh (Aashar) 1407",26/06/2000
"13 , Asharh (Aashar) 1407",27/06/2000
"14 , Asharh (Aashar) 1407",28/06/2000
"15 , Asharh (Aashar) 1407",29/06/2000
"16 , Asharh (Aashar) 1407",30/06/2000
"17 , Asharh (Aashar) 1407",01/07/2000
"18 , Asharh (Aashar) 1407",02/07/2000
"19 , Asharh (Aashar) 1407",03/07/2000
"20 , Asharh (Aashar) 1407",04/07/2000
"21 , Asharh (Aashar) 1407",05/07/2000
"22 , Asharh (Aashar) 1407",06/07/2000
"23 , Asharh (Aashar) 1407",07/07/2000
"24 , Asharh (Aashar) 1407",08/07/2000
"25 , Asharh (Aashar) 1407",09/07/2000
"26 , Asharh (Aashar) 1407",10/07/2000
"27 , Asharh (Aashar) 1407",11/07/2000
"28 , Asharh (Aashar) 1407",12/07/2000
"29 , Asharh (Aashar) 1407",13/07/2000
"30 , Asharh (Aashar) 1407",14/07/2000
"31 , Asharh (Aashar) 1407",15/07/2000
"32 , Asharh (Aashar) 1407",16/07/2000
"1 , Srabon (Shraban) 1407",17/07/2000
"2 , Srabon (Shraban) 1407",18/07/2000
"3 , Srabon (Shraban) 1407",19/07/2000
"4 , Srabon (Shraban) 1407",20/07/2000
"5 , Srabon (Shraban) 1407",21/07/2000
"6 , Srabon (Shraban) 1407",22/07/2000
"7 , Srabon (Shraban) 1407",23/07/2000
"8 , Srabon (Shraban) 1407",24/07/2000
"9 , Srabon (Shraban) 1407",25/07/2000
"10 , Srabon (Shraban) 1407",26/07/2000
"11 , Srabon (Shraban) 1407",27/07/2000
"12 , Srabon (Shraban) 1407",28/07/2000
"13 , Srabon (Shraban) 1407",29/07/2000
"14 , Srabon (Shraban) 1407",30/07/2000
"15 , Srabon (Shraban) 1407",31/07/2000
"16 , Srabon (Shraban) 1407",01/08/2000
"17 , Srabon (Shraban) 1407",02/08/2000
"18 , Srabon (Shraban) 1407",03/08/2000
"19 , Srabon (Shraban) 1407",04/08/2000
"20 , Srabon (Shraban) 1407",05/08/2000
"21 , Srabon (Shraban) 1407",06/08/2000
"22 , Srabon (Shraban) 1407",07/08/2000
"23 , Srabon (Shraban) 1407",08/08/2000
"24 , Srabon (Shraban) 1407",09/08/2000
"25 , Srabon (Shraban) 1407",10/08/2000
"26 , Srabon (Shraban) 1407",11/08/2000
"27 , Srabon (Shraban) 1407",12/08/2000
"28 , Srabon (Shraban) 1407",13/08/2000
"29 , Srabon (Shraban) 1407",14/08/2000
"30 , Srabon (Shraban) 1407",15/08/2000
"31 , Srabon (Shraban) 1407",16/08/2000
"32 , Srabon (Shraban) 1407",17/08/2000
"1 , Bhadro (Bhadra) 1407",18/08/2000
"2 , Bhadro (Bhadra) 1407",19/08/2000
"3 , Bhadro (Bhadra) 1407",20/08/2000
"4 , Bhadro (Bhadra) 1407",21/08/2000
"5 , Bhadro (Bhadra) 1407",22/08/2000
"6 , Bhadro (Bhadra) 1407",23/08/2000
"7 , Bhadro (Bhadra) 1407",24/08/2000
"8 , Bhadro (Bhadra) 1407",25/08/2000
"9 , Bhadro (Bhadra) 1407",26/08/2000
"10 , Bhadro (Bhadra) 1407",27/08/2000
"11 , Bhadro (Bhadra) 1407",28/08/2000
"12 , Bhadro (Bhadra) 1407",29/08/2000
"13 , Bhadro (Bhadra) 1407",30/08/2000
"14 , Bhadro (Bhadra) 1407",31/08/2000
"15 , Bhadro (Bhadra) 1407",01/09/2000
"16 , Bhadro (Bhadra) 1407",02/09/2000
"17 , Bhadro (Bhadra) 1407",03/09/2000
"18 , Bhadro (Bhadra) 1407",04/09/2000
"19 , Bhadro (Bhadra) 1407",05/09/2000
"20 , Bhadro (Bhadra) 1407",06/09/2000
"21 , Bhadro (Bhadra) 1407",07/09/2000
"22 , Bhadro (Bhadra) 1407",08/09/2000
"23 , Bhadro (Bhadra) 1407",09/09/2000
"24 , Bhadro (Bhadra) 1407",10/09/2000
"25 , Bhadro (Bhadra) 1407",11/09/2000
"26 , Bhadro (Bhadra) 1407",12/09/2000
"27 , Bhadro (Bhadra) 1407",13/09/2000
"28 , Bhadro (Bhadra) 1407",14/09/2000
"29 , Bhadro (Bhadra) 1407",15/09/2000
"30 , Bhadro (Bhadra) 1407",16/09/2000
"31 , Bhadro (Bhadra) 1407",17/09/2000
"1 , Ashshin (Aashin) 1407",18/09/2000
"2 , Ashshin (Aashin) 1407",19/09/2000
"3 , Ashshin (Aashin) 1407",20/09/2000
"4 , Ashshin (Aashin) 1407",21/09/2000
"5 , Ashshin (Aashin) 1407",22/09/2000
"6 , Ashshin (Aashin) 1407",23/09/2000
"7 , Ashshin (Aashin) 1407",24/09/2000
"8 , Ashshin (Aashin) 1407",25/09/2000
"9 , Ashshin (Aashin) 1407",26/09/2000
"10 , Ashshin (Aashin) 1407",27/09/2000
"11 , Ashshin (Aashin) 1407",28/09/2000
"12 , Ashshin (Aashin) 1407",29/09/2000
"13 , Ashshin (Aashin) 1407",30/09/2000
"14 , Ashshin (Aashin) 1407",01/10/2000
"15 , Ashshin (Aashin) 1407",02/10/2000
"16 , Ashshin (Aashin) 1407",03/10/2000
"17 , Ashshin (Aashin) 1407",04/10/2000
"18 , Ashshin (Aashin) 1407",05/10/2000
"19 , Ashshin (Aashin) 1407",06/10/2000
"20 , Ashshin (Aashin) 1407",07/10/2000
"21 , Ashshin (Aashin) 1407",08/10/2000
"22 , Ashshin (Aashin) 1407",09/10/2000
"23 , Ashshin (Aashin) 1407",10/10/2000
"24 , Ashshin (Aashin) 1407",11/10/2000
"25 , Ashshin (Aashin) 1407",12/10/2000
"26 , Ashshin (Aashin) 1407",13/10/2000
"27 , Ashshin (Aashin) 1407",14/10/2000
"28 , Ashshin (Aashin) 1407",15/10/2000
"29 , Ashshin (Aashin) 1407",16/10/2000
"30 , Ashshin (Aashin) 1407",17/10/2000
"1 , Kartik 1407",18/10/2000
"2 , Kartik 1407",19/10/2000
"3 , Kartik 1407",20/10/2000
"4 , Kartik 1407",21/10/2000
"5 , Kartik 1407",22/10/2000
"6 , Kartik 1407",23/10/2000
"7 , Kartik 1407",24/10/2000
"8 , Kartik 1407",25/10/2000
"9 , Kartik 1407",26/10/2000
"10 , Kartik 1407",27/10/2000
"11 , Kartik 1407",28/10/2000
"12 , Kartik 1407",29/10/2000
"13 , Kartik 1407",30/10/2000
"14 , Kartik 1407",31/10/2000
"15 , Kartik 1407",01/11/2000
"16 , Kartik 1407",02/11/2000
"17 , Kartik 1407",03/11/2000
"18 , Kartik 1407",04/11/2000
"19 , Kartik 1407",05/11/2000
"20 , Kartik 1407",06/11/2000
"21 , Kartik 1407",07/11/2000
"22 , Kartik 1407",08/11/2000
"23 , Kartik 1407",09/11/2000
"24 , Kartik 1407",10/11/2000
"25 , Kartik 1407",11/11/2000
"26 , Kartik 1407",12/11/2000
"27 , Kartik 1407",13/11/2000
"28 , Kartik 1407",14/11/2000
"29 , Kartik 1407",15/11/2000
"30 , Kartik 1407",16/11/2000
"1 , Ogrohaeon (Agrahan) 1407",17/11/2000
"2 , Ogrohaeon (Agrahan) 1407",18/11/2000
"3 , Ogrohaeon (Agrahan) 1407",19/11/2000
"4 , Ogrohaeon (Agrahan) 1407",20/11/2000
"5 , Ogrohaeon (Agrahan) 1407",21/11/2000
"6 , Ogrohaeon (Agrahan) 1407",22/11/2000
"7 , Ogrohaeon (Agrahan) 1407",23/11/2000
"8 , Ogrohaeon (Agrahan) 1407",24/11/2000
"9 , Ogrohaeon (Agrahan) 1407",25/11/2000
"10 , Ogrohaeon (Agrahan) 1407",26/11/2000
"11 , Ogrohaeon (Agrahan) 1407",27/11/2000
"12 , Ogrohaeon (Agrahan) 1407",28/11/2000
"13 , Ogrohaeon (Agrahan) 1407",29/11/2000
"14 , Ogrohaeon (Agrahan) 1407",30/11/2000
"15 , Ogrohaeon (Agrahan) 1407",01/12/2000
"16 , Ogrohaeon (Agrahan) 1407",02/12/2000
"17 , Ogrohaeon (Agrahan) 1407",03/12/2000
"18 , Ogrohaeon (Agrahan) 1407",04/12/2000
"19 , Ogrohaeon (Agrahan) 1407",05/12/2000
"20 , Ogrohaeon (Agrahan) 1407",06/12/2000
"21 , Ogrohaeon (Agrahan) 1407",07/12/2000
"22 , Ogrohaeon (Agrahan) 1407",08/12/2000
"23 , Ogrohaeon (Agrahan) 1407",09/12/2000
"24 , Ogrohaeon (Agrahan) 1407",10/12/2000
"25 , Ogrohaeon (Agrahan) 1407",11/12/2000
"26 , Ogrohaeon (Agrahan) 1407",12/12/2000
"27 , Ogrohaeon (Agrahan) 1407",13/12/2000
"28 , Ogrohaeon (Agrahan) 1407",14/12/2000
"29 , Ogrohaeon (Agrahan) 1407",15/12/2000
"1 , Poush 1407",16/12/2000
"2 , Poush 1407",17/12/2000
"3 , Poush 1407",18/12/2000
"4 , Poush 1407",19/12/2000
"5 , Poush 1407",20/12/2000
"6 , Poush 1407",21/12/2000
"7 , Poush 1407",22/12/2000
"8 , Poush 1407",23/12/2000
"9 , Poush 1407",24/12/2000
"10 , Poush 1407",25/12/2000
"11 , Poush 1407",26/12/2000
"12 , Poush 1407",27/12/2000
"13 , Poush 1407",28/12/2000
"14 , Poush 1407",29/12/2000
"15 , Poush 1407",30/12/2000
"16 , Poush 1407",31/12/2000
"17 , Poush 1407",01/01/2001
"18 , Poush 1407",02/01/2001
"19 , Poush 1407",03/01/2001
"20 , Poush 1407",04/01/2001
"21 , Poush 1407",05/01/2001
"22 , Poush 1407",06/01/2001
"23 , Poush 1407",07/01/2001
"24 , Poush 1407",08/01/2001
"25 , Poush 1407",09/01/2001
"26 , Poush 1407",10/01/2001
"27 , Poush 1407",11/01/2001
"28 , Poush 1407",12/01/2001
"29 , Poush 1407",13/01/2001
"30 , Poush 1407",14/01/2001
"1 , Magh (Maagh) 1408",15/01/2001
"2 , Magh (Maagh) 1408",16/01/2001
"3 , Magh (Maagh) 1408",17/01/2001
"4 , Magh (Maagh) 1408",18/01/2001
"5 , Magh (Maagh) 1408",19/01/2001
"6 , Magh (Maagh) 1408",20/01/2001
"7 , Magh (Maagh) 1408",21/01/2001
"8 , Magh (Maagh) 1408",22/01/2001
"9 , Magh (Maagh) 1408",23/01/2001
"10 , Magh (Maagh) 1408",24/01/2001
"11 , Magh (Maagh) 1408",25/01/2001
"12 , Magh (Maagh) 1408",26/01/2001
"13 , Magh (Maagh) 1408",27/01/2001
"14 , Magh (Maagh) 1408",28/01/2001
"15 , Magh (Maagh) 1408",29/01/2001
"16 , Magh (Maagh) 1408",30/01/2001
"17 , Magh (Maagh) 1408",31/01/2001
"18 , Magh (Maagh) 1408",01/02/2001
"19 , Magh (Maagh) 1408",02/02/2001
"20 , Magh (Maagh) 1408",03/02/2001
"21 , Magh (Maagh) 1408",04/02/2001
"22 , Magh (Maagh) 1408",05/02/2001
"23 , Magh (Maagh) 1408",06/02/2001
"24 , Magh (Maagh) 1408",07/02/2001
"25 , Magh (Maagh) 1408",08/02/2001
"26 , Magh (Maagh) 1408",09/02/2001
"27 , Magh (Maagh) 1408",10/02/2001
"28 , Magh (Maagh) 1408",11/02/2001
"29 , Magh (Maagh) 1408",12/02/2001
"1 , Falgun (Phalgun) 1408",13/02/2001
"2 , Falgun (Phalgun) 1408",14/02/2001
"3 , Falgun (Phalgun) 1408",15/02/2001
"4 , Falgun (Phalgun) 1408",16/02/2001
"5 , Falgun (Phalgun) 1408",17/02/2001
"6 , Falgun (Phalgun) 1408",18/02/2001
"7 , Falgun (Phalgun) 1408",19/02/2001
"8 , Falgun (Phalgun) 1408",20/02/2001
"9 , Falgun (Phalgun) 1408",21/02/2001
"10 , Falgun (Phalgun) 1408",22/02/2001
"11 , Falgun (Phalgun) 1408",23/02/2001
"12 , Falgun (Phalgun) 1408",24/02/2001
"13 , Falgun (Phalgun) 1408",25/02/2001
"14 , Falgun (Phalgun) 1408",26/02/2001
"15 , Falgun (Phalgun) 1408",27/02/2001
"16 , Falgun (Phalgun) 1408",28/02/2001
"17 , Falgun (Phalgun) 1408",01/03/2001
"18 , Falgun (Phalgun) 1408",02/03/2001
"19 , Falgun (Phalgun) 1408",03/03/2001
"20 , Falgun (Phalgun) 1408",04/03/2001
"21 , Falgun (Phalgun) 1408",05/03/2001
"22 , Falgun (Phalgun) 1408",06/03/2001
"23 , Falgun (Phalgun) 1408",07/03/2001
"24 , Falgun (Phalgun) 1408",08/03/2001
"25 , Falgun (Phalgun) 1408",09/03/2001
"26 , Falgun (Phalgun) 1408",10/03/2001
"27 , Falgun (Phalgun) 1408",11/03/2001
"28 , Falgun (Phalgun) 1408",12/03/2001
"29 , Falgun (Phalgun) 1408",13/03/2001
"30 , Falgun (Phalgun) 1408",14/03/2001
"1 , Choitro (Chaitra) 1408",15/03/2001
"2 , Choitro (Chaitra) 1408",16/03/2001
"3 , Choitro (Chaitra) 1408",17/03/2001
"4 , Choitro (Chaitra) 1408",18/03/2001
"5 , Choitro (Chaitra) 1408",19/03/2001
"6 , Choitro (Chaitra) 1408",20/03/2001
"7 , Choitro (Chaitra) 1408",21/03/2001
"8 , Choitro (Chaitra) 1408",22/03/2001
"9 , Choitro (Chaitra) 1408",23/03/2001
"10 , Choitro (Chaitra) 1408",24/03/2001
"11 , Choitro (Chaitra) 1408",25/03/2001
"12 , Choitro (Chaitra) 1408",26/03/2001
"13 , Choitro (Chaitra) 1408",27/03/2001
"14 , Choitro (Chaitra) 1408",28/03/2001
"15 , Choitro (Chaitra) 1408",29/03/2001
"16 , Choitro (Chaitra) 1408",30/03/2001
"17 , Choitro (Chaitra) 1408",31/03/2001
"18 , Choitro (Chaitra) 1408",01/04/2001
"19 , Choitro (Chaitra) 1408",02/04/2001
"20 , Choitro (Chaitra) 1408",03/04/2001
"21 , Choitro (Chaitra) 1408",04/04/2001
"22 , Choitro (Chaitra) 1408",05/04/2001
"23 , Choitro (Chaitra) 1408",06/04/2001
"24 , Choitro (Chaitra) 1408",07/04/2001
"25 , Choitro (Chaitra) 1408",08/04/2001
"26 , Choitro (Chaitra) 1408",09/04/2001
"27 , Choitro (Chaitra) 1408",10/04/2001
"28 , Choitro (Chaitra) 1408",11/04/2001
"29 , Choitro (Chaitra) 1408",12/04/2001
"30 , Choitro (Chaitra) 1408",13/04/2001
"1 , Boishakh (Baisakh) 1408",14/04/2001
"2 , Boishakh (Baisakh) 1408",15/04/2001
"3 , Boishakh (Baisakh) 1408",16/04/2001
"4 , Boishakh (Baisakh) 1408",17/04/2001
"5 , Boishakh (Baisakh) 1408",18/04/2001
"6 , Boishakh (Baisakh) 1408",19/04/2001
"7 , Boishakh (Baisakh) 1408",20/04/2001
"8 , Boishakh (Baisakh) 1408",21/04/2001
"9 , Boishakh (Baisakh) 1408",22/04/2001
"10 , Boishakh (Baisakh) 1408",23/04/2001
"11 , Boishakh (Baisakh) 1408",24/04/2001
"12 , Boishakh (Baisakh) 1408",25/04/2001
"13 , Boishakh (Baisakh) 1408",26/04/2001
"14 , Boishakh (Baisakh) 1408",27/04/2001
"15 , Boishakh (Baisakh) 1408",28/04/2001
"16 , Boishakh (Baisakh) 1408",29/04/2001
"17 , Boishakh (Baisakh) 1408",30/04/2001
"18 , Boishakh (Baisakh) 1408",01/05/2001
"19 , Boishakh (Baisakh) 1408",02/05/2001
"20 , Boishakh (Baisakh) 1408",03/05/2001
"21 , Boishakh (Baisakh) 1408",04/05/2001
"22 , Boishakh (Baisakh) 1408",05/05/2001
"23 , Boishakh (Baisakh) 1408",06/05/2001
"24 , Boishakh (Baisakh) 1408",07/05/2001
"25 , Boishakh (Baisakh) 1408",08/05/2001
"26 , Boishakh (Baisakh) 1408",09/05/2001
"27 , Boishakh (Baisakh) 1408",10/05/2001
"28 , Boishakh (Baisakh) 1408",11/05/2001
"29 , Boishakh (Baisakh) 1408",12/05/2001
"30 , Boishakh (Baisakh) 1408",13/05/2001
"31 , Boishakh (Baisakh) 1408",14/05/2001
"1 , Joishtho (Jaishtho) 1408",15/05/2001
"2 , Joishtho (Jaishtho) 1408",16/05/2001
"3 , Joishtho (Jaishtho) 1408",17/05/2001
"4 , Joishtho (Jaishtho) 1408",18/05/2001
"5 , Joishtho (Jaishtho) 1408",19/05/2001
"6 , Joishtho (Jaishtho) 1408",20/05/2001
"7 , Joishtho (Jaishtho) 1408",21/05/2001
"8 , Joishtho (Jaishtho) 1408",22/05/2001
"9 , Joishtho (Jaishtho) 1408",23/05/2001
"10 , Joishtho (Jaishtho) 1408",24/05/2001
"11 , Joishtho (Jaishtho) 1408",25/05/2001
"12 , Joishtho (Jaishtho) 1408",26/05/2001
"13 , Joishtho (Jaishtho) 1408",27/05/2001
"14 , Joishtho (Jaishtho) 1408",28/05/2001
"15 , Joishtho (Jaishtho) 1408",29/05/2001
"16 , Joishtho (Jaishtho) 1408",30/05/2001
"17 , Joishtho (Jaishtho) 1408",31/05/2001
"18 , Joishtho (Jaishtho) 1408",01/06/2001
"19 , Joishtho (Jaishtho) 1408",02/06/2001
"20 , Joishtho (Jaishtho) 1408",03/06/2001
"21 , Joishtho (Jaishtho) 1408",04/06/2001
"22 , Joishtho (Jaishtho) 1408",05/06/2001
"23 , Joishtho (Jaishtho) 1408",06/06/2001
"24 , Joishtho (Jaishtho) 1408",07/06/2001
"25 , Joishtho (Jaishtho) 1408",08/06/2001
"26 , Joishtho (Jaishtho) 1408",09/06/2001
"27 , Joishtho (Jaishtho) 1408",10/06/2001
"28 , Joishtho (Jaishtho) 1408",11/06/2001
"29 , Joishtho (Jaishtho) 1408",12/06/2001
"30 , Joishtho (Jaishtho) 1408",13/06/2001
"31 , Joishtho (Jaishtho) 1408",14/06/2001
"32 , Joishtho (Jaishtho) 1408",15/06/2001
"1 , Asharh (Aashar) 1408",16/06/2001
"2 , Asharh (Aashar) 1408",17/06/2001
"3 , Asharh (Aashar) 1408",18/06/2001
"4 , Asharh (Aashar) 1408",19/06/2001
"5 , Asharh (Aashar) 1408",20/06/2001
"6 , Asharh (Aashar) 1408",21/06/2001
"7 , Asharh (Aashar) 1408",22/06/2001
"8 , Asharh (Aashar) 1408",23/06/2001
"9 , Asharh (Aashar) 1408",24/06/2001
"10 , Asharh (Aashar) 1408",25/06/2001
"11 , Asharh (Aashar) 1408",26/06/2001
"12 , Asharh (Aashar) 1408",27/06/2001
"13 , Asharh (Aashar) 1408",28/06/2001
"14 , Asharh (Aashar) 1408",29/06/2001
"15 , Asharh (Aashar) 1408",30/06/2001
"16 , Asharh (Aashar) 1408",01/07/2001
"17 , Asharh (Aashar) 1408",02/07/2001
"18 , Asharh (Aashar) 1408",03/07/2001
"19 , Asharh (Aashar) 1408",04/07/2001
"20 , Asharh (Aashar) 1408",05/07/2001
"21 , Asharh (Aashar) 1408",06/07/2001
"22 , Asharh (Aashar) 1408",07/07/2001
"23 , Asharh (Aashar) 1408",08/07/2001
"24 , Asharh (Aashar) 1408",09/07/2001
"25 , Asharh (Aashar) 1408",10/07/2001
"26 , Asharh (Aashar) 1408",11/07/2001
"27 , Asharh (Aashar) 1408",12/07/2001
"28 , Asharh (Aashar) 1408",13/07/2001
"29 , Asharh (Aashar) 1408",14/07/2001
"30 , Asharh (Aashar) 1408",15/07/2001
"31 , Asharh (Aashar) 1408",16/07/2001
"1 , Srabon (Shraban) 1408",17/07/2001
"2 , Srabon (Shraban) 1408",18/07/2001
"3 , Srabon (Shraban) 1408",19/07/2001
"4 , Srabon (Shraban) 1408",20/07/2001
"5 , Srabon (Shraban) 1408",21/07/2001
"6 , Srabon (Shraban) 1408",22/07/2001
"7 , Srabon (Shraban) 1408",23/07/2001
"8 , Srabon (Shraban) 1408",24/07/2001
"9 , Srabon (Shraban) 1408",25/07/2001
"10 , Srabon (Shraban) 1408",26/07/2001
"11 , Srabon (Shraban) 1408",27/07/2001
"12 , Srabon (Shraban) 1408",28/07/2001
"13 , Srabon (Shraban) 1408",29/07/2001
"14 , Srabon (Shraban) 1408",30/07/2001
"15 , Srabon (Shraban) 1408",31/07/2001
"16 , Srabon (Shraban) 1408",01/08/2001
"17 , Srabon (Shraban) 1408",02/08/2001
"18 , Srabon (Shraban) 1408",03/08/2001
"19 , Srabon (Shraban) 1408",04/08/2001
"20 , Srabon (Shraban) 1408",05/08/2001
"21 , Srabon (Shraban) 1408",06/08/2001
"22 , Srabon (Shraban) 1408",07/08/2001
"23 , Srabon (Shraban) 1408",08/08/2001
"24 , Srabon (Shraban) 1408",09/08/2001
"25 , Srabon (Shraban) 1408",10/08/2001
"26 , Srabon (Shraban) 1408",11/08/2001
"27 , Srabon (Shraban) 1408",12/08/2001
"28 , Srabon (Shraban) 1408",13/08/2001
"29 , Srabon (Shraban) 1408",14/08/2001
"30 , Srabon (Shraban) 1408",15/08/2001
"31 , Srabon (Shraban) 1408",16/08/2001
"1 , Bhadro (Bhadra) 1408",17/08/2001
"2 , Bhadro (Bhadra) 1408",18/08/2001
"3 , Bhadro (Bhadra) 1408",19/08/2001
"4 , Bhadro (Bhadra) 1408",20/08/2001
"5 , Bhadro (Bhadra) 1408",21/08/2001
"6 , Bhadro (Bhadra) 1408",22/08/2001
"7 , Bhadro (Bhadra) 1408",23/08/2001
"8 , Bhadro (Bhadra) 1408",24/08/2001
"9 , Bhadro (Bhadra) 1408",25/08/2001
"10 , Bhadro (Bhadra) 1408",26/08/2001
"11 , Bhadro (Bhadra) 1408",27/08/2001
"12 , Bhadro (Bhadra) 1408",28/08/2001
"13 , Bhadro (Bhadra) 1408",29/08/2001
"14 , Bhadro (Bhadra) 1408",30/08/2001
"15 , Bhadro (Bhadra) 1408",31/08/2001
"16 , Bhadro (Bhadra) 1408",01/09/2001
"17 , Bhadro (Bhadra) 1408",02/09/2001
"18 , Bhadro (Bhadra) 1408",03/09/2001
"19 , Bhadro (Bhadra) 1408",04/09/2001
"20 , Bhadro (Bhadra) 1408",05/09/2001
"21 , Bhadro (Bhadra) 1408",06/09/2001
"22 , Bhadro (Bhadra) 1408",07/09/2001
"23 , Bhadro (Bhadra) 1408",08/09/2001
"24 , Bhadro (Bhadra) 1408",09/09/2001
"25 , Bhadro (Bhadra) 1408",10/09/2001
"26 , Bhadro (Bhadra) 1408",11/09/2001
"27 , Bhadro (Bhadra) 1408",12/09/2001
"28 , Bhadro (Bhadra) 1408",13/09/2001
"29 , Bhadro (Bhadra) 1408",14/09/2001
"30 , Bhadro (Bhadra) 1408",15/09/2001
"31 , Bhadro (Bhadra) 1408",16/09/2001
"1 , Ashshin (Aashin) 1408",17/09/2001
"2 , Ashshin (Aashin) 1408",18/09/2001
"3 , Ashshin (Aashin) 1408",19/09/2001
"4 , Ashshin (Aashin) 1408",20/09/2001
"5 , Ashshin (Aashin) 1408",21/09/2001
"6 , Ashshin (Aashin) 1408",22/09/2001
"7 , Ashshin (Aashin) 1408",23/09/2001
"8 , Ashshin (Aashin) 1408",24/09/2001
"9 , Ashshin (Aashin) 1408",25/09/2001
"10 , Ashshin (Aashin) 1408",26/09/2001
"11 , Ashshin (Aashin) 1408",27/09/2001
"12 , Ashshin (Aashin) 1408",28/09/2001
"13 , Ashshin (Aashin) 1408",29/09/2001
"14 , Ashshin (Aashin) 1408",30/09/2001
"15 , Ashshin (Aashin) 1408",01/10/2001
"16 , Ashshin (Aashin) 1408",02/10/2001
"17 , Ashshin (Aashin) 1408",03/10/2001
"18 , Ashshin (Aashin) 1408",04/10/2001
"19 , Ashshin (Aashin) 1408",05/10/2001
"20 , Ashshin (Aashin) 1408",06/10/2001
"21 , Ashshin (Aashin) 1408",07/10/2001
"22 , Ashshin (Aashin) 1408",08/10/2001
"23 , Ashshin (Aashin) 1408",09/10/2001
"24 , Ashshin (Aashin) 1408",10/10/2001
"25 , Ashshin (Aashin) 1408",11/10/2001
"26 , Ashshin (Aashin) 1408",12/10/2001
"27 , Ashshin (Aashin) 1408",13/10/2001
"28 , Ashshin (Aashin) 1408",14/10/2001
"29 , Ashshin (Aashin) 1408",15/10/2001
"30 , Ashshin (Aashin) 1408",16/10/2001
"31 , Ashshin (Aashin) 1408",17/10/2001
"1 , Kartik 1408",18/10/2001
"2 , Kartik 1408",19/10/2001
"3 , Kartik 1408",20/10/2001
"4 , Kartik 1408",21/10/2001
"5 , Kartik 1408",22/10/2001
"6 , Kartik 1408",23/10/2001
"7 , Kartik 1408",24/10/2001
"8 , Kartik 1408",25/10/2001
"9 , Kartik 1408",26/10/2001
"10 , Kartik 1408",27/10/2001
"11 , Kartik 1408",28/10/2001
"12 , Kartik 1408",29/10/2001
"13 , Kartik 1408",30/10/2001
"14 , Kartik 1408",31/10/2001
"15 , Kartik 1408",01/11/2001
"16 , Kartik 1408",02/11/2001
"17 , Kartik 1408",03/11/2001
"18 , Kartik 1408",04/11/2001
"19 , Kartik 1408",05/11/2001
"20 , Kartik 1408",06/11/2001
"21 , Kartik 1408",07/11/2001
"22 , Kartik 1408",08/11/2001
"23 , Kartik 1408",09/11/2001
"24 , Kartik 1408",10/11/2001
"25 , Kartik 1408",11/11/2001
"26 , Kartik 1408",12/11/2001
"27 , Kartik 1408",13/11/2001
"28 , Kartik 1408",14/11/2001
"29 , Kartik 1408",15/11/2001
"30 , Kartik 1408",16/11/2001
"1 , Ogrohaeon (Agrahan) 1408",17/11/2001
"2 , Ogrohaeon (Agrahan) 1408",18/11/2001
"3 , Ogrohaeon (Agrahan) 1408",19/11/2001
"4 , Ogrohaeon (Agrahan) 1408",20/11/2001
"5 , Ogrohaeon (Agrahan) 1408",21/11/2001
"6 , Ogrohaeon (Agrahan) 1408",22/11/2001
"7 , Ogrohaeon (Agrahan) 1408",23/11/2001
"8 , Ogrohaeon (Agrahan) 1408",24/11/2001
"9 , Ogrohaeon (Agrahan) 1408",25/11/2001
"10 , Ogrohaeon (Agrahan) 1408",26/11/2001
"11 , Ogrohaeon (Agrahan) 1408",27/11/2001
"12 , Ogrohaeon (Agrahan) 1408",28/11/2001
"13 , Ogrohaeon (Agrahan) 1408",29/11/2001
"14 , Ogrohaeon (Agrahan) 1408",30/11/2001
"15 , Ogrohaeon (Agrahan) 1408",01/12/2001
"16 , Ogrohaeon (Agrahan) 1408",02/12/2001
"17 , Ogrohaeon (Agrahan) 1408",03/12/2001
"18 , Ogrohaeon (Agrahan) 1408",04/12/2001
"19 , Ogrohaeon (Agrahan) 1408",05/12/2001
"20 , Ogrohaeon (Agrahan) 1408",06/12/2001
"21 , Ogrohaeon (Agrahan) 1408",07/12/2001
"22 , Ogrohaeon (Agrahan) 1408",08/12/2001
"23 , Ogrohaeon (Agrahan) 1408",09/12/2001
"24 , Ogrohaeon (Agrahan) 1408",10/12/2001
"25 , Ogrohaeon (Agrahan) 1408",11/12/2001
"26 , Ogrohaeon (Agrahan) 1408",12/12/2001
"27 , Ogrohaeon (Agrahan) 1408",13/12/2001
"28 , Ogrohaeon (Agrahan) 1408",14/12/2001
"29 , Ogrohaeon (Agrahan) 1408",15/12/2001
"30 , Ogrohaeon (Agrahan) 1408",16/12/2001
"1 , Poush 1408",17/12/2001
"2 , Poush 1408",18/12/2001
"3 , Poush 1408",19/12/2001
"4 , Poush 1408",20/12/2001
"5 , Poush 1408",21/12/2001
"6 , Poush 1408",22/12/2001
"7 , Poush 1408",23/12/2001
"8 , Poush 1408",24/12/2001
"9 , Poush 1408",25/12/2001
"10 , Poush 1408",26/12/2001
"11 , Poush 1408",27/12/2001
"12 , Poush 1408",28/12/2001
"13 , Poush 1408",29/12/2001
"14 , Poush 1408",30/12/2001
"15 , Poush 1408",31/12/2001
"16 , Poush 1408",01/01/2002
"17 , Poush 1408",02/01/2002
"18 , Poush 1408",03/01/2002
"19 , Poush 1408",04/01/2002
"20 , Poush 1408",05/01/2002
"21 , Poush 1408",06/01/2002
"22 , Poush 1408",07/01/2002
"23 , Poush 1408",08/01/2002
"24 , Poush 1408",09/01/2002
"25 , Poush 1408",10/01/2002
"26 , Poush 1408",11/01/2002
"27 , Poush 1408",12/01/2002
"28 , Poush 1408",13/01/2002
"29 , Poush 1408",14/01/2002
"1 , Magh (Maagh) 1409",15/01/2002
"2 , Magh (Maagh) 1409",16/01/2002
"3 , Magh (Maagh) 1409",17/01/2002
"4 , Magh (Maagh) 1409",18/01/2002
"5 , Magh (Maagh) 1409",19/01/2002
"6 , Magh (Maagh) 1409",20/01/2002
"7 , Magh (Maagh) 1409",21/01/2002
"8 , Magh (Maagh) 1409",22/01/2002
"9 , Magh (Maagh) 1409",23/01/2002
"10 , Magh (Maagh) 1409",24/01/2002
"11 , Magh (Maagh) 1409",25/01/2002
"12 , Magh (Maagh) 1409",26/01/2002
"13 , Magh (Maagh) 1409",27/01/2002
"14 , Magh (Maagh) 1409",28/01/2002
"15 , Magh (Maagh) 1409",29/01/2002
"16 , Magh (Maagh) 1409",30/01/2002
"17 , Magh (Maagh) 1409",31/01/2002
"18 , Magh (Maagh) 1409",01/02/2002
"19 , Magh (Maagh) 1409",02/02/2002
"20 , Magh (Maagh) 1409",03/02/2002
"21 , Magh (Maagh) 1409",04/02/2002
"22 , Magh (Maagh) 1409",05/02/2002
"23 , Magh (Maagh) 1409",06/02/2002
"24 , Magh (Maagh) 1409",07/02/2002
"25 , Magh (Maagh) 1409",08/02/2002
"26 , Magh (Maagh) 1409",09/02/2002
"27 , Magh (Maagh) 1409",10/02/2002
"28 , Magh (Maagh) 1409",11/02/2002
"29 , Magh (Maagh) 1409",12/02/2002
"30 , Magh (Maagh) 1409",13/02/2002
"1 , Falgun (Phalgun) 1409",14/02/2002
"2 , Falgun (Phalgun) 1409",15/02/2002
"3 , Falgun (Phalgun) 1409",16/02/2002
"4 , Falgun (Phalgun) 1409",17/02/2002
"5 , Falgun (Phalgun) 1409",18/02/2002
"6 , Falgun (Phalgun) 1409",19/02/2002
"7 , Falgun (Phalgun) 1409",20/02/2002
"8 , Falgun (Phalgun) 1409",21/02/2002
"9 , Falgun (Phalgun) 1409",22/02/2002
"10 , Falgun (Phalgun) 1409",23/02/2002
"11 , Falgun (Phalgun) 1409",24/02/2002
"12 , Falgun (Phalgun) 1409",25/02/2002
"13 , Falgun (Phalgun) 1409",26/02/2002
"14 , Falgun (Phalgun) 1409",27/02/2002
"15 , Falgun (Phalgun) 1409",28/02/2002
"16 , Falgun (Phalgun) 1409",01/03/2002
"17 , Falgun (Phalgun) 1409",02/03/2002
"18 , Falgun (Phalgun) 1409",03/03/2002
"19 , Falgun (Phalgun) 1409",04/03/2002
"20 , Falgun (Phalgun) 1409",05/03/2002
"21 , Falgun (Phalgun) 1409",06/03/2002
"22 , Falgun (Phalgun) 1409",07/03/2002
"23 , Falgun (Phalgun) 1409",08/03/2002
"24 , Falgun (Phalgun) 1409",09/03/2002
"25 , Falgun (Phalgun) 1409",10/03/2002
"26 , Falgun (Phalgun) 1409",11/03/2002
"27 , Falgun (Phalgun) 1409",12/03/2002
"28 , Falgun (Phalgun) 1409",13/03/2002
"29 , Falgun (Phalgun) 1409",14/03/2002
"1 , Choitro (Chaitra) 1409",15/03/2002
"2 , Choitro (Chaitra) 1409",16/03/2002
"3 , Choitro (Chaitra) 1409",17/03/2002
"4 , Choitro (Chaitra) 1409",18/03/2002
"5 , Choitro (Chaitra) 1409",19/03/2002
"6 , Choitro (Chaitra) 1409",20/03/2002
"7 , Choitro (Chaitra) 1409",21/03/2002
"8 , Choitro (Chaitra) 1409",22/03/2002
"9 , Choitro (Chaitra) 1409",23/03/2002
"10 , Choitro (Chaitra) 1409",24/03/2002
"11 , Choitro (Chaitra) 1409",25/03/2002
"12 , Choitro (Chaitra) 1409",26/03/2002
"13 , Choitro (Chaitra) 1409",27/03/2002
"14 , Choitro (Chaitra) 1409",28/03/2002
"15 , Choitro (Chaitra) 1409",29/03/2002
"16 , Choitro (Chaitra) 1409",30/03/2002
"17 , Choitro (Chaitra) 1409",31/03/2002
"18 , Choitro (Chaitra) 1409",01/04/2002
"19 , Choitro (Chaitra) 1409",02/04/2002
"20 , Choitro (Chaitra) 1409",03/04/2002
"21 , Choitro (Chaitra) 1409",04/04/2002
"22 , Choitro (Chaitra) 1409",05/04/2002
"23 , Choitro (Chaitra) 1409",06/04/2002
"24 , Choitro (Chaitra) 1409",07/04/2002
"25 , Choitro (Chaitra) 1409",08/04/2002
"26 , Choitro (Chaitra) 1409",09/04/2002
"27 , Choitro (Chaitra) 1409",10/04/2002
"28 , Choitro (Chaitra) 1409",11/04/2002
"29 , Choitro (Chaitra) 1409",12/04/2002
"30 , Choitro (Chaitra) 1409",13/04/2002
"31 , Choitro (Chaitra) 1409",14/04/2002
"1 , Boishakh (Baisakh) 1409",15/04/2002
"2 , Boishakh (Baisakh) 1409",16/04/2002
"3 , Boishakh (Baisakh) 1409",17/04/2002
"4 , Boishakh (Baisakh) 1409",18/04/2002
"5 , Boishakh (Baisakh) 1409",19/04/2002
"6 , Boishakh (Baisakh) 1409",20/04/2002
"7 , Boishakh (Baisakh) 1409",21/04/2002
"8 , Boishakh (Baisakh) 1409",22/04/2002
"9 , Boishakh (Baisakh) 1409",23/04/2002
"10 , Boishakh (Baisakh) 1409",24/04/2002
"11 , Boishakh (Baisakh) 1409",25/04/2002
"12 , Boishakh (Baisakh) 1409",26/04/2002
"13 , Boishakh (Baisakh) 1409",27/04/2002
"14 , Boishakh (Baisakh) 1409",28/04/2002
"15 , Boishakh (Baisakh) 1409",29/04/2002
"16 , Boishakh (Baisakh) 1409",30/04/2002
"17 , Boishakh (Baisakh) 1409",01/05/2002
"18 , Boishakh (Baisakh) 1409",02/05/2002
"19 , Boishakh (Baisakh) 1409",03/05/2002
"20 , Boishakh (Baisakh) 1409",04/05/2002
"21 , Boishakh (Baisakh) 1409",05/05/2002
"22 , Boishakh (Baisakh) 1409",06/05/2002
"23 , Boishakh (Baisakh) 1409",07/05/2002
"24 , Boishakh (Baisakh) 1409",08/05/2002
"25 , Boishakh (Baisakh) 1409",09/05/2002
"26 , Boishakh (Baisakh) 1409",10/05/2002
"27 , Boishakh (Baisakh) 1409",11/05/2002
"28 , Boishakh (Baisakh) 1409",12/05/2002
"29 , Boishakh (Baisakh) 1409",13/05/2002
"30 , Boishakh (Baisakh) 1409",14/05/2002
"31 , Boishakh (Baisakh) 1409",15/05/2002
"1 , Joishtho (Jaishtho) 1409",16/05/2002
"2 , Joishtho (Jaishtho) 1409",17/05/2002
"3 , Joishtho (Jaishtho) 1409",18/05/2002
"4 , Joishtho (Jaishtho) 1409",19/05/2002
"5 , Joishtho (Jaishtho) 1409",20/05/2002
"6 , Joishtho (Jaishtho) 1409",21/05/2002
"7 , Joishtho (Jaishtho) 1409",22/05/2002
"8 , Joishtho (Jaishtho) 1409",23/05/2002
"9 , Joishtho (Jaishtho) 1409",24/05/2002
"10 , Joishtho (Jaishtho) 1409",25/05/2002
"11 , Joishtho (Jaishtho) 1409",26/05/2002
"12 , Joishtho (Jaishtho) 1409",27/05/2002
"13 , Joishtho (Jaishtho) 1409",28/05/2002
"14 , Joishtho (Jaishtho) 1409",29/05/2002
"15 , Joishtho (Jaishtho) 1409",30/05/2002
"16 , Joishtho (Jaishtho) 1409",31/05/2002
"17 , Joishtho (Jaishtho) 1409",01/06/2002
"18 , Joishtho (Jaishtho) 1409",02/06/2002
"19 , Joishtho (Jaishtho) 1409",03/06/2002
"20 , Joishtho (Jaishtho) 1409",04/06/2002
"21 , Joishtho (Jaishtho) 1409",05/06/2002
"22 , Joishtho (Jaishtho) 1409",06/06/2002
"23 , Joishtho (Jaishtho) 1409",07/06/2002
"24 , Joishtho (Jaishtho) 1409",08/06/2002
"25 , Joishtho (Jaishtho) 1409",09/06/2002
"26 , Joishtho (Jaishtho) 1409",10/06/2002
"27 , Joishtho (Jaishtho) 1409",11/06/2002
"28 , Joishtho (Jaishtho) 1409",12/06/2002
"29 , Joishtho (Jaishtho) 1409",13/06/2002
"30 , Joishtho (Jaishtho) 1409",14/06/2002
"31 , Joishtho (Jaishtho) 1409",15/06/2002
"1 , Asharh (Aashar) 1409",16/06/2002
"2 , Asharh (Aashar) 1409",17/06/2002
"3 , Asharh (Aashar) 1409",18/06/2002
"4 , Asharh (Aashar) 1409",19/06/2002
"5 , Asharh (Aashar) 1409",20/06/2002
"6 , Asharh (Aashar) 1409",21/06/2002
"7 , Asharh (Aashar) 1409",22/06/2002
"8 , Asharh (Aashar) 1409",23/06/2002
"9 , Asharh (Aashar) 1409",24/06/2002
"10 , Asharh (Aashar) 1409",25/06/2002
"11 , Asharh (Aashar) 1409",26/06/2002
"12 , Asharh (Aashar) 1409",27/06/2002
"13 , Asharh (Aashar) 1409",28/06/2002
"14 , Asharh (Aashar) 1409",29/06/2002
"15 , Asharh (Aashar) 1409",30/06/2002
"16 , Asharh (Aashar) 1409",01/07/2002
"17 , Asharh (Aashar) 1409",02/07/2002
"18 , Asharh (Aashar) 1409",03/07/2002
"19 , Asharh (Aashar) 1409",04/07/2002
"20 , Asharh (Aashar) 1409",05/07/2002
"21 , Asharh (Aashar) 1409",06/07/2002
"22 , Asharh (Aashar) 1409",07/07/2002
"23 , Asharh (Aashar) 1409",08/07/2002
"24 , Asharh (Aashar) 1409",09/07/2002
"25 , Asharh (Aashar) 1409",10/07/2002
"26 , Asharh (Aashar) 1409",11/07/2002
"27 , Asharh (Aashar) 1409",12/07/2002
"28 , Asharh (Aashar) 1409",13/07/2002
"29 , Asharh (Aashar) 1409",14/07/2002
"30 , Asharh (Aashar) 1409",15/07/2002
"31 , Asharh (Aashar) 1409",16/07/2002
"32 , Asharh (Aashar) 1409",17/07/2002
"1 , Srabon (Shraban) 1409",18/07/2002
"2 , Srabon (Shraban) 1409",19/07/2002
"3 , Srabon (Shraban) 1409",20/07/2002
"4 , Srabon (Shraban) 1409",21/07/2002
"5 , Srabon (Shraban) 1409",22/07/2002
"6 , Srabon (Shraban) 1409",23/07/2002
"7 , Srabon (Shraban) 1409",24/07/2002
"8 , Srabon (Shraban) 1409",25/07/2002
"9 , Srabon (Shraban) 1409",26/07/2002
"10 , Srabon (Shraban) 1409",27/07/2002
"11 , Srabon (Shraban) 1409",28/07/2002
"12 , Srabon (Shraban) 1409",29/07/2002
"13 , Srabon (Shraban) 1409",30/07/2002
"14 , Srabon (Shraban) 1409",31/07/2002
"15 , Srabon (Shraban) 1409",01/08/2002
"16 , Srabon (Shraban) 1409",02/08/2002
"17 , Srabon (Shraban) 1409",03/08/2002
"18 , Srabon (Shraban) 1409",04/08/2002
"19 , Srabon (Shraban) 1409",05/08/2002
"20 , Srabon (Shraban) 1409",06/08/2002
"21 , Srabon (Shraban) 1409",07/08/2002
"22 , Srabon (Shraban) 1409",08/08/2002
"23 , Srabon (Shraban) 1409",09/08/2002
"24 , Srabon (Shraban) 1409",10/08/2002
"25 , Srabon (Shraban) 1409",11/08/2002
"26 , Srabon (Shraban) 1409",12/08/2002
"27 , Srabon (Shraban) 1409",13/08/2002
"28 , Srabon (Shraban) 1409",14/08/2002
"29 , Srabon (Shraban) 1409",15/08/2002
"30 , Srabon (Shraban) 1409",16/08/2002
"31 , Srabon (Shraban) 1409",17/08/2002
"1 , Bhadro (Bhadra) 1409",18/08/2002
"2 , Bhadro (Bhadra) 1409",19/08/2002
"3 , Bhadro (Bhadra) 1409",20/08/2002
"4 , Bhadro (Bhadra) 1409",21/08/2002
"5 , Bhadro (Bhadra) 1409",22/08/2002
"6 , Bhadro (Bhadra) 1409",23/08/2002
"7 , Bhadro (Bhadra) 1409",24/08/2002
"8 , Bhadro (Bhadra) 1409",25/08/2002
"9 , Bhadro (Bhadra) 1409",26/08/2002
"10 , Bhadro (Bhadra) 1409",27/08/2002
"11 , Bhadro (Bhadra) 1409",28/08/2002
"12 , Bhadro (Bhadra) 1409",29/08/2002
"13 , Bhadro (Bhadra) 1409",30/08/2002
"14 , Bhadro (Bhadra) 1409",31/08/2002
"15 , Bhadro (Bhadra) 1409",01/09/2002
"16 , Bhadro (Bhadra) 1409",02/09/2002
"17 , Bhadro (Bhadra) 1409",03/09/2002
"18 , Bhadro (Bhadra) 1409",04/09/2002
"19 , Bhadro (Bhadra) 1409",05/09/2002
"20 , Bhadro (Bhadra) 1409",06/09/2002
"21 , Bhadro (Bhadra) 1409",07/09/2002
"22 , Bhadro (Bhadra) 1409",08/09/2002
"23 , Bhadro (Bhadra) 1409",09/09/2002
"24 , Bhadro (Bhadra) 1409",10/09/2002
"25 , Bhadro (Bhadra) 1409",11/09/2002
"26 , Bhadro (Bhadra) 1409",12/09/2002
"27 , Bhadro (Bhadra) 1409",13/09/2002
"28 , Bhadro (Bhadra) 1409",14/09/2002
"29 , Bhadro (Bhadra) 1409",15/09/2002
"30 , Bhadro (Bhadra) 1409",16/09/2002
"31 , Bhadro (Bhadra) 1409",17/09/2002
"1 , Ashshin (Aashin) 1409",18/09/2002
"2 , Ashshin (Aashin) 1409",19/09/2002
"3 , Ashshin (Aashin) 1409",20/09/2002
"4 , Ashshin (Aashin) 1409",21/09/2002
"5 , Ashshin (Aashin) 1409",22/09/2002
"6 , Ashshin (Aashin) 1409",23/09/2002
"7 , Ashshin (Aashin) 1409",24/09/2002
"8 , Ashshin (Aashin) 1409",25/09/2002
"9 , Ashshin (Aashin) 1409",26/09/2002
"10 , Ashshin (Aashin) 1409",27/09/2002
"11 , Ashshin (Aashin) 1409",28/09/2002
"12 , Ashshin (Aashin) 1409",29/09/2002
"13 , Ashshin (Aashin) 1409",30/09/2002
"14 , Ashshin (Aashin) 1409",01/10/2002
"15 , Ashshin (Aashin) 1409",02/10/2002
"16 , Ashshin (Aashin) 1409",03/10/2002
"17 , Ashshin (Aashin) 1409",04/10/2002
"18 , Ashshin (Aashin) 1409",05/10/2002
"19 , Ashshin (Aashin) 1409",06/10/2002
"20 , Ashshin (Aashin) 1409",07/10/2002
"21 , Ashshin (Aashin) 1409",08/10/2002
"22 , Ashshin (Aashin) 1409",09/10/2002
"23 , Ashshin (Aashin) 1409",10/10/2002
"24 , Ashshin (Aashin) 1409",11/10/2002
"25 , Ashshin (Aashin) 1409",12/10/2002
"26 , Ashshin (Aashin) 1409",13/10/2002
"27 , Ashshin (Aashin) 1409",14/10/2002
"28 , Ashshin (Aashin) 1409",15/10/2002
"29 , Ashshin (Aashin) 1409",16/10/2002
"30 , Ashshin (Aashin) 1409",17/10/2002
"31 , Ashshin (Aashin) 1409",18/10/2002
"1 , Kartik 1409",19/10/2002
"2 , Kartik 1409",20/10/2002
"3 , Kartik 1409",21/10/2002
"4 , Kartik 1409",22/10/2002
"5 , Kartik 1409",23/10/2002
"6 , Kartik 1409",24/10/2002
"7 , Kartik 1409",25/10/2002
"8 , Kartik 1409",26/10/2002
"9 , Kartik 1409",27/10/2002
"10 , Kartik 1409",28/10/2002
"11 , Kartik 1409",29/10/2002
"12 , Kartik 1409",30/10/2002
"13 , Kartik 1409",31/10/2002
"14 , Kartik 1409",01/11/2002
"15 , Kartik 1409",02/11/2002
"16 , Kartik 1409",03/11/2002
"17 , Kartik 1409",04/11/2002
"18 , Kartik 1409",05/11/2002
"19 , Kartik 1409",06/11/2002
"20 , Kartik 1409",07/11/2002
"21 , Kartik 1409",08/11/2002
"22 , Kartik 1409",09/11/2002
"23 , Kartik 1409",10/11/2002
"24 , Kartik 1409",11/11/2002
"25 , Kartik 1409",12/11/2002
"26 , Kartik 1409",13/11/2002
"27 , Kartik 1409",14/11/2002
"28 , Kartik 1409",15/11/2002
"29 , Kartik 1409",16/11/2002
"30 , Kartik 1409",17/11/2002
"1 , Ogrohaeon (Agrahan) 1409",18/11/2002
"2 , Ogrohaeon (Agrahan) 1409",19/11/2002
"3 , Ogrohaeon (Agrahan) 1409",20/11/2002
"4 , Ogrohaeon (Agrahan) 1409",21/11/2002
"5 , Ogrohaeon (Agrahan) 1409",22/11/2002
"6 , Ogrohaeon (Agrahan) 1409",23/11/2002
"7 , Ogrohaeon (Agrahan) 1409",24/11/2002
"8 , Ogrohaeon (Agrahan) 1409",25/11/2002
"9 , Ogrohaeon (Agrahan) 1409",26/11/2002
"10 , Ogrohaeon (Agrahan) 1409",27/11/2002
"11 , Ogrohaeon (Agrahan) 1409",28/11/2002
"12 , Ogrohaeon (Agrahan) 1409",29/11/2002
"13 , Ogrohaeon (Agrahan) 1409",30/11/2002
"14 , Ogrohaeon (Agrahan) 1409",01/12/2002
"15 , Ogrohaeon (Agrahan) 1409",02/12/2002
"16 , Ogrohaeon (Agrahan) 1409",03/12/2002
"17 , Ogrohaeon (Agrahan) 1409",04/12/2002
"18 , Ogrohaeon (Agrahan) 1409",05/12/2002
"19 , Ogrohaeon (Agrahan) 1409",06/12/2002
"20 , Ogrohaeon (Agrahan) 1409",07/12/2002
"21 , Ogrohaeon (Agrahan) 1409",08/12/2002
"22 , Ogrohaeon (Agrahan) 1409",09/12/2002
"23 , Ogrohaeon (Agrahan) 1409",10/12/2002
"24 , Ogrohaeon (Agrahan) 1409",11/12/2002
"25 , Ogrohaeon (Agrahan) 1409",12/12/2002
"26 , Ogrohaeon (Agrahan) 1409",13/12/2002
"27 , Ogrohaeon (Agrahan) 1409",14/12/2002
"28 , Ogrohaeon (Agrahan) 1409",15/12/2002
"29 , Ogrohaeon (Agrahan) 1409",16/12/2002
"1 , Poush 1409",17/12/2002
"2 , Poush 1409",18/12/2002
"3 , Poush 1409",19/12/2002
"4 , Poush 1409",20/12/2002
"5 , Poush 1409",21/12/2002
"6 , Poush 1409",22/12/2002
"7 , Poush 1409",23/12/2002
"8 , Poush 1409",24/12/2002
"9 , Poush 1409",25/12/2002
"10 , Poush 1409",26/12/2002
"11 , Poush 1409",27/12/2002
"12 , Poush 1409",28/12/2002
"13 , Poush 1409",29/12/2002
"14 , Poush 1409",30/12/2002
"15 , Poush 1409",31/12/2002
"16 , Poush 1409",01/01/2003
"17 , Poush 1409",02/01/2003
"18 , Poush 1409",03/01/2003
"19 , Poush 1409",04/01/2003
"20 , Poush 1409",05/01/2003
"21 , Poush 1409",06/01/2003
"22 , Poush 1409",07/01/2003
"23 , Poush 1409",08/01/2003
"24 , Poush 1409",09/01/2003
"25 , Poush 1409",10/01/2003
"26 , Poush 1409",11/01/2003
"27 , Poush 1409",12/01/2003
"28 , Poush 1409",13/01/2003
"29 , Poush 1409",14/01/2003
"1 , Magh (Maagh) 1410",15/01/2003
"2 , Magh (Maagh) 1410",16/01/2003
"3 , Magh (Maagh) 1410",17/01/2003
"4 , Magh (Maagh) 1410",18/01/2003
"5 , Magh (Maagh) 1410",19/01/2003
"6 , Magh (Maagh) 1410",20/01/2003
"7 , Magh (Maagh) 1410",21/01/2003
"8 , Magh (Maagh) 1410",22/01/2003
"9 , Magh (Maagh) 1410",23/01/2003
"10 , Magh (Maagh) 1410",24/01/2003
"11 , Magh (Maagh) 1410",25/01/2003
"12 , Magh (Maagh) 1410",26/01/2003
"13 , Magh (Maagh) 1410",27/01/2003
"14 , Magh (Maagh) 1410",28/01/2003
"15 , Magh (Maagh) 1410",29/01/2003
"16 , Magh (Maagh) 1410",30/01/2003
"17 , Magh (Maagh) 1410",31/01/2003
"18 , Magh (Maagh) 1410",01/02/2003
"19 , Magh (Maagh) 1410",02/02/2003
"20 , Magh (Maagh) 1410",03/02/2003
"21 , Magh (Maagh) 1410",04/02/2003
"22 , Magh (Maagh) 1410",05/02/2003
"23 , Magh (Maagh) 1410",06/02/2003
"24 , Magh (Maagh) 1410",07/02/2003
"25 , Magh (Maagh) 1410",08/02/2003
"26 , Magh (Maagh) 1410",09/02/2003
"27 , Magh (Maagh) 1410",10/02/2003
"28 , Magh (Maagh) 1410",11/02/2003
"29 , Magh (Maagh) 1410",12/02/2003
"30 , Magh (Maagh) 1410",13/02/2003
"1 , Falgun (Phalgun) 1410",14/02/2003
"2 , Falgun (Phalgun) 1410",15/02/2003
"3 , Falgun (Phalgun) 1410",16/02/2003
"4 , Falgun (Phalgun) 1410",17/02/2003
"5 , Falgun (Phalgun) 1410",18/02/2003
"6 , Falgun (Phalgun) 1410",19/02/2003
"7 , Falgun (Phalgun) 1410",20/02/2003
"8 , Falgun (Phalgun) 1410",21/02/2003
"9 , Falgun (Phalgun) 1410",22/02/2003
"10 , Falgun (Phalgun) 1410",23/02/2003
"11 , Falgun (Phalgun) 1410",24/02/2003
"12 , Falgun (Phalgun) 1410",25/02/2003
"13 , Falgun (Phalgun) 1410",26/02/2003
"14 , Falgun (Phalgun) 1410",27/02/2003
"15 , Falgun (Phalgun) 1410",28/02/2003
"16 , Falgun (Phalgun) 1410",01/03/2003
"17 , Falgun (Phalgun) 1410",02/03/2003
"18 , Falgun (Phalgun) 1410",03/03/2003
"19 , Falgun (Phalgun) 1410",04/03/2003
"20 , Falgun (Phalgun) 1410",05/03/2003
"21 , Falgun (Phalgun) 1410",06/03/2003
"22 , Falgun (Phalgun) 1410",07/03/2003
"23 , Falgun (Phalgun) 1410",08/03/2003
"24 , Falgun (Phalgun) 1410",09/03/2003
"25 , Falgun (Phalgun) 1410",10/03/2003
"26 , Falgun (Phalgun) 1410",11/03/2003
"27 , Falgun (Phalgun) 1410",12/03/2003
"28 , Falgun (Phalgun) 1410",13/03/2003
"29 , Falgun (Phalgun) 1410",14/03/2003
"30 , Falgun (Phalgun) 1410",15/03/2003
"1 , Choitro (Chaitra) 1410",16/03/2003
"2 , Choitro (Chaitra) 1410",17/03/2003
"3 , Choitro (Chaitra) 1410",18/03/2003
"4 , Choitro (Chaitra) 1410",19/03/2003
"5 , Choitro (Chaitra) 1410",20/03/2003
"6 , Choitro (Chaitra) 1410",21/03/2003
"7 , Choitro (Chaitra) 1410",22/03/2003
"8 , Choitro (Chaitra) 1410",23/03/2003
"9 , Choitro (Chaitra) 1410",24/03/2003
"10 , Choitro (Chaitra) 1410",25/03/2003
"11 , Choitro (Chaitra) 1410",26/03/2003
"12 , Choitro (Chaitra) 1410",27/03/2003
"13 , Choitro (Chaitra) 1410",28/03/2003
"14 , Choitro (Chaitra) 1410",29/03/2003
"15 , Choitro (Chaitra) 1410",30/03/2003
"16 , Choitro (Chaitra) 1410",31/03/2003
"17 , Choitro (Chaitra) 1410",01/04/2003
"18 , Choitro (Chaitra) 1410",02/04/2003
"19 , Choitro (Chaitra) 1410",03/04/2003
"20 , Choitro (Chaitra) 1410",04/04/2003
"21 , Choitro (Chaitra) 1410",05/04/2003
"22 , Choitro (Chaitra) 1410",06/04/2003
"23 , Choitro (Chaitra) 1410",07/04/2003
"24 , Choitro (Chaitra) 1410",08/04/2003
"25 , Choitro (Chaitra) 1410",09/04/2003
"26 , Choitro (Chaitra) 1410",10/04/2003
"27 , Choitro (Chaitra) 1410",11/04/2003
"28 , Choitro (Chaitra) 1410",12/04/2003
"29 , Choitro (Chaitra) 1410",13/04/2003
"30 , Choitro (Chaitra) 1410",14/04/2003
"1 , Boishakh (Baisakh) 1410",15/04/2003
"2 , Boishakh (Baisakh) 1410",16/04/2003
"3 , Boishakh (Baisakh) 1410",17/04/2003
"4 , Boishakh (Baisakh) 1410",18/04/2003
"5 , Boishakh (Baisakh) 1410",19/04/2003
"6 , Boishakh (Baisakh) 1410",20/04/2003
"7 , Boishakh (Baisakh) 1410",21/04/2003
"8 , Boishakh (Baisakh) 1410",22/04/2003
"9 , Boishakh (Baisakh) 1410",23/04/2003
"10 , Boishakh (Baisakh) 1410",24/04/2003
"11 , Boishakh (Baisakh) 1410",25/04/2003
"12 , Boishakh (Baisakh) 1410",26/04/2003
"13 , Boishakh (Baisakh) 1410",27/04/2003
"14 , Boishakh (Baisakh) 1410",28/04/2003
"15 , Boishakh (Baisakh) 1410",29/04/2003
"16 , Boishakh (Baisakh) 1410",30/04/2003
"17 , Boishakh (Baisakh) 1410",01/05/2003
"18 , Boishakh (Baisakh) 1410",02/05/2003
"19 , Boishakh (Baisakh) 1410",03/05/2003
"20 , Boishakh (Baisakh) 1410",04/05/2003
"21 , Boishakh (Baisakh) 1410",05/05/2003
"22 , Boishakh (Baisakh) 1410",06/05/2003
"23 , Boishakh (Baisakh) 1410",07/05/2003
"24 , Boishakh (Baisakh) 1410",08/05/2003
"25 , Boishakh (Baisakh) 1410",09/05/2003
"26 , Boishakh (Baisakh) 1410",10/05/2003
"27 , Boishakh (Baisakh) 1410",11/05/2003
"28 , Boishakh (Baisakh) 1410",12/05/2003
"29 , Boishakh (Baisakh) 1410",13/05/2003
"30 , Boishakh (Baisakh) 1410",14/05/2003
"31 , Boishakh (Baisakh) 1410",15/05/2003
"1 , Joishtho (Jaishtho) 1410",16/05/2003
"2 , Joishtho (Jaishtho) 1410",17/05/2003
"3 , Joishtho (Jaishtho) 1410",18/05/2003
"4 , Joishtho (Jaishtho) 1410",19/05/2003
"5 , Joishtho (Jaishtho) 1410",20/05/2003
"6 , Joishtho (Jaishtho) 1410",21/05/2003
"7 , Joishtho (Jaishtho) 1410",22/05/2003
"8 , Joishtho (Jaishtho) 1410",23/05/2003
"9 , Joishtho (Jaishtho) 1410",24/05/2003
"10 , Joishtho (Jaishtho) 1410",25/05/2003
"11 , Joishtho (Jaishtho) 1410",26/05/2003
"12 , Joishtho (Jaishtho) 1410",27/05/2003
"13 , Joishtho (Jaishtho) 1410",28/05/2003
"14 , Joishtho (Jaishtho) 1410",29/05/2003
"15 , Joishtho (Jaishtho) 1410",30/05/2003
"16 , Joishtho (Jaishtho) 1410",31/05/2003
"17 , Joishtho (Jaishtho) 1410",01/06/2003
"18 , Joishtho (Jaishtho) 1410",02/06/2003
"19 , Joishtho (Jaishtho) 1410",03/06/2003
"20 , Joishtho (Jaishtho) 1410",04/06/2003
"21 , Joishtho (Jaishtho) 1410",05/06/2003
"22 , Joishtho (Jaishtho) 1410",06/06/2003
"23 , Joishtho (Jaishtho) 1410",07/06/2003
"24 , Joishtho (Jaishtho) 1410",08/06/2003
"25 , Joishtho (Jaishtho) 1410",09/06/2003
"26 , Joishtho (Jaishtho) 1410",10/06/2003
"27 , Joishtho (Jaishtho) 1410",11/06/2003
"28 , Joishtho (Jaishtho) 1410",12/06/2003
"29 , Joishtho (Jaishtho) 1410",13/06/2003
"30 , Joishtho (Jaishtho) 1410",14/06/2003
"31 , Joishtho (Jaishtho) 1410",15/06/2003
"1 , Asharh (Aashar) 1410",16/06/2003
"2 , Asharh (Aashar) 1410",17/06/2003
"3 , Asharh (Aashar) 1410",18/06/2003
"4 , Asharh (Aashar) 1410",19/06/2003
"5 , Asharh (Aashar) 1410",20/06/2003
"6 , Asharh (Aashar) 1410",21/06/2003
"7 , Asharh (Aashar) 1410",22/06/2003
"8 , Asharh (Aashar) 1410",23/06/2003
"9 , Asharh (Aashar) 1410",24/06/2003
"10 , Asharh (Aashar) 1410",25/06/2003
"11 , Asharh (Aashar) 1410",26/06/2003
"12 , Asharh (Aashar) 1410",27/06/2003
"13 , Asharh (Aashar) 1410",28/06/2003
"14 , Asharh (Aashar) 1410",29/06/2003
"15 , Asharh (Aashar) 1410",30/06/2003
"16 , Asharh (Aashar) 1410",01/07/2003
"17 , Asharh (Aashar) 1410",02/07/2003
"18 , Asharh (Aashar) 1410",03/07/2003
"19 , Asharh (Aashar) 1410",04/07/2003
"20 , Asharh (Aashar) 1410",05/07/2003
"21 , Asharh (Aashar) 1410",06/07/2003
"22 , Asharh (Aashar) 1410",07/07/2003
"23 , Asharh (Aashar) 1410",08/07/2003
"24 , Asharh (Aashar) 1410",09/07/2003
"25 , Asharh (Aashar) 1410",10/07/2003
"26 , Asharh (Aashar) 1410",11/07/2003
"27 , Asharh (Aashar) 1410",12/07/2003
"28 , Asharh (Aashar) 1410",13/07/2003
"29 , Asharh (Aashar) 1410",14/07/2003
"30 , Asharh (Aashar) 1410",15/07/2003
"31 , Asharh (Aashar) 1410",16/07/2003
"32 , Asharh (Aashar) 1410",17/07/2003
"1 , Srabon (Shraban) 1410",18/07/2003
"2 , Srabon (Shraban) 1410",19/07/2003
"3 , Srabon (Shraban) 1410",20/07/2003
"4 , Srabon (Shraban) 1410",21/07/2003
"5 , Srabon (Shraban) 1410",22/07/2003
"6 , Srabon (Shraban) 1410",23/07/2003
"7 , Srabon (Shraban) 1410",24/07/2003
"8 , Srabon (Shraban) 1410",25/07/2003
"9 , Srabon (Shraban) 1410",26/07/2003
"10 , Srabon (Shraban) 1410",27/07/2003
"11 , Srabon (Shraban) 1410",28/07/2003
"12 , Srabon (Shraban) 1410",29/07/2003
"13 , Srabon (Shraban) 1410",30/07/2003
"14 , Srabon (Shraban) 1410",31/07/2003
"15 , Srabon (Shraban) 1410",01/08/2003
"16 , Srabon (Shraban) 1410",02/08/2003
"17 , Srabon (Shraban) 1410",03/08/2003
"18 , Srabon (Shraban) 1410",04/08/2003
"19 , Srabon (Shraban) 1410",05/08/2003
"20 , Srabon (Shraban) 1410",06/08/2003
"21 , Srabon (Shraban) 1410",07/08/2003
"22 , Srabon (Shraban) 1410",08/08/2003
"23 , Srabon (Shraban) 1410",09/08/2003
"24 , Srabon (Shraban) 1410",10/08/2003
"25 , Srabon (Shraban) 1410",11/08/2003
"26 , Srabon (Shraban) 1410",12/08/2003
"27 , Srabon (Shraban) 1410",13/08/2003
"28 , Srabon (Shraban) 1410",14/08/2003
"29 , Srabon (Shraban) 1410",15/08/2003
"30 , Srabon (Shraban) 1410",16/08/2003
"31 , Srabon (Shraban) 1410",17/08/2003
"1 , Bhadro (Bhadra) 1410",18/08/2003
"2 , Bhadro (Bhadra) 1410",19/08/2003
"3 , Bhadro (Bhadra) 1410",20/08/2003
"4 , Bhadro (Bhadra) 1410",21/08/2003
"5 , Bhadro (Bhadra) 1410",22/08/2003
"6 , Bhadro (Bhadra) 1410",23/08/2003
"7 , Bhadro (Bhadra) 1410",24/08/2003
"8 , Bhadro (Bhadra) 1410",25/08/2003
"9 , Bhadro (Bhadra) 1410",26/08/2003
"10 , Bhadro (Bhadra) 1410",27/08/2003
"11 , Bhadro (Bhadra) 1410",28/08/2003
"12 , Bhadro (Bhadra) 1410",29/08/2003
"13 , Bhadro (Bhadra) 1410",30/08/2003
"14 , Bhadro (Bhadra) 1410",31/08/2003
"15 , Bhadro (Bhadra) 1410",01/09/2003
"16 , Bhadro (Bhadra) 1410",02/09/2003
"17 , Bhadro (Bhadra) 1410",03/09/2003
"18 , Bhadro (Bhadra) 1410",04/09/2003
"19 , Bhadro (Bhadra) 1410",05/09/2003
"20 , Bhadro (Bhadra) 1410",06/09/2003
"21 , Bhadro (Bhadra) 1410",07/09/2003
"22 , Bhadro (Bhadra) 1410",08/09/2003
"23 , Bhadro (Bhadra) 1410",09/09/2003
"24 , Bhadro (Bhadra) 1410",10/09/2003
"25 , Bhadro (Bhadra) 1410",11/09/2003
"26 , Bhadro (Bhadra) 1410",12/09/2003
"27 , Bhadro (Bhadra) 1410",13/09/2003
"28 , Bhadro (Bhadra) 1410",14/09/2003
"29 , Bhadro (Bhadra) 1410",15/09/2003
"30 , Bhadro (Bhadra) 1410",16/09/2003
"31 , Bhadro (Bhadra) 1410",17/09/2003
"1 , Ashshin (Aashin) 1410",18/09/2003
"2 , Ashshin (Aashin) 1410",19/09/2003
"3 , Ashshin (Aashin) 1410",20/09/2003
"4 , Ashshin (Aashin) 1410",21/09/2003
"5 , Ashshin (Aashin) 1410",22/09/2003
"6 , Ashshin (Aashin) 1410",23/09/2003
"7 , Ashshin (Aashin) 1410",24/09/2003
"8 , Ashshin (Aashin) 1410",25/09/2003
"9 , Ashshin (Aashin) 1410",26/09/2003
"10 , Ashshin (Aashin) 1410",27/09/2003
"11 , Ashshin (Aashin) 1410",28/09/2003
"12 , Ashshin (Aashin) 1410",29/09/2003
"13 , Ashshin (Aashin) 1410",30/09/2003
"14 , Ashshin (Aashin) 1410",01/10/2003
"15 , Ashshin (Aashin) 1410",02/10/2003
"16 , Ashshin (Aashin) 1410",03/10/2003
"17 , Ashshin (Aashin) 1410",04/10/2003
"18 , Ashshin (Aashin) 1410",05/10/2003
"19 , Ashshin (Aashin) 1410",06/10/2003
"20 , Ashshin (Aashin) 1410",07/10/2003
"21 , Ashshin (Aashin) 1410",08/10/2003
"22 , Ashshin (Aashin) 1410",09/10/2003
"23 , Ashshin (Aashin) 1410",10/10/2003
"24 , Ashshin (Aashin) 1410",11/10/2003
"25 , Ashshin (Aashin) 1410",12/10/2003
"26 , Ashshin (Aashin) 1410",13/10/2003
"27 , Ashshin (Aashin) 1410",14/10/2003
"28 , Ashshin (Aashin) 1410",15/10/2003
"29 , Ashshin (Aashin) 1410",16/10/2003
"30 , Ashshin (Aashin) 1410",17/10/2003
"1 , Kartik 1410",18/10/2003
"2 , Kartik 1410",19/10/2003
"3 , Kartik 1410",20/10/2003
"4 , Kartik 1410",21/10/2003
"5 , Kartik 1410",22/10/2003
"6 , Kartik 1410",23/10/2003
"7 , Kartik 1410",24/10/2003
"8 , Kartik 1410",25/10/2003
"9 , Kartik 1410",26/10/2003
"10 , Kartik 1410",27/10/2003
"11 , Kartik 1410",28/10/2003
"12 , Kartik 1410",29/10/2003
"13 , Kartik 1410",30/10/2003
"14 , Kartik 1410",31/10/2003
"15 , Kartik 1410",01/11/2003
"16 , Kartik 1410",02/11/2003
"17 , Kartik 1410",03/11/2003
"18 , Kartik 1410",04/11/2003
"19 , Kartik 1410",05/11/2003
"20 , Kartik 1410",06/11/2003
"21 , Kartik 1410",07/11/2003
"22 , Kartik 1410",08/11/2003
"23 , Kartik 1410",09/11/2003
"24 , Kartik 1410",10/11/2003
"25 , Kartik 1410",11/11/2003
"26 , Kartik 1410",12/11/2003
"27 , Kartik 1410",13/11/2003
"28 , Kartik 1410",14/11/2003
"29 , Kartik 1410",15/11/2003
"30 , Kartik 1410",16/11/2003
"1 , Ogrohaeon (Agrahan) 1410",17/11/2003
"2 , Ogrohaeon (Agrahan) 1410",18/11/2003
"3 , Ogrohaeon (Agrahan) 1410",19/11/2003
"4 , Ogrohaeon (Agrahan) 1410",20/11/2003
"5 , Ogrohaeon (Agrahan) 1410",21/11/2003
"6 , Ogrohaeon (Agrahan) 1410",22/11/2003
"7 , Ogrohaeon (Agrahan) 1410",23/11/2003
"8 , Ogrohaeon (Agrahan) 1410",24/11/2003
"9 , Ogrohaeon (Agrahan) 1410",25/11/2003
"10 , Ogrohaeon (Agrahan) 1410",26/11/2003
"11 , Ogrohaeon (Agrahan) 1410",27/11/2003
"12 , Ogrohaeon (Agrahan) 1410",28/11/2003
"13 , Ogrohaeon (Agrahan) 1410",29/11/2003
"14 , Ogrohaeon (Agrahan) 1410",30/11/2003
"15 , Ogrohaeon (Agrahan) 1410",01/12/2003
"16 , Ogrohaeon (Agrahan) 1410",02/12/2003
"17 , Ogrohaeon (Agrahan) 1410",03/12/2003
"18 , Ogrohaeon (Agrahan) 1410",04/12/2003
"19 , Ogrohaeon (Agrahan) 1410",05/12/2003
"20 , Ogrohaeon (Agrahan) 1410",06/12/2003
"21 , Ogrohaeon (Agrahan) 1410",07/12/2003
"22 , Ogrohaeon (Agrahan) 1410",08/12/2003
"23 , Ogrohaeon (Agrahan) 1410",09/12/2003
"24 , Ogrohaeon (Agrahan) 1410",10/12/2003
"25 , Ogrohaeon (Agrahan) 1410",11/12/2003
"26 , Ogrohaeon (Agrahan) 1410",12/12/2003
"27 , Ogrohaeon (Agrahan) 1410",13/12/2003
"28 , Ogrohaeon (Agrahan) 1410",14/12/2003
"29 , Ogrohaeon (Agrahan) 1410",15/12/2003
"30 , Ogrohaeon (Agrahan) 1410",16/12/2003
"1 , Poush 1410",17/12/2003
"2 , Poush 1410",18/12/2003
"3 , Poush 1410",19/12/2003
"4 , Poush 1410",20/12/2003
"5 , Poush 1410",21/12/2003
"6 , Poush 1410",22/12/2003
"7 , Poush 1410",23/12/2003
"8 , Poush 1410",24/12/2003
"9 , Poush 1410",25/12/2003
"10 , Poush 1410",26/12/2003
"11 , Poush 1410",27/12/2003
"12 , Poush 1410",28/12/2003
"13 , Poush 1410",29/12/2003
"14 , Poush 1410",30/12/2003
"15 , Poush 1410",31/12/2003
"16 , Poush 1410",01/01/2004
"17 , Poush 1410",02/01/2004
"18 , Poush 1410",03/01/2004
"19 , Poush 1410",04/01/2004
"20 , Poush 1410",05/01/2004
"21 , Poush 1410",06/01/2004
"22 , Poush 1410",07/01/2004
"23 , Poush 1410",08/01/2004
"24 , Poush 1410",09/01/2004
"25 , Poush 1410",10/01/2004
"26 , Poush 1410",11/01/2004
"27 , Poush 1410",12/01/2004
"28 , Poush 1410",13/01/2004
"29 , Poush 1410",14/01/2004
"1 , Magh (Maagh) 1411",15/01/2004
"2 , Magh (Maagh) 1411",16/01/2004
"3 , Magh (Maagh) 1411",17/01/2004
"4 , Magh (Maagh) 1411",18/01/2004
"5 , Magh (Maagh) 1411",19/01/2004
"6 , Magh (Maagh) 1411",20/01/2004
"7 , Magh (Maagh) 1411",21/01/2004
"8 , Magh (Maagh) 1411",22/01/2004
"9 , Magh (Maagh) 1411",23/01/2004
"10 , Magh (Maagh) 1411",24/01/2004
"11 , Magh (Maagh) 1411",25/01/2004
"12 , Magh (Maagh) 1411",26/01/2004
"13 , Magh (Maagh) 1411",27/01/2004
"14 , Magh (Maagh) 1411",28/01/2004
"15 , Magh (Maagh) 1411",29/01/2004
"16 , Magh (Maagh) 1411",30/01/2004
"17 , Magh (Maagh) 1411",31/01/2004
"18 , Magh (Maagh) 1411",01/02/2004
"19 , Magh (Maagh) 1411",02/02/2004
"20 , Magh (Maagh) 1411",03/02/2004
"21 , Magh (Maagh) 1411",04/02/2004
"22 , Magh (Maagh) 1411",05/02/2004
"23 , Magh (Maagh) 1411",06/02/2004
"24 , Magh (Maagh) 1411",07/02/2004
"25 , Magh (Maagh) 1411",08/02/2004
"26 , Magh (Maagh) 1411",09/02/2004
"27 , Magh (Maagh) 1411",10/02/2004
"28 , Magh (Maagh) 1411",11/02/2004
"29 , Magh (Maagh) 1411",12/02/2004
"30 , Magh (Maagh) 1411",13/02/2004
"1 , Falgun (Phalgun) 1411",14/02/2004
"2 , Falgun (Phalgun) 1411",15/02/2004
"3 , Falgun (Phalgun) 1411",16/02/2004
"4 , Falgun (Phalgun) 1411",17/02/2004
"5 , Falgun (Phalgun) 1411",18/02/2004
"6 , Falgun (Phalgun) 1411",19/02/2004
"7 , Falgun (Phalgun) 1411",20/02/2004
"8 , Falgun (Phalgun) 1411",21/02/2004
"9 , Falgun (Phalgun) 1411",22/02/2004
"10 , Falgun (Phalgun) 1411",23/02/2004
"11 , Falgun (Phalgun) 1411",24/02/2004
"12 , Falgun (Phalgun) 1411",25/02/2004
"13 , Falgun (Phalgun) 1411",26/02/2004
"14 , Falgun (Phalgun) 1411",27/02/2004
"15 , Falgun (Phalgun) 1411",28/02/2004
"16 , Falgun (Phalgun) 1411",29/02/2004
"17 , Falgun (Phalgun) 1411",01/03/2004
"18 , Falgun (Phalgun) 1411",02/03/2004
"19 , Falgun (Phalgun) 1411",03/03/2004
"20 , Falgun (Phalgun) 1411",04/03/2004
"21 , Falgun (Phalgun) 1411",05/03/2004
"22 , Falgun (Phalgun) 1411",06/03/2004
"23 , Falgun (Phalgun) 1411",07/03/2004
"24 , Falgun (Phalgun) 1411",08/03/2004
"25 , Falgun (Phalgun) 1411",09/03/2004
"26 , Falgun (Phalgun) 1411",10/03/2004
"27 , Falgun (Phalgun) 1411",11/03/2004
"28 , Falgun (Phalgun) 1411",12/03/2004
"29 , Falgun (Phalgun) 1411",13/03/2004
"30 , Falgun (Phalgun) 1411",14/03/2004
"1 , Choitro (Chaitra) 1411",15/03/2004
"2 , Choitro (Chaitra) 1411",16/03/2004
"3 , Choitro (Chaitra) 1411",17/03/2004
"4 , Choitro (Chaitra) 1411",18/03/2004
"5 , Choitro (Chaitra) 1411",19/03/2004
"6 , Choitro (Chaitra) 1411",20/03/2004
"7 , Choitro (Chaitra) 1411",21/03/2004
"8 , Choitro (Chaitra) 1411",22/03/2004
"9 , Choitro (Chaitra) 1411",23/03/2004
"10 , Choitro (Chaitra) 1411",24/03/2004
"11 , Choitro (Chaitra) 1411",25/03/2004
"12 , Choitro (Chaitra) 1411",26/03/2004
"13 , Choitro (Chaitra) 1411",27/03/2004
"14 , Choitro (Chaitra) 1411",28/03/2004
"15 , Choitro (Chaitra) 1411",29/03/2004
"16 , Choitro (Chaitra) 1411",30/03/2004
"17 , Choitro (Chaitra) 1411",31/03/2004
"18 , Choitro (Chaitra) 1411",01/04/2004
"19 , Choitro (Chaitra) 1411",02/04/2004
"20 , Choitro (Chaitra) 1411",03/04/2004
"21 , Choitro (Chaitra) 1411",04/04/2004
"22 , Choitro (Chaitra) 1411",05/04/2004
"23 , Choitro (Chaitra) 1411",06/04/2004
"24 , Choitro (Chaitra) 1411",07/04/2004
"25 , Choitro (Chaitra) 1411",08/04/2004
"26 , Choitro (Chaitra) 1411",09/04/2004
"27 , Choitro (Chaitra) 1411",10/04/2004
"28 , Choitro (Chaitra) 1411",11/04/2004
"29 , Choitro (Chaitra) 1411",12/04/2004
"30 , Choitro (Chaitra) 1411",13/04/2004
"1 , Boishakh (Baisakh) 1411",14/04/2004
"2 , Boishakh (Baisakh) 1411",15/04/2004
"3 , Boishakh (Baisakh) 1411",16/04/2004
"4 , Boishakh (Baisakh) 1411",17/04/2004
"5 , Boishakh (Baisakh) 1411",18/04/2004
"6 , Boishakh (Baisakh) 1411",19/04/2004
"7 , Boishakh (Baisakh) 1411",20/04/2004
"8 , Boishakh (Baisakh) 1411",21/04/2004
"9 , Boishakh (Baisakh) 1411",22/04/2004
"10 , Boishakh (Baisakh) 1411",23/04/2004
"11 , Boishakh (Baisakh) 1411",24/04/2004
"12 , Boishakh (Baisakh) 1411",25/04/2004
"13 , Boishakh (Baisakh) 1411",26/04/2004
"14 , Boishakh (Baisakh) 1411",27/04/2004
"15 , Boishakh (Baisakh) 1411",28/04/2004
"16 , Boishakh (Baisakh) 1411",29/04/2004
"17 , Boishakh (Baisakh) 1411",30/04/2004
"18 , Boishakh (Baisakh) 1411",01/05/2004
"19 , Boishakh (Baisakh) 1411",02/05/2004
"20 , Boishakh (Baisakh) 1411",03/05/2004
"21 , Boishakh (Baisakh) 1411",04/05/2004
"22 , Boishakh (Baisakh) 1411",05/05/2004
"23 , Boishakh (Baisakh) 1411",06/05/2004
"24 , Boishakh (Baisakh) 1411",07/05/2004
"25 , Boishakh (Baisakh) 1411",08/05/2004
"26 , Boishakh (Baisakh) 1411",09/05/2004
"27 , Boishakh (Baisakh) 1411",10/05/2004
"28 , Boishakh (Baisakh) 1411",11/05/2004
"29 , Boishakh (Baisakh) 1411",12/05/2004
"30 , Boishakh (Baisakh) 1411",13/05/2004
"31 , Boishakh (Baisakh) 1411",14/05/2004
"1 , Joishtho (Jaishtho) 1411",15/05/2004
"2 , Joishtho (Jaishtho) 1411",16/05/2004
"3 , Joishtho (Jaishtho) 1411",17/05/2004
"4 , Joishtho (Jaishtho) 1411",18/05/2004
"5 , Joishtho (Jaishtho) 1411",19/05/2004
"6 , Joishtho (Jaishtho) 1411",20/05/2004
"7 , Joishtho (Jaishtho) 1411",21/05/2004
"8 , Joishtho (Jaishtho) 1411",22/05/2004
"9 , Joishtho (Jaishtho) 1411",23/05/2004
"10 , Joishtho (Jaishtho) 1411",24/05/2004
"11 , Joishtho (Jaishtho) 1411",25/05/2004
"12 , Joishtho (Jaishtho) 1411",26/05/2004
"13 , Joishtho (Jaishtho) 1411",27/05/2004
"14 , Joishtho (Jaishtho) 1411",28/05/2004
"15 , Joishtho (Jaishtho) 1411",29/05/2004
"16 , Joishtho (Jaishtho) 1411",30/05/2004
"17 , Joishtho (Jaishtho) 1411",31/05/2004
"18 , Joishtho (Jaishtho) 1411",01/06/2004
"19 , Joishtho (Jaishtho) 1411",02/06/2004
"20 , Joishtho (Jaishtho) 1411",03/06/2004
"21 , Joishtho (Jaishtho) 1411",04/06/2004
"22 , Joishtho (Jaishtho) 1411",05/06/2004
"23 , Joishtho (Jaishtho) 1411",06/06/2004
"24 , Joishtho (Jaishtho) 1411",07/06/2004
"25 , Joishtho (Jaishtho) 1411",08/06/2004
"26 , Joishtho (Jaishtho) 1411",09/06/2004
"27 , Joishtho (Jaishtho) 1411",10/06/2004
"28 , Joishtho (Jaishtho) 1411",11/06/2004
"29 , Joishtho (Jaishtho) 1411",12/06/2004
"30 , Joishtho (Jaishtho) 1411",13/06/2004
"31 , Joishtho (Jaishtho) 1411",14/06/2004
"1 , Asharh (Aashar) 1411",15/06/2004
"2 , Asharh (Aashar) 1411",16/06/2004
"3 , Asharh (Aashar) 1411",17/06/2004
"4 , Asharh (Aashar) 1411",18/06/2004
"5 , Asharh (Aashar) 1411",19/06/2004
"6 , Asharh (Aashar) 1411",20/06/2004
"7 , Asharh (Aashar) 1411",21/06/2004
"8 , Asharh (Aashar) 1411",22/06/2004
"9 , Asharh (Aashar) 1411",23/06/2004
"10 , Asharh (Aashar) 1411",24/06/2004
"11 , Asharh (Aashar) 1411",25/06/2004
"12 , Asharh (Aashar) 1411",26/06/2004
"13 , Asharh (Aashar) 1411",27/06/2004
"14 , Asharh (Aashar) 1411",28/06/2004
"15 , Asharh (Aashar) 1411",29/06/2004
"16 , Asharh (Aashar) 1411",30/06/2004
"17 , Asharh (Aashar) 1411",01/07/2004
"18 , Asharh (Aashar) 1411",02/07/2004
"19 , Asharh (Aashar) 1411",03/07/2004
"20 , Asharh (Aashar) 1411",04/07/2004
"21 , Asharh (Aashar) 1411",05/07/2004
"22 , Asharh (Aashar) 1411",06/07/2004
"23 , Asharh (Aashar) 1411",07/07/2004
"24 , Asharh (Aashar) 1411",08/07/2004
"25 , Asharh (Aashar) 1411",09/07/2004
"26 , Asharh (Aashar) 1411",10/07/2004
"27 , Asharh (Aashar) 1411",11/07/2004
"28 , Asharh (Aashar) 1411",12/07/2004
"29 , Asharh (Aashar) 1411",13/07/2004
"30 , Asharh (Aashar) 1411",14/07/2004
"31 , Asharh (Aashar) 1411",15/07/2004
"32 , Asharh (Aashar) 1411",16/07/2004
"1 , Srabon (Shraban) 1411",17/07/2004
"2 , Srabon (Shraban) 1411",18/07/2004
"3 , Srabon (Shraban) 1411",19/07/2004
"4 , Srabon (Shraban) 1411",20/07/2004
"5 , Srabon (Shraban) 1411",21/07/2004
"6 , Srabon (Shraban) 1411",22/07/2004
"7 , Srabon (Shraban) 1411",23/07/2004
"8 , Srabon (Shraban) 1411",24/07/2004
"9 , Srabon (Shraban) 1411",25/07/2004
"10 , Srabon (Shraban) 1411",26/07/2004
"11 , Srabon (Shraban) 1411",27/07/2004
"12 , Srabon (Shraban) 1411",28/07/2004
"13 , Srabon (Shraban) 1411",29/07/2004
"14 , Srabon (Shraban) 1411",30/07/2004
"15 , Srabon (Shraban) 1411",31/07/2004
"16 , Srabon (Shraban) 1411",01/08/2004
"17 , Srabon (Shraban) 1411",02/08/2004
"18 , Srabon (Shraban) 1411",03/08/2004
"19 , Srabon (Shraban) 1411",04/08/2004
"20 , Srabon (Shraban) 1411",05/08/2004
"21 , Srabon (Shraban) 1411",06/08/2004
"22 , Srabon (Shraban) 1411",07/08/2004
"23 , Srabon (Shraban) 1411",08/08/2004
"24 , Srabon (Shraban) 1411",09/08/2004
"25 , Srabon (Shraban) 1411",10/08/2004
"26 , Srabon (Shraban) 1411",11/08/2004
"27 , Srabon (Shraban) 1411",12/08/2004
"28 , Srabon (Shraban) 1411",13/08/2004
"29 , Srabon (Shraban) 1411",14/08/2004
"30 , Srabon (Shraban) 1411",15/08/2004
"31 , Srabon (Shraban) 1411",16/08/2004
"1 , Bhadro (Bhadra) 1411",17/08/2004
"2 , Bhadro (Bhadra) 1411",18/08/2004
"3 , Bhadro (Bhadra) 1411",19/08/2004
"4 , Bhadro (Bhadra) 1411",20/08/2004
"5 , Bhadro (Bhadra) 1411",21/08/2004
"6 , Bhadro (Bhadra) 1411",22/08/2004
"7 , Bhadro (Bhadra) 1411",23/08/2004
"8 , Bhadro (Bhadra) 1411",24/08/2004
"9 , Bhadro (Bhadra) 1411",25/08/2004
"10 , Bhadro (Bhadra) 1411",26/08/2004
"11 , Bhadro (Bhadra) 1411",27/08/2004
"12 , Bhadro (Bhadra) 1411",28/08/2004
"13 , Bhadro (Bhadra) 1411",29/08/2004
"14 , Bhadro (Bhadra) 1411",30/08/2004
"15 , Bhadro (Bhadra) 1411",31/08/2004
"16 , Bhadro (Bhadra) 1411",01/09/2004
"17 , Bhadro (Bhadra) 1411",02/09/2004
"18 , Bhadro (Bhadra) 1411",03/09/2004
"19 , Bhadro (Bhadra) 1411",04/09/2004
"20 , Bhadro (Bhadra) 1411",05/09/2004
"21 , Bhadro (Bhadra) 1411",06/09/2004
"22 , Bhadro (Bhadra) 1411",07/09/2004
"23 , Bhadro (Bhadra) 1411",08/09/2004
"24 , Bhadro (Bhadra) 1411",09/09/2004
"25 , Bhadro (Bhadra) 1411",10/09/2004
"26 , Bhadro (Bhadra) 1411",11/09/2004
"27 , Bhadro (Bhadra) 1411",12/09/2004
"28 , Bhadro (Bhadra) 1411",13/09/2004
"29 , Bhadro (Bhadra) 1411",14/09/2004
"30 , Bhadro (Bhadra) 1411",15/09/2004
"31 , Bhadro (Bhadra) 1411",16/09/2004
"1 , Ashshin (Aashin) 1411",17/09/2004
"2 , Ashshin (Aashin) 1411",18/09/2004
"3 , Ashshin (Aashin) 1411",19/09/2004
"4 , Ashshin (Aashin) 1411",20/09/2004
"5 , Ashshin (Aashin) 1411",21/09/2004
"6 , Ashshin (Aashin) 1411",22/09/2004
"7 , Ashshin (Aashin) 1411",23/09/2004
"8 , Ashshin (Aashin) 1411",24/09/2004
"9 , Ashshin (Aashin) 1411",25/09/2004
"10 , Ashshin (Aashin) 1411",26/09/2004
"11 , Ashshin (Aashin) 1411",27/09/2004
"12 , Ashshin (Aashin) 1411",28/09/2004
"13 , Ashshin (Aashin) 1411",29/09/2004
"14 , Ashshin (Aashin) 1411",30/09/2004
"15 , Ashshin (Aashin) 1411",01/10/2004
"16 , Ashshin (Aashin) 1411",02/10/2004
"17 , Ashshin (Aashin) 1411",03/10/2004
"18 , Ashshin (Aashin) 1411",04/10/2004
"19 , Ashshin (Aashin) 1411",05/10/2004
"20 , Ashshin (Aashin) 1411",06/10/2004
"21 , Ashshin (Aashin) 1411",07/10/2004
"22 , Ashshin (Aashin) 1411",08/10/2004
"23 , Ashshin (Aashin) 1411",09/10/2004
"24 , Ashshin (Aashin) 1411",10/10/2004
"25 , Ashshin (Aashin) 1411",11/10/2004
"26 , Ashshin (Aashin) 1411",12/10/2004
"27 , Ashshin (Aashin) 1411",13/10/2004
"28 , Ashshin (Aashin) 1411",14/10/2004
"29 , Ashshin (Aashin) 1411",15/10/2004
"30 , Ashshin (Aashin) 1411",16/10/2004
"31 , Ashshin (Aashin) 1411",17/10/2004
"1 , Kartik 1411",18/10/2004
"2 , Kartik 1411",19/10/2004
"3 , Kartik 1411",20/10/2004
"4 , Kartik 1411",21/10/2004
"5 , Kartik 1411",22/10/2004
"6 , Kartik 1411",23/10/2004
"7 , Kartik 1411",24/10/2004
"8 , Kartik 1411",25/10/2004
"9 , Kartik 1411",26/10/2004
"10 , Kartik 1411",27/10/2004
"11 , Kartik 1411",28/10/2004
"12 , Kartik 1411",29/10/2004
"13 , Kartik 1411",30/10/2004
"14 , Kartik 1411",31/10/2004
"15 , Kartik 1411",01/11/2004
"16 , Kartik 1411",02/11/2004
"17 , Kartik 1411",03/11/2004
"18 , Kartik 1411",04/11/2004
"19 , Kartik 1411",05/11/2004
"20 , Kartik 1411",06/11/2004
"21 , Kartik 1411",07/11/2004
"22 , Kartik 1411",08/11/2004
"23 , Kartik 1411",09/11/2004
"24 , Kartik 1411",10/11/2004
"25 , Kartik 1411",11/11/2004
"26 , Kartik 1411",12/11/2004
"27 , Kartik 1411",13/11/2004
"28 , Kartik 1411",14/11/2004
"29 , Kartik 1411",15/11/2004
"30 , Kartik 1411",16/11/2004
"1 , Ogrohaeon (Agrahan) 1411",17/11/2004
"2 , Ogrohaeon (Agrahan) 1411",18/11/2004
"3 , Ogrohaeon (Agrahan) 1411",19/11/2004
"4 , Ogrohaeon (Agrahan) 1411",20/11/2004
"5 , Ogrohaeon (Agrahan) 1411",21/11/2004
"6 , Ogrohaeon (Agrahan) 1411",22/11/2004
"7 , Ogrohaeon (Agrahan) 1411",23/11/2004
"8 , Ogrohaeon (Agrahan) 1411",24/11/2004
"9 , Ogrohaeon (Agrahan) 1411",25/11/2004
"10 , Ogrohaeon (Agrahan) 1411",26/11/2004
"11 , Ogrohaeon (Agrahan) 1411",27/11/2004
"12 , Ogrohaeon (Agrahan) 1411",28/11/2004
"13 , Ogrohaeon (Agrahan) 1411",29/11/2004
"14 , Ogrohaeon (Agrahan) 1411",30/11/2004
"15 , Ogrohaeon (Agrahan) 1411",01/12/2004
"16 , Ogrohaeon (Agrahan) 1411",02/12/2004
"17 , Ogrohaeon (Agrahan) 1411",03/12/2004
"18 , Ogrohaeon (Agrahan) 1411",04/12/2004
"19 , Ogrohaeon (Agrahan) 1411",05/12/2004
"20 , Ogrohaeon (Agrahan) 1411",06/12/2004
"21 , Ogrohaeon (Agrahan) 1411",07/12/2004
"22 , Ogrohaeon (Agrahan) 1411",08/12/2004
"23 , Ogrohaeon (Agrahan) 1411",09/12/2004
"24 , Ogrohaeon (Agrahan) 1411",10/12/2004
"25 , Ogrohaeon (Agrahan) 1411",11/12/2004
"26 , Ogrohaeon (Agrahan) 1411",12/12/2004
"27 , Ogrohaeon (Agrahan) 1411",13/12/2004
"28 , Ogrohaeon (Agrahan) 1411",14/12/2004
"29 , Ogrohaeon (Agrahan) 1411",15/12/2004
"1 , Poush 1411",16/12/2004
"2 , Poush 1411",17/12/2004
"3 , Poush 1411",18/12/2004
"4 , Poush 1411",19/12/2004
"5 , Poush 1411",20/12/2004
"6 , Poush 1411",21/12/2004
"7 , Poush 1411",22/12/2004
"8 , Poush 1411",23/12/2004
"9 , Poush 1411",24/12/2004
"10 , Poush 1411",25/12/2004
"11 , Poush 1411",26/12/2004
"12 , Poush 1411",27/12/2004
"13 , Poush 1411",28/12/2004
"14 , Poush 1411",29/12/2004
"15 , Poush 1411",30/12/2004
"16 , Poush 1411",31/12/2004
"17 , Poush 1411",01/01/2005
"18 , Poush 1411",02/01/2005
"19 , Poush 1411",03/01/2005
"20 , Poush 1411",04/01/2005
"21 , Poush 1411",05/01/2005
"22 , Poush 1411",06/01/2005
"23 , Poush 1411",07/01/2005
"24 , Poush 1411",08/01/2005
"25 , Poush 1411",09/01/2005
"26 , Poush 1411",10/01/2005
"27 , Poush 1411",11/01/2005
"28 , Poush 1411",12/01/2005
"29 , Poush 1411",13/01/2005
"30 , Poush 1411",14/01/2005
"1 , Magh (Maagh) 1412",15/01/2005
"2 , Magh (Maagh) 1412",16/01/2005
"3 , Magh (Maagh) 1412",17/01/2005
"4 , Magh (Maagh) 1412",18/01/2005
"5 , Magh (Maagh) 1412",19/01/2005
"6 , Magh (Maagh) 1412",20/01/2005
"7 , Magh (Maagh) 1412",21/01/2005
"8 , Magh (Maagh) 1412",22/01/2005
"9 , Magh (Maagh) 1412",23/01/2005
"10 , Magh (Maagh) 1412",24/01/2005
"11 , Magh (Maagh) 1412",25/01/2005
"12 , Magh (Maagh) 1412",26/01/2005
"13 , Magh (Maagh) 1412",27/01/2005
"14 , Magh (Maagh) 1412",28/01/2005
"15 , Magh (Maagh) 1412",29/01/2005
"16 , Magh (Maagh) 1412",30/01/2005
"17 , Magh (Maagh) 1412",31/01/2005
"18 , Magh (Maagh) 1412",01/02/2005
"19 , Magh (Maagh) 1412",02/02/2005
"20 , Magh (Maagh) 1412",03/02/2005
"21 , Magh (Maagh) 1412",04/02/2005
"22 , Magh (Maagh) 1412",05/02/2005
"23 , Magh (Maagh) 1412",06/02/2005
"24 , Magh (Maagh) 1412",07/02/2005
"25 , Magh (Maagh) 1412",08/02/2005
"26 , Magh (Maagh) 1412",09/02/2005
"27 , Magh (Maagh) 1412",10/02/2005
"28 , Magh (Maagh) 1412",11/02/2005
"29 , Magh (Maagh) 1412",12/02/2005
"1 , Falgun (Phalgun) 1412",13/02/2005
"2 , Falgun (Phalgun) 1412",14/02/2005
"3 , Falgun (Phalgun) 1412",15/02/2005
"4 , Falgun (Phalgun) 1412",16/02/2005
"5 , Falgun (Phalgun) 1412",17/02/2005
"6 , Falgun (Phalgun) 1412",18/02/2005
"7 , Falgun (Phalgun) 1412",19/02/2005
"8 , Falgun (Phalgun) 1412",20/02/2005
"9 , Falgun (Phalgun) 1412",21/02/2005
"10 , Falgun (Phalgun) 1412",22/02/2005
"11 , Falgun (Phalgun) 1412",23/02/2005
"12 , Falgun (Phalgun) 1412",24/02/2005
"13 , Falgun (Phalgun) 1412",25/02/2005
"14 , Falgun (Phalgun) 1412",26/02/2005
"15 , Falgun (Phalgun) 1412",27/02/2005
"16 , Falgun (Phalgun) 1412",28/02/2005
"17 , Falgun (Phalgun) 1412",01/03/2005
"18 , Falgun (Phalgun) 1412",02/03/2005
"19 , Falgun (Phalgun) 1412",03/03/2005
"20 , Falgun (Phalgun) 1412",04/03/2005
"21 , Falgun (Phalgun) 1412",05/03/2005
"22 , Falgun (Phalgun) 1412",06/03/2005
"23 , Falgun (Phalgun) 1412",07/03/2005
"24 , Falgun (Phalgun) 1412",08/03/2005
"25 , Falgun (Phalgun) 1412",09/03/2005
"26 , Falgun (Phalgun) 1412",10/03/2005
"27 , Falgun (Phalgun) 1412",11/03/2005
"28 , Falgun (Phalgun) 1412",12/03/2005
"29 , Falgun (Phalgun) 1412",13/03/2005
"30 , Falgun (Phalgun) 1412",14/03/2005
"1 , Choitro (Chaitra) 1412",15/03/2005
"2 , Choitro (Chaitra) 1412",16/03/2005
"3 , Choitro (Chaitra) 1412",17/03/2005
"4 , Choitro (Chaitra) 1412",18/03/2005
"5 , Choitro (Chaitra) 1412",19/03/2005
"6 , Choitro (Chaitra) 1412",20/03/2005
"7 , Choitro (Chaitra) 1412",21/03/2005
"8 , Choitro (Chaitra) 1412",22/03/2005
"9 , Choitro (Chaitra) 1412",23/03/2005
"10 , Choitro (Chaitra) 1412",24/03/2005
"11 , Choitro (Chaitra) 1412",25/03/2005
"12 , Choitro (Chaitra) 1412",26/03/2005
"13 , Choitro (Chaitra) 1412",27/03/2005
"14 , Choitro (Chaitra) 1412",28/03/2005
"15 , Choitro (Chaitra) 1412",29/03/2005
"16 , Choitro (Chaitra) 1412",30/03/2005
"17 , Choitro (Chaitra) 1412",31/03/2005
"18 , Choitro (Chaitra) 1412",01/04/2005
"19 , Choitro (Chaitra) 1412",02/04/2005
"20 , Choitro (Chaitra) 1412",03/04/2005
"21 , Choitro (Chaitra) 1412",04/04/2005
"22 , Choitro (Chaitra) 1412",05/04/2005
"23 , Choitro (Chaitra) 1412",06/04/2005
"24 , Choitro (Chaitra) 1412",07/04/2005
"25 , Choitro (Chaitra) 1412",08/04/2005
"26 , Choitro (Chaitra) 1412",09/04/2005
"27 , Choitro (Chaitra) 1412",10/04/2005
"28 , Choitro (Chaitra) 1412",11/04/2005
"29 , Choitro (Chaitra) 1412",12/04/2005
"30 , Choitro (Chaitra) 1412",13/04/2005
"31 , Choitro (Chaitra) 1412",14/04/2005
"1 , Boishakh (Baisakh) 1412",15/04/2005
"2 , Boishakh (Baisakh) 1412",16/04/2005
"3 , Boishakh (Baisakh) 1412",17/04/2005
"4 , Boishakh (Baisakh) 1412",18/04/2005
"5 , Boishakh (Baisakh) 1412",19/04/2005
"6 , Boishakh (Baisakh) 1412",20/04/2005
"7 , Boishakh (Baisakh) 1412",21/04/2005
"8 , Boishakh (Baisakh) 1412",22/04/2005
"9 , Boishakh (Baisakh) 1412",23/04/2005
"10 , Boishakh (Baisakh) 1412",24/04/2005
"11 , Boishakh (Baisakh) 1412",25/04/2005
"12 , Boishakh (Baisakh) 1412",26/04/2005
"13 , Boishakh (Baisakh) 1412",27/04/2005
"14 , Boishakh (Baisakh) 1412",28/04/2005
"15 , Boishakh (Baisakh) 1412",29/04/2005
"16 , Boishakh (Baisakh) 1412",30/04/2005
"17 , Boishakh (Baisakh) 1412",01/05/2005
"18 , Boishakh (Baisakh) 1412",02/05/2005
"19 , Boishakh (Baisakh) 1412",03/05/2005
"20 , Boishakh (Baisakh) 1412",04/05/2005
"21 , Boishakh (Baisakh) 1412",05/05/2005
"22 , Boishakh (Baisakh) 1412",06/05/2005
"23 , Boishakh (Baisakh) 1412",07/05/2005
"24 , Boishakh (Baisakh) 1412",08/05/2005
"25 , Boishakh (Baisakh) 1412",09/05/2005
"26 , Boishakh (Baisakh) 1412",10/05/2005
"27 , Boishakh (Baisakh) 1412",11/05/2005
"28 , Boishakh (Baisakh) 1412",12/05/2005
"29 , Boishakh (Baisakh) 1412",13/05/2005
"30 , Boishakh (Baisakh) 1412",14/05/2005
"1 , Joishtho (Jaishtho) 1412",15/05/2005
"2 , Joishtho (Jaishtho) 1412",16/05/2005
"3 , Joishtho (Jaishtho) 1412",17/05/2005
"4 , Joishtho (Jaishtho) 1412",18/05/2005
"5 , Joishtho (Jaishtho) 1412",19/05/2005
"6 , Joishtho (Jaishtho) 1412",20/05/2005
"7 , Joishtho (Jaishtho) 1412",21/05/2005
"8 , Joishtho (Jaishtho) 1412",22/05/2005
"9 , Joishtho (Jaishtho) 1412",23/05/2005
"10 , Joishtho (Jaishtho) 1412",24/05/2005
"11 , Joishtho (Jaishtho) 1412",25/05/2005
"12 , Joishtho (Jaishtho) 1412",26/05/2005
"13 , Joishtho (Jaishtho) 1412",27/05/2005
"14 , Joishtho (Jaishtho) 1412",28/05/2005
"15 , Joishtho (Jaishtho) 1412",29/05/2005
"16 , Joishtho (Jaishtho) 1412",30/05/2005
"17 , Joishtho (Jaishtho) 1412",31/05/2005
"18 , Joishtho (Jaishtho) 1412",01/06/2005
"19 , Joishtho (Jaishtho) 1412",02/06/2005
"20 , Joishtho (Jaishtho) 1412",03/06/2005
"21 , Joishtho (Jaishtho) 1412",04/06/2005
"22 , Joishtho (Jaishtho) 1412",05/06/2005
"23 , Joishtho (Jaishtho) 1412",06/06/2005
"24 , Joishtho (Jaishtho) 1412",07/06/2005
"25 , Joishtho (Jaishtho) 1412",08/06/2005
"26 , Joishtho (Jaishtho) 1412",09/06/2005
"27 , Joishtho (Jaishtho) 1412",10/06/2005
"28 , Joishtho (Jaishtho) 1412",11/06/2005
"29 , Joishtho (Jaishtho) 1412",12/06/2005
"30 , Joishtho (Jaishtho) 1412",13/06/2005
"31 , Joishtho (Jaishtho) 1412",14/06/2005
"32 , Joishtho (Jaishtho) 1412",15/06/2005
"1 , Asharh (Aashar) 1412",16/06/2005
"2 , Asharh (Aashar) 1412",17/06/2005
"3 , Asharh (Aashar) 1412",18/06/2005
"4 , Asharh (Aashar) 1412",19/06/2005
"5 , Asharh (Aashar) 1412",20/06/2005
"6 , Asharh (Aashar) 1412",21/06/2005
"7 , Asharh (Aashar) 1412",22/06/2005
"8 , Asharh (Aashar) 1412",23/06/2005
"9 , Asharh (Aashar) 1412",24/06/2005
"10 , Asharh (Aashar) 1412",25/06/2005
"11 , Asharh (Aashar) 1412",26/06/2005
"12 , Asharh (Aashar) 1412",27/06/2005
"13 , Asharh (Aashar) 1412",28/06/2005
"14 , Asharh (Aashar) 1412",29/06/2005
"15 , Asharh (Aashar) 1412",30/06/2005
"16 , Asharh (Aashar) 1412",01/07/2005
"17 , Asharh (Aashar) 1412",02/07/2005
"18 , Asharh (Aashar) 1412",03/07/2005
"19 , Asharh (Aashar) 1412",04/07/2005
"20 , Asharh (Aashar) 1412",05/07/2005
"21 , Asharh (Aashar) 1412",06/07/2005
"22 , Asharh (Aashar) 1412",07/07/2005
"23 , Asharh (Aashar) 1412",08/07/2005
"24 , Asharh (Aashar) 1412",09/07/2005
"25 , Asharh (Aashar) 1412",10/07/2005
"26 , Asharh (Aashar) 1412",11/07/2005
"27 , Asharh (Aashar) 1412",12/07/2005
"28 , Asharh (Aashar) 1412",13/07/2005
"29 , Asharh (Aashar) 1412",14/07/2005
"30 , Asharh (Aashar) 1412",15/07/2005
"31 , Asharh (Aashar) 1412",16/07/2005
"32 , Asharh (Aashar) 1412",17/07/2005
"1 , Srabon (Shraban) 1412",18/07/2005
"2 , Srabon (Shraban) 1412",19/07/2005
"3 , Srabon (Shraban) 1412",20/07/2005
"4 , Srabon (Shraban) 1412",21/07/2005
"5 , Srabon (Shraban) 1412",22/07/2005
"6 , Srabon (Shraban) 1412",23/07/2005
"7 , Srabon (Shraban) 1412",24/07/2005
"8 , Srabon (Shraban) 1412",25/07/2005
"9 , Srabon (Shraban) 1412",26/07/2005
"10 , Srabon (Shraban) 1412",27/07/2005
"11 , Srabon (Shraban) 1412",28/07/2005
"12 , Srabon (Shraban) 1412",29/07/2005
"13 , Srabon (Shraban) 1412",30/07/2005
"14 , Srabon (Shraban) 1412",31/07/2005
"15 , Srabon (Shraban) 1412",01/08/2005
"16 , Srabon (Shraban) 1412",02/08/2005
"17 , Srabon (Shraban) 1412",03/08/2005
"18 , Srabon (Shraban) 1412",04/08/2005
"19 , Srabon (Shraban) 1412",05/08/2005
"20 , Srabon (Shraban) 1412",06/08/2005
"21 , Srabon (Shraban) 1412",07/08/2005
"22 , Srabon (Shraban) 1412",08/08/2005
"23 , Srabon (Shraban) 1412",09/08/2005
"24 , Srabon (Shraban) 1412",10/08/2005
"25 , Srabon (Shraban) 1412",11/08/2005
"26 , Srabon (Shraban) 1412",12/08/2005
"27 , Srabon (Shraban) 1412",13/08/2005
"28 , Srabon (Shraban) 1412",14/08/2005
"29 , Srabon (Shraban) 1412",15/08/2005
"30 , Srabon (Shraban) 1412",16/08/2005
"1 , Bhadro (Bhadra) 1412",17/08/2005
"2 , Bhadro (Bhadra) 1412",18/08/2005
"3 , Bhadro (Bhadra) 1412",19/08/2005
"4 , Bhadro (Bhadra) 1412",20/08/2005
"5 , Bhadro (Bhadra) 1412",21/08/2005
"6 , Bhadro (Bhadra) 1412",22/08/2005
"7 , Bhadro (Bhadra) 1412",23/08/2005
"8 , Bhadro (Bhadra) 1412",24/08/2005
"9 , Bhadro (Bhadra) 1412",25/08/2005
"10 , Bhadro (Bhadra) 1412",26/08/2005
"11 , Bhadro (Bhadra) 1412",27/08/2005
"12 , Bhadro (Bhadra) 1412",28/08/2005
"13 , Bhadro (Bhadra) 1412",29/08/2005
"14 , Bhadro (Bhadra) 1412",30/08/2005
"15 , Bhadro (Bhadra) 1412",31/08/2005
"16 , Bhadro (Bhadra) 1412",01/09/2005
"17 , Bhadro (Bhadra) 1412",02/09/2005
"18 , Bhadro (Bhadra) 1412",03/09/2005
"19 , Bhadro (Bhadra) 1412",04/09/2005
"20 , Bhadro (Bhadra) 1412",05/09/2005
"21 , Bhadro (Bhadra) 1412",06/09/2005
"22 , Bhadro (Bhadra) 1412",07/09/2005
"23 , Bhadro (Bhadra) 1412",08/09/2005
"24 , Bhadro (Bhadra) 1412",09/09/2005
"25 , Bhadro (Bhadra) 1412",10/09/2005
"26 , Bhadro (Bhadra) 1412",11/09/2005
"27 , Bhadro (Bhadra) 1412",12/09/2005
"28 , Bhadro (Bhadra) 1412",13/09/2005
"29 , Bhadro (Bhadra) 1412",14/09/2005
"30 , Bhadro (Bhadra) 1412",15/09/2005
"31 , Bhadro (Bhadra) 1412",16/09/2005
"32 , Bhadro (Bhadra) 1412",17/09/2005
"1 , Ashshin (Aashin) 1412",18/09/2005
"2 , Ashshin (Aashin) 1412",19/09/2005
"3 , Ashshin (Aashin) 1412",20/09/2005
"4 , Ashshin (Aashin) 1412",21/09/2005
"5 , Ashshin (Aashin) 1412",22/09/2005
"6 , Ashshin (Aashin) 1412",23/09/2005
"7 , Ashshin (Aashin) 1412",24/09/2005
"8 , Ashshin (Aashin) 1412",25/09/2005
"9 , Ashshin (Aashin) 1412",26/09/2005
"10 , Ashshin (Aashin) 1412",27/09/2005
"11 , Ashshin (Aashin) 1412",28/09/2005
"12 , Ashshin (Aashin) 1412",29/09/2005
"13 , Ashshin (Aashin) 1412",30/09/2005
"14 , Ashshin (Aashin) 1412",01/10/2005
"15 , Ashshin (Aashin) 1412",02/10/2005
"16 , Ashshin (Aashin) 1412",03/10/2005
"17 , Ashshin (Aashin) 1412",04/10/2005
"18 , Ashshin (Aashin) 1412",05/10/2005
"19 , Ashshin (Aashin) 1412",06/10/2005
"20 , Ashshin (Aashin) 1412",07/10/2005
"21 , Ashshin (Aashin) 1412",08/10/2005
"22 , Ashshin (Aashin) 1412",09/10/2005
"23 , Ashshin (Aashin) 1412",10/10/2005
"24 , Ashshin (Aashin) 1412",11/10/2005
"25 , Ashshin (Aashin) 1412",12/10/2005
"26 , Ashshin (Aashin) 1412",13/10/2005
"27 , Ashshin (Aashin) 1412",14/10/2005
"28 , Ashshin (Aashin) 1412",15/10/2005
"29 , Ashshin (Aashin) 1412",16/10/2005
"30 , Ashshin (Aashin) 1412",17/10/2005
"31 , Ashshin (Aashin) 1412",18/10/2005
"1 , Kartik 1412",19/10/2005
"2 , Kartik 1412",20/10/2005
"3 , Kartik 1412",21/10/2005
"4 , Kartik 1412",22/10/2005
"5 , Kartik 1412",23/10/2005
"6 , Kartik 1412",24/10/2005
"7 , Kartik 1412",25/10/2005
"8 , Kartik 1412",26/10/2005
"9 , Kartik 1412",27/10/2005
"10 , Kartik 1412",28/10/2005
"11 , Kartik 1412",29/10/2005
"12 , Kartik 1412",30/10/2005
"13 , Kartik 1412",31/10/2005
"14 , Kartik 1412",01/11/2005
"15 , Kartik 1412",02/11/2005
"16 , Kartik 1412",03/11/2005
"17 , Kartik 1412",04/11/2005
"18 , Kartik 1412",05/11/2005
"19 , Kartik 1412",06/11/2005
"20 , Kartik 1412",07/11/2005
"21 , Kartik 1412",08/11/2005
"22 , Kartik 1412",09/11/2005
"23 , Kartik 1412",10/11/2005
"24 , Kartik 1412",11/11/2005
"25 , Kartik 1412",12/11/2005
"26 , Kartik 1412",13/11/2005
"27 , Kartik 1412",14/11/2005
"28 , Kartik 1412",15/11/2005
"29 , Kartik 1412",16/11/2005
"1 , Ogrohaeon (Agrahan) 1412",17/11/2005
"2 , Ogrohaeon (Agrahan) 1412",18/11/2005
"3 , Ogrohaeon (Agrahan) 1412",19/11/2005
"4 , Ogrohaeon (Agrahan) 1412",20/11/2005
"5 , Ogrohaeon (Agrahan) 1412",21/11/2005
"6 , Ogrohaeon (Agrahan) 1412",22/11/2005
"7 , Ogrohaeon (Agrahan) 1412",23/11/2005
"8 , Ogrohaeon (Agrahan) 1412",24/11/2005
"9 , Ogrohaeon (Agrahan) 1412",25/11/2005
"10 , Ogrohaeon (Agrahan) 1412",26/11/2005
"11 , Ogrohaeon (Agrahan) 1412",27/11/2005
"12 , Ogrohaeon (Agrahan) 1412",28/11/2005
"13 , Ogrohaeon (Agrahan) 1412",29/11/2005
"14 , Ogrohaeon (Agrahan) 1412",30/11/2005
"15 , Ogrohaeon (Agrahan) 1412",01/12/2005
"16 , Ogrohaeon (Agrahan) 1412",02/12/2005
"17 , Ogrohaeon (Agrahan) 1412",03/12/2005
"18 , Ogrohaeon (Agrahan) 1412",04/12/2005
"19 , Ogrohaeon (Agrahan) 1412",05/12/2005
"20 , Ogrohaeon (Agrahan) 1412",06/12/2005
"21 , Ogrohaeon (Agrahan) 1412",07/12/2005
"22 , Ogrohaeon (Agrahan) 1412",08/12/2005
"23 , Ogrohaeon (Agrahan) 1412",09/12/2005
"24 , Ogrohaeon (Agrahan) 1412",10/12/2005
"25 , Ogrohaeon (Agrahan) 1412",11/12/2005
"26 , Ogrohaeon (Agrahan) 1412",12/12/2005
"27 , Ogrohaeon (Agrahan) 1412",13/12/2005
"28 , Ogrohaeon (Agrahan) 1412",14/12/2005
"29 , Ogrohaeon (Agrahan) 1412",15/12/2005
"30 , Ogrohaeon (Agrahan) 1412",16/12/2005
"1 , Poush 1412",17/12/2005
"2 , Poush 1412",18/12/2005
"3 , Poush 1412",19/12/2005
"4 , Poush 1412",20/12/2005
"5 , Poush 1412",21/12/2005
"6 , Poush 1412",22/12/2005
"7 , Poush 1412",23/12/2005
"8 , Poush 1412",24/12/2005
"9 , Poush 1412",25/12/2005
"10 , Poush 1412",26/12/2005
"11 , Poush 1412",27/12/2005
"12 , Poush 1412",28/12/2005
"13 , Poush 1412",29/12/2005
"14 , Poush 1412",30/12/2005
"15 , Poush 1412",31/12/2005
"16 , Poush 1412",01/01/2006
"17 , Poush 1412",02/01/2006
"18 , Poush 1412",03/01/2006
"19 , Poush 1412",04/01/2006
"20 , Poush 1412",05/01/2006
"21 , Poush 1412",06/01/2006
"22 , Poush 1412",07/01/2006
"23 , Poush 1412",08/01/2006
"24 , Poush 1412",09/01/2006
"25 , Poush 1412",10/01/2006
"26 , Poush 1412",11/01/2006
"27 , Poush 1412",12/01/2006
"28 , Poush 1412",13/01/2006
"29 , Poush 1412",14/01/2006
"1 , Magh (Maagh) 1413",15/01/2006
"2 , Magh (Maagh) 1413",16/01/2006
"3 , Magh (Maagh) 1413",17/01/2006
"4 , Magh (Maagh) 1413",18/01/2006
"5 , Magh (Maagh) 1413",19/01/2006
"6 , Magh (Maagh) 1413",20/01/2006
"7 , Magh (Maagh) 1413",21/01/2006
"8 , Magh (Maagh) 1413",22/01/2006
"9 , Magh (Maagh) 1413",23/01/2006
"10 , Magh (Maagh) 1413",24/01/2006
"11 , Magh (Maagh) 1413",25/01/2006
"12 , Magh (Maagh) 1413",26/01/2006
"13 , Magh (Maagh) 1413",27/01/2006
"14 , Magh (Maagh) 1413",28/01/2006
"15 , Magh (Maagh) 1413",29/01/2006
"16 , Magh (Maagh) 1413",30/01/2006
"17 , Magh (Maagh) 1413",31/01/2006
"18 , Magh (Maagh) 1413",01/02/2006
"19 , Magh (Maagh) 1413",02/02/2006
"20 , Magh (Maagh) 1413",03/02/2006
"21 , Magh (Maagh) 1413",04/02/2006
"22 , Magh (Maagh) 1413",05/02/2006
"23 , Magh (Maagh) 1413",06/02/2006
"24 , Magh (Maagh) 1413",07/02/2006
"25 , Magh (Maagh) 1413",08/02/2006
"26 , Magh (Maagh) 1413",09/02/2006
"27 , Magh (Maagh) 1413",10/02/2006
"28 , Magh (Maagh) 1413",11/02/2006
"29 , Magh (Maagh) 1413",12/02/2006
"30 , Magh (Maagh) 1413",13/02/2006
"1 , Falgun (Phalgun) 1413",14/02/2006
"2 , Falgun (Phalgun) 1413",15/02/2006
"3 , Falgun (Phalgun) 1413",16/02/2006
"4 , Falgun (Phalgun) 1413",17/02/2006
"5 , Falgun (Phalgun) 1413",18/02/2006
"6 , Falgun (Phalgun) 1413",19/02/2006
"7 , Falgun (Phalgun) 1413",20/02/2006
"8 , Falgun (Phalgun) 1413",21/02/2006
"9 , Falgun (Phalgun) 1413",22/02/2006
"10 , Falgun (Phalgun) 1413",23/02/2006
"11 , Falgun (Phalgun) 1413",24/02/2006
"12 , Falgun (Phalgun) 1413",25/02/2006
"13 , Falgun (Phalgun) 1413",26/02/2006
"14 , Falgun (Phalgun) 1413",27/02/2006
"15 , Falgun (Phalgun) 1413",28/02/2006
"16 , Falgun (Phalgun) 1413",01/03/2006
"17 , Falgun (Phalgun) 1413",02/03/2006
"18 , Falgun (Phalgun) 1413",03/03/2006
"19 , Falgun (Phalgun) 1413",04/03/2006
"20 , Falgun (Phalgun) 1413",05/03/2006
"21 , Falgun (Phalgun) 1413",06/03/2006
"22 , Falgun (Phalgun) 1413",07/03/2006
"23 , Falgun (Phalgun) 1413",08/03/2006
"24 , Falgun (Phalgun) 1413",09/03/2006
"25 , Falgun (Phalgun) 1413",10/03/2006
"26 , Falgun (Phalgun) 1413",11/03/2006
"27 , Falgun (Phalgun) 1413",12/03/2006
"28 , Falgun (Phalgun) 1413",13/03/2006
"29 , Falgun (Phalgun) 1413",14/03/2006
"1 , Choitro (Chaitra) 1413",15/03/2006
"2 , Choitro (Chaitra) 1413",16/03/2006
"3 , Choitro (Chaitra) 1413",17/03/2006
"4 , Choitro (Chaitra) 1413",18/03/2006
"5 , Choitro (Chaitra) 1413",19/03/2006
"6 , Choitro (Chaitra) 1413",20/03/2006
"7 , Choitro (Chaitra) 1413",21/03/2006
"8 , Choitro (Chaitra) 1413",22/03/2006
"9 , Choitro (Chaitra) 1413",23/03/2006
"10 , Choitro (Chaitra) 1413",24/03/2006
"11 , Choitro (Chaitra) 1413",25/03/2006
"12 , Choitro (Chaitra) 1413",26/03/2006
"13 , Choitro (Chaitra) 1413",27/03/2006
"14 , Choitro (Chaitra) 1413",28/03/2006
"15 , Choitro (Chaitra) 1413",29/03/2006
"16 , Choitro (Chaitra) 1413",30/03/2006
"17 , Choitro (Chaitra) 1413",31/03/2006
"18 , Choitro (Chaitra) 1413",01/04/2006
"19 , Choitro (Chaitra) 1413",02/04/2006
"20 , Choitro (Chaitra) 1413",03/04/2006
"21 , Choitro (Chaitra) 1413",04/04/2006
"22 , Choitro (Chaitra) 1413",05/04/2006
"23 , Choitro (Chaitra) 1413",06/04/2006
"24 , Choitro (Chaitra) 1413",07/04/2006
"25 , Choitro (Chaitra) 1413",08/04/2006
"26 , Choitro (Chaitra) 1413",09/04/2006
"27 , Choitro (Chaitra) 1413",10/04/2006
"28 , Choitro (Chaitra) 1413",11/04/2006
"29 , Choitro (Chaitra) 1413",12/04/2006
"30 , Choitro (Chaitra) 1413",13/04/2006
"31 , Choitro (Chaitra) 1413",14/04/2006
"1 , Boishakh (Baisakh) 1413",15/04/2006
"2 , Boishakh (Baisakh) 1413",16/04/2006
"3 , Boishakh (Baisakh) 1413",17/04/2006
"4 , Boishakh (Baisakh) 1413",18/04/2006
"5 , Boishakh (Baisakh) 1413",19/04/2006
"6 , Boishakh (Baisakh) 1413",20/04/2006
"7 , Boishakh (Baisakh) 1413",21/04/2006
"8 , Boishakh (Baisakh) 1413",22/04/2006
"9 , Boishakh (Baisakh) 1413",23/04/2006
"10 , Boishakh (Baisakh) 1413",24/04/2006
"11 , Boishakh (Baisakh) 1413",25/04/2006
"12 , Boishakh (Baisakh) 1413",26/04/2006
"13 , Boishakh (Baisakh) 1413",27/04/2006
"14 , Boishakh (Baisakh) 1413",28/04/2006
"15 , Boishakh (Baisakh) 1413",29/04/2006
"16 , Boishakh (Baisakh) 1413",30/04/2006
"17 , Boishakh (Baisakh) 1413",01/05/2006
"18 , Boishakh (Baisakh) 1413",02/05/2006
"19 , Boishakh (Baisakh) 1413",03/05/2006
"20 , Boishakh (Baisakh) 1413",04/05/2006
"21 , Boishakh (Baisakh) 1413",05/05/2006
"22 , Boishakh (Baisakh) 1413",06/05/2006
"23 , Boishakh (Baisakh) 1413",07/05/2006
"24 , Boishakh (Baisakh) 1413",08/05/2006
"25 , Boishakh (Baisakh) 1413",09/05/2006
"26 , Boishakh (Baisakh) 1413",10/05/2006
"27 , Boishakh (Baisakh) 1413",11/05/2006
"28 , Boishakh (Baisakh) 1413",12/05/2006
"29 , Boishakh (Baisakh) 1413",13/05/2006
"30 , Boishakh (Baisakh) 1413",14/05/2006
"31 , Boishakh (Baisakh) 1413",15/05/2006
"1 , Joishtho (Jaishtho) 1413",16/05/2006
"2 , Joishtho (Jaishtho) 1413",17/05/2006
"3 , Joishtho (Jaishtho) 1413",18/05/2006
"4 , Joishtho (Jaishtho) 1413",19/05/2006
"5 , Joishtho (Jaishtho) 1413",20/05/2006
"6 , Joishtho (Jaishtho) 1413",21/05/2006
"7 , Joishtho (Jaishtho) 1413",22/05/2006
"8 , Joishtho (Jaishtho) 1413",23/05/2006
"9 , Joishtho (Jaishtho) 1413",24/05/2006
"10 , Joishtho (Jaishtho) 1413",25/05/2006
"11 , Joishtho (Jaishtho) 1413",26/05/2006
"12 , Joishtho (Jaishtho) 1413",27/05/2006
"13 , Joishtho (Jaishtho) 1413",28/05/2006
"14 , Joishtho (Jaishtho) 1413",29/05/2006
"15 , Joishtho (Jaishtho) 1413",30/05/2006
"16 , Joishtho (Jaishtho) 1413",31/05/2006
"17 , Joishtho (Jaishtho) 1413",01/06/2006
"18 , Joishtho (Jaishtho) 1413",02/06/2006
"19 , Joishtho (Jaishtho) 1413",03/06/2006
"20 , Joishtho (Jaishtho) 1413",04/06/2006
"21 , Joishtho (Jaishtho) 1413",05/06/2006
"22 , Joishtho (Jaishtho) 1413",06/06/2006
"23 , Joishtho (Jaishtho) 1413",07/06/2006
"24 , Joishtho (Jaishtho) 1413",08/06/2006
"25 , Joishtho (Jaishtho) 1413",09/06/2006
"26 , Joishtho (Jaishtho) 1413",10/06/2006
"27 , Joishtho (Jaishtho) 1413",11/06/2006
"28 , Joishtho (Jaishtho) 1413",12/06/2006
"29 , Joishtho (Jaishtho) 1413",13/06/2006
"30 , Joishtho (Jaishtho) 1413",14/06/2006
"31 , Joishtho (Jaishtho) 1413",15/06/2006
"1 , Asharh (Aashar) 1413",16/06/2006
"2 , Asharh (Aashar) 1413",17/06/2006
"3 , Asharh (Aashar) 1413",18/06/2006
"4 , Asharh (Aashar) 1413",19/06/2006
"5 , Asharh (Aashar) 1413",20/06/2006
"6 , Asharh (Aashar) 1413",21/06/2006
"7 , Asharh (Aashar) 1413",22/06/2006
"8 , Asharh (Aashar) 1413",23/06/2006
"9 , Asharh (Aashar) 1413",24/06/2006
"10 , Asharh (Aashar) 1413",25/06/2006
"11 , Asharh (Aashar) 1413",26/06/2006
"12 , Asharh (Aashar) 1413",27/06/2006
"13 , Asharh (Aashar) 1413",28/06/2006
"14 , Asharh (Aashar) 1413",29/06/2006
"15 , Asharh (Aashar) 1413",30/06/2006
"16 , Asharh (Aashar) 1413",01/07/2006
"17 , Asharh (Aashar) 1413",02/07/2006
"18 , Asharh (Aashar) 1413",03/07/2006
"19 , Asharh (Aashar) 1413",04/07/2006
"20 , Asharh (Aashar) 1413",05/07/2006
"21 , Asharh (Aashar) 1413",06/07/2006
"22 , Asharh (Aashar) 1413",07/07/2006
"23 , Asharh (Aashar) 1413",08/07/2006
"24 , Asharh (Aashar) 1413",09/07/2006
"25 , Asharh (Aashar) 1413",10/07/2006
"26 , Asharh (Aashar) 1413",11/07/2006
"27 , Asharh (Aashar) 1413",12/07/2006
"28 , Asharh (Aashar) 1413",13/07/2006
"29 , Asharh (Aashar) 1413",14/07/2006
"30 , Asharh (Aashar) 1413",15/07/2006
"31 , Asharh (Aashar) 1413",16/07/2006
"1 , Srabon (Shraban) 1413",17/07/2006
"2 , Srabon (Shraban) 1413",18/07/2006
"3 , Srabon (Shraban) 1413",19/07/2006
"4 , Srabon (Shraban) 1413",20/07/2006
"5 , Srabon (Shraban) 1413",21/07/2006
"6 , Srabon (Shraban) 1413",22/07/2006
"7 , Srabon (Shraban) 1413",23/07/2006
"8 , Srabon (Shraban) 1413",24/07/2006
"9 , Srabon (Shraban) 1413",25/07/2006
"10 , Srabon (Shraban) 1413",26/07/2006
"11 , Srabon (Shraban) 1413",27/07/2006
"12 , Srabon (Shraban) 1413",28/07/2006
"13 , Srabon (Shraban) 1413",29/07/2006
"14 , Srabon (Shraban) 1413",30/07/2006
"15 , Srabon (Shraban) 1413",31/07/2006
"16 , Srabon (Shraban) 1413",01/08/2006
"17 , Srabon (Shraban) 1413",02/08/2006
"18 , Srabon (Shraban) 1413",03/08/2006
"19 , Srabon (Shraban) 1413",04/08/2006
"20 , Srabon (Shraban) 1413",05/08/2006
"21 , Srabon (Shraban) 1413",06/08/2006
"22 , Srabon (Shraban) 1413",07/08/2006
"23 , Srabon (Shraban) 1413",08/08/2006
"24 , Srabon (Shraban) 1413",09/08/2006
"25 , Srabon (Shraban) 1413",10/08/2006
"26 , Srabon (Shraban) 1413",11/08/2006
"27 , Srabon (Shraban) 1413",12/08/2006
"28 , Srabon (Shraban) 1413",13/08/2006
"29 , Srabon (Shraban) 1413",14/08/2006
"30 , Srabon (Shraban) 1413",15/08/2006
"31 , Srabon (Shraban) 1413",16/08/2006
"32 , Srabon (Shraban) 1413",17/08/2006
"1 , Bhadro (Bhadra) 1413",18/08/2006
"2 , Bhadro (Bhadra) 1413",19/08/2006
"3 , Bhadro (Bhadra) 1413",20/08/2006
"4 , Bhadro (Bhadra) 1413",21/08/2006
"5 , Bhadro (Bhadra) 1413",22/08/2006
"6 , Bhadro (Bhadra) 1413",23/08/2006
"7 , Bhadro (Bhadra) 1413",24/08/2006
"8 , Bhadro (Bhadra) 1413",25/08/2006
"9 , Bhadro (Bhadra) 1413",26/08/2006
"10 , Bhadro (Bhadra) 1413",27/08/2006
"11 , Bhadro (Bhadra) 1413",28/08/2006
"12 , Bhadro (Bhadra) 1413",29/08/2006
"13 , Bhadro (Bhadra) 1413",30/08/2006
"14 , Bhadro (Bhadra) 1413",31/08/2006
"15 , Bhadro (Bhadra) 1413",01/09/2006
"16 , Bhadro (Bhadra) 1413",02/09/2006
"17 , Bhadro (Bhadra) 1413",03/09/2006
"18 , Bhadro (Bhadra) 1413",04/09/2006
"19 , Bhadro (Bhadra) 1413",05/09/2006
"20 , Bhadro (Bhadra) 1413",06/09/2006
"21 , Bhadro (Bhadra) 1413",07/09/2006
"22 , Bhadro (Bhadra) 1413",08/09/2006
"23 , Bhadro (Bhadra) 1413",09/09/2006
"24 , Bhadro (Bhadra) 1413",10/09/2006
"25 , Bhadro (Bhadra) 1413",11/09/2006
"26 , Bhadro (Bhadra) 1413",12/09/2006
"27 , Bhadro (Bhadra) 1413",13/09/2006
"28 , Bhadro (Bhadra) 1413",14/09/2006
"29 , Bhadro (Bhadra) 1413",15/09/2006
"30 , Bhadro (Bhadra) 1413",16/09/2006
"31 , Bhadro (Bhadra) 1413",17/09/2006
"1 , Ashshin (Aashin) 1413",18/09/2006
"2 , Ashshin (Aashin) 1413",19/09/2006
"3 , Ashshin (Aashin) 1413",20/09/2006
"4 , Ashshin (Aashin) 1413",21/09/2006
"5 , Ashshin (Aashin) 1413",22/09/2006
"6 , Ashshin (Aashin) 1413",23/09/2006
"7 , Ashshin (Aashin) 1413",24/09/2006
"8 , Ashshin (Aashin) 1413",25/09/2006
"9 , Ashshin (Aashin) 1413",26/09/2006
"10 , Ashshin (Aashin) 1413",27/09/2006
"11 , Ashshin (Aashin) 1413",28/09/2006
"12 , Ashshin (Aashin) 1413",29/09/2006
"13 , Ashshin (Aashin) 1413",30/09/2006
"14 , Ashshin (Aashin) 1413",01/10/2006
"15 , Ashshin (Aashin) 1413",02/10/2006
"16 , Ashshin (Aashin) 1413",03/10/2006
"17 , Ashshin (Aashin) 1413",04/10/2006
"18 , Ashshin (Aashin) 1413",05/10/2006
"19 , Ashshin (Aashin) 1413",06/10/2006
"20 , Ashshin (Aashin) 1413",07/10/2006
"21 , Ashshin (Aashin) 1413",08/10/2006
"22 , Ashshin (Aashin) 1413",09/10/2006
"23 , Ashshin (Aashin) 1413",10/10/2006
"24 , Ashshin (Aashin) 1413",11/10/2006
"25 , Ashshin (Aashin) 1413",12/10/2006
"26 , Ashshin (Aashin) 1413",13/10/2006
"27 , Ashshin (Aashin) 1413",14/10/2006
"28 , Ashshin (Aashin) 1413",15/10/2006
"29 , Ashshin (Aashin) 1413",16/10/2006
"30 , Ashshin (Aashin) 1413",17/10/2006
"1 , Kartik 1413",18/10/2006
"2 , Kartik 1413",19/10/2006
"3 , Kartik 1413",20/10/2006
"4 , Kartik 1413",21/10/2006
"5 , Kartik 1413",22/10/2006
"6 , Kartik 1413",23/10/2006
"7 , Kartik 1413",24/10/2006
"8 , Kartik 1413",25/10/2006
"9 , Kartik 1413",26/10/2006
"10 , Kartik 1413",27/10/2006
"11 , Kartik 1413",28/10/2006
"12 , Kartik 1413",29/10/2006
"13 , Kartik 1413",30/10/2006
"14 , Kartik 1413",31/10/2006
"15 , Kartik 1413",01/11/2006
"16 , Kartik 1413",02/11/2006
"17 , Kartik 1413",03/11/2006
"18 , Kartik 1413",04/11/2006
"19 , Kartik 1413",05/11/2006
"20 , Kartik 1413",06/11/2006
"21 , Kartik 1413",07/11/2006
"22 , Kartik 1413",08/11/2006
"23 , Kartik 1413",09/11/2006
"24 , Kartik 1413",10/11/2006
"25 , Kartik 1413",11/11/2006
"26 , Kartik 1413",12/11/2006
"27 , Kartik 1413",13/11/2006
"28 , Kartik 1413",14/11/2006
"29 , Kartik 1413",15/11/2006
"30 , Kartik 1413",16/11/2006
"31 , Kartik 1413",17/11/2006
"1 , Ogrohaeon (Agrahan) 1413",18/11/2006
"2 , Ogrohaeon (Agrahan) 1413",19/11/2006
"3 , Ogrohaeon (Agrahan) 1413",20/11/2006
"4 , Ogrohaeon (Agrahan) 1413",21/11/2006
"5 , Ogrohaeon (Agrahan) 1413",22/11/2006
"6 , Ogrohaeon (Agrahan) 1413",23/11/2006
"7 , Ogrohaeon (Agrahan) 1413",24/11/2006
"8 , Ogrohaeon (Agrahan) 1413",25/11/2006
"9 , Ogrohaeon (Agrahan) 1413",26/11/2006
"10 , Ogrohaeon (Agrahan) 1413",27/11/2006
"11 , Ogrohaeon (Agrahan) 1413",28/11/2006
"12 , Ogrohaeon (Agrahan) 1413",29/11/2006
"13 , Ogrohaeon (Agrahan) 1413",30/11/2006
"14 , Ogrohaeon (Agrahan) 1413",01/12/2006
"15 , Ogrohaeon (Agrahan) 1413",02/12/2006
"16 , Ogrohaeon (Agrahan) 1413",03/12/2006
"17 , Ogrohaeon (Agrahan) 1413",04/12/2006
"18 , Ogrohaeon (Agrahan) 1413",05/12/2006
"19 , Ogrohaeon (Agrahan) 1413",06/12/2006
"20 , Ogrohaeon (Agrahan) 1413",07/12/2006
"21 , Ogrohaeon (Agrahan) 1413",08/12/2006
"22 , Ogrohaeon (Agrahan) 1413",09/12/2006
"23 , Ogrohaeon (Agrahan) 1413",10/12/2006
"24 , Ogrohaeon (Agrahan) 1413",11/12/2006
"25 , Ogrohaeon (Agrahan) 1413",12/12/2006
"26 , Ogrohaeon (Agrahan) 1413",13/12/2006
"27 , Ogrohaeon (Agrahan) 1413",14/12/2006
"28 , Ogrohaeon (Agrahan) 1413",15/12/2006
"29 , Ogrohaeon (Agrahan) 1413",16/12/2006
"1 , Poush 1413",17/12/2006
"2 , Poush 1413",18/12/2006
"3 , Poush 1413",19/12/2006
"4 , Poush 1413",20/12/2006
"5 , Poush 1413",21/12/2006
"6 , Poush 1413",22/12/2006
"7 , Poush 1413",23/12/2006
"8 , Poush 1413",24/12/2006
"9 , Poush 1413",25/12/2006
"10 , Poush 1413",26/12/2006
"11 , Poush 1413",27/12/2006
"12 , Poush 1413",28/12/2006
"13 , Poush 1413",29/12/2006
"14 , Poush 1413",30/12/2006
"15 , Poush 1413",31/12/2006
"16 , Poush 1413",01/01/2007
"17 , Poush 1413",02/01/2007
"18 , Poush 1413",03/01/2007
"19 , Poush 1413",04/01/2007
"20 , Poush 1413",05/01/2007
"21 , Poush 1413",06/01/2007
"22 , Poush 1413",07/01/2007
"23 , Poush 1413",08/01/2007
"24 , Poush 1413",09/01/2007
"25 , Poush 1413",10/01/2007
"26 , Poush 1413",11/01/2007
"27 , Poush 1413",12/01/2007
"28 , Poush 1413",13/01/2007
"29 , Poush 1413",14/01/2007
"1 , Magh (Maagh) 1414",15/01/2007
"2 , Magh (Maagh) 1414",16/01/2007
"3 , Magh (Maagh) 1414",17/01/2007
"4 , Magh (Maagh) 1414",18/01/2007
"5 , Magh (Maagh) 1414",19/01/2007
"6 , Magh (Maagh) 1414",20/01/2007
"7 , Magh (Maagh) 1414",21/01/2007
"8 , Magh (Maagh) 1414",22/01/2007
"9 , Magh (Maagh) 1414",23/01/2007
"10 , Magh (Maagh) 1414",24/01/2007
"11 , Magh (Maagh) 1414",25/01/2007
"12 , Magh (Maagh) 1414",26/01/2007
"13 , Magh (Maagh) 1414",27/01/2007
"14 , Magh (Maagh) 1414",28/01/2007
"15 , Magh (Maagh) 1414",29/01/2007
"16 , Magh (Maagh) 1414",30/01/2007
"17 , Magh (Maagh) 1414",31/01/2007
"18 , Magh (Maagh) 1414",01/02/2007
"19 , Magh (Maagh) 1414",02/02/2007
"20 , Magh (Maagh) 1414",03/02/2007
"21 , Magh (Maagh) 1414",04/02/2007
"22 , Magh (Maagh) 1414",05/02/2007
"23 , Magh (Maagh) 1414",06/02/2007
"24 , Magh (Maagh) 1414",07/02/2007
"25 , Magh (Maagh) 1414",08/02/2007
"26 , Magh (Maagh) 1414",09/02/2007
"27 , Magh (Maagh) 1414",10/02/2007
"28 , Magh (Maagh) 1414",11/02/2007
"29 , Magh (Maagh) 1414",12/02/2007
"30 , Magh (Maagh) 1414",13/02/2007
"1 , Falgun (Phalgun) 1414",14/02/2007
"2 , Falgun (Phalgun) 1414",15/02/2007
"3 , Falgun (Phalgun) 1414",16/02/2007
"4 , Falgun (Phalgun) 1414",17/02/2007
"5 , Falgun (Phalgun) 1414",18/02/2007
"6 , Falgun (Phalgun) 1414",19/02/2007
"7 , Falgun (Phalgun) 1414",20/02/2007
"8 , Falgun (Phalgun) 1414",21/02/2007
"9 , Falgun (Phalgun) 1414",22/02/2007
"10 , Falgun (Phalgun) 1414",23/02/2007
"11 , Falgun (Phalgun) 1414",24/02/2007
"12 , Falgun (Phalgun) 1414",25/02/2007
"13 , Falgun (Phalgun) 1414",26/02/2007
"14 , Falgun (Phalgun) 1414",27/02/2007
"15 , Falgun (Phalgun) 1414",28/02/2007
"16 , Falgun (Phalgun) 1414",01/03/2007
"17 , Falgun (Phalgun) 1414",02/03/2007
"18 , Falgun (Phalgun) 1414",03/03/2007
"19 , Falgun (Phalgun) 1414",04/03/2007
"20 , Falgun (Phalgun) 1414",05/03/2007
"21 , Falgun (Phalgun) 1414",06/03/2007
"22 , Falgun (Phalgun) 1414",07/03/2007
"23 , Falgun (Phalgun) 1414",08/03/2007
"24 , Falgun (Phalgun) 1414",09/03/2007
"25 , Falgun (Phalgun) 1414",10/03/2007
"26 , Falgun (Phalgun) 1414",11/03/2007
"27 , Falgun (Phalgun) 1414",12/03/2007
"28 , Falgun (Phalgun) 1414",13/03/2007
"29 , Falgun (Phalgun) 1414",14/03/2007
"30 , Falgun (Phalgun) 1414",15/03/2007
"1 , Choitro (Chaitra) 1414",16/03/2007
"2 , Choitro (Chaitra) 1414",17/03/2007
"3 , Choitro (Chaitra) 1414",18/03/2007
"4 , Choitro (Chaitra) 1414",19/03/2007
"5 , Choitro (Chaitra) 1414",20/03/2007
"6 , Choitro (Chaitra) 1414",21/03/2007
"7 , Choitro (Chaitra) 1414",22/03/2007
"8 , Choitro (Chaitra) 1414",23/03/2007
"9 , Choitro (Chaitra) 1414",24/03/2007
"10 , Choitro (Chaitra) 1414",25/03/2007
"11 , Choitro (Chaitra) 1414",26/03/2007
"12 , Choitro (Chaitra) 1414",27/03/2007
"13 , Choitro (Chaitra) 1414",28/03/2007
"14 , Choitro (Chaitra) 1414",29/03/2007
"15 , Choitro (Chaitra) 1414",30/03/2007
"16 , Choitro (Chaitra) 1414",31/03/2007
"17 , Choitro (Chaitra) 1414",01/04/2007
"18 , Choitro (Chaitra) 1414",02/04/2007
"19 , Choitro (Chaitra) 1414",03/04/2007
"20 , Choitro (Chaitra) 1414",04/04/2007
"21 , Choitro (Chaitra) 1414",05/04/2007
"22 , Choitro (Chaitra) 1414",06/04/2007
"23 , Choitro (Chaitra) 1414",07/04/2007
"24 , Choitro (Chaitra) 1414",08/04/2007
"25 , Choitro (Chaitra) 1414",09/04/2007
"26 , Choitro (Chaitra) 1414",10/04/2007
"27 , Choitro (Chaitra) 1414",11/04/2007
"28 , Choitro (Chaitra) 1414",12/04/2007
"29 , Choitro (Chaitra) 1414",13/04/2007
"30 , Choitro (Chaitra) 1414",14/04/2007
"1 , Boishakh (Baisakh) 1414",15/04/2007
"2 , Boishakh (Baisakh) 1414",16/04/2007
"3 , Boishakh (Baisakh) 1414",17/04/2007
"4 , Boishakh (Baisakh) 1414",18/04/2007
"5 , Boishakh (Baisakh) 1414",19/04/2007
"6 , Boishakh (Baisakh) 1414",20/04/2007
"7 , Boishakh (Baisakh) 1414",21/04/2007
"8 , Boishakh (Baisakh) 1414",22/04/2007
"9 , Boishakh (Baisakh) 1414",23/04/2007
"10 , Boishakh (Baisakh) 1414",24/04/2007
"11 , Boishakh (Baisakh) 1414",25/04/2007
"12 , Boishakh (Baisakh) 1414",26/04/2007
"13 , Boishakh (Baisakh) 1414",27/04/2007
"14 , Boishakh (Baisakh) 1414",28/04/2007
"15 , Boishakh (Baisakh) 1414",29/04/2007
"16 , Boishakh (Baisakh) 1414",30/04/2007
"17 , Boishakh (Baisakh) 1414",01/05/2007
"18 , Boishakh (Baisakh) 1414",02/05/2007
"19 , Boishakh (Baisakh) 1414",03/05/2007
"20 , Boishakh (Baisakh) 1414",04/05/2007
"21 , Boishakh (Baisakh) 1414",05/05/2007
"22 , Boishakh (Baisakh) 1414",06/05/2007
"23 , Boishakh (Baisakh) 1414",07/05/2007
"24 , Boishakh (Baisakh) 1414",08/05/2007
"25 , Boishakh (Baisakh) 1414",09/05/2007
"26 , Boishakh (Baisakh) 1414",10/05/2007
"27 , Boishakh (Baisakh) 1414",11/05/2007
"28 , Boishakh (Baisakh) 1414",12/05/2007
"29 , Boishakh (Baisakh) 1414",13/05/2007
"30 , Boishakh (Baisakh) 1414",14/05/2007
"31 , Boishakh (Baisakh) 1414",15/05/2007
"1 , Joishtho (Jaishtho) 1414",16/05/2007
"2 , Joishtho (Jaishtho) 1414",17/05/2007
"3 , Joishtho (Jaishtho) 1414",18/05/2007
"4 , Joishtho (Jaishtho) 1414",19/05/2007
"5 , Joishtho (Jaishtho) 1414",20/05/2007
"6 , Joishtho (Jaishtho) 1414",21/05/2007
"7 , Joishtho (Jaishtho) 1414",22/05/2007
"8 , Joishtho (Jaishtho) 1414",23/05/2007
"9 , Joishtho (Jaishtho) 1414",24/05/2007
"10 , Joishtho (Jaishtho) 1414",25/05/2007
"11 , Joishtho (Jaishtho) 1414",26/05/2007
"12 , Joishtho (Jaishtho) 1414",27/05/2007
"13 , Joishtho (Jaishtho) 1414",28/05/2007
"14 , Joishtho (Jaishtho) 1414",29/05/2007
"15 , Joishtho (Jaishtho) 1414",30/05/2007
"16 , Joishtho (Jaishtho) 1414",31/05/2007
"17 , Joishtho (Jaishtho) 1414",01/06/2007
"18 , Joishtho (Jaishtho) 1414",02/06/2007
"19 , Joishtho (Jaishtho) 1414",03/06/2007
"20 , Joishtho (Jaishtho) 1414",04/06/2007
"21 , Joishtho (Jaishtho) 1414",05/06/2007
"22 , Joishtho (Jaishtho) 1414",06/06/2007
"23 , Joishtho (Jaishtho) 1414",07/06/2007
"24 , Joishtho (Jaishtho) 1414",08/06/2007
"25 , Joishtho (Jaishtho) 1414",09/06/2007
"26 , Joishtho (Jaishtho) 1414",10/06/2007
"27 , Joishtho (Jaishtho) 1414",11/06/2007
"28 , Joishtho (Jaishtho) 1414",12/06/2007
"29 , Joishtho (Jaishtho) 1414",13/06/2007
"30 , Joishtho (Jaishtho) 1414",14/06/2007
"31 , Joishtho (Jaishtho) 1414",15/06/2007
"1 , Asharh (Aashar) 1414",16/06/2007
"2 , Asharh (Aashar) 1414",17/06/2007
"3 , Asharh (Aashar) 1414",18/06/2007
"4 , Asharh (Aashar) 1414",19/06/2007
"5 , Asharh (Aashar) 1414",20/06/2007
"6 , Asharh (Aashar) 1414",21/06/2007
"7 , Asharh (Aashar) 1414",22/06/2007
"8 , Asharh (Aashar) 1414",23/06/2007
"9 , Asharh (Aashar) 1414",24/06/2007
"10 , Asharh (Aashar) 1414",25/06/2007
"11 , Asharh (Aashar) 1414",26/06/2007
"12 , Asharh (Aashar) 1414",27/06/2007
"13 , Asharh (Aashar) 1414",28/06/2007
"14 , Asharh (Aashar) 1414",29/06/2007
"15 , Asharh (Aashar) 1414",30/06/2007
"16 , Asharh (Aashar) 1414",01/07/2007
"17 , Asharh (Aashar) 1414",02/07/2007
"18 , Asharh (Aashar) 1414",03/07/2007
"19 , Asharh (Aashar) 1414",04/07/2007
"20 , Asharh (Aashar) 1414",05/07/2007
"21 , Asharh (Aashar) 1414",06/07/2007
"22 , Asharh (Aashar) 1414",07/07/2007
"23 , Asharh (Aashar) 1414",08/07/2007
"24 , Asharh (Aashar) 1414",09/07/2007
"25 , Asharh (Aashar) 1414",10/07/2007
"26 , Asharh (Aashar) 1414",11/07/2007
"27 , Asharh (Aashar) 1414",12/07/2007
"28 , Asharh (Aashar) 1414",13/07/2007
"29 , Asharh (Aashar) 1414",14/07/2007
"30 , Asharh (Aashar) 1414",15/07/2007
"31 , Asharh (Aashar) 1414",16/07/2007
"32 , Asharh (Aashar) 1414",17/07/2007
"1 , Srabon (Shraban) 1414",18/07/2007
"2 , Srabon (Shraban) 1414",19/07/2007
"3 , Srabon (Shraban) 1414",20/07/2007
"4 , Srabon (Shraban) 1414",21/07/2007
"5 , Srabon (Shraban) 1414",22/07/2007
"6 , Srabon (Shraban) 1414",23/07/2007
"7 , Srabon (Shraban) 1414",24/07/2007
"8 , Srabon (Shraban) 1414",25/07/2007
"9 , Srabon (Shraban) 1414",26/07/2007
"10 , Srabon (Shraban) 1414",27/07/2007
"11 , Srabon (Shraban) 1414",28/07/2007
"12 , Srabon (Shraban) 1414",29/07/2007
"13 , Srabon (Shraban) 1414",30/07/2007
"14 , Srabon (Shraban) 1414",31/07/2007
"15 , Srabon (Shraban) 1414",01/08/2007
"16 , Srabon (Shraban) 1414",02/08/2007
"17 , Srabon (Shraban) 1414",03/08/2007
"18 , Srabon (Shraban) 1414",04/08/2007
"19 , Srabon (Shraban) 1414",05/08/2007
"20 , Srabon (Shraban) 1414",06/08/2007
"21 , Srabon (Shraban) 1414",07/08/2007
"22 , Srabon (Shraban) 1414",08/08/2007
"23 , Srabon (Shraban) 1414",09/08/2007
"24 , Srabon (Shraban) 1414",10/08/2007
"25 , Srabon (Shraban) 1414",11/08/2007
"26 , Srabon (Shraban) 1414",12/08/2007
"27 , Srabon (Shraban) 1414",13/08/2007
"28 , Srabon (Shraban) 1414",14/08/2007
"29 , Srabon (Shraban) 1414",15/08/2007
"30 , Srabon (Shraban) 1414",16/08/2007
"31 , Srabon (Shraban) 1414",17/08/2007
"1 , Bhadro (Bhadra) 1414",18/08/2007
"2 , Bhadro (Bhadra) 1414",19/08/2007
"3 , Bhadro (Bhadra) 1414",20/08/2007
"4 , Bhadro (Bhadra) 1414",21/08/2007
"5 , Bhadro (Bhadra) 1414",22/08/2007
"6 , Bhadro (Bhadra) 1414",23/08/2007
"7 , Bhadro (Bhadra) 1414",24/08/2007
"8 , Bhadro (Bhadra) 1414",25/08/2007
"9 , Bhadro (Bhadra) 1414",26/08/2007
"10 , Bhadro (Bhadra) 1414",27/08/2007
"11 , Bhadro (Bhadra) 1414",28/08/2007
"12 , Bhadro (Bhadra) 1414",29/08/2007
"13 , Bhadro (Bhadra) 1414",30/08/2007
"14 , Bhadro (Bhadra) 1414",31/08/2007
"15 , Bhadro (Bhadra) 1414",01/09/2007
"16 , Bhadro (Bhadra) 1414",02/09/2007
"17 , Bhadro (Bhadra) 1414",03/09/2007
"18 , Bhadro (Bhadra) 1414",04/09/2007
"19 , Bhadro (Bhadra) 1414",05/09/2007
"20 , Bhadro (Bhadra) 1414",06/09/2007
"21 , Bhadro (Bhadra) 1414",07/09/2007
"22 , Bhadro (Bhadra) 1414",08/09/2007
"23 , Bhadro (Bhadra) 1414",09/09/2007
"24 , Bhadro (Bhadra) 1414",10/09/2007
"25 , Bhadro (Bhadra) 1414",11/09/2007
"26 , Bhadro (Bhadra) 1414",12/09/2007
"27 , Bhadro (Bhadra) 1414",13/09/2007
"28 , Bhadro (Bhadra) 1414",14/09/2007
"29 , Bhadro (Bhadra) 1414",15/09/2007
"30 , Bhadro (Bhadra) 1414",16/09/2007
"31 , Bhadro (Bhadra) 1414",17/09/2007
"1 , Ashshin (Aashin) 1414",18/09/2007
"2 , Ashshin (Aashin) 1414",19/09/2007
"3 , Ashshin (Aashin) 1414",20/09/2007
"4 , Ashshin (Aashin) 1414",21/09/2007
"5 , Ashshin (Aashin) 1414",22/09/2007
"6 , Ashshin (Aashin) 1414",23/09/2007
"7 , Ashshin (Aashin) 1414",24/09/2007
"8 , Ashshin (Aashin) 1414",25/09/2007
"9 , Ashshin (Aashin) 1414",26/09/2007
"10 , Ashshin (Aashin) 1414",27/09/2007
"11 , Ashshin (Aashin) 1414",28/09/2007
"12 , Ashshin (Aashin) 1414",29/09/2007
"13 , Ashshin (Aashin) 1414",30/09/2007
"14 , Ashshin (Aashin) 1414",01/10/2007
"15 , Ashshin (Aashin) 1414",02/10/2007
"16 , Ashshin (Aashin) 1414",03/10/2007
"17 , Ashshin (Aashin) 1414",04/10/2007
"18 , Ashshin (Aashin) 1414",05/10/2007
"19 , Ashshin (Aashin) 1414",06/10/2007
"20 , Ashshin (Aashin) 1414",07/10/2007
"21 , Ashshin (Aashin) 1414",08/10/2007
"22 , Ashshin (Aashin) 1414",09/10/2007
"23 , Ashshin (Aashin) 1414",10/10/2007
"24 , Ashshin (Aashin) 1414",11/10/2007
"25 , Ashshin (Aashin) 1414",12/10/2007
"26 , Ashshin (Aashin) 1414",13/10/2007
"27 , Ashshin (Aashin) 1414",14/10/2007
"28 , Ashshin (Aashin) 1414",15/10/2007
"29 , Ashshin (Aashin) 1414",16/10/2007
"30 , Ashshin (Aashin) 1414",17/10/2007
"1 , Kartik 1414",18/10/2007
"2 , Kartik 1414",19/10/2007
"3 , Kartik 1414",20/10/2007
"4 , Kartik 1414",21/10/2007
"5 , Kartik 1414",22/10/2007
"6 , Kartik 1414",23/10/2007
"7 , Kartik 1414",24/10/2007
"8 , Kartik 1414",25/10/2007
"9 , Kartik 1414",26/10/2007
"10 , Kartik 1414",27/10/2007
"11 , Kartik 1414",28/10/2007
"12 , Kartik 1414",29/10/2007
"13 , Kartik 1414",30/10/2007
"14 , Kartik 1414",31/10/2007
"15 , Kartik 1414",01/11/2007
"16 , Kartik 1414",02/11/2007
"17 , Kartik 1414",03/11/2007
"18 , Kartik 1414",04/11/2007
"19 , Kartik 1414",05/11/2007
"20 , Kartik 1414",06/11/2007
"21 , Kartik 1414",07/11/2007
"22 , Kartik 1414",08/11/2007
"23 , Kartik 1414",09/11/2007
"24 , Kartik 1414",10/11/2007
"25 , Kartik 1414",11/11/2007
"26 , Kartik 1414",12/11/2007
"27 , Kartik 1414",13/11/2007
"28 , Kartik 1414",14/11/2007
"29 , Kartik 1414",15/11/2007
"30 , Kartik 1414",16/11/2007
"1 , Ogrohaeon (Agrahan) 1414",17/11/2007
"2 , Ogrohaeon (Agrahan) 1414",18/11/2007
"3 , Ogrohaeon (Agrahan) 1414",19/11/2007
"4 , Ogrohaeon (Agrahan) 1414",20/11/2007
"5 , Ogrohaeon (Agrahan) 1414",21/11/2007
"6 , Ogrohaeon (Agrahan) 1414",22/11/2007
"7 , Ogrohaeon (Agrahan) 1414",23/11/2007
"8 , Ogrohaeon (Agrahan) 1414",24/11/2007
"9 , Ogrohaeon (Agrahan) 1414",25/11/2007
"10 , Ogrohaeon (Agrahan) 1414",26/11/2007
"11 , Ogrohaeon (Agrahan) 1414",27/11/2007
"12 , Ogrohaeon (Agrahan) 1414",28/11/2007
"13 , Ogrohaeon (Agrahan) 1414",29/11/2007
"14 , Ogrohaeon (Agrahan) 1414",30/11/2007
"15 , Ogrohaeon (Agrahan) 1414",01/12/2007
"16 , Ogrohaeon (Agrahan) 1414",02/12/2007
"17 , Ogrohaeon (Agrahan) 1414",03/12/2007
"18 , Ogrohaeon (Agrahan) 1414",04/12/2007
"19 , Ogrohaeon (Agrahan) 1414",05/12/2007
"20 , Ogrohaeon (Agrahan) 1414",06/12/2007
"21 , Ogrohaeon (Agrahan) 1414",07/12/2007
"22 , Ogrohaeon (Agrahan) 1414",08/12/2007
"23 , Ogrohaeon (Agrahan) 1414",09/12/2007
"24 , Ogrohaeon (Agrahan) 1414",10/12/2007
"25 , Ogrohaeon (Agrahan) 1414",11/12/2007
"26 , Ogrohaeon (Agrahan) 1414",12/12/2007
"27 , Ogrohaeon (Agrahan) 1414",13/12/2007
"28 , Ogrohaeon (Agrahan) 1414",14/12/2007
"29 , Ogrohaeon (Agrahan) 1414",15/12/2007
"30 , Ogrohaeon (Agrahan) 1414",16/12/2007
"1 , Poush 1414",17/12/2007
"2 , Poush 1414",18/12/2007
"3 , Poush 1414",19/12/2007
"4 , Poush 1414",20/12/2007
"5 , Poush 1414",21/12/2007
"6 , Poush 1414",22/12/2007
"7 , Poush 1414",23/12/2007
"8 , Poush 1414",24/12/2007
"9 , Poush 1414",25/12/2007
"10 , Poush 1414",26/12/2007
"11 , Poush 1414",27/12/2007
"12 , Poush 1414",28/12/2007
"13 , Poush 1414",29/12/2007
"14 , Poush 1414",30/12/2007
"15 , Poush 1414",31/12/2007
"16 , Poush 1414",01/01/2008
"17 , Poush 1414",02/01/2008
"18 , Poush 1414",03/01/2008
"19 , Poush 1414",04/01/2008
"20 , Poush 1414",05/01/2008
"21 , Poush 1414",06/01/2008
"22 , Poush 1414",07/01/2008
"23 , Poush 1414",08/01/2008
"24 , Poush 1414",09/01/2008
"25 , Poush 1414",10/01/2008
"26 , Poush 1414",11/01/2008
"27 , Poush 1414",12/01/2008
"28 , Poush 1414",13/01/2008
"29 , Poush 1414",14/01/2008
"30 , Poush 1414",15/01/2008
"1 , Magh (Maagh) 1415",16/01/2008
"2 , Magh (Maagh) 1415",17/01/2008
"3 , Magh (Maagh) 1415",18/01/2008
"4 , Magh (Maagh) 1415",19/01/2008
"5 , Magh (Maagh) 1415",20/01/2008
"6 , Magh (Maagh) 1415",21/01/2008
"7 , Magh (Maagh) 1415",22/01/2008
"8 , Magh (Maagh) 1415",23/01/2008
"9 , Magh (Maagh) 1415",24/01/2008
"10 , Magh (Maagh) 1415",25/01/2008
"11 , Magh (Maagh) 1415",26/01/2008
"12 , Magh (Maagh) 1415",27/01/2008
"13 , Magh (Maagh) 1415",28/01/2008
"14 , Magh (Maagh) 1415",29/01/2008
"15 , Magh (Maagh) 1415",30/01/2008
"16 , Magh (Maagh) 1415",31/01/2008
"17 , Magh (Maagh) 1415",01/02/2008
"18 , Magh (Maagh) 1415",02/02/2008
"19 , Magh (Maagh) 1415",03/02/2008
"20 , Magh (Maagh) 1415",04/02/2008
"21 , Magh (Maagh) 1415",05/02/2008
"22 , Magh (Maagh) 1415",06/02/2008
"23 , Magh (Maagh) 1415",07/02/2008
"24 , Magh (Maagh) 1415",08/02/2008
"25 , Magh (Maagh) 1415",09/02/2008
"26 , Magh (Maagh) 1415",10/02/2008
"27 , Magh (Maagh) 1415",11/02/2008
"28 , Magh (Maagh) 1415",12/02/2008
"29 , Magh (Maagh) 1415",13/02/2008
"1 , Falgun (Phalgun) 1415",14/02/2008
"2 , Falgun (Phalgun) 1415",15/02/2008
"3 , Falgun (Phalgun) 1415",16/02/2008
"4 , Falgun (Phalgun) 1415",17/02/2008
"5 , Falgun (Phalgun) 1415",18/02/2008
"6 , Falgun (Phalgun) 1415",19/02/2008
"7 , Falgun (Phalgun) 1415",20/02/2008
"8 , Falgun (Phalgun) 1415",21/02/2008
"9 , Falgun (Phalgun) 1415",22/02/2008
"10 , Falgun (Phalgun) 1415",23/02/2008
"11 , Falgun (Phalgun) 1415",24/02/2008
"12 , Falgun (Phalgun) 1415",25/02/2008
"13 , Falgun (Phalgun) 1415",26/02/2008
"14 , Falgun (Phalgun) 1415",27/02/2008
"15 , Falgun (Phalgun) 1415",28/02/2008
"16 , Falgun (Phalgun) 1415",29/02/2008
"17 , Falgun (Phalgun) 1415",01/03/2008
"18 , Falgun (Phalgun) 1415",02/03/2008
"19 , Falgun (Phalgun) 1415",03/03/2008
"20 , Falgun (Phalgun) 1415",04/03/2008
"21 , Falgun (Phalgun) 1415",05/03/2008
"22 , Falgun (Phalgun) 1415",06/03/2008
"23 , Falgun (Phalgun) 1415",07/03/2008
"24 , Falgun (Phalgun) 1415",08/03/2008
"25 , Falgun (Phalgun) 1415",09/03/2008
"26 , Falgun (Phalgun) 1415",10/03/2008
"27 , Falgun (Phalgun) 1415",11/03/2008
"28 , Falgun (Phalgun) 1415",12/03/2008
"29 , Falgun (Phalgun) 1415",13/03/2008
"30 , Falgun (Phalgun) 1415",14/03/2008
"1 , Choitro (Chaitra) 1415",15/03/2008
"2 , Choitro (Chaitra) 1415",16/03/2008
"3 , Choitro (Chaitra) 1415",17/03/2008
"4 , Choitro (Chaitra) 1415",18/03/2008
"5 , Choitro (Chaitra) 1415",19/03/2008
"6 , Choitro (Chaitra) 1415",20/03/2008
"7 , Choitro (Chaitra) 1415",21/03/2008
"8 , Choitro (Chaitra) 1415",22/03/2008
"9 , Choitro (Chaitra) 1415",23/03/2008
"10 , Choitro (Chaitra) 1415",24/03/2008
"11 , Choitro (Chaitra) 1415",25/03/2008
"12 , Choitro (Chaitra) 1415",26/03/2008
"13 , Choitro (Chaitra) 1415",27/03/2008
"14 , Choitro (Chaitra) 1415",28/03/2008
"15 , Choitro (Chaitra) 1415",29/03/2008
"16 , Choitro (Chaitra) 1415",30/03/2008
"17 , Choitro (Chaitra) 1415",31/03/2008
"18 , Choitro (Chaitra) 1415",01/04/2008
"19 , Choitro (Chaitra) 1415",02/04/2008
"20 , Choitro (Chaitra) 1415",03/04/2008
"21 , Choitro (Chaitra) 1415",04/04/2008
"22 , Choitro (Chaitra) 1415",05/04/2008
"23 , Choitro (Chaitra) 1415",06/04/2008
"24 , Choitro (Chaitra) 1415",07/04/2008
"25 , Choitro (Chaitra) 1415",08/04/2008
"26 , Choitro (Chaitra) 1415",09/04/2008
"27 , Choitro (Chaitra) 1415",10/04/2008
"28 , Choitro (Chaitra) 1415",11/04/2008
"29 , Choitro (Chaitra) 1415",12/04/2008
"30 , Choitro (Chaitra) 1415",13/04/2008
"1 , Boishakh (Baisakh) 1415",14/04/2008
"2 , Boishakh (Baisakh) 1415",15/04/2008
"3 , Boishakh (Baisakh) 1415",16/04/2008
"4 , Boishakh (Baisakh) 1415",17/04/2008
"5 , Boishakh (Baisakh) 1415",18/04/2008
"6 , Boishakh (Baisakh) 1415",19/04/2008
"7 , Boishakh (Baisakh) 1415",20/04/2008
"8 , Boishakh (Baisakh) 1415",21/04/2008
"9 , Boishakh (Baisakh) 1415",22/04/2008
"10 , Boishakh (Baisakh) 1415",23/04/2008
"11 , Boishakh (Baisakh) 1415",24/04/2008
"12 , Boishakh (Baisakh) 1415",25/04/2008
"13 , Boishakh (Baisakh) 1415",26/04/2008
"14 , Boishakh (Baisakh) 1415",27/04/2008
"15 , Boishakh (Baisakh) 1415",28/04/2008
"16 , Boishakh (Baisakh) 1415",29/04/2008
"17 , Boishakh (Baisakh) 1415",30/04/2008
"18 , Boishakh (Baisakh) 1415",01/05/2008
"19 , Boishakh (Baisakh) 1415",02/05/2008
"20 , Boishakh (Baisakh) 1415",03/05/2008
"21 , Boishakh (Baisakh) 1415",04/05/2008
"22 , Boishakh (Baisakh) 1415",05/05/2008
"23 , Boishakh (Baisakh) 1415",06/05/2008
"24 , Boishakh (Baisakh) 1415",07/05/2008
"25 , Boishakh (Baisakh) 1415",08/05/2008
"26 , Boishakh (Baisakh) 1415",09/05/2008
"27 , Boishakh (Baisakh) 1415",10/05/2008
"28 , Boishakh (Baisakh) 1415",11/05/2008
"29 , Boishakh (Baisakh) 1415",12/05/2008
"30 , Boishakh (Baisakh) 1415",13/05/2008
"31 , Boishakh (Baisakh) 1415",14/05/2008
"1 , Joishtho (Jaishtho) 1415",15/05/2008
"2 , Joishtho (Jaishtho) 1415",16/05/2008
"3 , Joishtho (Jaishtho) 1415",17/05/2008
"4 , Joishtho (Jaishtho) 1415",18/05/2008
"5 , Joishtho (Jaishtho) 1415",19/05/2008
"6 , Joishtho (Jaishtho) 1415",20/05/2008
"7 , Joishtho (Jaishtho) 1415",21/05/2008
"8 , Joishtho (Jaishtho) 1415",22/05/2008
"9 , Joishtho (Jaishtho) 1415",23/05/2008
"10 , Joishtho (Jaishtho) 1415",24/05/2008
"11 , Joishtho (Jaishtho) 1415",25/05/2008
"12 , Joishtho (Jaishtho) 1415",26/05/2008
"13 , Joishtho (Jaishtho) 1415",27/05/2008
"14 , Joishtho (Jaishtho) 1415",28/05/2008
"15 , Joishtho (Jaishtho) 1415",29/05/2008
"16 , Joishtho (Jaishtho) 1415",30/05/2008
"17 , Joishtho (Jaishtho) 1415",31/05/2008
"18 , Joishtho (Jaishtho) 1415",01/06/2008
"19 , Joishtho (Jaishtho) 1415",02/06/2008
"20 , Joishtho (Jaishtho) 1415",03/06/2008
"21 , Joishtho (Jaishtho) 1415",04/06/2008
"22 , Joishtho (Jaishtho) 1415",05/06/2008
"23 , Joishtho (Jaishtho) 1415",06/06/2008
"24 , Joishtho (Jaishtho) 1415",07/06/2008
"25 , Joishtho (Jaishtho) 1415",08/06/2008
"26 , Joishtho (Jaishtho) 1415",09/06/2008
"27 , Joishtho (Jaishtho) 1415",10/06/2008
"28 , Joishtho (Jaishtho) 1415",11/06/2008
"29 , Joishtho (Jaishtho) 1415",12/06/2008
"30 , Joishtho (Jaishtho) 1415",13/06/2008
"31 , Joishtho (Jaishtho) 1415",14/06/2008
"32 , Joishtho (Jaishtho) 1415",15/06/2008
"1 , Asharh (Aashar) 1415",16/06/2008
"2 , Asharh (Aashar) 1415",17/06/2008
"3 , Asharh (Aashar) 1415",18/06/2008
"4 , Asharh (Aashar) 1415",19/06/2008
"5 , Asharh (Aashar) 1415",20/06/2008
"6 , Asharh (Aashar) 1415",21/06/2008
"7 , Asharh (Aashar) 1415",22/06/2008
"8 , Asharh (Aashar) 1415",23/06/2008
"9 , Asharh (Aashar) 1415",24/06/2008
"10 , Asharh (Aashar) 1415",25/06/2008
"11 , Asharh (Aashar) 1415",26/06/2008
"12 , Asharh (Aashar) 1415",27/06/2008
"13 , Asharh (Aashar) 1415",28/06/2008
"14 , Asharh (Aashar) 1415",29/06/2008
"15 , Asharh (Aashar) 1415",30/06/2008
"16 , Asharh (Aashar) 1415",01/07/2008
"17 , Asharh (Aashar) 1415",02/07/2008
"18 , Asharh (Aashar) 1415",03/07/2008
"19 , Asharh (Aashar) 1415",04/07/2008
"20 , Asharh (Aashar) 1415",05/07/2008
"21 , Asharh (Aashar) 1415",06/07/2008
"22 , Asharh (Aashar) 1415",07/07/2008
"23 , Asharh (Aashar) 1415",08/07/2008
"24 , Asharh (Aashar) 1415",09/07/2008
"25 , Asharh (Aashar) 1415",10/07/2008
"26 , Asharh (Aashar) 1415",11/07/2008
"27 , Asharh (Aashar) 1415",12/07/2008
"28 , Asharh (Aashar) 1415",13/07/2008
"29 , Asharh (Aashar) 1415",14/07/2008
"30 , Asharh (Aashar) 1415",15/07/2008
"31 , Asharh (Aashar) 1415",16/07/2008
"1 , Srabon (Shraban) 1415",17/07/2008
"2 , Srabon (Shraban) 1415",18/07/2008
"3 , Srabon (Shraban) 1415",19/07/2008
"4 , Srabon (Shraban) 1415",20/07/2008
"5 , Srabon (Shraban) 1415",21/07/2008
"6 , Srabon (Shraban) 1415",22/07/2008
"7 , Srabon (Shraban) 1415",23/07/2008
"8 , Srabon (Shraban) 1415",24/07/2008
"9 , Srabon (Shraban) 1415",25/07/2008
"10 , Srabon (Shraban) 1415",26/07/2008
"11 , Srabon (Shraban) 1415",27/07/2008
"12 , Srabon (Shraban) 1415",28/07/2008
"13 , Srabon (Shraban) 1415",29/07/2008
"14 , Srabon (Shraban) 1415",30/07/2008
"15 , Srabon (Shraban) 1415",31/07/2008
"16 , Srabon (Shraban) 1415",01/08/2008
"17 , Srabon (Shraban) 1415",02/08/2008
"18 , Srabon (Shraban) 1415",03/08/2008
"19 , Srabon (Shraban) 1415",04/08/2008
"20 , Srabon (Shraban) 1415",05/08/2008
"21 , Srabon (Shraban) 1415",06/08/2008
"22 , Srabon (Shraban) 1415",07/08/2008
"23 , Srabon (Shraban) 1415",08/08/2008
"24 , Srabon (Shraban) 1415",09/08/2008
"25 , Srabon (Shraban) 1415",10/08/2008
"26 , Srabon (Shraban) 1415",11/08/2008
"27 , Srabon (Shraban) 1415",12/08/2008
"28 , Srabon (Shraban) 1415",13/08/2008
"29 , Srabon (Shraban) 1415",14/08/2008
"30 , Srabon (Shraban) 1415",15/08/2008
"31 , Srabon (Shraban) 1415",16/08/2008
"32 , Srabon (Shraban) 1415",17/08/2008
"1 , Bhadro (Bhadra) 1415",18/08/2008
"2 , Bhadro (Bhadra) 1415",19/08/2008
"3 , Bhadro (Bhadra) 1415",20/08/2008
"4 , Bhadro (Bhadra) 1415",21/08/2008
"5 , Bhadro (Bhadra) 1415",22/08/2008
"6 , Bhadro (Bhadra) 1415",23/08/2008
"7 , Bhadro (Bhadra) 1415",24/08/2008
"8 , Bhadro (Bhadra) 1415",25/08/2008
"9 , Bhadro (Bhadra) 1415",26/08/2008
"10 , Bhadro (Bhadra) 1415",27/08/2008
"11 , Bhadro (Bhadra) 1415",28/08/2008
"12 , Bhadro (Bhadra) 1415",29/08/2008
"13 , Bhadro (Bhadra) 1415",30/08/2008
"14 , Bhadro (Bhadra) 1415",31/08/2008
"15 , Bhadro (Bhadra) 1415",01/09/2008
"16 , Bhadro (Bhadra) 1415",02/09/2008
"17 , Bhadro (Bhadra) 1415",03/09/2008
"18 , Bhadro (Bhadra) 1415",04/09/2008
"19 , Bhadro (Bhadra) 1415",05/09/2008
"20 , Bhadro (Bhadra) 1415",06/09/2008
"21 , Bhadro (Bhadra) 1415",07/09/2008
"22 , Bhadro (Bhadra) 1415",08/09/2008
"23 , Bhadro (Bhadra) 1415",09/09/2008
"24 , Bhadro (Bhadra) 1415",10/09/2008
"25 , Bhadro (Bhadra) 1415",11/09/2008
"26 , Bhadro (Bhadra) 1415",12/09/2008
"27 , Bhadro (Bhadra) 1415",13/09/2008
"28 , Bhadro (Bhadra) 1415",14/09/2008
"29 , Bhadro (Bhadra) 1415",15/09/2008
"30 , Bhadro (Bhadra) 1415",16/09/2008
"31 , Bhadro (Bhadra) 1415",17/09/2008
"1 , Ashshin (Aashin) 1415",18/09/2008
"2 , Ashshin (Aashin) 1415",19/09/2008
"3 , Ashshin (Aashin) 1415",20/09/2008
"4 , Ashshin (Aashin) 1415",21/09/2008
"5 , Ashshin (Aashin) 1415",22/09/2008
"6 , Ashshin (Aashin) 1415",23/09/2008
"7 , Ashshin (Aashin) 1415",24/09/2008
"8 , Ashshin (Aashin) 1415",25/09/2008
"9 , Ashshin (Aashin) 1415",26/09/2008
"10 , Ashshin (Aashin) 1415",27/09/2008
"11 , Ashshin (Aashin) 1415",28/09/2008
"12 , Ashshin (Aashin) 1415",29/09/2008
"13 , Ashshin (Aashin) 1415",30/09/2008
"14 , Ashshin (Aashin) 1415",01/10/2008
"15 , Ashshin (Aashin) 1415",02/10/2008
"16 , Ashshin (Aashin) 1415",03/10/2008
"17 , Ashshin (Aashin) 1415",04/10/2008
"18 , Ashshin (Aashin) 1415",05/10/2008
"19 , Ashshin (Aashin) 1415",06/10/2008
"20 , Ashshin (Aashin) 1415",07/10/2008
"21 , Ashshin (Aashin) 1415",08/10/2008
"22 , Ashshin (Aashin) 1415",09/10/2008
"23 , Ashshin (Aashin) 1415",10/10/2008
"24 , Ashshin (Aashin) 1415",11/10/2008
"25 , Ashshin (Aashin) 1415",12/10/2008
"26 , Ashshin (Aashin) 1415",13/10/2008
"27 , Ashshin (Aashin) 1415",14/10/2008
"28 , Ashshin (Aashin) 1415",15/10/2008
"29 , Ashshin (Aashin) 1415",16/10/2008
"30 , Ashshin (Aashin) 1415",17/10/2008
"1 , Kartik 1415",18/10/2008
"2 , Kartik 1415",19/10/2008
"3 , Kartik 1415",20/10/2008
"4 , Kartik 1415",21/10/2008
"5 , Kartik 1415",22/10/2008
"6 , Kartik 1415",23/10/2008
"7 , Kartik 1415",24/10/2008
"8 , Kartik 1415",25/10/2008
"9 , Kartik 1415",26/10/2008
"10 , Kartik 1415",27/10/2008
"11 , Kartik 1415",28/10/2008
"12 , Kartik 1415",29/10/2008
"13 , Kartik 1415",30/10/2008
"14 , Kartik 1415",31/10/2008
"15 , Kartik 1415",01/11/2008
"16 , Kartik 1415",02/11/2008
"17 , Kartik 1415",03/11/2008
"18 , Kartik 1415",04/11/2008
"19 , Kartik 1415",05/11/2008
"20 , Kartik 1415",06/11/2008
"21 , Kartik 1415",07/11/2008
"22 , Kartik 1415",08/11/2008
"23 , Kartik 1415",09/11/2008
"24 , Kartik 1415",10/11/2008
"25 , Kartik 1415",11/11/2008
"26 , Kartik 1415",12/11/2008
"27 , Kartik 1415",13/11/2008
"28 , Kartik 1415",14/11/2008
"29 , Kartik 1415",15/11/2008
"30 , Kartik 1415",16/11/2008
"1 , Ogrohaeon (Agrahan) 1415",17/11/2008
"2 , Ogrohaeon (Agrahan) 1415",18/11/2008
"3 , Ogrohaeon (Agrahan) 1415",19/11/2008
"4 , Ogrohaeon (Agrahan) 1415",20/11/2008
"5 , Ogrohaeon (Agrahan) 1415",21/11/2008
"6 , Ogrohaeon (Agrahan) 1415",22/11/2008
"7 , Ogrohaeon (Agrahan) 1415",23/11/2008
"8 , Ogrohaeon (Agrahan) 1415",24/11/2008
"9 , Ogrohaeon (Agrahan) 1415",25/11/2008
"10 , Ogrohaeon (Agrahan) 1415",26/11/2008
"11 , Ogrohaeon (Agrahan) 1415",27/11/2008
"12 , Ogrohaeon (Agrahan) 1415",28/11/2008
"13 , Ogrohaeon (Agrahan) 1415",29/11/2008
"14 , Ogrohaeon (Agrahan) 1415",30/11/2008
"15 , Ogrohaeon (Agrahan) 1415",01/12/2008
"16 , Ogrohaeon (Agrahan) 1415",02/12/2008
"17 , Ogrohaeon (Agrahan) 1415",03/12/2008
"18 , Ogrohaeon (Agrahan) 1415",04/12/2008
"19 , Ogrohaeon (Agrahan) 1415",05/12/2008
"20 , Ogrohaeon (Agrahan) 1415",06/12/2008
"21 , Ogrohaeon (Agrahan) 1415",07/12/2008
"22 , Ogrohaeon (Agrahan) 1415",08/12/2008
"23 , Ogrohaeon (Agrahan) 1415",09/12/2008
"24 , Ogrohaeon (Agrahan) 1415",10/12/2008
"25 , Ogrohaeon (Agrahan) 1415",11/12/2008
"26 , Ogrohaeon (Agrahan) 1415",12/12/2008
"27 , Ogrohaeon (Agrahan) 1415",13/12/2008
"28 , Ogrohaeon (Agrahan) 1415",14/12/2008
"29 , Ogrohaeon (Agrahan) 1415",15/12/2008
"1 , Poush 1415",16/12/2008
"2 , Poush 1415",17/12/2008
"3 , Poush 1415",18/12/2008
"4 , Poush 1415",19/12/2008
"5 , Poush 1415",20/12/2008
"6 , Poush 1415",21/12/2008
"7 , Poush 1415",22/12/2008
"8 , Poush 1415",23/12/2008
"9 , Poush 1415",24/12/2008
"10 , Poush 1415",25/12/2008
"11 , Poush 1415",26/12/2008
"12 , Poush 1415",27/12/2008
"13 , Poush 1415",28/12/2008
"14 , Poush 1415",29/12/2008
"15 , Poush 1415",30/12/2008
"16 , Poush 1415",31/12/2008
"17 , Poush 1415",01/01/2009
"18 , Poush 1415",02/01/2009
"19 , Poush 1415",03/01/2009
"20 , Poush 1415",04/01/2009
"21 , Poush 1415",05/01/2009
"22 , Poush 1415",06/01/2009
"23 , Poush 1415",07/01/2009
"24 , Poush 1415",08/01/2009
"25 , Poush 1415",09/01/2009
"26 , Poush 1415",10/01/2009
"27 , Poush 1415",11/01/2009
"28 , Poush 1415",12/01/2009
"29 , Poush 1415",13/01/2009
"30 , Poush 1415",14/01/2009
"1 , Magh (Maagh) 1416",15/01/2009
"2 , Magh (Maagh) 1416",16/01/2009
"3 , Magh (Maagh) 1416",17/01/2009
"4 , Magh (Maagh) 1416",18/01/2009
"5 , Magh (Maagh) 1416",19/01/2009
"6 , Magh (Maagh) 1416",20/01/2009
"7 , Magh (Maagh) 1416",21/01/2009
"8 , Magh (Maagh) 1416",22/01/2009
"9 , Magh (Maagh) 1416",23/01/2009
"10 , Magh (Maagh) 1416",24/01/2009
"11 , Magh (Maagh) 1416",25/01/2009
"12 , Magh (Maagh) 1416",26/01/2009
"13 , Magh (Maagh) 1416",27/01/2009
"14 , Magh (Maagh) 1416",28/01/2009
"15 , Magh (Maagh) 1416",29/01/2009
"16 , Magh (Maagh) 1416",30/01/2009
"17 , Magh (Maagh) 1416",31/01/2009
"18 , Magh (Maagh) 1416",01/02/2009
"19 , Magh (Maagh) 1416",02/02/2009
"20 , Magh (Maagh) 1416",03/02/2009
"21 , Magh (Maagh) 1416",04/02/2009
"22 , Magh (Maagh) 1416",05/02/2009
"23 , Magh (Maagh) 1416",06/02/2009
"24 , Magh (Maagh) 1416",07/02/2009
"25 , Magh (Maagh) 1416",08/02/2009
"26 , Magh (Maagh) 1416",09/02/2009
"27 , Magh (Maagh) 1416",10/02/2009
"28 , Magh (Maagh) 1416",11/02/2009
"29 , Magh (Maagh) 1416",12/02/2009
"1 , Falgun (Phalgun) 1416",13/02/2009
"2 , Falgun (Phalgun) 1416",14/02/2009
"3 , Falgun (Phalgun) 1416",15/02/2009
"4 , Falgun (Phalgun) 1416",16/02/2009
"5 , Falgun (Phalgun) 1416",17/02/2009
"6 , Falgun (Phalgun) 1416",18/02/2009
"7 , Falgun (Phalgun) 1416",19/02/2009
"8 , Falgun (Phalgun) 1416",20/02/2009
"9 , Falgun (Phalgun) 1416",21/02/2009
"10 , Falgun (Phalgun) 1416",22/02/2009
"11 , Falgun (Phalgun) 1416",23/02/2009
"12 , Falgun (Phalgun) 1416",24/02/2009
"13 , Falgun (Phalgun) 1416",25/02/2009
"14 , Falgun (Phalgun) 1416",26/02/2009
"15 , Falgun (Phalgun) 1416",27/02/2009
"16 , Falgun (Phalgun) 1416",28/02/2009
"17 , Falgun (Phalgun) 1416",01/03/2009
"18 , Falgun (Phalgun) 1416",02/03/2009
"19 , Falgun (Phalgun) 1416",03/03/2009
"20 , Falgun (Phalgun) 1416",04/03/2009
"21 , Falgun (Phalgun) 1416",05/03/2009
"22 , Falgun (Phalgun) 1416",06/03/2009
"23 , Falgun (Phalgun) 1416",07/03/2009
"24 , Falgun (Phalgun) 1416",08/03/2009
"25 , Falgun (Phalgun) 1416",09/03/2009
"26 , Falgun (Phalgun) 1416",10/03/2009
"27 , Falgun (Phalgun) 1416",11/03/2009
"28 , Falgun (Phalgun) 1416",12/03/2009
"29 , Falgun (Phalgun) 1416",13/03/2009
"30 , Falgun (Phalgun) 1416",14/03/2009
"1 , Choitro (Chaitra) 1416",15/03/2009
"2 , Choitro (Chaitra) 1416",16/03/2009
"3 , Choitro (Chaitra) 1416",17/03/2009
"4 , Choitro (Chaitra) 1416",18/03/2009
"5 , Choitro (Chaitra) 1416",19/03/2009
"6 , Choitro (Chaitra) 1416",20/03/2009
"7 , Choitro (Chaitra) 1416",21/03/2009
"8 , Choitro (Chaitra) 1416",22/03/2009
"9 , Choitro (Chaitra) 1416",23/03/2009
"10 , Choitro (Chaitra) 1416",24/03/2009
"11 , Choitro (Chaitra) 1416",25/03/2009
"12 , Choitro (Chaitra) 1416",26/03/2009
"13 , Choitro (Chaitra) 1416",27/03/2009
"14 , Choitro (Chaitra) 1416",28/03/2009
"15 , Choitro (Chaitra) 1416",29/03/2009
"16 , Choitro (Chaitra) 1416",30/03/2009
"17 , Choitro (Chaitra) 1416",31/03/2009
"18 , Choitro (Chaitra) 1416",01/04/2009
"19 , Choitro (Chaitra) 1416",02/04/2009
"20 , Choitro (Chaitra) 1416",03/04/2009
"21 , Choitro (Chaitra) 1416",04/04/2009
"22 , Choitro (Chaitra) 1416",05/04/2009
"23 , Choitro (Chaitra) 1416",06/04/2009
"24 , Choitro (Chaitra) 1416",07/04/2009
"25 , Choitro (Chaitra) 1416",08/04/2009
"26 , Choitro (Chaitra) 1416",09/04/2009
"27 , Choitro (Chaitra) 1416",10/04/2009
"28 , Choitro (Chaitra) 1416",11/04/2009
"29 , Choitro (Chaitra) 1416",12/04/2009
"30 , Choitro (Chaitra) 1416",13/04/2009
"31 , Choitro (Chaitra) 1416",14/04/2009
"1 , Boishakh (Baisakh) 1416",15/04/2009
"2 , Boishakh (Baisakh) 1416",16/04/2009
"3 , Boishakh (Baisakh) 1416",17/04/2009
"4 , Boishakh (Baisakh) 1416",18/04/2009
"5 , Boishakh (Baisakh) 1416",19/04/2009
"6 , Boishakh (Baisakh) 1416",20/04/2009
"7 , Boishakh (Baisakh) 1416",21/04/2009
"8 , Boishakh (Baisakh) 1416",22/04/2009
"9 , Boishakh (Baisakh) 1416",23/04/2009
"10 , Boishakh (Baisakh) 1416",24/04/2009
"11 , Boishakh (Baisakh) 1416",25/04/2009
"12 , Boishakh (Baisakh) 1416",26/04/2009
"13 , Boishakh (Baisakh) 1416",27/04/2009
"14 , Boishakh (Baisakh) 1416",28/04/2009
"15 , Boishakh (Baisakh) 1416",29/04/2009
"16 , Boishakh (Baisakh) 1416",30/04/2009
"17 , Boishakh (Baisakh) 1416",01/05/2009
"18 , Boishakh (Baisakh) 1416",02/05/2009
"19 , Boishakh (Baisakh) 1416",03/05/2009
"20 , Boishakh (Baisakh) 1416",04/05/2009
"21 , Boishakh (Baisakh) 1416",05/05/2009
"22 , Boishakh (Baisakh) 1416",06/05/2009
"23 , Boishakh (Baisakh) 1416",07/05/2009
"24 , Boishakh (Baisakh) 1416",08/05/2009
"25 , Boishakh (Baisakh) 1416",09/05/2009
"26 , Boishakh (Baisakh) 1416",10/05/2009
"27 , Boishakh (Baisakh) 1416",11/05/2009
"28 , Boishakh (Baisakh) 1416",12/05/2009
"29 , Boishakh (Baisakh) 1416",13/05/2009
"30 , Boishakh (Baisakh) 1416",14/05/2009
"1 , Joishtho (Jaishtho) 1416",15/05/2009
"2 , Joishtho (Jaishtho) 1416",16/05/2009
"3 , Joishtho (Jaishtho) 1416",17/05/2009
"4 , Joishtho (Jaishtho) 1416",18/05/2009
"5 , Joishtho (Jaishtho) 1416",19/05/2009
"6 , Joishtho (Jaishtho) 1416",20/05/2009
"7 , Joishtho (Jaishtho) 1416",21/05/2009
"8 , Joishtho (Jaishtho) 1416",22/05/2009
"9 , Joishtho (Jaishtho) 1416",23/05/2009
"10 , Joishtho (Jaishtho) 1416",24/05/2009
"11 , Joishtho (Jaishtho) 1416",25/05/2009
"12 , Joishtho (Jaishtho) 1416",26/05/2009
"13 , Joishtho (Jaishtho) 1416",27/05/2009
"14 , Joishtho (Jaishtho) 1416",28/05/2009
"15 , Joishtho (Jaishtho) 1416",29/05/2009
"16 , Joishtho (Jaishtho) 1416",30/05/2009
"17 , Joishtho (Jaishtho) 1416",31/05/2009
"18 , Joishtho (Jaishtho) 1416",01/06/2009
"19 , Joishtho (Jaishtho) 1416",02/06/2009
"20 , Joishtho (Jaishtho) 1416",03/06/2009
"21 , Joishtho (Jaishtho) 1416",04/06/2009
"22 , Joishtho (Jaishtho) 1416",05/06/2009
"23 , Joishtho (Jaishtho) 1416",06/06/2009
"24 , Joishtho (Jaishtho) 1416",07/06/2009
"25 , Joishtho (Jaishtho) 1416",08/06/2009
"26 , Joishtho (Jaishtho) 1416",09/06/2009
"27 , Joishtho (Jaishtho) 1416",10/06/2009
"28 , Joishtho (Jaishtho) 1416",11/06/2009
"29 , Joishtho (Jaishtho) 1416",12/06/2009
"30 , Joishtho (Jaishtho) 1416",13/06/2009
"31 , Joishtho (Jaishtho) 1416",14/06/2009
"32 , Joishtho (Jaishtho) 1416",15/06/2009
"1 , Asharh (Aashar) 1416",16/06/2009
"2 , Asharh (Aashar) 1416",17/06/2009
"3 , Asharh (Aashar) 1416",18/06/2009
"4 , Asharh (Aashar) 1416",19/06/2009
"5 , Asharh (Aashar) 1416",20/06/2009
"6 , Asharh (Aashar) 1416",21/06/2009
"7 , Asharh (Aashar) 1416",22/06/2009
"8 , Asharh (Aashar) 1416",23/06/2009
"9 , Asharh (Aashar) 1416",24/06/2009
"10 , Asharh (Aashar) 1416",25/06/2009
"11 , Asharh (Aashar) 1416",26/06/2009
"12 , Asharh (Aashar) 1416",27/06/2009
"13 , Asharh (Aashar) 1416",28/06/2009
"14 , Asharh (Aashar) 1416",29/06/2009
"15 , Asharh (Aashar) 1416",30/06/2009
"16 , Asharh (Aashar) 1416",01/07/2009
"17 , Asharh (Aashar) 1416",02/07/2009
"18 , Asharh (Aashar) 1416",03/07/2009
"19 , Asharh (Aashar) 1416",04/07/2009
"20 , Asharh (Aashar) 1416",05/07/2009
"21 , Asharh (Aashar) 1416",06/07/2009
"22 , Asharh (Aashar) 1416",07/07/2009
"23 , Asharh (Aashar) 1416",08/07/2009
"24 , Asharh (Aashar) 1416",09/07/2009
"25 , Asharh (Aashar) 1416",10/07/2009
"26 , Asharh (Aashar) 1416",11/07/2009
"27 , Asharh (Aashar) 1416",12/07/2009
"28 , Asharh (Aashar) 1416",13/07/2009
"29 , Asharh (Aashar) 1416",14/07/2009
"30 , Asharh (Aashar) 1416",15/07/2009
"31 , Asharh (Aashar) 1416",16/07/2009
"1 , Srabon (Shraban) 1416",17/07/2009
"2 , Srabon (Shraban) 1416",18/07/2009
"3 , Srabon (Shraban) 1416",19/07/2009
"4 , Srabon (Shraban) 1416",20/07/2009
"5 , Srabon (Shraban) 1416",21/07/2009
"6 , Srabon (Shraban) 1416",22/07/2009
"7 , Srabon (Shraban) 1416",23/07/2009
"8 , Srabon (Shraban) 1416",24/07/2009
"9 , Srabon (Shraban) 1416",25/07/2009
"10 , Srabon (Shraban) 1416",26/07/2009
"11 , Srabon (Shraban) 1416",27/07/2009
"12 , Srabon (Shraban) 1416",28/07/2009
"13 , Srabon (Shraban) 1416",29/07/2009
"14 , Srabon (Shraban) 1416",30/07/2009
"15 , Srabon (Shraban) 1416",31/07/2009
"16 , Srabon (Shraban) 1416",01/08/2009
"17 , Srabon (Shraban) 1416",02/08/2009
"18 , Srabon (Shraban) 1416",03/08/2009
"19 , Srabon (Shraban) 1416",04/08/2009
"20 , Srabon (Shraban) 1416",05/08/2009
"21 , Srabon (Shraban) 1416",06/08/2009
"22 , Srabon (Shraban) 1416",07/08/2009
"23 , Srabon (Shraban) 1416",08/08/2009
"24 , Srabon (Shraban) 1416",09/08/2009
"25 , Srabon (Shraban) 1416",10/08/2009
"26 , Srabon (Shraban) 1416",11/08/2009
"27 , Srabon (Shraban) 1416",12/08/2009
"28 , Srabon (Shraban) 1416",13/08/2009
"29 , Srabon (Shraban) 1416",14/08/2009
"30 , Srabon (Shraban) 1416",15/08/2009
"31 , Srabon (Shraban) 1416",16/08/2009
"1 , Bhadro (Bhadra) 1416",17/08/2009
"2 , Bhadro (Bhadra) 1416",18/08/2009
"3 , Bhadro (Bhadra) 1416",19/08/2009
"4 , Bhadro (Bhadra) 1416",20/08/2009
"5 , Bhadro (Bhadra) 1416",21/08/2009
"6 , Bhadro (Bhadra) 1416",22/08/2009
"7 , Bhadro (Bhadra) 1416",23/08/2009
"8 , Bhadro (Bhadra) 1416",24/08/2009
"9 , Bhadro (Bhadra) 1416",25/08/2009
"10 , Bhadro (Bhadra) 1416",26/08/2009
"11 , Bhadro (Bhadra) 1416",27/08/2009
"12 , Bhadro (Bhadra) 1416",28/08/2009
"13 , Bhadro (Bhadra) 1416",29/08/2009
"14 , Bhadro (Bhadra) 1416",30/08/2009
"15 , Bhadro (Bhadra) 1416",31/08/2009
"16 , Bhadro (Bhadra) 1416",01/09/2009
"17 , Bhadro (Bhadra) 1416",02/09/2009
"18 , Bhadro (Bhadra) 1416",03/09/2009
"19 , Bhadro (Bhadra) 1416",04/09/2009
"20 , Bhadro (Bhadra) 1416",05/09/2009
"21 , Bhadro (Bhadra) 1416",06/09/2009
"22 , Bhadro (Bhadra) 1416",07/09/2009
"23 , Bhadro (Bhadra) 1416",08/09/2009
"24 , Bhadro (Bhadra) 1416",09/09/2009
"25 , Bhadro (Bhadra) 1416",10/09/2009
"26 , Bhadro (Bhadra) 1416",11/09/2009
"27 , Bhadro (Bhadra) 1416",12/09/2009
"28 , Bhadro (Bhadra) 1416",13/09/2009
"29 , Bhadro (Bhadra) 1416",14/09/2009
"30 , Bhadro (Bhadra) 1416",15/09/2009
"31 , Bhadro (Bhadra) 1416",16/09/2009
"32 , Bhadro (Bhadra) 1416",17/09/2009
"1 , Ashshin (Aashin) 1416",18/09/2009
"2 , Ashshin (Aashin) 1416",19/09/2009
"3 , Ashshin (Aashin) 1416",20/09/2009
"4 , Ashshin (Aashin) 1416",21/09/2009
"5 , Ashshin (Aashin) 1416",22/09/2009
"6 , Ashshin (Aashin) 1416",23/09/2009
"7 , Ashshin (Aashin) 1416",24/09/2009
"8 , Ashshin (Aashin) 1416",25/09/2009
"9 , Ashshin (Aashin) 1416",26/09/2009
"10 , Ashshin (Aashin) 1416",27/09/2009
"11 , Ashshin (Aashin) 1416",28/09/2009
"12 , Ashshin (Aashin) 1416",29/09/2009
"13 , Ashshin (Aashin) 1416",30/09/2009
"14 , Ashshin (Aashin) 1416",01/10/2009
"15 , Ashshin (Aashin) 1416",02/10/2009
"16 , Ashshin (Aashin) 1416",03/10/2009
"17 , Ashshin (Aashin) 1416",04/10/2009
"18 , Ashshin (Aashin) 1416",05/10/2009
"19 , Ashshin (Aashin) 1416",06/10/2009
"20 , Ashshin (Aashin) 1416",07/10/2009
"21 , Ashshin (Aashin) 1416",08/10/2009
"22 , Ashshin (Aashin) 1416",09/10/2009
"23 , Ashshin (Aashin) 1416",10/10/2009
"24 , Ashshin (Aashin) 1416",11/10/2009
"25 , Ashshin (Aashin) 1416",12/10/2009
"26 , Ashshin (Aashin) 1416",13/10/2009
"27 , Ashshin (Aashin) 1416",14/10/2009
"28 , Ashshin (Aashin) 1416",15/10/2009
"29 , Ashshin (Aashin) 1416",16/10/2009
"30 , Ashshin (Aashin) 1416",17/10/2009
"31 , Ashshin (Aashin) 1416",18/10/2009
"1 , Kartik 1416",19/10/2009
"2 , Kartik 1416",20/10/2009
"3 , Kartik 1416",21/10/2009
"4 , Kartik 1416",22/10/2009
"5 , Kartik 1416",23/10/2009
"6 , Kartik 1416",24/10/2009
"7 , Kartik 1416",25/10/2009
"8 , Kartik 1416",26/10/2009
"9 , Kartik 1416",27/10/2009
"10 , Kartik 1416",28/10/2009
"11 , Kartik 1416",29/10/2009
"12 , Kartik 1416",30/10/2009
"13 , Kartik 1416",31/10/2009
"14 , Kartik 1416",01/11/2009
"15 , Kartik 1416",02/11/2009
"16 , Kartik 1416",03/11/2009
"17 , Kartik 1416",04/11/2009
"18 , Kartik 1416",05/11/2009
"19 , Kartik 1416",06/11/2009
"20 , Kartik 1416",07/11/2009
"21 , Kartik 1416",08/11/2009
"22 , Kartik 1416",09/11/2009
"23 , Kartik 1416",10/11/2009
"24 , Kartik 1416",11/11/2009
"25 , Kartik 1416",12/11/2009
"26 , Kartik 1416",13/11/2009
"27 , Kartik 1416",14/11/2009
"28 , Kartik 1416",15/11/2009
"29 , Kartik 1416",16/11/2009
"1 , Ogrohaeon (Agrahan) 1416",17/11/2009
"2 , Ogrohaeon (Agrahan) 1416",18/11/2009
"3 , Ogrohaeon (Agrahan) 1416",19/11/2009
"4 , Ogrohaeon (Agrahan) 1416",20/11/2009
"5 , Ogrohaeon (Agrahan) 1416",21/11/2009
"6 , Ogrohaeon (Agrahan) 1416",22/11/2009
"7 , Ogrohaeon (Agrahan) 1416",23/11/2009
"8 , Ogrohaeon (Agrahan) 1416",24/11/2009
"9 , Ogrohaeon (Agrahan) 1416",25/11/2009
"10 , Ogrohaeon (Agrahan) 1416",26/11/2009
"11 , Ogrohaeon (Agrahan) 1416",27/11/2009
"12 , Ogrohaeon (Agrahan) 1416",28/11/2009
"13 , Ogrohaeon (Agrahan) 1416",29/11/2009
"14 , Ogrohaeon (Agrahan) 1416",30/11/2009
"15 , Ogrohaeon (Agrahan) 1416",01/12/2009
"16 , Ogrohaeon (Agrahan) 1416",02/12/2009
"17 , Ogrohaeon (Agrahan) 1416",03/12/2009
"18 , Ogrohaeon (Agrahan) 1416",04/12/2009
"19 , Ogrohaeon (Agrahan) 1416",05/12/2009
"20 , Ogrohaeon (Agrahan) 1416",06/12/2009
"21 , Ogrohaeon (Agrahan) 1416",07/12/2009
"22 , Ogrohaeon (Agrahan) 1416",08/12/2009
"23 , Ogrohaeon (Agrahan) 1416",09/12/2009
"24 , Ogrohaeon (Agrahan) 1416",10/12/2009
"25 , Ogrohaeon (Agrahan) 1416",11/12/2009
"26 , Ogrohaeon (Agrahan) 1416",12/12/2009
"27 , Ogrohaeon (Agrahan) 1416",13/12/2009
"28 , Ogrohaeon (Agrahan) 1416",14/12/2009
"29 , Ogrohaeon (Agrahan) 1416",15/12/2009
"30 , Ogrohaeon (Agrahan) 1416",16/12/2009
"1 , Poush 1416",17/12/2009
"2 , Poush 1416",18/12/2009
"3 , Poush 1416",19/12/2009
"4 , Poush 1416",20/12/2009
"5 , Poush 1416",21/12/2009
"6 , Poush 1416",22/12/2009
"7 , Poush 1416",23/12/2009
"8 , Poush 1416",24/12/2009
"9 , Poush 1416",25/12/2009
"10 , Poush 1416",26/12/2009
"11 , Poush 1416",27/12/2009
"12 , Poush 1416",28/12/2009
"13 , Poush 1416",29/12/2009
"14 , Poush 1416",30/12/2009
"15 , Poush 1416",31/12/2009
"16 , Poush 1416",01/01/2010
"17 , Poush 1416",02/01/2010
"18 , Poush 1416",03/01/2010
"19 , Poush 1416",04/01/2010
"20 , Poush 1416",05/01/2010
"21 , Poush 1416",06/01/2010
"22 , Poush 1416",07/01/2010
"23 , Poush 1416",08/01/2010
"24 , Poush 1416",09/01/2010
"25 , Poush 1416",10/01/2010
"26 , Poush 1416",11/01/2010
"27 , Poush 1416",12/01/2010
"28 , Poush 1416",13/01/2010
"29 , Poush 1416",14/01/2010
"1 , Magh (Maagh) 1417",15/01/2009
"2 , Magh (Maagh) 1417",16/01/2009
"3 , Magh (Maagh) 1417",17/01/2009
"4 , Magh (Maagh) 1417",18/01/2009
"5 , Magh (Maagh) 1417",19/01/2009
"6 , Magh (Maagh) 1417",20/01/2009
"7 , Magh (Maagh) 1417",21/01/2009
"8 , Magh (Maagh) 1417",22/01/2009
"9 , Magh (Maagh) 1417",23/01/2009
"10 , Magh (Maagh) 1417",24/01/2009
"11 , Magh (Maagh) 1417",25/01/2009
"12 , Magh (Maagh) 1417",26/01/2009
"13 , Magh (Maagh) 1417",27/01/2009
"14 , Magh (Maagh) 1417",28/01/2009
"15 , Magh (Maagh) 1417",29/01/2009
"16 , Magh (Maagh) 1417",30/01/2009
"17 , Magh (Maagh) 1417",31/01/2009
"18 , Magh (Maagh) 1417",01/02/2009
"19 , Magh (Maagh) 1417",02/02/2009
"20 , Magh (Maagh) 1417",03/02/2009
"21 , Magh (Maagh) 1417",04/02/2009
"22 , Magh (Maagh) 1417",05/02/2009
"23 , Magh (Maagh) 1417",06/02/2009
"24 , Magh (Maagh) 1417",07/02/2009
"25 , Magh (Maagh) 1417",08/02/2009
"26 , Magh (Maagh) 1417",09/02/2009
"27 , Magh (Maagh) 1417",10/02/2009
"28 , Magh (Maagh) 1417",11/02/2009
"29 , Magh (Maagh) 1417",12/02/2009
"30 , Magh (Maagh) 1417",13/02/2009
"31 , Magh (Maagh) 1417",14/02/2009
"32 , Magh (Maagh) 1417",15/02/2009
"33 , Magh (Maagh) 1417",16/02/2009
"34 , Magh (Maagh) 1417",17/02/2009
"35 , Magh (Maagh) 1417",18/02/2009
"36 , Magh (Maagh) 1417",19/02/2009
"37 , Magh (Maagh) 1417",20/02/2009
"38 , Magh (Maagh) 1417",21/02/2009
"39 , Magh (Maagh) 1417",22/02/2009
"40 , Magh (Maagh) 1417",23/02/2009
"41 , Magh (Maagh) 1417",24/02/2009
"42 , Magh (Maagh) 1417",25/02/2009
"43 , Magh (Maagh) 1417",26/02/2009
"44 , Magh (Maagh) 1417",27/02/2009
"45 , Magh (Maagh) 1417",28/02/2009
"46 , Magh (Maagh) 1417",01/03/2009
"47 , Magh (Maagh) 1417",02/03/2009
"48 , Magh (Maagh) 1417",03/03/2009
"49 , Magh (Maagh) 1417",04/03/2009
"50 , Magh (Maagh) 1417",05/03/2009
"51 , Magh (Maagh) 1417",06/03/2009
"52 , Magh (Maagh) 1417",07/03/2009
"53 , Magh (Maagh) 1417",08/03/2009
"54 , Magh (Maagh) 1417",09/03/2009
"55 , Magh (Maagh) 1417",10/03/2009
"56 , Magh (Maagh) 1417",11/03/2009
"57 , Magh (Maagh) 1417",12/03/2009
"58 , Magh (Maagh) 1417",13/03/2009
"59 , Magh (Maagh) 1417",14/03/2009
"60 , Magh (Maagh) 1417",15/03/2009
"61 , Magh (Maagh) 1417",16/03/2009
"62 , Magh (Maagh) 1417",17/03/2009
"63 , Magh (Maagh) 1417",18/03/2009
"64 , Magh (Maagh) 1417",19/03/2009
"65 , Magh (Maagh) 1417",20/03/2009
"66 , Magh (Maagh) 1417",21/03/2009
"67 , Magh (Maagh) 1417",22/03/2009
"68 , Magh (Maagh) 1417",23/03/2009
"69 , Magh (Maagh) 1417",24/03/2009
"70 , Magh (Maagh) 1417",25/03/2009
"71 , Magh (Maagh) 1417",26/03/2009
"72 , Magh (Maagh) 1417",27/03/2009
"73 , Magh (Maagh) 1417",28/03/2009
"74 , Magh (Maagh) 1417",29/03/2009
"75 , Magh (Maagh) 1417",30/03/2009
"76 , Magh (Maagh) 1417",31/03/2009
"77 , Magh (Maagh) 1417",01/04/2009
"78 , Magh (Maagh) 1417",02/04/2009
"79 , Magh (Maagh) 1417",03/04/2009
"80 , Magh (Maagh) 1417",04/04/2009
"81 , Magh (Maagh) 1417",05/04/2009
"82 , Magh (Maagh) 1417",06/04/2009
"83 , Magh (Maagh) 1417",07/04/2009
"84 , Magh (Maagh) 1417",08/04/2009
"85 , Magh (Maagh) 1417",09/04/2009
"86 , Magh (Maagh) 1417",10/04/2009
"87 , Magh (Maagh) 1417",11/04/2009
"88 , Magh (Maagh) 1417",12/04/2009
"89 , Magh (Maagh) 1417",13/04/2009
"90 , Magh (Maagh) 1417",14/04/2009
"91 , Magh (Maagh) 1417",15/04/2009
"92 , Magh (Maagh) 1417",16/04/2009
"93 , Magh (Maagh) 1417",17/04/2009
"94 , Magh (Maagh) 1417",18/04/2009
"95 , Magh (Maagh) 1417",19/04/2009
"96 , Magh (Maagh) 1417",20/04/2009
"97 , Magh (Maagh) 1417",21/04/2009
"98 , Magh (Maagh) 1417",22/04/2009
"99 , Magh (Maagh) 1417",23/04/2009
"100 , Magh (Maagh) 1417",24/04/2009
"101 , Magh (Maagh) 1417",25/04/2009
"102 , Magh (Maagh) 1417",26/04/2009
"103 , Magh (Maagh) 1417",27/04/2009
"104 , Magh (Maagh) 1417",28/04/2009
"105 , Magh (Maagh) 1417",29/04/2009
"106 , Magh (Maagh) 1417",30/04/2009
"107 , Magh (Maagh) 1417",01/05/2009
"108 , Magh (Maagh) 1417",02/05/2009
"109 , Magh (Maagh) 1417",03/05/2009
"110 , Magh (Maagh) 1417",04/05/2009
"111 , Magh (Maagh) 1417",05/05/2009
"112 , Magh (Maagh) 1417",06/05/2009
"113 , Magh (Maagh) 1417",07/05/2009
"114 , Magh (Maagh) 1417",08/05/2009
"115 , Magh (Maagh) 1417",09/05/2009
"116 , Magh (Maagh) 1417",10/05/2009
"117 , Magh (Maagh) 1417",11/05/2009
"118 , Magh (Maagh) 1417",12/05/2009
"119 , Magh (Maagh) 1417",13/05/2009
"120 , Magh (Maagh) 1417",14/05/2009
"121 , Magh (Maagh) 1417",15/05/2009
"122 , Magh (Maagh) 1417",16/05/2009
"123 , Magh (Maagh) 1417",17/05/2009
"124 , Magh (Maagh) 1417",18/05/2009
"125 , Magh (Maagh) 1417",19/05/2009
"126 , Magh (Maagh) 1417",20/05/2009
"127 , Magh (Maagh) 1417",21/05/2009
"128 , Magh (Maagh) 1417",22/05/2009
"129 , Magh (Maagh) 1417",23/05/2009
"130 , Magh (Maagh) 1417",24/05/2009
"131 , Magh (Maagh) 1417",25/05/2009
"132 , Magh (Maagh) 1417",26/05/2009
"133 , Magh (Maagh) 1417",27/05/2009
"134 , Magh (Maagh) 1417",28/05/2009
"135 , Magh (Maagh) 1417",29/05/2009
"136 , Magh (Maagh) 1417",30/05/2009
"137 , Magh (Maagh) 1417",31/05/2009
"138 , Magh (Maagh) 1417",01/06/2009
"139 , Magh (Maagh) 1417",02/06/2009
"140 , Magh (Maagh) 1417",03/06/2009
"141 , Magh (Maagh) 1417",04/06/2009
"142 , Magh (Maagh) 1417",05/06/2009
"143 , Magh (Maagh) 1417",06/06/2009
"144 , Magh (Maagh) 1417",07/06/2009
"145 , Magh (Maagh) 1417",08/06/2009
"146 , Magh (Maagh) 1417",09/06/2009
"147 , Magh (Maagh) 1417",10/06/2009
"148 , Magh (Maagh) 1417",11/06/2009
"149 , Magh (Maagh) 1417",12/06/2009
"150 , Magh (Maagh) 1417",13/06/2009
"151 , Magh (Maagh) 1417",14/06/2009
"152 , Magh (Maagh) 1417",15/06/2009
"153 , Magh (Maagh) 1417",16/06/2009
"154 , Magh (Maagh) 1417",17/06/2009
"155 , Magh (Maagh) 1417",18/06/2009
"156 , Magh (Maagh) 1417",19/06/2009
"157 , Magh (Maagh) 1417",20/06/2009
"158 , Magh (Maagh) 1417",21/06/2009
"159 , Magh (Maagh) 1417",22/06/2009
"160 , Magh (Maagh) 1417",23/06/2009
"161 , Magh (Maagh) 1417",24/06/2009
"162 , Magh (Maagh) 1417",25/06/2009
"163 , Magh (Maagh) 1417",26/06/2009
"164 , Magh (Maagh) 1417",27/06/2009
"165 , Magh (Maagh) 1417",28/06/2009
"166 , Magh (Maagh) 1417",29/06/2009
"167 , Magh (Maagh) 1417",30/06/2009
"168 , Magh (Maagh) 1417",01/07/2009
"169 , Magh (Maagh) 1417",02/07/2009
"170 , Magh (Maagh) 1417",03/07/2009
"171 , Magh (Maagh) 1417",04/07/2009
"172 , Magh (Maagh) 1417",05/07/2009
"173 , Magh (Maagh) 1417",06/07/2009
"174 , Magh (Maagh) 1417",07/07/2009
"175 , Magh (Maagh) 1417",08/07/2009
"176 , Magh (Maagh) 1417",09/07/2009
"177 , Magh (Maagh) 1417",10/07/2009
"178 , Magh (Maagh) 1417",11/07/2009
"179 , Magh (Maagh) 1417",12/07/2009
"180 , Magh (Maagh) 1417",13/07/2009
"181 , Magh (Maagh) 1417",14/07/2009
"182 , Magh (Maagh) 1417",15/07/2009
"183 , Magh (Maagh) 1417",16/07/2009
"184 , Magh (Maagh) 1417",17/07/2009
"185 , Magh (Maagh) 1417",18/07/2009
"186 , Magh (Maagh) 1417",19/07/2009
"187 , Magh (Maagh) 1417",20/07/2009
"188 , Magh (Maagh) 1417",21/07/2009
"189 , Magh (Maagh) 1417",22/07/2009
"190 , Magh (Maagh) 1417",23/07/2009
"191 , Magh (Maagh) 1417",24/07/2009
"192 , Magh (Maagh) 1417",25/07/2009
"193 , Magh (Maagh) 1417",26/07/2009
"194 , Magh (Maagh) 1417",27/07/2009
"195 , Magh (Maagh) 1417",28/07/2009
"196 , Magh (Maagh) 1417",29/07/2009
"197 , Magh (Maagh) 1417",30/07/2009
"198 , Magh (Maagh) 1417",31/07/2009
"199 , Magh (Maagh) 1417",01/08/2009
"200 , Magh (Maagh) 1417",02/08/2009
"201 , Magh (Maagh) 1417",03/08/2009
"202 , Magh (Maagh) 1417",04/08/2009
"203 , Magh (Maagh) 1417",05/08/2009
"204 , Magh (Maagh) 1417",06/08/2009
"205 , Magh (Maagh) 1417",07/08/2009
"206 , Magh (Maagh) 1417",08/08/2009
"207 , Magh (Maagh) 1417",09/08/2009
"208 , Magh (Maagh) 1417",10/08/2009
"209 , Magh (Maagh) 1417",11/08/2009
"210 , Magh (Maagh) 1417",12/08/2009
"211 , Magh (Maagh) 1417",13/08/2009
"212 , Magh (Maagh) 1417",14/08/2009
"213 , Magh (Maagh) 1417",15/08/2009
"214 , Magh (Maagh) 1417",16/08/2009
"215 , Magh (Maagh) 1417",17/08/2009
"216 , Magh (Maagh) 1417",18/08/2009
"217 , Magh (Maagh) 1417",19/08/2009
"218 , Magh (Maagh) 1417",20/08/2009
"219 , Magh (Maagh) 1417",21/08/2009
"220 , Magh (Maagh) 1417",22/08/2009
"221 , Magh (Maagh) 1417",23/08/2009
"222 , Magh (Maagh) 1417",24/08/2009
"223 , Magh (Maagh) 1417",25/08/2009
"224 , Magh (Maagh) 1417",26/08/2009
"225 , Magh (Maagh) 1417",27/08/2009
"226 , Magh (Maagh) 1417",28/08/2009
"227 , Magh (Maagh) 1417",29/08/2009
"228 , Magh (Maagh) 1417",30/08/2009
"229 , Magh (Maagh) 1417",31/08/2009
"230 , Magh (Maagh) 1417",01/09/2009
"231 , Magh (Maagh) 1417",02/09/2009
"232 , Magh (Maagh) 1417",03/09/2009
"233 , Magh (Maagh) 1417",04/09/2009
"234 , Magh (Maagh) 1417",05/09/2009
"235 , Magh (Maagh) 1417",06/09/2009
"236 , Magh (Maagh) 1417",07/09/2009
"237 , Magh (Maagh) 1417",08/09/2009
"238 , Magh (Maagh) 1417",09/09/2009
"239 , Magh (Maagh) 1417",10/09/2009
"240 , Magh (Maagh) 1417",11/09/2009
"241 , Magh (Maagh) 1417",12/09/2009
"242 , Magh (Maagh) 1417",13/09/2009
"243 , Magh (Maagh) 1417",14/09/2009
"244 , Magh (Maagh) 1417",15/09/2009
"245 , Magh (Maagh) 1417",16/09/2009
"246 , Magh (Maagh) 1417",17/09/2009
"247 , Magh (Maagh) 1417",18/09/2009
"248 , Magh (Maagh) 1417",19/09/2009
"249 , Magh (Maagh) 1417",20/09/2009
"250 , Magh (Maagh) 1417",21/09/2009
"251 , Magh (Maagh) 1417",22/09/2009
"252 , Magh (Maagh) 1417",23/09/2009
"253 , Magh (Maagh) 1417",24/09/2009
"254 , Magh (Maagh) 1417",25/09/2009
"255 , Magh (Maagh) 1417",26/09/2009
"256 , Magh (Maagh) 1417",27/09/2009
"257 , Magh (Maagh) 1417",28/09/2009
"258 , Magh (Maagh) 1417",29/09/2009
"259 , Magh (Maagh) 1417",30/09/2009
"260 , Magh (Maagh) 1417",01/10/2009
"261 , Magh (Maagh) 1417",02/10/2009
"262 , Magh (Maagh) 1417",03/10/2009
"263 , Magh (Maagh) 1417",04/10/2009
"264 , Magh (Maagh) 1417",05/10/2009
"265 , Magh (Maagh) 1417",06/10/2009
"266 , Magh (Maagh) 1417",07/10/2009
"267 , Magh (Maagh) 1417",08/10/2009
"268 , Magh (Maagh) 1417",09/10/2009
"269 , Magh (Maagh) 1417",10/10/2009
"270 , Magh (Maagh) 1417",11/10/2009
"271 , Magh (Maagh) 1417",12/10/2009
"272 , Magh (Maagh) 1417",13/10/2009
"273 , Magh (Maagh) 1417",14/10/2009
"274 , Magh (Maagh) 1417",15/10/2009
"275 , Magh (Maagh) 1417",16/10/2009
"276 , Magh (Maagh) 1417",17/10/2009
"277 , Magh (Maagh) 1417",18/10/2009
"278 , Magh (Maagh) 1417",19/10/2009
"279 , Magh (Maagh) 1417",20/10/2009
"280 , Magh (Maagh) 1417",21/10/2009
"281 , Magh (Maagh) 1417",22/10/2009
"282 , Magh (Maagh) 1417",23/10/2009
"283 , Magh (Maagh) 1417",24/10/2009
"284 , Magh (Maagh) 1417",25/10/2009
"285 , Magh (Maagh) 1417",26/10/2009
"286 , Magh (Maagh) 1417",27/10/2009
"287 , Magh (Maagh) 1417",28/10/2009
"288 , Magh (Maagh) 1417",29/10/2009
"289 , Magh (Maagh) 1417",30/10/2009
"290 , Magh (Maagh) 1417",31/10/2009
"291 , Magh (Maagh) 1417",01/11/2009
"292 , Magh (Maagh) 1417",02/11/2009
"293 , Magh (Maagh) 1417",03/11/2009
"294 , Magh (Maagh) 1417",04/11/2009
"295 , Magh (Maagh) 1417",05/11/2009
"296 , Magh (Maagh) 1417",06/11/2009
"297 , Magh (Maagh) 1417",07/11/2009
"298 , Magh (Maagh) 1417",08/11/2009
"299 , Magh (Maagh) 1417",09/11/2009
"300 , Magh (Maagh) 1417",10/11/2009
"301 , Magh (Maagh) 1417",11/11/2009
"302 , Magh (Maagh) 1417",12/11/2009
"303 , Magh (Maagh) 1417",13/11/2009
"304 , Magh (Maagh) 1417",14/11/2009
"305 , Magh (Maagh) 1417",15/11/2009
"306 , Magh (Maagh) 1417",16/11/2009
"307 , Magh (Maagh) 1417",17/11/2009
"308 , Magh (Maagh) 1417",18/11/2009
"309 , Magh (Maagh) 1417",19/11/2009
"310 , Magh (Maagh) 1417",20/11/2009
"311 , Magh (Maagh) 1417",21/11/2009
"312 , Magh (Maagh) 1417",22/11/2009
"313 , Magh (Maagh) 1417",23/11/2009
"314 , Magh (Maagh) 1417",24/11/2009
"315 , Magh (Maagh) 1417",25/11/2009
"316 , Magh (Maagh) 1417",26/11/2009
"317 , Magh (Maagh) 1417",27/11/2009
"318 , Magh (Maagh) 1417",28/11/2009
"319 , Magh (Maagh) 1417",29/11/2009
"320 , Magh (Maagh) 1417",30/11/2009
"321 , Magh (Maagh) 1417",01/12/2009
"322 , Magh (Maagh) 1417",02/12/2009
"323 , Magh (Maagh) 1417",03/12/2009
"324 , Magh (Maagh) 1417",04/12/2009
"325 , Magh (Maagh) 1417",05/12/2009
"326 , Magh (Maagh) 1417",06/12/2009
"327 , Magh (Maagh) 1417",07/12/2009
"328 , Magh (Maagh) 1417",08/12/2009
"329 , Magh (Maagh) 1417",09/12/2009
"330 , Magh (Maagh) 1417",10/12/2009
"331 , Magh (Maagh) 1417",11/12/2009
"332 , Magh (Maagh) 1417",12/12/2009
"333 , Magh (Maagh) 1417",13/12/2009
"334 , Magh (Maagh) 1417",14/12/2009
"335 , Magh (Maagh) 1417",15/12/2009
"336 , Magh (Maagh) 1417",16/12/2009
"337 , Magh (Maagh) 1417",17/12/2009
"338 , Magh (Maagh) 1417",18/12/2009
"339 , Magh (Maagh) 1417",19/12/2009
"340 , Magh (Maagh) 1417",20/12/2009
"341 , Magh (Maagh) 1417",21/12/2009
"342 , Magh (Maagh) 1417",22/12/2009
"343 , Magh (Maagh) 1417",23/12/2009
"344 , Magh (Maagh) 1417",24/12/2009
"345 , Magh (Maagh) 1417",25/12/2009
"346 , Magh (Maagh) 1417",26/12/2009
"347 , Magh (Maagh) 1417",27/12/2009
"348 , Magh (Maagh) 1417",28/12/2009
"349 , Magh (Maagh) 1417",29/12/2009
"350 , Magh (Maagh) 1417",30/12/2009
"351 , Magh (Maagh) 1417",31/12/2009
"352 , Magh (Maagh) 1417",01/01/2010
"353 , Magh (Maagh) 1417",02/01/2010
"354 , Magh (Maagh) 1417",03/01/2010
"355 , Magh (Maagh) 1417",04/01/2010
"356 , Magh (Maagh) 1417",05/01/2010
"357 , Magh (Maagh) 1417",06/01/2010
"358 , Magh (Maagh) 1417",07/01/2010
"359 , Magh (Maagh) 1417",08/01/2010
"360 , Magh (Maagh) 1417",09/01/2010
"361 , Magh (Maagh) 1417",10/01/2010
"362 , Magh (Maagh) 1417",11/01/2010
"363 , Magh (Maagh) 1417",12/01/2010
"364 , Magh (Maagh) 1417",13/01/2010
"365 , Magh (Maagh) 1417",14/01/2010
"366 , Magh (Maagh) 1417",15/01/2010
"367 , Magh (Maagh) 1417",16/01/2010
"368 , Magh (Maagh) 1417",17/01/2010
"369 , Magh (Maagh) 1417",18/01/2010
"370 , Magh (Maagh) 1417",19/01/2010
"371 , Magh (Maagh) 1417",20/01/2010
"372 , Magh (Maagh) 1417",21/01/2010
"373 , Magh (Maagh) 1417",22/01/2010
"374 , Magh (Maagh) 1417",23/01/2010
"375 , Magh (Maagh) 1417",24/01/2010
"376 , Magh (Maagh) 1417",25/01/2010
"377 , Magh (Maagh) 1417",26/01/2010
"378 , Magh (Maagh) 1417",27/01/2010
"379 , Magh (Maagh) 1417",28/01/2010
"380 , Magh (Maagh) 1417",29/01/2010
"381 , Magh (Maagh) 1417",30/01/2010
"382 , Magh (Maagh) 1417",31/01/2010
"383 , Magh (Maagh) 1417",01/02/2010
"384 , Magh (Maagh) 1417",02/02/2010
"385 , Magh (Maagh) 1417",03/02/2010
"386 , Magh (Maagh) 1417",04/02/2010
"387 , Magh (Maagh) 1417",05/02/2010
"388 , Magh (Maagh) 1417",06/02/2010
"389 , Magh (Maagh) 1417",07/02/2010
"390 , Magh (Maagh) 1417",08/02/2010
"391 , Magh (Maagh) 1417",09/02/2010
"392 , Magh (Maagh) 1417",10/02/2010
"393 , Magh (Maagh) 1417",11/02/2010
"394 , Magh (Maagh) 1417",12/02/2010
"395 , Magh (Maagh) 1417",13/02/2010
"1 , Falgun (Phalgun) 1417",14/02/2010
"2 , Falgun (Phalgun) 1417",15/02/2010
"3 , Falgun (Phalgun) 1417",16/02/2010
"4 , Falgun (Phalgun) 1417",17/02/2010
"5 , Falgun (Phalgun) 1417",18/02/2010
"6 , Falgun (Phalgun) 1417",19/02/2010
"7 , Falgun (Phalgun) 1417",20/02/2010
"8 , Falgun (Phalgun) 1417",21/02/2010
"9 , Falgun (Phalgun) 1417",22/02/2010
"10 , Falgun (Phalgun) 1417",23/02/2010
"11 , Falgun (Phalgun) 1417",24/02/2010
"12 , Falgun (Phalgun) 1417",25/02/2010
"13 , Falgun (Phalgun) 1417",26/02/2010
"14 , Falgun (Phalgun) 1417",27/02/2010
"15 , Falgun (Phalgun) 1417",28/02/2010
"16 , Falgun (Phalgun) 1417",01/03/2010
"17 , Falgun (Phalgun) 1417",02/03/2010
"18 , Falgun (Phalgun) 1417",03/03/2010
"19 , Falgun (Phalgun) 1417",04/03/2010
"20 , Falgun (Phalgun) 1417",05/03/2010
"21 , Falgun (Phalgun) 1417",06/03/2010
"22 , Falgun (Phalgun) 1417",07/03/2010
"23 , Falgun (Phalgun) 1417",08/03/2010
"24 , Falgun (Phalgun) 1417",09/03/2010
"25 , Falgun (Phalgun) 1417",10/03/2010
"26 , Falgun (Phalgun) 1417",11/03/2010
"27 , Falgun (Phalgun) 1417",12/03/2010
"28 , Falgun (Phalgun) 1417",13/03/2010
"29 , Falgun (Phalgun) 1417",14/03/2010
"1 , Choitro (Chaitra) 1417",15/03/2010
"2 , Choitro (Chaitra) 1417",16/03/2010
"3 , Choitro (Chaitra) 1417",17/03/2010
"4 , Choitro (Chaitra) 1417",18/03/2010
"5 , Choitro (Chaitra) 1417",19/03/2010
"6 , Choitro (Chaitra) 1417",20/03/2010
"7 , Choitro (Chaitra) 1417",21/03/2010
"8 , Choitro (Chaitra) 1417",22/03/2010
"9 , Choitro (Chaitra) 1417",23/03/2010
"10 , Choitro (Chaitra) 1417",24/03/2010
"11 , Choitro (Chaitra) 1417",25/03/2010
"12 , Choitro (Chaitra) 1417",26/03/2010
"13 , Choitro (Chaitra) 1417",27/03/2010
"14 , Choitro (Chaitra) 1417",28/03/2010
"15 , Choitro (Chaitra) 1417",29/03/2010
"16 , Choitro (Chaitra) 1417",30/03/2010
"17 , Choitro (Chaitra) 1417",31/03/2010
"18 , Choitro (Chaitra) 1417",01/04/2010
"19 , Choitro (Chaitra) 1417",02/04/2010
"20 , Choitro (Chaitra) 1417",03/04/2010
"21 , Choitro (Chaitra) 1417",04/04/2010
"22 , Choitro (Chaitra) 1417",05/04/2010
"23 , Choitro (Chaitra) 1417",06/04/2010
"24 , Choitro (Chaitra) 1417",07/04/2010
"25 , Choitro (Chaitra) 1417",08/04/2010
"26 , Choitro (Chaitra) 1417",09/04/2010
"27 , Choitro (Chaitra) 1417",10/04/2010
"28 , Choitro (Chaitra) 1417",11/04/2010
"29 , Choitro (Chaitra) 1417",12/04/2010
"30 , Choitro (Chaitra) 1417",13/04/2010
"31 , Choitro (Chaitra) 1417",14/04/2010
"1 , Boishakh (Baisakh) 1417",15/04/2010
"2 , Boishakh (Baisakh) 1417",16/04/2010
"3 , Boishakh (Baisakh) 1417",17/04/2010
"4 , Boishakh (Baisakh) 1417",18/04/2010
"5 , Boishakh (Baisakh) 1417",19/04/2010
"6 , Boishakh (Baisakh) 1417",20/04/2010
"7 , Boishakh (Baisakh) 1417",21/04/2010
"8 , Boishakh (Baisakh) 1417",22/04/2010
"9 , Boishakh (Baisakh) 1417",23/04/2010
"10 , Boishakh (Baisakh) 1417",24/04/2010
"11 , Boishakh (Baisakh) 1417",25/04/2010
"12 , Boishakh (Baisakh) 1417",26/04/2010
"13 , Boishakh (Baisakh) 1417",27/04/2010
"14 , Boishakh (Baisakh) 1417",28/04/2010
"15 , Boishakh (Baisakh) 1417",29/04/2010
"16 , Boishakh (Baisakh) 1417",30/04/2010
"17 , Boishakh (Baisakh) 1417",01/05/2010
"18 , Boishakh (Baisakh) 1417",02/05/2010
"19 , Boishakh (Baisakh) 1417",03/05/2010
"20 , Boishakh (Baisakh) 1417",04/05/2010
"21 , Boishakh (Baisakh) 1417",05/05/2010
"22 , Boishakh (Baisakh) 1417",06/05/2010
"23 , Boishakh (Baisakh) 1417",07/05/2010
"24 , Boishakh (Baisakh) 1417",08/05/2010
"25 , Boishakh (Baisakh) 1417",09/05/2010
"26 , Boishakh (Baisakh) 1417",10/05/2010
"27 , Boishakh (Baisakh) 1417",11/05/2010
"28 , Boishakh (Baisakh) 1417",12/05/2010
"29 , Boishakh (Baisakh) 1417",13/05/2010
"30 , Boishakh (Baisakh) 1417",14/05/2010
"31 , Boishakh (Baisakh) 1417",15/05/2010
"1 , Joishtho (Jaishtho) 1417",16/05/2010
"2 , Joishtho (Jaishtho) 1417",17/05/2010
"3 , Joishtho (Jaishtho) 1417",18/05/2010
"4 , Joishtho (Jaishtho) 1417",19/05/2010
"5 , Joishtho (Jaishtho) 1417",20/05/2010
"6 , Joishtho (Jaishtho) 1417",21/05/2010
"7 , Joishtho (Jaishtho) 1417",22/05/2010
"8 , Joishtho (Jaishtho) 1417",23/05/2010
"9 , Joishtho (Jaishtho) 1417",24/05/2010
"10 , Joishtho (Jaishtho) 1417",25/05/2010
"11 , Joishtho (Jaishtho) 1417",26/05/2010
"12 , Joishtho (Jaishtho) 1417",27/05/2010
"13 , Joishtho (Jaishtho) 1417",28/05/2010
"14 , Joishtho (Jaishtho) 1417",29/05/2010
"15 , Joishtho (Jaishtho) 1417",30/05/2010
"16 , Joishtho (Jaishtho) 1417",31/05/2010
"17 , Joishtho (Jaishtho) 1417",01/06/2010
"18 , Joishtho (Jaishtho) 1417",02/06/2010
"19 , Joishtho (Jaishtho) 1417",03/06/2010
"20 , Joishtho (Jaishtho) 1417",04/06/2010
"21 , Joishtho (Jaishtho) 1417",05/06/2010
"22 , Joishtho (Jaishtho) 1417",06/06/2010
"23 , Joishtho (Jaishtho) 1417",07/06/2010
"24 , Joishtho (Jaishtho) 1417",08/06/2010
"25 , Joishtho (Jaishtho) 1417",09/06/2010
"26 , Joishtho (Jaishtho) 1417",10/06/2010
"27 , Joishtho (Jaishtho) 1417",11/06/2010
"28 , Joishtho (Jaishtho) 1417",12/06/2010
"29 , Joishtho (Jaishtho) 1417",13/06/2010
"30 , Joishtho (Jaishtho) 1417",14/06/2010
"31 , Joishtho (Jaishtho) 1417",15/06/2010
"1 , Asharh (Aashar) 1417",16/06/2010
"2 , Asharh (Aashar) 1417",17/06/2010
"3 , Asharh (Aashar) 1417",18/06/2010
"4 , Asharh (Aashar) 1417",19/06/2010
"5 , Asharh (Aashar) 1417",20/06/2010
"6 , Asharh (Aashar) 1417",21/06/2010
"7 , Asharh (Aashar) 1417",22/06/2010
"8 , Asharh (Aashar) 1417",23/06/2010
"9 , Asharh (Aashar) 1417",24/06/2010
"10 , Asharh (Aashar) 1417",25/06/2010
"11 , Asharh (Aashar) 1417",26/06/2010
"12 , Asharh (Aashar) 1417",27/06/2010
"13 , Asharh (Aashar) 1417",28/06/2010
"14 , Asharh (Aashar) 1417",29/06/2010
"15 , Asharh (Aashar) 1417",30/06/2010
"16 , Asharh (Aashar) 1417",01/07/2010
"17 , Asharh (Aashar) 1417",02/07/2010
"18 , Asharh (Aashar) 1417",03/07/2010
"19 , Asharh (Aashar) 1417",04/07/2010
"20 , Asharh (Aashar) 1417",05/07/2010
"21 , Asharh (Aashar) 1417",06/07/2010
"22 , Asharh (Aashar) 1417",07/07/2010
"23 , Asharh (Aashar) 1417",08/07/2010
"24 , Asharh (Aashar) 1417",09/07/2010
"25 , Asharh (Aashar) 1417",10/07/2010
"26 , Asharh (Aashar) 1417",11/07/2010
"27 , Asharh (Aashar) 1417",12/07/2010
"28 , Asharh (Aashar) 1417",13/07/2010
"29 , Asharh (Aashar) 1417",14/07/2010
"30 , Asharh (Aashar) 1417",15/07/2010
"31 , Asharh (Aashar) 1417",16/07/2010
"1 , Srabon (Shraban) 1417",17/07/2010
"2 , Srabon (Shraban) 1417",18/07/2010
"3 , Srabon (Shraban) 1417",19/07/2010
"4 , Srabon (Shraban) 1417",20/07/2010
"5 , Srabon (Shraban) 1417",21/07/2010
"6 , Srabon (Shraban) 1417",22/07/2010
"7 , Srabon (Shraban) 1417",23/07/2010
"8 , Srabon (Shraban) 1417",24/07/2010
"9 , Srabon (Shraban) 1417",25/07/2010
"10 , Srabon (Shraban) 1417",26/07/2010
"11 , Srabon (Shraban) 1417",27/07/2010
"12 , Srabon (Shraban) 1417",28/07/2010
"13 , Srabon (Shraban) 1417",29/07/2010
"14 , Srabon (Shraban) 1417",30/07/2010
"15 , Srabon (Shraban) 1417",31/07/2010
"16 , Srabon (Shraban) 1417",01/08/2010
"17 , Srabon (Shraban) 1417",02/08/2010
"18 , Srabon (Shraban) 1417",03/08/2010
"19 , Srabon (Shraban) 1417",04/08/2010
"20 , Srabon (Shraban) 1417",05/08/2010
"21 , Srabon (Shraban) 1417",06/08/2010
"22 , Srabon (Shraban) 1417",07/08/2010
"23 , Srabon (Shraban) 1417",08/08/2010
"24 , Srabon (Shraban) 1417",09/08/2010
"25 , Srabon (Shraban) 1417",10/08/2010
"26 , Srabon (Shraban) 1417",11/08/2010
"27 , Srabon (Shraban) 1417",12/08/2010
"28 , Srabon (Shraban) 1417",13/08/2010
"29 , Srabon (Shraban) 1417",14/08/2010
"30 , Srabon (Shraban) 1417",15/08/2010
"31 , Srabon (Shraban) 1417",16/08/2010
"32 , Srabon (Shraban) 1417",17/08/2010
"1 , Bhadro (Bhadra) 1417",18/08/2010
"2 , Bhadro (Bhadra) 1417",19/08/2010
"3 , Bhadro (Bhadra) 1417",20/08/2010
"4 , Bhadro (Bhadra) 1417",21/08/2010
"5 , Bhadro (Bhadra) 1417",22/08/2010
"6 , Bhadro (Bhadra) 1417",23/08/2010
"7 , Bhadro (Bhadra) 1417",24/08/2010
"8 , Bhadro (Bhadra) 1417",25/08/2010
"9 , Bhadro (Bhadra) 1417",26/08/2010
"10 , Bhadro (Bhadra) 1417",27/08/2010
"11 , Bhadro (Bhadra) 1417",28/08/2010
"12 , Bhadro (Bhadra) 1417",29/08/2010
"13 , Bhadro (Bhadra) 1417",30/08/2010
"14 , Bhadro (Bhadra) 1417",31/08/2010
"15 , Bhadro (Bhadra) 1417",01/09/2010
"16 , Bhadro (Bhadra) 1417",02/09/2010
"17 , Bhadro (Bhadra) 1417",03/09/2010
"18 , Bhadro (Bhadra) 1417",04/09/2010
"19 , Bhadro (Bhadra) 1417",05/09/2010
"20 , Bhadro (Bhadra) 1417",06/09/2010
"21 , Bhadro (Bhadra) 1417",07/09/2010
"22 , Bhadro (Bhadra) 1417",08/09/2010
"23 , Bhadro (Bhadra) 1417",09/09/2010
"24 , Bhadro (Bhadra) 1417",10/09/2010
"25 , Bhadro (Bhadra) 1417",11/09/2010
"26 , Bhadro (Bhadra) 1417",12/09/2010
"27 , Bhadro (Bhadra) 1417",13/09/2010
"28 , Bhadro (Bhadra) 1417",14/09/2010
"29 , Bhadro (Bhadra) 1417",15/09/2010
"30 , Bhadro (Bhadra) 1417",16/09/2010
"31 , Bhadro (Bhadra) 1417",17/09/2010
"1 , Ashshin (Aashin) 1417",18/09/2010
"2 , Ashshin (Aashin) 1417",19/09/2010
"3 , Ashshin (Aashin) 1417",20/09/2010
"4 , Ashshin (Aashin) 1417",21/09/2010
"5 , Ashshin (Aashin) 1417",22/09/2010
"6 , Ashshin (Aashin) 1417",23/09/2010
"7 , Ashshin (Aashin) 1417",24/09/2010
"8 , Ashshin (Aashin) 1417",25/09/2010
"9 , Ashshin (Aashin) 1417",26/09/2010
"10 , Ashshin (Aashin) 1417",27/09/2010
"11 , Ashshin (Aashin) 1417",28/09/2010
"12 , Ashshin (Aashin) 1417",29/09/2010
"13 , Ashshin (Aashin) 1417",30/09/2010
"14 , Ashshin (Aashin) 1417",01/10/2010
"15 , Ashshin (Aashin) 1417",02/10/2010
"16 , Ashshin (Aashin) 1417",03/10/2010
"17 , Ashshin (Aashin) 1417",04/10/2010
"18 , Ashshin (Aashin) 1417",05/10/2010
"19 , Ashshin (Aashin) 1417",06/10/2010
"20 , Ashshin (Aashin) 1417",07/10/2010
"21 , Ashshin (Aashin) 1417",08/10/2010
"22 , Ashshin (Aashin) 1417",09/10/2010
"23 , Ashshin (Aashin) 1417",10/10/2010
"24 , Ashshin (Aashin) 1417",11/10/2010
"25 , Ashshin (Aashin) 1417",12/10/2010
"26 , Ashshin (Aashin) 1417",13/10/2010
"27 , Ashshin (Aashin) 1417",14/10/2010
"28 , Ashshin (Aashin) 1417",15/10/2010
"29 , Ashshin (Aashin) 1417",16/10/2010
"30 , Ashshin (Aashin) 1417",17/10/2010
"1 , Kartik 1417",18/10/2010
"2 , Kartik 1417",19/10/2010
"3 , Kartik 1417",20/10/2010
"4 , Kartik 1417",21/10/2010
"5 , Kartik 1417",22/10/2010
"6 , Kartik 1417",23/10/2010
"7 , Kartik 1417",24/10/2010
"8 , Kartik 1417",25/10/2010
"9 , Kartik 1417",26/10/2010
"10 , Kartik 1417",27/10/2010
"11 , Kartik 1417",28/10/2010
"12 , Kartik 1417",29/10/2010
"13 , Kartik 1417",30/10/2010
"14 , Kartik 1417",31/10/2010
"15 , Kartik 1417",01/11/2010
"16 , Kartik 1417",02/11/2010
"17 , Kartik 1417",03/11/2010
"18 , Kartik 1417",04/11/2010
"19 , Kartik 1417",05/11/2010
"20 , Kartik 1417",06/11/2010
"21 , Kartik 1417",07/11/2010
"22 , Kartik 1417",08/11/2010
"23 , Kartik 1417",09/11/2010
"24 , Kartik 1417",10/11/2010
"25 , Kartik 1417",11/11/2010
"26 , Kartik 1417",12/11/2010
"27 , Kartik 1417",13/11/2010
"28 , Kartik 1417",14/11/2010
"29 , Kartik 1417",15/11/2010
"30 , Kartik 1417",16/11/2010
"1 , Ogrohaeon (Agrahan) 1417",17/11/2010
"2 , Ogrohaeon (Agrahan) 1417",18/11/2010
"3 , Ogrohaeon (Agrahan) 1417",19/11/2010
"4 , Ogrohaeon (Agrahan) 1417",20/11/2010
"5 , Ogrohaeon (Agrahan) 1417",21/11/2010
"6 , Ogrohaeon (Agrahan) 1417",22/11/2010
"7 , Ogrohaeon (Agrahan) 1417",23/11/2010
"8 , Ogrohaeon (Agrahan) 1417",24/11/2010
"9 , Ogrohaeon (Agrahan) 1417",25/11/2010
"10 , Ogrohaeon (Agrahan) 1417",26/11/2010
"11 , Ogrohaeon (Agrahan) 1417",27/11/2010
"12 , Ogrohaeon (Agrahan) 1417",28/11/2010
"13 , Ogrohaeon (Agrahan) 1417",29/11/2010
"14 , Ogrohaeon (Agrahan) 1417",30/11/2010
"15 , Ogrohaeon (Agrahan) 1417",01/12/2010
"16 , Ogrohaeon (Agrahan) 1417",02/12/2010
"17 , Ogrohaeon (Agrahan) 1417",03/12/2010
"18 , Ogrohaeon (Agrahan) 1417",04/12/2010
"19 , Ogrohaeon (Agrahan) 1417",05/12/2010
"20 , Ogrohaeon (Agrahan) 1417",06/12/2010
"21 , Ogrohaeon (Agrahan) 1417",07/12/2010
"22 , Ogrohaeon (Agrahan) 1417",08/12/2010
"23 , Ogrohaeon (Agrahan) 1417",09/12/2010
"24 , Ogrohaeon (Agrahan) 1417",10/12/2010
"25 , Ogrohaeon (Agrahan) 1417",11/12/2010
"26 , Ogrohaeon (Agrahan) 1417",12/12/2010
"27 , Ogrohaeon (Agrahan) 1417",13/12/2010
"28 , Ogrohaeon (Agrahan) 1417",14/12/2010
"29 , Ogrohaeon (Agrahan) 1417",15/12/2010
"30 , Ogrohaeon (Agrahan) 1417",16/12/2010
"1 , Poush 1417",17/12/2010
"2 , Poush 1417",18/12/2010
"3 , Poush 1417",19/12/2010
"4 , Poush 1417",20/12/2010
"5 , Poush 1417",21/12/2010
"6 , Poush 1417",22/12/2010
"7 , Poush 1417",23/12/2010
"8 , Poush 1417",24/12/2010
"9 , Poush 1417",25/12/2010
"10 , Poush 1417",26/12/2010
"11 , Poush 1417",27/12/2010
"12 , Poush 1417",28/12/2010
"13 , Poush 1417",29/12/2010
"14 , Poush 1417",30/12/2010
"15 , Poush 1417",31/12/2010
"16 , Poush 1417",01/01/2011
"17 , Poush 1417",02/01/2011
"18 , Poush 1417",03/01/2011
"19 , Poush 1417",04/01/2011
"20 , Poush 1417",05/01/2011
"21 , Poush 1417",06/01/2011
"22 , Poush 1417",07/01/2011
"23 , Poush 1417",08/01/2011
"24 , Poush 1417",09/01/2011
"25 , Poush 1417",10/01/2011
"26 , Poush 1417",11/01/2011
"27 , Poush 1417",12/01/2011
"28 , Poush 1417",13/01/2011
"29 , Poush 1417",14/01/2011
"1 , Magh (Maagh) 1418",15/01/2011
"2 , Magh (Maagh) 1418",16/01/2011
"3 , Magh (Maagh) 1418",17/01/2011
"4 , Magh (Maagh) 1418",18/01/2011
"5 , Magh (Maagh) 1418",19/01/2011
"6 , Magh (Maagh) 1418",20/01/2011
"7 , Magh (Maagh) 1418",21/01/2011
"8 , Magh (Maagh) 1418",22/01/2011
"9 , Magh (Maagh) 1418",23/01/2011
"10 , Magh (Maagh) 1418",24/01/2011
"11 , Magh (Maagh) 1418",25/01/2011
"12 , Magh (Maagh) 1418",26/01/2011
"13 , Magh (Maagh) 1418",27/01/2011
"14 , Magh (Maagh) 1418",28/01/2011
"15 , Magh (Maagh) 1418",29/01/2011
"16 , Magh (Maagh) 1418",30/01/2011
"17 , Magh (Maagh) 1418",31/01/2011
"18 , Magh (Maagh) 1418",01/02/2011
"19 , Magh (Maagh) 1418",02/02/2011
"20 , Magh (Maagh) 1418",03/02/2011
"21 , Magh (Maagh) 1418",04/02/2011
"22 , Magh (Maagh) 1418",05/02/2011
"23 , Magh (Maagh) 1418",06/02/2011
"24 , Magh (Maagh) 1418",07/02/2011
"25 , Magh (Maagh) 1418",08/02/2011
"26 , Magh (Maagh) 1418",09/02/2011
"27 , Magh (Maagh) 1418",10/02/2011
"28 , Magh (Maagh) 1418",11/02/2011
"29 , Magh (Maagh) 1418",12/02/2011
"30 , Magh (Maagh) 1418",13/02/2011
"1 , Falgun (Phalgun) 1418",14/02/2011
"2 , Falgun (Phalgun) 1418",15/02/2011
"3 , Falgun (Phalgun) 1418",16/02/2011
"4 , Falgun (Phalgun) 1418",17/02/2011
"5 , Falgun (Phalgun) 1418",18/02/2011
"6 , Falgun (Phalgun) 1418",19/02/2011
"7 , Falgun (Phalgun) 1418",20/02/2011
"8 , Falgun (Phalgun) 1418",21/02/2011
"9 , Falgun (Phalgun) 1418",22/02/2011
"10 , Falgun (Phalgun) 1418",23/02/2011
"11 , Falgun (Phalgun) 1418",24/02/2011
"12 , Falgun (Phalgun) 1418",25/02/2011
"13 , Falgun (Phalgun) 1418",26/02/2011
"14 , Falgun (Phalgun) 1418",27/02/2011
"15 , Falgun (Phalgun) 1418",28/02/2011
"16 , Falgun (Phalgun) 1418",01/03/2011
"17 , Falgun (Phalgun) 1418",02/03/2011
"18 , Falgun (Phalgun) 1418",03/03/2011
"19 , Falgun (Phalgun) 1418",04/03/2011
"20 , Falgun (Phalgun) 1418",05/03/2011
"21 , Falgun (Phalgun) 1418",06/03/2011
"22 , Falgun (Phalgun) 1418",07/03/2011
"23 , Falgun (Phalgun) 1418",08/03/2011
"24 , Falgun (Phalgun) 1418",09/03/2011
"25 , Falgun (Phalgun) 1418",10/03/2011
"26 , Falgun (Phalgun) 1418",11/03/2011
"27 , Falgun (Phalgun) 1418",12/03/2011
"28 , Falgun (Phalgun) 1418",13/03/2011
"29 , Falgun (Phalgun) 1418",14/03/2011
"30 , Falgun (Phalgun) 1418",15/03/2011
"1 , Choitro (Chaitra) 1418",16/03/2011
"2 , Choitro (Chaitra) 1418",17/03/2011
"3 , Choitro (Chaitra) 1418",18/03/2011
"4 , Choitro (Chaitra) 1418",19/03/2011
"5 , Choitro (Chaitra) 1418",20/03/2011
"6 , Choitro (Chaitra) 1418",21/03/2011
"7 , Choitro (Chaitra) 1418",22/03/2011
"8 , Choitro (Chaitra) 1418",23/03/2011
"9 , Choitro (Chaitra) 1418",24/03/2011
"10 , Choitro (Chaitra) 1418",25/03/2011
"11 , Choitro (Chaitra) 1418",26/03/2011
"12 , Choitro (Chaitra) 1418",27/03/2011
"13 , Choitro (Chaitra) 1418",28/03/2011
"14 , Choitro (Chaitra) 1418",29/03/2011
"15 , Choitro (Chaitra) 1418",30/03/2011
"16 , Choitro (Chaitra) 1418",31/03/2011
"17 , Choitro (Chaitra) 1418",01/04/2011
"18 , Choitro (Chaitra) 1418",02/04/2011
"19 , Choitro (Chaitra) 1418",03/04/2011
"20 , Choitro (Chaitra) 1418",04/04/2011
"21 , Choitro (Chaitra) 1418",05/04/2011
"22 , Choitro (Chaitra) 1418",06/04/2011
"23 , Choitro (Chaitra) 1418",07/04/2011
"24 , Choitro (Chaitra) 1418",08/04/2011
"25 , Choitro (Chaitra) 1418",09/04/2011
"26 , Choitro (Chaitra) 1418",10/04/2011
"27 , Choitro (Chaitra) 1418",11/04/2011
"28 , Choitro (Chaitra) 1418",12/04/2011
"29 , Choitro (Chaitra) 1418",13/04/2011
"30 , Choitro (Chaitra) 1418",14/04/2011
"1 , Boishakh (Baisakh) 1418",15/04/2011
"2 , Boishakh (Baisakh) 1418",16/04/2011
"3 , Boishakh (Baisakh) 1418",17/04/2011
"4 , Boishakh (Baisakh) 1418",18/04/2011
"5 , Boishakh (Baisakh) 1418",19/04/2011
"6 , Boishakh (Baisakh) 1418",20/04/2011
"7 , Boishakh (Baisakh) 1418",21/04/2011
"8 , Boishakh (Baisakh) 1418",22/04/2011
"9 , Boishakh (Baisakh) 1418",23/04/2011
"10 , Boishakh (Baisakh) 1418",24/04/2011
"11 , Boishakh (Baisakh) 1418",25/04/2011
"12 , Boishakh (Baisakh) 1418",26/04/2011
"13 , Boishakh (Baisakh) 1418",27/04/2011
"14 , Boishakh (Baisakh) 1418",28/04/2011
"15 , Boishakh (Baisakh) 1418",29/04/2011
"16 , Boishakh (Baisakh) 1418",30/04/2011
"17 , Boishakh (Baisakh) 1418",01/05/2011
"18 , Boishakh (Baisakh) 1418",02/05/2011
"19 , Boishakh (Baisakh) 1418",03/05/2011
"20 , Boishakh (Baisakh) 1418",04/05/2011
"21 , Boishakh (Baisakh) 1418",05/05/2011
"22 , Boishakh (Baisakh) 1418",06/05/2011
"23 , Boishakh (Baisakh) 1418",07/05/2011
"24 , Boishakh (Baisakh) 1418",08/05/2011
"25 , Boishakh (Baisakh) 1418",09/05/2011
"26 , Boishakh (Baisakh) 1418",10/05/2011
"27 , Boishakh (Baisakh) 1418",11/05/2011
"28 , Boishakh (Baisakh) 1418",12/05/2011
"29 , Boishakh (Baisakh) 1418",13/05/2011
"30 , Boishakh (Baisakh) 1418",14/05/2011
"31 , Boishakh (Baisakh) 1418",15/05/2011
"1 , Joishtho (Jaishtho) 1418",16/05/2011
"2 , Joishtho (Jaishtho) 1418",17/05/2011
"3 , Joishtho (Jaishtho) 1418",18/05/2011
"4 , Joishtho (Jaishtho) 1418",19/05/2011
"5 , Joishtho (Jaishtho) 1418",20/05/2011
"6 , Joishtho (Jaishtho) 1418",21/05/2011
"7 , Joishtho (Jaishtho) 1418",22/05/2011
"8 , Joishtho (Jaishtho) 1418",23/05/2011
"9 , Joishtho (Jaishtho) 1418",24/05/2011
"10 , Joishtho (Jaishtho) 1418",25/05/2011
"11 , Joishtho (Jaishtho) 1418",26/05/2011
"12 , Joishtho (Jaishtho) 1418",27/05/2011
"13 , Joishtho (Jaishtho) 1418",28/05/2011
"14 , Joishtho (Jaishtho) 1418",29/05/2011
"15 , Joishtho (Jaishtho) 1418",30/05/2011
"16 , Joishtho (Jaishtho) 1418",31/05/2011
"17 , Joishtho (Jaishtho) 1418",01/06/2011
"18 , Joishtho (Jaishtho) 1418",02/06/2011
"19 , Joishtho (Jaishtho) 1418",03/06/2011
"20 , Joishtho (Jaishtho) 1418",04/06/2011
"21 , Joishtho (Jaishtho) 1418",05/06/2011
"22 , Joishtho (Jaishtho) 1418",06/06/2011
"23 , Joishtho (Jaishtho) 1418",07/06/2011
"24 , Joishtho (Jaishtho) 1418",08/06/2011
"25 , Joishtho (Jaishtho) 1418",09/06/2011
"26 , Joishtho (Jaishtho) 1418",10/06/2011
"27 , Joishtho (Jaishtho) 1418",11/06/2011
"28 , Joishtho (Jaishtho) 1418",12/06/2011
"29 , Joishtho (Jaishtho) 1418",13/06/2011
"30 , Joishtho (Jaishtho) 1418",14/06/2011
"31 , Joishtho (Jaishtho) 1418",15/06/2011
"1 , Asharh (Aashar) 1418",16/06/2011
"2 , Asharh (Aashar) 1418",17/06/2011
"3 , Asharh (Aashar) 1418",18/06/2011
"4 , Asharh (Aashar) 1418",19/06/2011
"5 , Asharh (Aashar) 1418",20/06/2011
"6 , Asharh (Aashar) 1418",21/06/2011
"7 , Asharh (Aashar) 1418",22/06/2011
"8 , Asharh (Aashar) 1418",23/06/2011
"9 , Asharh (Aashar) 1418",24/06/2011
"10 , Asharh (Aashar) 1418",25/06/2011
"11 , Asharh (Aashar) 1418",26/06/2011
"12 , Asharh (Aashar) 1418",27/06/2011
"13 , Asharh (Aashar) 1418",28/06/2011
"14 , Asharh (Aashar) 1418",29/06/2011
"15 , Asharh (Aashar) 1418",30/06/2011
"16 , Asharh (Aashar) 1418",01/07/2011
"17 , Asharh (Aashar) 1418",02/07/2011
"18 , Asharh (Aashar) 1418",03/07/2011
"19 , Asharh (Aashar) 1418",04/07/2011
"20 , Asharh (Aashar) 1418",05/07/2011
"21 , Asharh (Aashar) 1418",06/07/2011
"22 , Asharh (Aashar) 1418",07/07/2011
"23 , Asharh (Aashar) 1418",08/07/2011
"24 , Asharh (Aashar) 1418",09/07/2011
"25 , Asharh (Aashar) 1418",10/07/2011
"26 , Asharh (Aashar) 1418",11/07/2011
"27 , Asharh (Aashar) 1418",12/07/2011
"28 , Asharh (Aashar) 1418",13/07/2011
"29 , Asharh (Aashar) 1418",14/07/2011
"30 , Asharh (Aashar) 1418",15/07/2011
"31 , Asharh (Aashar) 1418",16/07/2011
"32 , Asharh (Aashar) 1418",17/07/2011
"1 , Srabon (Shraban) 1418",18/07/2011
"2 , Srabon (Shraban) 1418",19/07/2011
"3 , Srabon (Shraban) 1418",20/07/2011
"4 , Srabon (Shraban) 1418",21/07/2011
"5 , Srabon (Shraban) 1418",22/07/2011
"6 , Srabon (Shraban) 1418",23/07/2011
"7 , Srabon (Shraban) 1418",24/07/2011
"8 , Srabon (Shraban) 1418",25/07/2011
"9 , Srabon (Shraban) 1418",26/07/2011
"10 , Srabon (Shraban) 1418",27/07/2011
"11 , Srabon (Shraban) 1418",28/07/2011
"12 , Srabon (Shraban) 1418",29/07/2011
"13 , Srabon (Shraban) 1418",30/07/2011
"14 , Srabon (Shraban) 1418",31/07/2011
"15 , Srabon (Shraban) 1418",01/08/2011
"16 , Srabon (Shraban) 1418",02/08/2011
"17 , Srabon (Shraban) 1418",03/08/2011
"18 , Srabon (Shraban) 1418",04/08/2011
"19 , Srabon (Shraban) 1418",05/08/2011
"20 , Srabon (Shraban) 1418",06/08/2011
"21 , Srabon (Shraban) 1418",07/08/2011
"22 , Srabon (Shraban) 1418",08/08/2011
"23 , Srabon (Shraban) 1418",09/08/2011
"24 , Srabon (Shraban) 1418",10/08/2011
"25 , Srabon (Shraban) 1418",11/08/2011
"26 , Srabon (Shraban) 1418",12/08/2011
"27 , Srabon (Shraban) 1418",13/08/2011
"28 , Srabon (Shraban) 1418",14/08/2011
"29 , Srabon (Shraban) 1418",15/08/2011
"30 , Srabon (Shraban) 1418",16/08/2011
"31 , Srabon (Shraban) 1418",17/08/2011
"32 , Srabon (Shraban) 1418",18/08/2011
"1 , Bhadro (Bhadra) 1418",19/08/2011
"2 , Bhadro (Bhadra) 1418",20/08/2011
"3 , Bhadro (Bhadra) 1418",21/08/2011
"4 , Bhadro (Bhadra) 1418",22/08/2011
"5 , Bhadro (Bhadra) 1418",23/08/2011
"6 , Bhadro (Bhadra) 1418",24/08/2011
"7 , Bhadro (Bhadra) 1418",25/08/2011
"8 , Bhadro (Bhadra) 1418",26/08/2011
"9 , Bhadro (Bhadra) 1418",27/08/2011
"10 , Bhadro (Bhadra) 1418",28/08/2011
"11 , Bhadro (Bhadra) 1418",29/08/2011
"12 , Bhadro (Bhadra) 1418",30/08/2011
"13 , Bhadro (Bhadra) 1418",31/08/2011
"14 , Bhadro (Bhadra) 1418",01/09/2011
"15 , Bhadro (Bhadra) 1418",02/09/2011
"16 , Bhadro (Bhadra) 1418",03/09/2011
"17 , Bhadro (Bhadra) 1418",04/09/2011
"18 , Bhadro (Bhadra) 1418",05/09/2011
"19 , Bhadro (Bhadra) 1418",06/09/2011
"20 , Bhadro (Bhadra) 1418",07/09/2011
"21 , Bhadro (Bhadra) 1418",08/09/2011
"22 , Bhadro (Bhadra) 1418",09/09/2011
"23 , Bhadro (Bhadra) 1418",10/09/2011
"24 , Bhadro (Bhadra) 1418",11/09/2011
"25 , Bhadro (Bhadra) 1418",12/09/2011
"26 , Bhadro (Bhadra) 1418",13/09/2011
"27 , Bhadro (Bhadra) 1418",14/09/2011
"28 , Bhadro (Bhadra) 1418",15/09/2011
"29 , Bhadro (Bhadra) 1418",16/09/2011
"30 , Bhadro (Bhadra) 1418",17/09/2011
"31 , Bhadro (Bhadra) 1418",18/09/2011
"1 , Ashshin (Aashin) 1418",19/09/2011
"2 , Ashshin (Aashin) 1418",20/09/2011
"3 , Ashshin (Aashin) 1418",21/09/2011
"4 , Ashshin (Aashin) 1418",22/09/2011
"5 , Ashshin (Aashin) 1418",23/09/2011
"6 , Ashshin (Aashin) 1418",24/09/2011
"7 , Ashshin (Aashin) 1418",25/09/2011
"8 , Ashshin (Aashin) 1418",26/09/2011
"9 , Ashshin (Aashin) 1418",27/09/2011
"10 , Ashshin (Aashin) 1418",28/09/2011
"11 , Ashshin (Aashin) 1418",29/09/2011
"12 , Ashshin (Aashin) 1418",30/09/2011
"13 , Ashshin (Aashin) 1418",01/10/2011
"14 , Ashshin (Aashin) 1418",02/10/2011
"15 , Ashshin (Aashin) 1418",03/10/2011
"16 , Ashshin (Aashin) 1418",04/10/2011
"17 , Ashshin (Aashin) 1418",05/10/2011
"18 , Ashshin (Aashin) 1418",06/10/2011
"19 , Ashshin (Aashin) 1418",07/10/2011
"20 , Ashshin (Aashin) 1418",08/10/2011
"21 , Ashshin (Aashin) 1418",09/10/2011
"22 , Ashshin (Aashin) 1418",10/10/2011
"23 , Ashshin (Aashin) 1418",11/10/2011
"24 , Ashshin (Aashin) 1418",12/10/2011
"25 , Ashshin (Aashin) 1418",13/10/2011
"26 , Ashshin (Aashin) 1418",14/10/2011
"27 , Ashshin (Aashin) 1418",15/10/2011
"28 , Ashshin (Aashin) 1418",16/10/2011
"29 , Ashshin (Aashin) 1418",17/10/2011
"30 , Ashshin (Aashin) 1418",18/10/2011
"1 , Kartik 1418",19/10/2011
"2 , Kartik 1418",20/10/2011
"3 , Kartik 1418",21/10/2011
"4 , Kartik 1418",22/10/2011
"5 , Kartik 1418",23/10/2011
"6 , Kartik 1418",24/10/2011
"7 , Kartik 1418",25/10/2011
"8 , Kartik 1418",26/10/2011
"9 , Kartik 1418",27/10/2011
"10 , Kartik 1418",28/10/2011
"11 , Kartik 1418",29/10/2011
"12 , Kartik 1418",30/10/2011
"13 , Kartik 1418",31/10/2011
"14 , Kartik 1418",01/11/2011
"15 , Kartik 1418",02/11/2011
"16 , Kartik 1418",03/11/2011
"17 , Kartik 1418",04/11/2011
"18 , Kartik 1418",05/11/2011
"19 , Kartik 1418",06/11/2011
"20 , Kartik 1418",07/11/2011
"21 , Kartik 1418",08/11/2011
"22 , Kartik 1418",09/11/2011
"23 , Kartik 1418",10/11/2011
"24 , Kartik 1418",11/11/2011
"25 , Kartik 1418",12/11/2011
"26 , Kartik 1418",13/11/2011
"27 , Kartik 1418",14/11/2011
"28 , Kartik 1418",15/11/2011
"29 , Kartik 1418",16/11/2011
"30 , Kartik 1418",17/11/2011
"1 , Ogrohaeon (Agrahan) 1418",18/11/2011
"2 , Ogrohaeon (Agrahan) 1418",19/11/2011
"3 , Ogrohaeon (Agrahan) 1418",20/11/2011
"4 , Ogrohaeon (Agrahan) 1418",21/11/2011
"5 , Ogrohaeon (Agrahan) 1418",22/11/2011
"6 , Ogrohaeon (Agrahan) 1418",23/11/2011
"7 , Ogrohaeon (Agrahan) 1418",24/11/2011
"8 , Ogrohaeon (Agrahan) 1418",25/11/2011
"9 , Ogrohaeon (Agrahan) 1418",26/11/2011
"10 , Ogrohaeon (Agrahan) 1418",27/11/2011
"11 , Ogrohaeon (Agrahan) 1418",28/11/2011
"12 , Ogrohaeon (Agrahan) 1418",29/11/2011
"13 , Ogrohaeon (Agrahan) 1418",30/11/2011
"14 , Ogrohaeon (Agrahan) 1418",01/12/2011
"15 , Ogrohaeon (Agrahan) 1418",02/12/2011
"16 , Ogrohaeon (Agrahan) 1418",03/12/2011
"17 , Ogrohaeon (Agrahan) 1418",04/12/2011
"18 , Ogrohaeon (Agrahan) 1418",05/12/2011
"19 , Ogrohaeon (Agrahan) 1418",06/12/2011
"20 , Ogrohaeon (Agrahan) 1418",07/12/2011
"21 , Ogrohaeon (Agrahan) 1418",08/12/2011
"22 , Ogrohaeon (Agrahan) 1418",09/12/2011
"23 , Ogrohaeon (Agrahan) 1418",10/12/2011
"24 , Ogrohaeon (Agrahan) 1418",11/12/2011
"25 , Ogrohaeon (Agrahan) 1418",12/12/2011
"26 , Ogrohaeon (Agrahan) 1418",13/12/2011
"27 , Ogrohaeon (Agrahan) 1418",14/12/2011
"28 , Ogrohaeon (Agrahan) 1418",15/12/2011
"29 , Ogrohaeon (Agrahan) 1418",16/12/2011
"1 , Magh (Maagh) 1419",16/01/2012
"2 , Magh (Maagh) 1419",17/01/2012
"3 , Magh (Maagh) 1419",18/01/2012
"4 , Magh (Maagh) 1419",19/01/2012
"5 , Magh (Maagh) 1419",20/01/2012
"6 , Magh (Maagh) 1419",21/01/2012
"7 , Magh (Maagh) 1419",22/01/2012
"8 , Magh (Maagh) 1419",23/01/2012
"9 , Magh (Maagh) 1419",24/01/2012
"10 , Magh (Maagh) 1419",25/01/2012
"11 , Magh (Maagh) 1419",26/01/2012
"12 , Magh (Maagh) 1419",27/01/2012
"13 , Magh (Maagh) 1419",28/01/2012
"14 , Magh (Maagh) 1419",29/01/2012
"15 , Magh (Maagh) 1419",30/01/2012
"16 , Magh (Maagh) 1419",31/01/2012
"17 , Magh (Maagh) 1419",01/02/2012
"18 , Magh (Maagh) 1419",02/02/2012
"19 , Magh (Maagh) 1419",03/02/2012
"20 , Magh (Maagh) 1419",04/02/2012
"21 , Magh (Maagh) 1419",05/02/2012
"22 , Magh (Maagh) 1419",06/02/2012
"23 , Magh (Maagh) 1419",07/02/2012
"24 , Magh (Maagh) 1419",08/02/2012
"25 , Magh (Maagh) 1419",09/02/2012
"26 , Magh (Maagh) 1419",10/02/2012
"27 , Magh (Maagh) 1419",11/02/2012
"28 , Magh (Maagh) 1419",12/02/2012
"29 , Magh (Maagh) 1419",13/02/2012
"1 , Falgun (Phalgun) 1419",14/02/2012
"2 , Falgun (Phalgun) 1419",15/02/2012
"3 , Falgun (Phalgun) 1419",16/02/2012
"4 , Falgun (Phalgun) 1419",17/02/2012
"5 , Falgun (Phalgun) 1419",18/02/2012
"6 , Falgun (Phalgun) 1419",19/02/2012
"7 , Falgun (Phalgun) 1419",20/02/2012
"8 , Falgun (Phalgun) 1419",21/02/2012
"9 , Falgun (Phalgun) 1419",22/02/2012
"10 , Falgun (Phalgun) 1419",23/02/2012
"11 , Falgun (Phalgun) 1419",24/02/2012
"12 , Falgun (Phalgun) 1419",25/02/2012
"13 , Falgun (Phalgun) 1419",26/02/2012
"14 , Falgun (Phalgun) 1419",27/02/2012
"15 , Falgun (Phalgun) 1419",28/02/2012
"16 , Falgun (Phalgun) 1419",29/02/2012
"17 , Falgun (Phalgun) 1419",01/03/2012
"18 , Falgun (Phalgun) 1419",02/03/2012
"19 , Falgun (Phalgun) 1419",03/03/2012
"20 , Falgun (Phalgun) 1419",04/03/2012
"21 , Falgun (Phalgun) 1419",05/03/2012
"22 , Falgun (Phalgun) 1419",06/03/2012
"23 , Falgun (Phalgun) 1419",07/03/2012
"24 , Falgun (Phalgun) 1419",08/03/2012
"25 , Falgun (Phalgun) 1419",09/03/2012
"26 , Falgun (Phalgun) 1419",10/03/2012
"27 , Falgun (Phalgun) 1419",11/03/2012
"28 , Falgun (Phalgun) 1419",12/03/2012
"29 , Falgun (Phalgun) 1419",13/03/2012
"30 , Falgun (Phalgun) 1419",14/03/2012
"1 , Choitro (Chaitra) 1419",15/03/2012
"2 , Choitro (Chaitra) 1419",16/03/2012
"3 , Choitro (Chaitra) 1419",17/03/2012
"4 , Choitro (Chaitra) 1419",18/03/2012
"5 , Choitro (Chaitra) 1419",19/03/2012
"6 , Choitro (Chaitra) 1419",20/03/2012
"7 , Choitro (Chaitra) 1419",21/03/2012
"8 , Choitro (Chaitra) 1419",22/03/2012
"9 , Choitro (Chaitra) 1419",23/03/2012
"10 , Choitro (Chaitra) 1419",24/03/2012
"11 , Choitro (Chaitra) 1419",25/03/2012
"12 , Choitro (Chaitra) 1419",26/03/2012
"13 , Choitro (Chaitra) 1419",27/03/2012
"14 , Choitro (Chaitra) 1419",28/03/2012
"15 , Choitro (Chaitra) 1419",29/03/2012
"16 , Choitro (Chaitra) 1419",30/03/2012
"17 , Choitro (Chaitra) 1419",31/03/2012
"18 , Choitro (Chaitra) 1419",01/04/2012
"19 , Choitro (Chaitra) 1419",02/04/2012
"20 , Choitro (Chaitra) 1419",03/04/2012
"21 , Choitro (Chaitra) 1419",04/04/2012
"22 , Choitro (Chaitra) 1419",05/04/2012
"23 , Choitro (Chaitra) 1419",06/04/2012
"24 , Choitro (Chaitra) 1419",07/04/2012
"25 , Choitro (Chaitra) 1419",08/04/2012
"26 , Choitro (Chaitra) 1419",09/04/2012
"27 , Choitro (Chaitra) 1419",10/04/2012
"28 , Choitro (Chaitra) 1419",11/04/2012
"29 , Choitro (Chaitra) 1419",12/04/2012
"30 , Choitro (Chaitra) 1419",13/04/2012
"1 , Boishakh (Baisakh) 1419",14/04/2012
"2 , Boishakh (Baisakh) 1419",15/04/2012
"3 , Boishakh (Baisakh) 1419",16/04/2012
"4 , Boishakh (Baisakh) 1419",17/04/2012
"5 , Boishakh (Baisakh) 1419",18/04/2012
"6 , Boishakh (Baisakh) 1419",19/04/2012
"7 , Boishakh (Baisakh) 1419",20/04/2012
"8 , Boishakh (Baisakh) 1419",21/04/2012
"9 , Boishakh (Baisakh) 1419",22/04/2012
"10 , Boishakh (Baisakh) 1419",23/04/2012
"11 , Boishakh (Baisakh) 1419",24/04/2012
"12 , Boishakh (Baisakh) 1419",25/04/2012
"13 , Boishakh (Baisakh) 1419",26/04/2012
"14 , Boishakh (Baisakh) 1419",27/04/2012
"15 , Boishakh (Baisakh) 1419",28/04/2012
"16 , Boishakh (Baisakh) 1419",29/04/2012
"17 , Boishakh (Baisakh) 1419",30/04/2012
"18 , Boishakh (Baisakh) 1419",01/05/2012
"19 , Boishakh (Baisakh) 1419",02/05/2012
"20 , Boishakh (Baisakh) 1419",03/05/2012
"21 , Boishakh (Baisakh) 1419",04/05/2012
"22 , Boishakh (Baisakh) 1419",05/05/2012
"23 , Boishakh (Baisakh) 1419",06/05/2012
"24 , Boishakh (Baisakh) 1419",07/05/2012
"25 , Boishakh (Baisakh) 1419",08/05/2012
"26 , Boishakh (Baisakh) 1419",09/05/2012
"27 , Boishakh (Baisakh) 1419",10/05/2012
"28 , Boishakh (Baisakh) 1419",11/05/2012
"29 , Boishakh (Baisakh) 1419",12/05/2012
"30 , Boishakh (Baisakh) 1419",13/05/2012
"31 , Boishakh (Baisakh) 1419",14/05/2012
"1 , Joishtho (Jaishtho) 1419",15/05/2012
"2 , Joishtho (Jaishtho) 1419",16/05/2012
"3 , Joishtho (Jaishtho) 1419",17/05/2012
"4 , Joishtho (Jaishtho) 1419",18/05/2012
"5 , Joishtho (Jaishtho) 1419",19/05/2012
"6 , Joishtho (Jaishtho) 1419",20/05/2012
"7 , Joishtho (Jaishtho) 1419",21/05/2012
"8 , Joishtho (Jaishtho) 1419",22/05/2012
"9 , Joishtho (Jaishtho) 1419",23/05/2012
"10 , Joishtho (Jaishtho) 1419",24/05/2012
"11 , Joishtho (Jaishtho) 1419",25/05/2012
"12 , Joishtho (Jaishtho) 1419",26/05/2012
"13 , Joishtho (Jaishtho) 1419",27/05/2012
"14 , Joishtho (Jaishtho) 1419",28/05/2012
"15 , Joishtho (Jaishtho) 1419",29/05/2012
"16 , Joishtho (Jaishtho) 1419",30/05/2012
"17 , Joishtho (Jaishtho) 1419",31/05/2012
"18 , Joishtho (Jaishtho) 1419",01/06/2012
"19 , Joishtho (Jaishtho) 1419",02/06/2012
"20 , Joishtho (Jaishtho) 1419",03/06/2012
"21 , Joishtho (Jaishtho) 1419",04/06/2012
"22 , Joishtho (Jaishtho) 1419",05/06/2012
"23 , Joishtho (Jaishtho) 1419",06/06/2012
"24 , Joishtho (Jaishtho) 1419",07/06/2012
"25 , Joishtho (Jaishtho) 1419",08/06/2012
"26 , Joishtho (Jaishtho) 1419",09/06/2012
"27 , Joishtho (Jaishtho) 1419",10/06/2012
"28 , Joishtho (Jaishtho) 1419",11/06/2012
"29 , Joishtho (Jaishtho) 1419",12/06/2012
"30 , Joishtho (Jaishtho) 1419",13/06/2012
"31 , Joishtho (Jaishtho) 1419",14/06/2012
"32 , Joishtho (Jaishtho) 1419",15/06/2012
"1 , Asharh (Aashar) 1419",16/06/2012
"2 , Asharh (Aashar) 1419",17/06/2012
"3 , Asharh (Aashar) 1419",18/06/2012
"4 , Asharh (Aashar) 1419",19/06/2012
"5 , Asharh (Aashar) 1419",20/06/2012
"6 , Asharh (Aashar) 1419",21/06/2012
"7 , Asharh (Aashar) 1419",22/06/2012
"8 , Asharh (Aashar) 1419",23/06/2012
"9 , Asharh (Aashar) 1419",24/06/2012
"10 , Asharh (Aashar) 1419",25/06/2012
"11 , Asharh (Aashar) 1419",26/06/2012
"12 , Asharh (Aashar) 1419",27/06/2012
"13 , Asharh (Aashar) 1419",28/06/2012
"14 , Asharh (Aashar) 1419",29/06/2012
"15 , Asharh (Aashar) 1419",30/06/2012
"16 , Asharh (Aashar) 1419",01/07/2012
"17 , Asharh (Aashar) 1419",02/07/2012
"18 , Asharh (Aashar) 1419",03/07/2012
"19 , Asharh (Aashar) 1419",04/07/2012
"20 , Asharh (Aashar) 1419",05/07/2012
"21 , Asharh (Aashar) 1419",06/07/2012
"22 , Asharh (Aashar) 1419",07/07/2012
"23 , Asharh (Aashar) 1419",08/07/2012
"24 , Asharh (Aashar) 1419",09/07/2012
"25 , Asharh (Aashar) 1419",10/07/2012
"26 , Asharh (Aashar) 1419",11/07/2012
"27 , Asharh (Aashar) 1419",12/07/2012
"28 , Asharh (Aashar) 1419",13/07/2012
"29 , Asharh (Aashar) 1419",14/07/2012
"30 , Asharh (Aashar) 1419",15/07/2012
"31 , Asharh (Aashar) 1419",16/07/2012
"1 , Srabon (Shraban) 1419",17/07/2012
"2 , Srabon (Shraban) 1419",18/07/2012
"3 , Srabon (Shraban) 1419",19/07/2012
"4 , Srabon (Shraban) 1419",20/07/2012
"5 , Srabon (Shraban) 1419",21/07/2012
"6 , Srabon (Shraban) 1419",22/07/2012
"7 , Srabon (Shraban) 1419",23/07/2012
"8 , Srabon (Shraban) 1419",24/07/2012
"9 , Srabon (Shraban) 1419",25/07/2012
"10 , Srabon (Shraban) 1419",26/07/2012
"11 , Srabon (Shraban) 1419",27/07/2012
"12 , Srabon (Shraban) 1419",28/07/2012
"13 , Srabon (Shraban) 1419",29/07/2012
"14 , Srabon (Shraban) 1419",30/07/2012
"15 , Srabon (Shraban) 1419",31/07/2012
"16 , Srabon (Shraban) 1419",01/08/2012
"17 , Srabon (Shraban) 1419",02/08/2012
"18 , Srabon (Shraban) 1419",03/08/2012
"19 , Srabon (Shraban) 1419",04/08/2012
"20 , Srabon (Shraban) 1419",05/08/2012
"21 , Srabon (Shraban) 1419",06/08/2012
"22 , Srabon (Shraban) 1419",07/08/2012
"23 , Srabon (Shraban) 1419",08/08/2012
"24 , Srabon (Shraban) 1419",09/08/2012
"25 , Srabon (Shraban) 1419",10/08/2012
"26 , Srabon (Shraban) 1419",11/08/2012
"27 , Srabon (Shraban) 1419",12/08/2012
"28 , Srabon (Shraban) 1419",13/08/2012
"29 , Srabon (Shraban) 1419",14/08/2012
"30 , Srabon (Shraban) 1419",15/08/2012
"31 , Srabon (Shraban) 1419",16/08/2012
"32 , Srabon (Shraban) 1419",17/08/2012
"1 , Bhadro (Bhadra) 1419",18/08/2012
"2 , Bhadro (Bhadra) 1419",19/08/2012
"3 , Bhadro (Bhadra) 1419",20/08/2012
"4 , Bhadro (Bhadra) 1419",21/08/2012
"5 , Bhadro (Bhadra) 1419",22/08/2012
"6 , Bhadro (Bhadra) 1419",23/08/2012
"7 , Bhadro (Bhadra) 1419",24/08/2012
"8 , Bhadro (Bhadra) 1419",25/08/2012
"9 , Bhadro (Bhadra) 1419",26/08/2012
"10 , Bhadro (Bhadra) 1419",27/08/2012
"11 , Bhadro (Bhadra) 1419",28/08/2012
"12 , Bhadro (Bhadra) 1419",29/08/2012
"13 , Bhadro (Bhadra) 1419",30/08/2012
"14 , Bhadro (Bhadra) 1419",31/08/2012
"15 , Bhadro (Bhadra) 1419",01/09/2012
"16 , Bhadro (Bhadra) 1419",02/09/2012
"17 , Bhadro (Bhadra) 1419",03/09/2012
"18 , Bhadro (Bhadra) 1419",04/09/2012
"19 , Bhadro (Bhadra) 1419",05/09/2012
"20 , Bhadro (Bhadra) 1419",06/09/2012
"21 , Bhadro (Bhadra) 1419",07/09/2012
"22 , Bhadro (Bhadra) 1419",08/09/2012
"23 , Bhadro (Bhadra) 1419",09/09/2012
"24 , Bhadro (Bhadra) 1419",10/09/2012
"25 , Bhadro (Bhadra) 1419",11/09/2012
"26 , Bhadro (Bhadra) 1419",12/09/2012
"27 , Bhadro (Bhadra) 1419",13/09/2012
"28 , Bhadro (Bhadra) 1419",14/09/2012
"29 , Bhadro (Bhadra) 1419",15/09/2012
"30 , Bhadro (Bhadra) 1419",16/09/2012
"31 , Bhadro (Bhadra) 1419",17/09/2012
"1 , Ashshin (Aashin) 1419",18/09/2012
"2 , Ashshin (Aashin) 1419",19/09/2012
"3 , Ashshin (Aashin) 1419",20/09/2012
"4 , Ashshin (Aashin) 1419",21/09/2012
"5 , Ashshin (Aashin) 1419",22/09/2012
"6 , Ashshin (Aashin) 1419",23/09/2012
"7 , Ashshin (Aashin) 1419",24/09/2012
"8 , Ashshin (Aashin) 1419",25/09/2012
"9 , Ashshin (Aashin) 1419",26/09/2012
"10 , Ashshin (Aashin) 1419",27/09/2012
"11 , Ashshin (Aashin) 1419",28/09/2012
"12 , Ashshin (Aashin) 1419",29/09/2012
"13 , Ashshin (Aashin) 1419",30/09/2012
"14 , Ashshin (Aashin) 1419",01/10/2012
"15 , Ashshin (Aashin) 1419",02/10/2012
"16 , Ashshin (Aashin) 1419",03/10/2012
"17 , Ashshin (Aashin) 1419",04/10/2012
"18 , Ashshin (Aashin) 1419",05/10/2012
"19 , Ashshin (Aashin) 1419",06/10/2012
"20 , Ashshin (Aashin) 1419",07/10/2012
"21 , Ashshin (Aashin) 1419",08/10/2012
"22 , Ashshin (Aashin) 1419",09/10/2012
"23 , Ashshin (Aashin) 1419",10/10/2012
"24 , Ashshin (Aashin) 1419",11/10/2012
"25 , Ashshin (Aashin) 1419",12/10/2012
"26 , Ashshin (Aashin) 1419",13/10/2012
"27 , Ashshin (Aashin) 1419",14/10/2012
"28 , Ashshin (Aashin) 1419",15/10/2012
"29 , Ashshin (Aashin) 1419",16/10/2012
"30 , Ashshin (Aashin) 1419",17/10/2012
"1 , Kartik 1419",18/10/2012
"2 , Kartik 1419",19/10/2012
"3 , Kartik 1419",20/10/2012
"4 , Kartik 1419",21/10/2012
"5 , Kartik 1419",22/10/2012
"6 , Kartik 1419",23/10/2012
"7 , Kartik 1419",24/10/2012
"8 , Kartik 1419",25/10/2012
"9 , Kartik 1419",26/10/2012
"10 , Kartik 1419",27/10/2012
"11 , Kartik 1419",28/10/2012
"12 , Kartik 1419",29/10/2012
"13 , Kartik 1419",30/10/2012
"14 , Kartik 1419",31/10/2012
"15 , Kartik 1419",01/11/2012
"16 , Kartik 1419",02/11/2012
"17 , Kartik 1419",03/11/2012
"18 , Kartik 1419",04/11/2012
"19 , Kartik 1419",05/11/2012
"20 , Kartik 1419",06/11/2012
"21 , Kartik 1419",07/11/2012
"22 , Kartik 1419",08/11/2012
"23 , Kartik 1419",09/11/2012
"24 , Kartik 1419",10/11/2012
"25 , Kartik 1419",11/11/2012
"26 , Kartik 1419",12/11/2012
"27 , Kartik 1419",13/11/2012
"28 , Kartik 1419",14/11/2012
"29 , Kartik 1419",15/11/2012
"30 , Kartik 1419",16/11/2012
"1 , Ogrohaeon (Agrahan) 1419",17/11/2012
"2 , Ogrohaeon (Agrahan) 1419",18/11/2012
"3 , Ogrohaeon (Agrahan) 1419",19/11/2012
"4 , Ogrohaeon (Agrahan) 1419",20/11/2012
"5 , Ogrohaeon (Agrahan) 1419",21/11/2012
"6 , Ogrohaeon (Agrahan) 1419",22/11/2012
"7 , Ogrohaeon (Agrahan) 1419",23/11/2012
"8 , Ogrohaeon (Agrahan) 1419",24/11/2012
"9 , Ogrohaeon (Agrahan) 1419",25/11/2012
"10 , Ogrohaeon (Agrahan) 1419",26/11/2012
"11 , Ogrohaeon (Agrahan) 1419",27/11/2012
"12 , Ogrohaeon (Agrahan) 1419",28/11/2012
"13 , Ogrohaeon (Agrahan) 1419",29/11/2012
"14 , Ogrohaeon (Agrahan) 1419",30/11/2012
"15 , Ogrohaeon (Agrahan) 1419",01/12/2012
"16 , Ogrohaeon (Agrahan) 1419",02/12/2012
"17 , Ogrohaeon (Agrahan) 1419",03/12/2012
"18 , Ogrohaeon (Agrahan) 1419",04/12/2012
"19 , Ogrohaeon (Agrahan) 1419",05/12/2012
"20 , Ogrohaeon (Agrahan) 1419",06/12/2012
"21 , Ogrohaeon (Agrahan) 1419",07/12/2012
"22 , Ogrohaeon (Agrahan) 1419",08/12/2012
"23 , Ogrohaeon (Agrahan) 1419",09/12/2012
"24 , Ogrohaeon (Agrahan) 1419",10/12/2012
"25 , Ogrohaeon (Agrahan) 1419",11/12/2012
"26 , Ogrohaeon (Agrahan) 1419",12/12/2012
"27 , Ogrohaeon (Agrahan) 1419",13/12/2012
"28 , Ogrohaeon (Agrahan) 1419",14/12/2012
"29 , Ogrohaeon (Agrahan) 1419",15/12/2012
"30 , Ogrohaeon (Agrahan) 1419",16/12/2012
"1 , Poush 1419",17/12/2012
"2 , Poush 1419",18/12/2012
"3 , Poush 1419",19/12/2012
"4 , Poush 1419",20/12/2012
"5 , Poush 1419",21/12/2012
"6 , Poush 1419",22/12/2012
"7 , Poush 1419",23/12/2012
"8 , Poush 1419",24/12/2012
"9 , Poush 1419",25/12/2012
"10 , Poush 1419",26/12/2012
"11 , Poush 1419",27/12/2012
"12 , Poush 1419",28/12/2012
"13 , Poush 1419",29/12/2012
"14 , Poush 1419",30/12/2012
"15 , Poush 1419",31/12/2012
"16 , Poush 1419",01/01/2013
"17 , Poush 1419",02/01/2013
"18 , Poush 1419",03/01/2013
"19 , Poush 1419",04/01/2013
"20 , Poush 1419",05/01/2013
"21 , Poush 1419",06/01/2013
"22 , Poush 1419",07/01/2013
"23 , Poush 1419",08/01/2013
"24 , Poush 1419",09/01/2013
"25 , Poush 1419",10/01/2013
"26 , Poush 1419",11/01/2013
"27 , Poush 1419",12/01/2013
"28 , Poush 1419",13/01/2013
"29 , Poush 1419",14/01/2013
"1 , Magh (Maagh) 1420",15/01/2013
"2 , Magh (Maagh) 1420",16/01/2013
"3 , Magh (Maagh) 1420",17/01/2013
"4 , Magh (Maagh) 1420",18/01/2013
"5 , Magh (Maagh) 1420",19/01/2013
"6 , Magh (Maagh) 1420",20/01/2013
"7 , Magh (Maagh) 1420",21/01/2013
"8 , Magh (Maagh) 1420",22/01/2013
"9 , Magh (Maagh) 1420",23/01/2013
"10 , Magh (Maagh) 1420",24/01/2013
"11 , Magh (Maagh) 1420",25/01/2013
"12 , Magh (Maagh) 1420",26/01/2013
"13 , Magh (Maagh) 1420",27/01/2013
"14 , Magh (Maagh) 1420",28/01/2013
"15 , Magh (Maagh) 1420",29/01/2013
"16 , Magh (Maagh) 1420",30/01/2013
"17 , Magh (Maagh) 1420",31/01/2013
"18 , Magh (Maagh) 1420",01/02/2013
"19 , Magh (Maagh) 1420",02/02/2013
"20 , Magh (Maagh) 1420",03/02/2013
"21 , Magh (Maagh) 1420",04/02/2013
"22 , Magh (Maagh) 1420",05/02/2013
"23 , Magh (Maagh) 1420",06/02/2013
"24 , Magh (Maagh) 1420",07/02/2013
"25 , Magh (Maagh) 1420",08/02/2013
"26 , Magh (Maagh) 1420",09/02/2013
"27 , Magh (Maagh) 1420",10/02/2013
"28 , Magh (Maagh) 1420",11/02/2013
"29 , Magh (Maagh) 1420",12/02/2013
"1 , Falgun (Phalgun) 1420",13/02/2013
"2 , Falgun (Phalgun) 1420",14/02/2013
"3 , Falgun (Phalgun) 1420",15/02/2013
"4 , Falgun (Phalgun) 1420",16/02/2013
"5 , Falgun (Phalgun) 1420",17/02/2013
"6 , Falgun (Phalgun) 1420",18/02/2013
"7 , Falgun (Phalgun) 1420",19/02/2013
"8 , Falgun (Phalgun) 1420",20/02/2013
"9 , Falgun (Phalgun) 1420",21/02/2013
"10 , Falgun (Phalgun) 1420",22/02/2013
"11 , Falgun (Phalgun) 1420",23/02/2013
"12 , Falgun (Phalgun) 1420",24/02/2013
"13 , Falgun (Phalgun) 1420",25/02/2013
"14 , Falgun (Phalgun) 1420",26/02/2013
"15 , Falgun (Phalgun) 1420",27/02/2013
"16 , Falgun (Phalgun) 1420",28/02/2013
"17 , Falgun (Phalgun) 1420",01/03/2013
"18 , Falgun (Phalgun) 1420",02/03/2013
"19 , Falgun (Phalgun) 1420",03/03/2013
"20 , Falgun (Phalgun) 1420",04/03/2013
"21 , Falgun (Phalgun) 1420",05/03/2013
"22 , Falgun (Phalgun) 1420",06/03/2013
"23 , Falgun (Phalgun) 1420",07/03/2013
"24 , Falgun (Phalgun) 1420",08/03/2013
"25 , Falgun (Phalgun) 1420",09/03/2013
"26 , Falgun (Phalgun) 1420",10/03/2013
"27 , Falgun (Phalgun) 1420",11/03/2013
"28 , Falgun (Phalgun) 1420",12/03/2013
"29 , Falgun (Phalgun) 1420",13/03/2013
"30 , Falgun (Phalgun) 1420",14/03/2013
"1 , Choitro (Chaitra) 1420",15/03/2013
"2 , Choitro (Chaitra) 1420",16/03/2013
"3 , Choitro (Chaitra) 1420",17/03/2013
"4 , Choitro (Chaitra) 1420",18/03/2013
"5 , Choitro (Chaitra) 1420",19/03/2013
"6 , Choitro (Chaitra) 1420",20/03/2013
"7 , Choitro (Chaitra) 1420",21/03/2013
"8 , Choitro (Chaitra) 1420",22/03/2013
"9 , Choitro (Chaitra) 1420",23/03/2013
"10 , Choitro (Chaitra) 1420",24/03/2013
"11 , Choitro (Chaitra) 1420",25/03/2013
"12 , Choitro (Chaitra) 1420",26/03/2013
"13 , Choitro (Chaitra) 1420",27/03/2013
"14 , Choitro (Chaitra) 1420",28/03/2013
"15 , Choitro (Chaitra) 1420",29/03/2013
"16 , Choitro (Chaitra) 1420",30/03/2013
"17 , Choitro (Chaitra) 1420",31/03/2013
"18 , Choitro (Chaitra) 1420",01/04/2013
"19 , Choitro (Chaitra) 1420",02/04/2013
"20 , Choitro (Chaitra) 1420",03/04/2013
"21 , Choitro (Chaitra) 1420",04/04/2013
"22 , Choitro (Chaitra) 1420",05/04/2013
"23 , Choitro (Chaitra) 1420",06/04/2013
"24 , Choitro (Chaitra) 1420",07/04/2013
"25 , Choitro (Chaitra) 1420",08/04/2013
"26 , Choitro (Chaitra) 1420",09/04/2013
"27 , Choitro (Chaitra) 1420",10/04/2013
"28 , Choitro (Chaitra) 1420",11/04/2013
"29 , Choitro (Chaitra) 1420",12/04/2013
"30 , Choitro (Chaitra) 1420",13/04/2013
"31 , Choitro (Chaitra) 1420",14/04/2013
"1 , Boishakh (Baisakh) 1420",15/04/2013
"2 , Boishakh (Baisakh) 1420",16/04/2013
"3 , Boishakh (Baisakh) 1420",17/04/2013
"4 , Boishakh (Baisakh) 1420",18/04/2013
"5 , Boishakh (Baisakh) 1420",19/04/2013
"6 , Boishakh (Baisakh) 1420",20/04/2013
"7 , Boishakh (Baisakh) 1420",21/04/2013
"8 , Boishakh (Baisakh) 1420",22/04/2013
"9 , Boishakh (Baisakh) 1420",23/04/2013
"10 , Boishakh (Baisakh) 1420",24/04/2013
"11 , Boishakh (Baisakh) 1420",25/04/2013
"12 , Boishakh (Baisakh) 1420",26/04/2013
"13 , Boishakh (Baisakh) 1420",27/04/2013
"14 , Boishakh (Baisakh) 1420",28/04/2013
"15 , Boishakh (Baisakh) 1420",29/04/2013
"16 , Boishakh (Baisakh) 1420",30/04/2013
"17 , Boishakh (Baisakh) 1420",01/05/2013
"18 , Boishakh (Baisakh) 1420",02/05/2013
"19 , Boishakh (Baisakh) 1420",03/05/2013
"20 , Boishakh (Baisakh) 1420",04/05/2013
"21 , Boishakh (Baisakh) 1420",05/05/2013
"22 , Boishakh (Baisakh) 1420",06/05/2013
"23 , Boishakh (Baisakh) 1420",07/05/2013
"24 , Boishakh (Baisakh) 1420",08/05/2013
"25 , Boishakh (Baisakh) 1420",09/05/2013
"26 , Boishakh (Baisakh) 1420",10/05/2013
"27 , Boishakh (Baisakh) 1420",11/05/2013
"28 , Boishakh (Baisakh) 1420",12/05/2013
"29 , Boishakh (Baisakh) 1420",13/05/2013
"30 , Boishakh (Baisakh) 1420",14/05/2013
"31 , Boishakh (Baisakh) 1420",15/05/2013
"1 , Joishtho (Jaishtho) 1420",16/05/2013
"2 , Joishtho (Jaishtho) 1420",17/05/2013
"3 , Joishtho (Jaishtho) 1420",18/05/2013
"4 , Joishtho (Jaishtho) 1420",19/05/2013
"5 , Joishtho (Jaishtho) 1420",20/05/2013
"6 , Joishtho (Jaishtho) 1420",21/05/2013
"7 , Joishtho (Jaishtho) 1420",22/05/2013
"8 , Joishtho (Jaishtho) 1420",23/05/2013
"9 , Joishtho (Jaishtho) 1420",24/05/2013
"10 , Joishtho (Jaishtho) 1420",25/05/2013
"11 , Joishtho (Jaishtho) 1420",26/05/2013
"12 , Joishtho (Jaishtho) 1420",27/05/2013
"13 , Joishtho (Jaishtho) 1420",28/05/2013
"14 , Joishtho (Jaishtho) 1420",29/05/2013
"15 , Joishtho (Jaishtho) 1420",30/05/2013
"16 , Joishtho (Jaishtho) 1420",31/05/2013
"17 , Joishtho (Jaishtho) 1420",01/06/2013
"18 , Joishtho (Jaishtho) 1420",02/06/2013
"19 , Joishtho (Jaishtho) 1420",03/06/2013
"20 , Joishtho (Jaishtho) 1420",04/06/2013
"21 , Joishtho (Jaishtho) 1420",05/06/2013
"22 , Joishtho (Jaishtho) 1420",06/06/2013
"23 , Joishtho (Jaishtho) 1420",07/06/2013
"24 , Joishtho (Jaishtho) 1420",08/06/2013
"25 , Joishtho (Jaishtho) 1420",09/06/2013
"26 , Joishtho (Jaishtho) 1420",10/06/2013
"27 , Joishtho (Jaishtho) 1420",11/06/2013
"28 , Joishtho (Jaishtho) 1420",12/06/2013
"29 , Joishtho (Jaishtho) 1420",13/06/2013
"30 , Joishtho (Jaishtho) 1420",14/06/2013
"31 , Joishtho (Jaishtho) 1420",15/06/2013
"1 , Asharh (Aashar) 1420",16/06/2013
"2 , Asharh (Aashar) 1420",17/06/2013
"3 , Asharh (Aashar) 1420",18/06/2013
"4 , Asharh (Aashar) 1420",19/06/2013
"5 , Asharh (Aashar) 1420",20/06/2013
"6 , Asharh (Aashar) 1420",21/06/2013
"7 , Asharh (Aashar) 1420",22/06/2013
"8 , Asharh (Aashar) 1420",23/06/2013
"9 , Asharh (Aashar) 1420",24/06/2013
"10 , Asharh (Aashar) 1420",25/06/2013
"11 , Asharh (Aashar) 1420",26/06/2013
"12 , Asharh (Aashar) 1420",27/06/2013
"13 , Asharh (Aashar) 1420",28/06/2013
"14 , Asharh (Aashar) 1420",29/06/2013
"15 , Asharh (Aashar) 1420",30/06/2013
"16 , Asharh (Aashar) 1420",01/07/2013
"17 , Asharh (Aashar) 1420",02/07/2013
"18 , Asharh (Aashar) 1420",03/07/2013
"19 , Asharh (Aashar) 1420",04/07/2013
"20 , Asharh (Aashar) 1420",05/07/2013
"21 , Asharh (Aashar) 1420",06/07/2013
"22 , Asharh (Aashar) 1420",07/07/2013
"23 , Asharh (Aashar) 1420",08/07/2013
"24 , Asharh (Aashar) 1420",09/07/2013
"25 , Asharh (Aashar) 1420",10/07/2013
"26 , Asharh (Aashar) 1420",11/07/2013
"27 , Asharh (Aashar) 1420",12/07/2013
"28 , Asharh (Aashar) 1420",13/07/2013
"29 , Asharh (Aashar) 1420",14/07/2013
"30 , Asharh (Aashar) 1420",15/07/2013
"31 , Asharh (Aashar) 1420",16/07/2013
"32 , Asharh (Aashar) 1420",17/07/2013
"1 , Srabon (Shraban) 1420",18/07/2013
"2 , Srabon (Shraban) 1420",19/07/2013
"3 , Srabon (Shraban) 1420",20/07/2013
"4 , Srabon (Shraban) 1420",21/07/2013
"5 , Srabon (Shraban) 1420",22/07/2013
"6 , Srabon (Shraban) 1420",23/07/2013
"7 , Srabon (Shraban) 1420",24/07/2013
"8 , Srabon (Shraban) 1420",25/07/2013
"9 , Srabon (Shraban) 1420",26/07/2013
"10 , Srabon (Shraban) 1420",27/07/2013
"11 , Srabon (Shraban) 1420",28/07/2013
"12 , Srabon (Shraban) 1420",29/07/2013
"13 , Srabon (Shraban) 1420",30/07/2013
"14 , Srabon (Shraban) 1420",31/07/2013
"15 , Srabon (Shraban) 1420",01/08/2013
"16 , Srabon (Shraban) 1420",02/08/2013
"17 , Srabon (Shraban) 1420",03/08/2013
"18 , Srabon (Shraban) 1420",04/08/2013
"19 , Srabon (Shraban) 1420",05/08/2013
"20 , Srabon (Shraban) 1420",06/08/2013
"21 , Srabon (Shraban) 1420",07/08/2013
"22 , Srabon (Shraban) 1420",08/08/2013
"23 , Srabon (Shraban) 1420",09/08/2013
"24 , Srabon (Shraban) 1420",10/08/2013
"25 , Srabon (Shraban) 1420",11/08/2013
"26 , Srabon (Shraban) 1420",12/08/2013
"27 , Srabon (Shraban) 1420",13/08/2013
"28 , Srabon (Shraban) 1420",14/08/2013
"29 , Srabon (Shraban) 1420",15/08/2013
"30 , Srabon (Shraban) 1420",16/08/2013
"31 , Srabon (Shraban) 1420",17/08/2013
"1 , Bhadro (Bhadra) 1420",18/08/2013
"2 , Bhadro (Bhadra) 1420",19/08/2013
"3 , Bhadro (Bhadra) 1420",20/08/2013
"4 , Bhadro (Bhadra) 1420",21/08/2013
"5 , Bhadro (Bhadra) 1420",22/08/2013
"6 , Bhadro (Bhadra) 1420",23/08/2013
"7 , Bhadro (Bhadra) 1420",24/08/2013
"8 , Bhadro (Bhadra) 1420",25/08/2013
"9 , Bhadro (Bhadra) 1420",26/08/2013
"10 , Bhadro (Bhadra) 1420",27/08/2013
"11 , Bhadro (Bhadra) 1420",28/08/2013
"12 , Bhadro (Bhadra) 1420",29/08/2013
"13 , Bhadro (Bhadra) 1420",30/08/2013
"14 , Bhadro (Bhadra) 1420",31/08/2013
"15 , Bhadro (Bhadra) 1420",01/09/2013
"16 , Bhadro (Bhadra) 1420",02/09/2013
"17 , Bhadro (Bhadra) 1420",03/09/2013
"18 , Bhadro (Bhadra) 1420",04/09/2013
"19 , Bhadro (Bhadra) 1420",05/09/2013
"20 , Bhadro (Bhadra) 1420",06/09/2013
"21 , Bhadro (Bhadra) 1420",07/09/2013
"22 , Bhadro (Bhadra) 1420",08/09/2013
"23 , Bhadro (Bhadra) 1420",09/09/2013
"24 , Bhadro (Bhadra) 1420",10/09/2013
"25 , Bhadro (Bhadra) 1420",11/09/2013
"26 , Bhadro (Bhadra) 1420",12/09/2013
"27 , Bhadro (Bhadra) 1420",13/09/2013
"28 , Bhadro (Bhadra) 1420",14/09/2013
"29 , Bhadro (Bhadra) 1420",15/09/2013
"30 , Bhadro (Bhadra) 1420",16/09/2013
"31 , Bhadro (Bhadra) 1420",17/09/2013
"1 , Ashshin (Aashin) 1420",18/09/2013
"2 , Ashshin (Aashin) 1420",19/09/2013
"3 , Ashshin (Aashin) 1420",20/09/2013
"4 , Ashshin (Aashin) 1420",21/09/2013
"5 , Ashshin (Aashin) 1420",22/09/2013
"6 , Ashshin (Aashin) 1420",23/09/2013
"7 , Ashshin (Aashin) 1420",24/09/2013
"8 , Ashshin (Aashin) 1420",25/09/2013
"9 , Ashshin (Aashin) 1420",26/09/2013
"10 , Ashshin (Aashin) 1420",27/09/2013
"11 , Ashshin (Aashin) 1420",28/09/2013
"12 , Ashshin (Aashin) 1420",29/09/2013
"13 , Ashshin (Aashin) 1420",30/09/2013
"14 , Ashshin (Aashin) 1420",01/10/2013
"15 , Ashshin (Aashin) 1420",02/10/2013
"16 , Ashshin (Aashin) 1420",03/10/2013
"17 , Ashshin (Aashin) 1420",04/10/2013
"18 , Ashshin (Aashin) 1420",05/10/2013
"19 , Ashshin (Aashin) 1420",06/10/2013
"20 , Ashshin (Aashin) 1420",07/10/2013
"21 , Ashshin (Aashin) 1420",08/10/2013
"22 , Ashshin (Aashin) 1420",09/10/2013
"23 , Ashshin (Aashin) 1420",10/10/2013
"24 , Ashshin (Aashin) 1420",11/10/2013
"25 , Ashshin (Aashin) 1420",12/10/2013
"26 , Ashshin (Aashin) 1420",13/10/2013
"27 , Ashshin (Aashin) 1420",14/10/2013
"28 , Ashshin (Aashin) 1420",15/10/2013
"29 , Ashshin (Aashin) 1420",16/10/2013
"30 , Ashshin (Aashin) 1420",17/10/2013
"31 , Ashshin (Aashin) 1420",18/10/2013
"1 , Kartik 1420",19/10/2013
"2 , Kartik 1420",20/10/2013
"3 , Kartik 1420",21/10/2013
"4 , Kartik 1420",22/10/2013
"5 , Kartik 1420",23/10/2013
"6 , Kartik 1420",24/10/2013
"7 , Kartik 1420",25/10/2013
"8 , Kartik 1420",26/10/2013
"9 , Kartik 1420",27/10/2013
"10 , Kartik 1420",28/10/2013
"11 , Kartik 1420",29/10/2013
"12 , Kartik 1420",30/10/2013
"13 , Kartik 1420",31/10/2013
"14 , Kartik 1420",01/11/2013
"15 , Kartik 1420",02/11/2013
"16 , Kartik 1420",03/11/2013
"17 , Kartik 1420",04/11/2013
"18 , Kartik 1420",05/11/2013
"19 , Kartik 1420",06/11/2013
"20 , Kartik 1420",07/11/2013
"21 , Kartik 1420",08/11/2013
"22 , Kartik 1420",09/11/2013
"23 , Kartik 1420",10/11/2013
"24 , Kartik 1420",11/11/2013
"25 , Kartik 1420",12/11/2013
"26 , Kartik 1420",13/11/2013
"27 , Kartik 1420",14/11/2013
"28 , Kartik 1420",15/11/2013
"29 , Kartik 1420",16/11/2013
"1 , Ogrohaeon (Agrahan) 1420",17/11/2013
"2 , Ogrohaeon (Agrahan) 1420",18/11/2013
"3 , Ogrohaeon (Agrahan) 1420",19/11/2013
"4 , Ogrohaeon (Agrahan) 1420",20/11/2013
"5 , Ogrohaeon (Agrahan) 1420",21/11/2013
"6 , Ogrohaeon (Agrahan) 1420",22/11/2013
"7 , Ogrohaeon (Agrahan) 1420",23/11/2013
"8 , Ogrohaeon (Agrahan) 1420",24/11/2013
"9 , Ogrohaeon (Agrahan) 1420",25/11/2013
"10 , Ogrohaeon (Agrahan) 1420",26/11/2013
"11 , Ogrohaeon (Agrahan) 1420",27/11/2013
"12 , Ogrohaeon (Agrahan) 1420",28/11/2013
"13 , Ogrohaeon (Agrahan) 1420",29/11/2013
"14 , Ogrohaeon (Agrahan) 1420",30/11/2013
"15 , Ogrohaeon (Agrahan) 1420",01/12/2013
"16 , Ogrohaeon (Agrahan) 1420",02/12/2013
"17 , Ogrohaeon (Agrahan) 1420",03/12/2013
"18 , Ogrohaeon (Agrahan) 1420",04/12/2013
"19 , Ogrohaeon (Agrahan) 1420",05/12/2013
"20 , Ogrohaeon (Agrahan) 1420",06/12/2013
"21 , Ogrohaeon (Agrahan) 1420",07/12/2013
"22 , Ogrohaeon (Agrahan) 1420",08/12/2013
"23 , Ogrohaeon (Agrahan) 1420",09/12/2013
"24 , Ogrohaeon (Agrahan) 1420",10/12/2013
"25 , Ogrohaeon (Agrahan) 1420",11/12/2013
"26 , Ogrohaeon (Agrahan) 1420",12/12/2013
"27 , Ogrohaeon (Agrahan) 1420",13/12/2013
"28 , Ogrohaeon (Agrahan) 1420",14/12/2013
"29 , Ogrohaeon (Agrahan) 1420",15/12/2013
"30 , Ogrohaeon (Agrahan) 1420",16/12/2013
"1 , Poush 1420",17/12/2013
"2 , Poush 1420",18/12/2013
"3 , Poush 1420",19/12/2013
"4 , Poush 1420",20/12/2013
"5 , Poush 1420",21/12/2013
"6 , Poush 1420",22/12/2013
"7 , Poush 1420",23/12/2013
"8 , Poush 1420",24/12/2013
"9 , Poush 1420",25/12/2013
"10 , Poush 1420",26/12/2013
"11 , Poush 1420",27/12/2013
"12 , Poush 1420",28/12/2013
"13 , Poush 1420",29/12/2013
"14 , Poush 1420",30/12/2013
"15 , Poush 1420",31/12/2013
"16 , Poush 1420",01/01/2014
"17 , Poush 1420",02/01/2014
"18 , Poush 1420",03/01/2014
"19 , Poush 1420",04/01/2014
"20 , Poush 1420",05/01/2014
"21 , Poush 1420",06/01/2014
"22 , Poush 1420",07/01/2014
"23 , Poush 1420",08/01/2014
"24 , Poush 1420",09/01/2014
"25 , Poush 1420",10/01/2014
"26 , Poush 1420",11/01/2014
"27 , Poush 1420",12/01/2014
"28 , Poush 1420",13/01/2014
"29 , Poush 1420",14/01/2014
"1 , Magh (Maagh) 1421",15/01/2014
"2 , Magh (Maagh) 1421",16/01/2014
"3 , Magh (Maagh) 1421",17/01/2014
"4 , Magh (Maagh) 1421",18/01/2014
"5 , Magh (Maagh) 1421",19/01/2014
"6 , Magh (Maagh) 1421",20/01/2014
"7 , Magh (Maagh) 1421",21/01/2014
"8 , Magh (Maagh) 1421",22/01/2014
"9 , Magh (Maagh) 1421",23/01/2014
"10 , Magh (Maagh) 1421",24/01/2014
"11 , Magh (Maagh) 1421",25/01/2014
"12 , Magh (Maagh) 1421",26/01/2014
"13 , Magh (Maagh) 1421",27/01/2014
"14 , Magh (Maagh) 1421",28/01/2014
"15 , Magh (Maagh) 1421",29/01/2014
"16 , Magh (Maagh) 1421",30/01/2014
"17 , Magh (Maagh) 1421",31/01/2014
"18 , Magh (Maagh) 1421",01/02/2014
"19 , Magh (Maagh) 1421",02/02/2014
"20 , Magh (Maagh) 1421",03/02/2014
"21 , Magh (Maagh) 1421",04/02/2014
"22 , Magh (Maagh) 1421",05/02/2014
"23 , Magh (Maagh) 1421",06/02/2014
"24 , Magh (Maagh) 1421",07/02/2014
"25 , Magh (Maagh) 1421",08/02/2014
"26 , Magh (Maagh) 1421",09/02/2014
"27 , Magh (Maagh) 1421",10/02/2014
"28 , Magh (Maagh) 1421",11/02/2014
"29 , Magh (Maagh) 1421",12/02/2014
"30 , Magh (Maagh) 1421",13/02/2014
"1 , Falgun (Phalgun) 1421",14/02/2014
"2 , Falgun (Phalgun) 1421",15/02/2014
"3 , Falgun (Phalgun) 1421",16/02/2014
"4 , Falgun (Phalgun) 1421",17/02/2014
"5 , Falgun (Phalgun) 1421",18/02/2014
"6 , Falgun (Phalgun) 1421",19/02/2014
"7 , Falgun (Phalgun) 1421",20/02/2014
"8 , Falgun (Phalgun) 1421",21/02/2014
"9 , Falgun (Phalgun) 1421",22/02/2014
"10 , Falgun (Phalgun) 1421",23/02/2014
"11 , Falgun (Phalgun) 1421",24/02/2014
"12 , Falgun (Phalgun) 1421",25/02/2014
"13 , Falgun (Phalgun) 1421",26/02/2014
"14 , Falgun (Phalgun) 1421",27/02/2014
"15 , Falgun (Phalgun) 1421",28/02/2014
"16 , Falgun (Phalgun) 1421",01/03/2014
"17 , Falgun (Phalgun) 1421",02/03/2014
"18 , Falgun (Phalgun) 1421",03/03/2014
"19 , Falgun (Phalgun) 1421",04/03/2014
"20 , Falgun (Phalgun) 1421",05/03/2014
"21 , Falgun (Phalgun) 1421",06/03/2014
"22 , Falgun (Phalgun) 1421",07/03/2014
"23 , Falgun (Phalgun) 1421",08/03/2014
"24 , Falgun (Phalgun) 1421",09/03/2014
"25 , Falgun (Phalgun) 1421",10/03/2014
"26 , Falgun (Phalgun) 1421",11/03/2014
"27 , Falgun (Phalgun) 1421",12/03/2014
"28 , Falgun (Phalgun) 1421",13/03/2014
"29 , Falgun (Phalgun) 1421",14/03/2014
"30 , Falgun (Phalgun) 1421",15/03/2014
"1 , Choitro (Chaitra) 1421",16/03/2014
"2 , Choitro (Chaitra) 1421",17/03/2014
"3 , Choitro (Chaitra) 1421",18/03/2014
"4 , Choitro (Chaitra) 1421",19/03/2014
"5 , Choitro (Chaitra) 1421",20/03/2014
"6 , Choitro (Chaitra) 1421",21/03/2014
"7 , Choitro (Chaitra) 1421",22/03/2014
"8 , Choitro (Chaitra) 1421",23/03/2014
"9 , Choitro (Chaitra) 1421",24/03/2014
"10 , Choitro (Chaitra) 1421",25/03/2014
"11 , Choitro (Chaitra) 1421",26/03/2014
"12 , Choitro (Chaitra) 1421",27/03/2014
"13 , Choitro (Chaitra) 1421",28/03/2014
"14 , Choitro (Chaitra) 1421",29/03/2014
"15 , Choitro (Chaitra) 1421",30/03/2014
"16 , Choitro (Chaitra) 1421",31/03/2014
"17 , Choitro (Chaitra) 1421",01/04/2014
"18 , Choitro (Chaitra) 1421",02/04/2014
"19 , Choitro (Chaitra) 1421",03/04/2014
"20 , Choitro (Chaitra) 1421",04/04/2014
"21 , Choitro (Chaitra) 1421",05/04/2014
"22 , Choitro (Chaitra) 1421",06/04/2014
"23 , Choitro (Chaitra) 1421",07/04/2014
"24 , Choitro (Chaitra) 1421",08/04/2014
"25 , Choitro (Chaitra) 1421",09/04/2014
"26 , Choitro (Chaitra) 1421",10/04/2014
"27 , Choitro (Chaitra) 1421",11/04/2014
"28 , Choitro (Chaitra) 1421",12/04/2014
"29 , Choitro (Chaitra) 1421",13/04/2014
"30 , Choitro (Chaitra) 1421",14/04/2014
"1 , Boishakh (Baisakh) 1421",15/04/2014
"2 , Boishakh (Baisakh) 1421",16/04/2014
"3 , Boishakh (Baisakh) 1421",17/04/2014
"4 , Boishakh (Baisakh) 1421",18/04/2014
"5 , Boishakh (Baisakh) 1421",19/04/2014
"6 , Boishakh (Baisakh) 1421",20/04/2014
"7 , Boishakh (Baisakh) 1421",21/04/2014
"8 , Boishakh (Baisakh) 1421",22/04/2014
"9 , Boishakh (Baisakh) 1421",23/04/2014
"10 , Boishakh (Baisakh) 1421",24/04/2014
"11 , Boishakh (Baisakh) 1421",25/04/2014
"12 , Boishakh (Baisakh) 1421",26/04/2014
"13 , Boishakh (Baisakh) 1421",27/04/2014
"14 , Boishakh (Baisakh) 1421",28/04/2014
"15 , Boishakh (Baisakh) 1421",29/04/2014
"16 , Boishakh (Baisakh) 1421",30/04/2014
"17 , Boishakh (Baisakh) 1421",01/05/2014
"18 , Boishakh (Baisakh) 1421",02/05/2014
"19 , Boishakh (Baisakh) 1421",03/05/2014
"20 , Boishakh (Baisakh) 1421",04/05/2014
"21 , Boishakh (Baisakh) 1421",05/05/2014
"22 , Boishakh (Baisakh) 1421",06/05/2014
"23 , Boishakh (Baisakh) 1421",07/05/2014
"24 , Boishakh (Baisakh) 1421",08/05/2014
"25 , Boishakh (Baisakh) 1421",09/05/2014
"26 , Boishakh (Baisakh) 1421",10/05/2014
"27 , Boishakh (Baisakh) 1421",11/05/2014
"28 , Boishakh (Baisakh) 1421",12/05/2014
"29 , Boishakh (Baisakh) 1421",13/05/2014
"30 , Boishakh (Baisakh) 1421",14/05/2014
"31 , Boishakh (Baisakh) 1421",15/05/2014
"1 , Joishtho (Jaishtho) 1421",16/05/2014
"2 , Joishtho (Jaishtho) 1421",17/05/2014
"3 , Joishtho (Jaishtho) 1421",18/05/2014
"4 , Joishtho (Jaishtho) 1421",19/05/2014
"5 , Joishtho (Jaishtho) 1421",20/05/2014
"6 , Joishtho (Jaishtho) 1421",21/05/2014
"7 , Joishtho (Jaishtho) 1421",22/05/2014
"8 , Joishtho (Jaishtho) 1421",23/05/2014
"9 , Joishtho (Jaishtho) 1421",24/05/2014
"10 , Joishtho (Jaishtho) 1421",25/05/2014
"11 , Joishtho (Jaishtho) 1421",26/05/2014
"12 , Joishtho (Jaishtho) 1421",27/05/2014
"13 , Joishtho (Jaishtho) 1421",28/05/2014
"14 , Joishtho (Jaishtho) 1421",29/05/2014
"15 , Joishtho (Jaishtho) 1421",30/05/2014
"16 , Joishtho (Jaishtho) 1421",31/05/2014
"17 , Joishtho (Jaishtho) 1421",01/06/2014
"18 , Joishtho (Jaishtho) 1421",02/06/2014
"19 , Joishtho (Jaishtho) 1421",03/06/2014
"20 , Joishtho (Jaishtho) 1421",04/06/2014
"21 , Joishtho (Jaishtho) 1421",05/06/2014
"22 , Joishtho (Jaishtho) 1421",06/06/2014
"23 , Joishtho (Jaishtho) 1421",07/06/2014
"24 , Joishtho (Jaishtho) 1421",08/06/2014
"25 , Joishtho (Jaishtho) 1421",09/06/2014
"26 , Joishtho (Jaishtho) 1421",10/06/2014
"27 , Joishtho (Jaishtho) 1421",11/06/2014
"28 , Joishtho (Jaishtho) 1421",12/06/2014
"29 , Joishtho (Jaishtho) 1421",13/06/2014
"30 , Joishtho (Jaishtho) 1421",14/06/2014
"31 , Joishtho (Jaishtho) 1421",15/06/2014
"1 , Asharh (Aashar) 1421",16/06/2014
"2 , Asharh (Aashar) 1421",17/06/2014
"3 , Asharh (Aashar) 1421",18/06/2014
"4 , Asharh (Aashar) 1421",19/06/2014
"5 , Asharh (Aashar) 1421",20/06/2014
"6 , Asharh (Aashar) 1421",21/06/2014
"7 , Asharh (Aashar) 1421",22/06/2014
"8 , Asharh (Aashar) 1421",23/06/2014
"9 , Asharh (Aashar) 1421",24/06/2014
"10 , Asharh (Aashar) 1421",25/06/2014
"11 , Asharh (Aashar) 1421",26/06/2014
"12 , Asharh (Aashar) 1421",27/06/2014
"13 , Asharh (Aashar) 1421",28/06/2014
"14 , Asharh (Aashar) 1421",29/06/2014
"15 , Asharh (Aashar) 1421",30/06/2014
"16 , Asharh (Aashar) 1421",01/07/2014
"17 , Asharh (Aashar) 1421",02/07/2014
"18 , Asharh (Aashar) 1421",03/07/2014
"19 , Asharh (Aashar) 1421",04/07/2014
"20 , Asharh (Aashar) 1421",05/07/2014
"21 , Asharh (Aashar) 1421",06/07/2014
"22 , Asharh (Aashar) 1421",07/07/2014
"23 , Asharh (Aashar) 1421",08/07/2014
"24 , Asharh (Aashar) 1421",09/07/2014
"25 , Asharh (Aashar) 1421",10/07/2014
"26 , Asharh (Aashar) 1421",11/07/2014
"27 , Asharh (Aashar) 1421",12/07/2014
"28 , Asharh (Aashar) 1421",13/07/2014
"29 , Asharh (Aashar) 1421",14/07/2014
"30 , Asharh (Aashar) 1421",15/07/2014
"31 , Asharh (Aashar) 1421",16/07/2014
"32 , Asharh (Aashar) 1421",17/07/2014
"1 , Srabon (Shraban) 1421",18/07/2014
"2 , Srabon (Shraban) 1421",19/07/2014
"3 , Srabon (Shraban) 1421",20/07/2014
"4 , Srabon (Shraban) 1421",21/07/2014
"5 , Srabon (Shraban) 1421",22/07/2014
"6 , Srabon (Shraban) 1421",23/07/2014
"7 , Srabon (Shraban) 1421",24/07/2014
"8 , Srabon (Shraban) 1421",25/07/2014
"9 , Srabon (Shraban) 1421",26/07/2014
"10 , Srabon (Shraban) 1421",27/07/2014
"11 , Srabon (Shraban) 1421",28/07/2014
"12 , Srabon (Shraban) 1421",29/07/2014
"13 , Srabon (Shraban) 1421",30/07/2014
"14 , Srabon (Shraban) 1421",31/07/2014
"15 , Srabon (Shraban) 1421",01/08/2014
"16 , Srabon (Shraban) 1421",02/08/2014
"17 , Srabon (Shraban) 1421",03/08/2014
"18 , Srabon (Shraban) 1421",04/08/2014
"19 , Srabon (Shraban) 1421",05/08/2014
"20 , Srabon (Shraban) 1421",06/08/2014
"21 , Srabon (Shraban) 1421",07/08/2014
"22 , Srabon (Shraban) 1421",08/08/2014
"23 , Srabon (Shraban) 1421",09/08/2014
"24 , Srabon (Shraban) 1421",10/08/2014
"25 , Srabon (Shraban) 1421",11/08/2014
"26 , Srabon (Shraban) 1421",12/08/2014
"27 , Srabon (Shraban) 1421",13/08/2014
"28 , Srabon (Shraban) 1421",14/08/2014
"29 , Srabon (Shraban) 1421",15/08/2014
"30 , Srabon (Shraban) 1421",16/08/2014
"31 , Srabon (Shraban) 1421",17/08/2014
"1 , Bhadro (Bhadra) 1421",18/08/2014
"2 , Bhadro (Bhadra) 1421",19/08/2014
"3 , Bhadro (Bhadra) 1421",20/08/2014
"4 , Bhadro (Bhadra) 1421",21/08/2014
"5 , Bhadro (Bhadra) 1421",22/08/2014
"6 , Bhadro (Bhadra) 1421",23/08/2014
"7 , Bhadro (Bhadra) 1421",24/08/2014
"8 , Bhadro (Bhadra) 1421",25/08/2014
"9 , Bhadro (Bhadra) 1421",26/08/2014
"10 , Bhadro (Bhadra) 1421",27/08/2014
"11 , Bhadro (Bhadra) 1421",28/08/2014
"12 , Bhadro (Bhadra) 1421",29/08/2014
"13 , Bhadro (Bhadra) 1421",30/08/2014
"14 , Bhadro (Bhadra) 1421",31/08/2014
"15 , Bhadro (Bhadra) 1421",01/09/2014
"16 , Bhadro (Bhadra) 1421",02/09/2014
"17 , Bhadro (Bhadra) 1421",03/09/2014
"18 , Bhadro (Bhadra) 1421",04/09/2014
"19 , Bhadro (Bhadra) 1421",05/09/2014
"20 , Bhadro (Bhadra) 1421",06/09/2014
"21 , Bhadro (Bhadra) 1421",07/09/2014
"22 , Bhadro (Bhadra) 1421",08/09/2014
"23 , Bhadro (Bhadra) 1421",09/09/2014
"24 , Bhadro (Bhadra) 1421",10/09/2014
"25 , Bhadro (Bhadra) 1421",11/09/2014
"26 , Bhadro (Bhadra) 1421",12/09/2014
"27 , Bhadro (Bhadra) 1421",13/09/2014
"28 , Bhadro (Bhadra) 1421",14/09/2014
"29 , Bhadro (Bhadra) 1421",15/09/2014
"30 , Bhadro (Bhadra) 1421",16/09/2014
"31 , Bhadro (Bhadra) 1421",17/09/2014
"1 , Ashshin (Aashin) 1421",18/09/2014
"2 , Ashshin (Aashin) 1421",19/09/2014
"3 , Ashshin (Aashin) 1421",20/09/2014
"4 , Ashshin (Aashin) 1421",21/09/2014
"5 , Ashshin (Aashin) 1421",22/09/2014
"6 , Ashshin (Aashin) 1421",23/09/2014
"7 , Ashshin (Aashin) 1421",24/09/2014
"8 , Ashshin (Aashin) 1421",25/09/2014
"9 , Ashshin (Aashin) 1421",26/09/2014
"10 , Ashshin (Aashin) 1421",27/09/2014
"11 , Ashshin (Aashin) 1421",28/09/2014
"12 , Ashshin (Aashin) 1421",29/09/2014
"13 , Ashshin (Aashin) 1421",30/09/2014
"14 , Ashshin (Aashin) 1421",01/10/2014
"15 , Ashshin (Aashin) 1421",02/10/2014
"16 , Ashshin (Aashin) 1421",03/10/2014
"17 , Ashshin (Aashin) 1421",04/10/2014
"18 , Ashshin (Aashin) 1421",05/10/2014
"19 , Ashshin (Aashin) 1421",06/10/2014
"20 , Ashshin (Aashin) 1421",07/10/2014
"21 , Ashshin (Aashin) 1421",08/10/2014
"22 , Ashshin (Aashin) 1421",09/10/2014
"23 , Ashshin (Aashin) 1421",10/10/2014
"24 , Ashshin (Aashin) 1421",11/10/2014
"25 , Ashshin (Aashin) 1421",12/10/2014
"26 , Ashshin (Aashin) 1421",13/10/2014
"27 , Ashshin (Aashin) 1421",14/10/2014
"28 , Ashshin (Aashin) 1421",15/10/2014
"29 , Ashshin (Aashin) 1421",16/10/2014
"30 , Ashshin (Aashin) 1421",17/10/2014
"31 , Ashshin (Aashin) 1421",18/10/2014
"1 , Kartik 1421",19/10/2014
"2 , Kartik 1421",20/10/2014
"3 , Kartik 1421",21/10/2014
"4 , Kartik 1421",22/10/2014
"5 , Kartik 1421",23/10/2014
"6 , Kartik 1421",24/10/2014
"7 , Kartik 1421",25/10/2014
"8 , Kartik 1421",26/10/2014
"9 , Kartik 1421",27/10/2014
"10 , Kartik 1421",28/10/2014
"11 , Kartik 1421",29/10/2014
"12 , Kartik 1421",30/10/2014
"13 , Kartik 1421",31/10/2014
"14 , Kartik 1421",01/11/2014
"15 , Kartik 1421",02/11/2014
"16 , Kartik 1421",03/11/2014
"17 , Kartik 1421",04/11/2014
"18 , Kartik 1421",05/11/2014
"19 , Kartik 1421",06/11/2014
"20 , Kartik 1421",07/11/2014
"21 , Kartik 1421",08/11/2014
"22 , Kartik 1421",09/11/2014
"23 , Kartik 1421",10/11/2014
"24 , Kartik 1421",11/11/2014
"25 , Kartik 1421",12/11/2014
"26 , Kartik 1421",13/11/2014
"27 , Kartik 1421",14/11/2014
"28 , Kartik 1421",15/11/2014
"29 , Kartik 1421",16/11/2014
"30 , Kartik 1421",17/11/2014
"1 , Ogrohaeon (Agrahan) 1421",18/11/2014
"2 , Ogrohaeon (Agrahan) 1421",19/11/2014
"3 , Ogrohaeon (Agrahan) 1421",20/11/2014
"4 , Ogrohaeon (Agrahan) 1421",21/11/2014
"5 , Ogrohaeon (Agrahan) 1421",22/11/2014
"6 , Ogrohaeon (Agrahan) 1421",23/11/2014
"7 , Ogrohaeon (Agrahan) 1421",24/11/2014
"8 , Ogrohaeon (Agrahan) 1421",25/11/2014
"9 , Ogrohaeon (Agrahan) 1421",26/11/2014
"10 , Ogrohaeon (Agrahan) 1421",27/11/2014
"11 , Ogrohaeon (Agrahan) 1421",28/11/2014
"12 , Ogrohaeon (Agrahan) 1421",29/11/2014
"13 , Ogrohaeon (Agrahan) 1421",30/11/2014
"14 , Ogrohaeon (Agrahan) 1421",01/12/2014
"15 , Ogrohaeon (Agrahan) 1421",02/12/2014
"16 , Ogrohaeon (Agrahan) 1421",03/12/2014
"17 , Ogrohaeon (Agrahan) 1421",04/12/2014
"18 , Ogrohaeon (Agrahan) 1421",05/12/2014
"19 , Ogrohaeon (Agrahan) 1421",06/12/2014
"20 , Ogrohaeon (Agrahan) 1421",07/12/2014
"21 , Ogrohaeon (Agrahan) 1421",08/12/2014
"22 , Ogrohaeon (Agrahan) 1421",09/12/2014
"23 , Ogrohaeon (Agrahan) 1421",10/12/2014
"24 , Ogrohaeon (Agrahan) 1421",11/12/2014
"25 , Ogrohaeon (Agrahan) 1421",12/12/2014
"26 , Ogrohaeon (Agrahan) 1421",13/12/2014
"27 , Ogrohaeon (Agrahan) 1421",14/12/2014
"28 , Ogrohaeon (Agrahan) 1421",15/12/2014
"29 , Ogrohaeon (Agrahan) 1421",16/12/2014
"1 , Poush 1421",17/12/2014
"2 , Poush 1421",18/12/2014
"3 , Poush 1421",19/12/2014
"4 , Poush 1421",20/12/2014
"5 , Poush 1421",21/12/2014
"6 , Poush 1421",22/12/2014
"7 , Poush 1421",23/12/2014
"8 , Poush 1421",24/12/2014
"9 , Poush 1421",25/12/2014
"10 , Poush 1421",26/12/2014
"11 , Poush 1421",27/12/2014
"12 , Poush 1421",28/12/2014
"13 , Poush 1421",29/12/2014
"14 , Poush 1421",30/12/2014
"15 , Poush 1421",31/12/2014
"16 , Poush 1421",01/01/2015
"17 , Poush 1421",02/01/2015
"18 , Poush 1421",03/01/2015
"19 , Poush 1421",04/01/2015
"20 , Poush 1421",05/01/2015
"21 , Poush 1421",06/01/2015
"22 , Poush 1421",07/01/2015
"23 , Poush 1421",08/01/2015
"24 , Poush 1421",09/01/2015
"25 , Poush 1421",10/01/2015
"26 , Poush 1421",11/01/2015
"27 , Poush 1421",12/01/2015
"28 , Poush 1421",13/01/2015
"29 , Poush 1421",14/01/2015
"30 , Poush 1421",15/01/2015
"1 , Magh (Maagh) 1422",16/01/2015
"2 , Magh (Maagh) 1422",17/01/2015
"3 , Magh (Maagh) 1422",18/01/2015
"4 , Magh (Maagh) 1422",19/01/2015
"5 , Magh (Maagh) 1422",20/01/2015
"6 , Magh (Maagh) 1422",21/01/2015
"7 , Magh (Maagh) 1422",22/01/2015
"8 , Magh (Maagh) 1422",23/01/2015
"9 , Magh (Maagh) 1422",24/01/2015
"10 , Magh (Maagh) 1422",25/01/2015
"11 , Magh (Maagh) 1422",26/01/2015
"12 , Magh (Maagh) 1422",27/01/2015
"13 , Magh (Maagh) 1422",28/01/2015
"14 , Magh (Maagh) 1422",29/01/2015
"15 , Magh (Maagh) 1422",30/01/2015
"16 , Magh (Maagh) 1422",31/01/2015
"17 , Magh (Maagh) 1422",01/02/2015
"18 , Magh (Maagh) 1422",02/02/2015
"19 , Magh (Maagh) 1422",03/02/2015
"20 , Magh (Maagh) 1422",04/02/2015
"21 , Magh (Maagh) 1422",05/02/2015
"22 , Magh (Maagh) 1422",06/02/2015
"23 , Magh (Maagh) 1422",07/02/2015
"24 , Magh (Maagh) 1422",08/02/2015
"25 , Magh (Maagh) 1422",09/02/2015
"26 , Magh (Maagh) 1422",10/02/2015
"27 , Magh (Maagh) 1422",11/02/2015
"28 , Magh (Maagh) 1422",12/02/2015
"29 , Magh (Maagh) 1422",13/02/2015
"1 , Falgun (Phalgun) 1422",14/02/2014
"2 , Falgun (Phalgun) 1422",15/02/2014
"3 , Falgun (Phalgun) 1422",16/02/2014
"4 , Falgun (Phalgun) 1422",17/02/2014
"5 , Falgun (Phalgun) 1422",18/02/2014
"6 , Falgun (Phalgun) 1422",19/02/2014
"7 , Falgun (Phalgun) 1422",20/02/2014
"8 , Falgun (Phalgun) 1422",21/02/2014
"9 , Falgun (Phalgun) 1422",22/02/2014
"10 , Falgun (Phalgun) 1422",23/02/2014
"11 , Falgun (Phalgun) 1422",24/02/2014
"12 , Falgun (Phalgun) 1422",25/02/2014
"13 , Falgun (Phalgun) 1422",26/02/2014
"14 , Falgun (Phalgun) 1422",27/02/2014
"15 , Falgun (Phalgun) 1422",28/02/2014
"16 , Falgun (Phalgun) 1422",01/03/2014
"17 , Falgun (Phalgun) 1422",02/03/2014
"18 , Falgun (Phalgun) 1422",03/03/2014
"19 , Falgun (Phalgun) 1422",04/03/2014
"20 , Falgun (Phalgun) 1422",05/03/2014
"21 , Falgun (Phalgun) 1422",06/03/2014
"22 , Falgun (Phalgun) 1422",07/03/2014
"23 , Falgun (Phalgun) 1422",08/03/2014
"24 , Falgun (Phalgun) 1422",09/03/2014
"25 , Falgun (Phalgun) 1422",10/03/2014
"26 , Falgun (Phalgun) 1422",11/03/2014
"27 , Falgun (Phalgun) 1422",12/03/2014
"28 , Falgun (Phalgun) 1422",13/03/2014
"29 , Falgun (Phalgun) 1422",14/03/2014
"30 , Falgun (Phalgun) 1422",15/03/2014
"31 , Falgun (Phalgun) 1422",16/03/2014
"32 , Falgun (Phalgun) 1422",17/03/2014
"33 , Falgun (Phalgun) 1422",18/03/2014
"34 , Falgun (Phalgun) 1422",19/03/2014
"35 , Falgun (Phalgun) 1422",20/03/2014
"36 , Falgun (Phalgun) 1422",21/03/2014
"37 , Falgun (Phalgun) 1422",22/03/2014
"38 , Falgun (Phalgun) 1422",23/03/2014
"39 , Falgun (Phalgun) 1422",24/03/2014
"40 , Falgun (Phalgun) 1422",25/03/2014
"41 , Falgun (Phalgun) 1422",26/03/2014
"42 , Falgun (Phalgun) 1422",27/03/2014
"43 , Falgun (Phalgun) 1422",28/03/2014
"44 , Falgun (Phalgun) 1422",29/03/2014
"45 , Falgun (Phalgun) 1422",30/03/2014
"46 , Falgun (Phalgun) 1422",31/03/2014
"47 , Falgun (Phalgun) 1422",01/04/2014
"48 , Falgun (Phalgun) 1422",02/04/2014
"49 , Falgun (Phalgun) 1422",03/04/2014
"50 , Falgun (Phalgun) 1422",04/04/2014
"51 , Falgun (Phalgun) 1422",05/04/2014
"52 , Falgun (Phalgun) 1422",06/04/2014
"53 , Falgun (Phalgun) 1422",07/04/2014
"54 , Falgun (Phalgun) 1422",08/04/2014
"55 , Falgun (Phalgun) 1422",09/04/2014
"56 , Falgun (Phalgun) 1422",10/04/2014
"57 , Falgun (Phalgun) 1422",11/04/2014
"58 , Falgun (Phalgun) 1422",12/04/2014
"59 , Falgun (Phalgun) 1422",13/04/2014
"60 , Falgun (Phalgun) 1422",14/04/2014
"61 , Falgun (Phalgun) 1422",15/04/2014
"62 , Falgun (Phalgun) 1422",16/04/2014
"63 , Falgun (Phalgun) 1422",17/04/2014
"64 , Falgun (Phalgun) 1422",18/04/2014
"65 , Falgun (Phalgun) 1422",19/04/2014
"66 , Falgun (Phalgun) 1422",20/04/2014
"67 , Falgun (Phalgun) 1422",21/04/2014
"68 , Falgun (Phalgun) 1422",22/04/2014
"69 , Falgun (Phalgun) 1422",23/04/2014
"70 , Falgun (Phalgun) 1422",24/04/2014
"71 , Falgun (Phalgun) 1422",25/04/2014
"72 , Falgun (Phalgun) 1422",26/04/2014
"73 , Falgun (Phalgun) 1422",27/04/2014
"74 , Falgun (Phalgun) 1422",28/04/2014
"75 , Falgun (Phalgun) 1422",29/04/2014
"76 , Falgun (Phalgun) 1422",30/04/2014
"77 , Falgun (Phalgun) 1422",01/05/2014
"78 , Falgun (Phalgun) 1422",02/05/2014
"79 , Falgun (Phalgun) 1422",03/05/2014
"80 , Falgun (Phalgun) 1422",04/05/2014
"81 , Falgun (Phalgun) 1422",05/05/2014
"82 , Falgun (Phalgun) 1422",06/05/2014
"83 , Falgun (Phalgun) 1422",07/05/2014
"84 , Falgun (Phalgun) 1422",08/05/2014
"85 , Falgun (Phalgun) 1422",09/05/2014
"86 , Falgun (Phalgun) 1422",10/05/2014
"87 , Falgun (Phalgun) 1422",11/05/2014
"88 , Falgun (Phalgun) 1422",12/05/2014
"89 , Falgun (Phalgun) 1422",13/05/2014
"90 , Falgun (Phalgun) 1422",14/05/2014
"91 , Falgun (Phalgun) 1422",15/05/2014
"92 , Falgun (Phalgun) 1422",16/05/2014
"93 , Falgun (Phalgun) 1422",17/05/2014
"94 , Falgun (Phalgun) 1422",18/05/2014
"95 , Falgun (Phalgun) 1422",19/05/2014
"96 , Falgun (Phalgun) 1422",20/05/2014
"97 , Falgun (Phalgun) 1422",21/05/2014
"98 , Falgun (Phalgun) 1422",22/05/2014
"99 , Falgun (Phalgun) 1422",23/05/2014
"100 , Falgun (Phalgun) 1422",24/05/2014
"101 , Falgun (Phalgun) 1422",25/05/2014
"102 , Falgun (Phalgun) 1422",26/05/2014
"103 , Falgun (Phalgun) 1422",27/05/2014
"104 , Falgun (Phalgun) 1422",28/05/2014
"105 , Falgun (Phalgun) 1422",29/05/2014
"106 , Falgun (Phalgun) 1422",30/05/2014
"107 , Falgun (Phalgun) 1422",31/05/2014
"108 , Falgun (Phalgun) 1422",01/06/2014
"109 , Falgun (Phalgun) 1422",02/06/2014
"110 , Falgun (Phalgun) 1422",03/06/2014
"111 , Falgun (Phalgun) 1422",04/06/2014
"112 , Falgun (Phalgun) 1422",05/06/2014
"113 , Falgun (Phalgun) 1422",06/06/2014
"114 , Falgun (Phalgun) 1422",07/06/2014
"115 , Falgun (Phalgun) 1422",08/06/2014
"116 , Falgun (Phalgun) 1422",09/06/2014
"117 , Falgun (Phalgun) 1422",10/06/2014
"118 , Falgun (Phalgun) 1422",11/06/2014
"119 , Falgun (Phalgun) 1422",12/06/2014
"120 , Falgun (Phalgun) 1422",13/06/2014
"121 , Falgun (Phalgun) 1422",14/06/2014
"122 , Falgun (Phalgun) 1422",15/06/2014
"123 , Falgun (Phalgun) 1422",16/06/2014
"124 , Falgun (Phalgun) 1422",17/06/2014
"125 , Falgun (Phalgun) 1422",18/06/2014
"126 , Falgun (Phalgun) 1422",19/06/2014
"127 , Falgun (Phalgun) 1422",20/06/2014
"128 , Falgun (Phalgun) 1422",21/06/2014
"129 , Falgun (Phalgun) 1422",22/06/2014
"130 , Falgun (Phalgun) 1422",23/06/2014
"131 , Falgun (Phalgun) 1422",24/06/2014
"132 , Falgun (Phalgun) 1422",25/06/2014
"133 , Falgun (Phalgun) 1422",26/06/2014
"134 , Falgun (Phalgun) 1422",27/06/2014
"135 , Falgun (Phalgun) 1422",28/06/2014
"136 , Falgun (Phalgun) 1422",29/06/2014
"137 , Falgun (Phalgun) 1422",30/06/2014
"138 , Falgun (Phalgun) 1422",01/07/2014
"139 , Falgun (Phalgun) 1422",02/07/2014
"140 , Falgun (Phalgun) 1422",03/07/2014
"141 , Falgun (Phalgun) 1422",04/07/2014
"142 , Falgun (Phalgun) 1422",05/07/2014
"143 , Falgun (Phalgun) 1422",06/07/2014
"144 , Falgun (Phalgun) 1422",07/07/2014
"145 , Falgun (Phalgun) 1422",08/07/2014
"146 , Falgun (Phalgun) 1422",09/07/2014
"147 , Falgun (Phalgun) 1422",10/07/2014
"148 , Falgun (Phalgun) 1422",11/07/2014
"149 , Falgun (Phalgun) 1422",12/07/2014
"150 , Falgun (Phalgun) 1422",13/07/2014
"151 , Falgun (Phalgun) 1422",14/07/2014
"152 , Falgun (Phalgun) 1422",15/07/2014
"153 , Falgun (Phalgun) 1422",16/07/2014
"154 , Falgun (Phalgun) 1422",17/07/2014
"155 , Falgun (Phalgun) 1422",18/07/2014
"156 , Falgun (Phalgun) 1422",19/07/2014
"157 , Falgun (Phalgun) 1422",20/07/2014
"158 , Falgun (Phalgun) 1422",21/07/2014
"159 , Falgun (Phalgun) 1422",22/07/2014
"160 , Falgun (Phalgun) 1422",23/07/2014
"161 , Falgun (Phalgun) 1422",24/07/2014
"162 , Falgun (Phalgun) 1422",25/07/2014
"163 , Falgun (Phalgun) 1422",26/07/2014
"164 , Falgun (Phalgun) 1422",27/07/2014
"165 , Falgun (Phalgun) 1422",28/07/2014
"166 , Falgun (Phalgun) 1422",29/07/2014
"167 , Falgun (Phalgun) 1422",30/07/2014
"168 , Falgun (Phalgun) 1422",31/07/2014
"169 , Falgun (Phalgun) 1422",01/08/2014
"170 , Falgun (Phalgun) 1422",02/08/2014
"171 , Falgun (Phalgun) 1422",03/08/2014
"172 , Falgun (Phalgun) 1422",04/08/2014
"173 , Falgun (Phalgun) 1422",05/08/2014
"174 , Falgun (Phalgun) 1422",06/08/2014
"175 , Falgun (Phalgun) 1422",07/08/2014
"176 , Falgun (Phalgun) 1422",08/08/2014
"177 , Falgun (Phalgun) 1422",09/08/2014
"178 , Falgun (Phalgun) 1422",10/08/2014
"179 , Falgun (Phalgun) 1422",11/08/2014
"180 , Falgun (Phalgun) 1422",12/08/2014
"181 , Falgun (Phalgun) 1422",13/08/2014
"182 , Falgun (Phalgun) 1422",14/08/2014
"183 , Falgun (Phalgun) 1422",15/08/2014
"184 , Falgun (Phalgun) 1422",16/08/2014
"185 , Falgun (Phalgun) 1422",17/08/2014
"186 , Falgun (Phalgun) 1422",18/08/2014
"187 , Falgun (Phalgun) 1422",19/08/2014
"188 , Falgun (Phalgun) 1422",20/08/2014
"189 , Falgun (Phalgun) 1422",21/08/2014
"190 , Falgun (Phalgun) 1422",22/08/2014
"191 , Falgun (Phalgun) 1422",23/08/2014
"192 , Falgun (Phalgun) 1422",24/08/2014
"193 , Falgun (Phalgun) 1422",25/08/2014
"194 , Falgun (Phalgun) 1422",26/08/2014
"195 , Falgun (Phalgun) 1422",27/08/2014
"196 , Falgun (Phalgun) 1422",28/08/2014
"197 , Falgun (Phalgun) 1422",29/08/2014
"198 , Falgun (Phalgun) 1422",30/08/2014
"199 , Falgun (Phalgun) 1422",31/08/2014
"200 , Falgun (Phalgun) 1422",01/09/2014
"201 , Falgun (Phalgun) 1422",02/09/2014
"202 , Falgun (Phalgun) 1422",03/09/2014
"203 , Falgun (Phalgun) 1422",04/09/2014
"204 , Falgun (Phalgun) 1422",05/09/2014
"205 , Falgun (Phalgun) 1422",06/09/2014
"206 , Falgun (Phalgun) 1422",07/09/2014
"207 , Falgun (Phalgun) 1422",08/09/2014
"208 , Falgun (Phalgun) 1422",09/09/2014
"209 , Falgun (Phalgun) 1422",10/09/2014
"210 , Falgun (Phalgun) 1422",11/09/2014
"211 , Falgun (Phalgun) 1422",12/09/2014
"212 , Falgun (Phalgun) 1422",13/09/2014
"213 , Falgun (Phalgun) 1422",14/09/2014
"214 , Falgun (Phalgun) 1422",15/09/2014
"215 , Falgun (Phalgun) 1422",16/09/2014
"216 , Falgun (Phalgun) 1422",17/09/2014
"217 , Falgun (Phalgun) 1422",18/09/2014
"218 , Falgun (Phalgun) 1422",19/09/2014
"219 , Falgun (Phalgun) 1422",20/09/2014
"220 , Falgun (Phalgun) 1422",21/09/2014
"221 , Falgun (Phalgun) 1422",22/09/2014
"222 , Falgun (Phalgun) 1422",23/09/2014
"223 , Falgun (Phalgun) 1422",24/09/2014
"224 , Falgun (Phalgun) 1422",25/09/2014
"225 , Falgun (Phalgun) 1422",26/09/2014
"226 , Falgun (Phalgun) 1422",27/09/2014
"227 , Falgun (Phalgun) 1422",28/09/2014
"228 , Falgun (Phalgun) 1422",29/09/2014
"229 , Falgun (Phalgun) 1422",30/09/2014
"230 , Falgun (Phalgun) 1422",01/10/2014
"231 , Falgun (Phalgun) 1422",02/10/2014
"232 , Falgun (Phalgun) 1422",03/10/2014
"233 , Falgun (Phalgun) 1422",04/10/2014
"234 , Falgun (Phalgun) 1422",05/10/2014
"235 , Falgun (Phalgun) 1422",06/10/2014
"236 , Falgun (Phalgun) 1422",07/10/2014
"237 , Falgun (Phalgun) 1422",08/10/2014
"238 , Falgun (Phalgun) 1422",09/10/2014
"239 , Falgun (Phalgun) 1422",10/10/2014
"240 , Falgun (Phalgun) 1422",11/10/2014
"241 , Falgun (Phalgun) 1422",12/10/2014
"242 , Falgun (Phalgun) 1422",13/10/2014
"243 , Falgun (Phalgun) 1422",14/10/2014
"244 , Falgun (Phalgun) 1422",15/10/2014
"245 , Falgun (Phalgun) 1422",16/10/2014
"246 , Falgun (Phalgun) 1422",17/10/2014
"247 , Falgun (Phalgun) 1422",18/10/2014
"248 , Falgun (Phalgun) 1422",19/10/2014
"249 , Falgun (Phalgun) 1422",20/10/2014
"250 , Falgun (Phalgun) 1422",21/10/2014
"251 , Falgun (Phalgun) 1422",22/10/2014
"252 , Falgun (Phalgun) 1422",23/10/2014
"253 , Falgun (Phalgun) 1422",24/10/2014
"254 , Falgun (Phalgun) 1422",25/10/2014
"255 , Falgun (Phalgun) 1422",26/10/2014
"256 , Falgun (Phalgun) 1422",27/10/2014
"257 , Falgun (Phalgun) 1422",28/10/2014
"258 , Falgun (Phalgun) 1422",29/10/2014
"259 , Falgun (Phalgun) 1422",30/10/2014
"260 , Falgun (Phalgun) 1422",31/10/2014
"261 , Falgun (Phalgun) 1422",01/11/2014
"262 , Falgun (Phalgun) 1422",02/11/2014
"263 , Falgun (Phalgun) 1422",03/11/2014
"264 , Falgun (Phalgun) 1422",04/11/2014
"265 , Falgun (Phalgun) 1422",05/11/2014
"266 , Falgun (Phalgun) 1422",06/11/2014
"267 , Falgun (Phalgun) 1422",07/11/2014
"268 , Falgun (Phalgun) 1422",08/11/2014
"269 , Falgun (Phalgun) 1422",09/11/2014
"270 , Falgun (Phalgun) 1422",10/11/2014
"271 , Falgun (Phalgun) 1422",11/11/2014
"272 , Falgun (Phalgun) 1422",12/11/2014
"273 , Falgun (Phalgun) 1422",13/11/2014
"274 , Falgun (Phalgun) 1422",14/11/2014
"275 , Falgun (Phalgun) 1422",15/11/2014
"276 , Falgun (Phalgun) 1422",16/11/2014
"277 , Falgun (Phalgun) 1422",17/11/2014
"278 , Falgun (Phalgun) 1422",18/11/2014
"279 , Falgun (Phalgun) 1422",19/11/2014
"280 , Falgun (Phalgun) 1422",20/11/2014
"281 , Falgun (Phalgun) 1422",21/11/2014
"282 , Falgun (Phalgun) 1422",22/11/2014
"283 , Falgun (Phalgun) 1422",23/11/2014
"284 , Falgun (Phalgun) 1422",24/11/2014
"285 , Falgun (Phalgun) 1422",25/11/2014
"286 , Falgun (Phalgun) 1422",26/11/2014
"287 , Falgun (Phalgun) 1422",27/11/2014
"288 , Falgun (Phalgun) 1422",28/11/2014
"289 , Falgun (Phalgun) 1422",29/11/2014
"290 , Falgun (Phalgun) 1422",30/11/2014
"291 , Falgun (Phalgun) 1422",01/12/2014
"292 , Falgun (Phalgun) 1422",02/12/2014
"293 , Falgun (Phalgun) 1422",03/12/2014
"294 , Falgun (Phalgun) 1422",04/12/2014
"295 , Falgun (Phalgun) 1422",05/12/2014
"296 , Falgun (Phalgun) 1422",06/12/2014
"297 , Falgun (Phalgun) 1422",07/12/2014
"298 , Falgun (Phalgun) 1422",08/12/2014
"299 , Falgun (Phalgun) 1422",09/12/2014
"300 , Falgun (Phalgun) 1422",10/12/2014
"301 , Falgun (Phalgun) 1422",11/12/2014
"302 , Falgun (Phalgun) 1422",12/12/2014
"303 , Falgun (Phalgun) 1422",13/12/2014
"304 , Falgun (Phalgun) 1422",14/12/2014
"305 , Falgun (Phalgun) 1422",15/12/2014
"306 , Falgun (Phalgun) 1422",16/12/2014
"307 , Falgun (Phalgun) 1422",17/12/2014
"308 , Falgun (Phalgun) 1422",18/12/2014
"309 , Falgun (Phalgun) 1422",19/12/2014
"310 , Falgun (Phalgun) 1422",20/12/2014
"311 , Falgun (Phalgun) 1422",21/12/2014
"312 , Falgun (Phalgun) 1422",22/12/2014
"313 , Falgun (Phalgun) 1422",23/12/2014
"314 , Falgun (Phalgun) 1422",24/12/2014
"315 , Falgun (Phalgun) 1422",25/12/2014
"316 , Falgun (Phalgun) 1422",26/12/2014
"317 , Falgun (Phalgun) 1422",27/12/2014
"318 , Falgun (Phalgun) 1422",28/12/2014
"319 , Falgun (Phalgun) 1422",29/12/2014
"320 , Falgun (Phalgun) 1422",30/12/2014
"321 , Falgun (Phalgun) 1422",31/12/2014
"322 , Falgun (Phalgun) 1422",01/01/2015
"323 , Falgun (Phalgun) 1422",02/01/2015
"324 , Falgun (Phalgun) 1422",03/01/2015
"325 , Falgun (Phalgun) 1422",04/01/2015
"326 , Falgun (Phalgun) 1422",05/01/2015
"327 , Falgun (Phalgun) 1422",06/01/2015
"328 , Falgun (Phalgun) 1422",07/01/2015
"329 , Falgun (Phalgun) 1422",08/01/2015
"330 , Falgun (Phalgun) 1422",09/01/2015
"331 , Falgun (Phalgun) 1422",10/01/2015
"332 , Falgun (Phalgun) 1422",11/01/2015
"333 , Falgun (Phalgun) 1422",12/01/2015
"334 , Falgun (Phalgun) 1422",13/01/2015
"335 , Falgun (Phalgun) 1422",14/01/2015
"336 , Falgun (Phalgun) 1422",15/01/2015
"337 , Falgun (Phalgun) 1422",16/01/2015
"338 , Falgun (Phalgun) 1422",17/01/2015
"339 , Falgun (Phalgun) 1422",18/01/2015
"340 , Falgun (Phalgun) 1422",19/01/2015
"341 , Falgun (Phalgun) 1422",20/01/2015
"342 , Falgun (Phalgun) 1422",21/01/2015
"343 , Falgun (Phalgun) 1422",22/01/2015
"344 , Falgun (Phalgun) 1422",23/01/2015
"345 , Falgun (Phalgun) 1422",24/01/2015
"346 , Falgun (Phalgun) 1422",25/01/2015
"347 , Falgun (Phalgun) 1422",26/01/2015
"348 , Falgun (Phalgun) 1422",27/01/2015
"349 , Falgun (Phalgun) 1422",28/01/2015
"350 , Falgun (Phalgun) 1422",29/01/2015
"351 , Falgun (Phalgun) 1422",30/01/2015
"352 , Falgun (Phalgun) 1422",31/01/2015
"353 , Falgun (Phalgun) 1422",01/02/2015
"354 , Falgun (Phalgun) 1422",02/02/2015
"355 , Falgun (Phalgun) 1422",03/02/2015
"356 , Falgun (Phalgun) 1422",04/02/2015
"357 , Falgun (Phalgun) 1422",05/02/2015
"358 , Falgun (Phalgun) 1422",06/02/2015
"359 , Falgun (Phalgun) 1422",07/02/2015
"360 , Falgun (Phalgun) 1422",08/02/2015
"361 , Falgun (Phalgun) 1422",09/02/2015
"362 , Falgun (Phalgun) 1422",10/02/2015
"363 , Falgun (Phalgun) 1422",11/02/2015
"364 , Falgun (Phalgun) 1422",12/02/2015
"365 , Falgun (Phalgun) 1422",13/02/2015
"366 , Falgun (Phalgun) 1422",14/02/2015
"367 , Falgun (Phalgun) 1422",15/02/2015
"368 , Falgun (Phalgun) 1422",16/02/2015
"369 , Falgun (Phalgun) 1422",17/02/2015
"370 , Falgun (Phalgun) 1422",18/02/2015
"371 , Falgun (Phalgun) 1422",19/02/2015
"372 , Falgun (Phalgun) 1422",20/02/2015
"373 , Falgun (Phalgun) 1422",21/02/2015
"374 , Falgun (Phalgun) 1422",22/02/2015
"375 , Falgun (Phalgun) 1422",23/02/2015
"376 , Falgun (Phalgun) 1422",24/02/2015
"377 , Falgun (Phalgun) 1422",25/02/2015
"378 , Falgun (Phalgun) 1422",26/02/2015
"379 , Falgun (Phalgun) 1422",27/02/2015
"380 , Falgun (Phalgun) 1422",28/02/2015
"381 , Falgun (Phalgun) 1422",01/03/2015
"382 , Falgun (Phalgun) 1422",02/03/2015
"383 , Falgun (Phalgun) 1422",03/03/2015
"384 , Falgun (Phalgun) 1422",04/03/2015
"385 , Falgun (Phalgun) 1422",05/03/2015
"386 , Falgun (Phalgun) 1422",06/03/2015
"387 , Falgun (Phalgun) 1422",07/03/2015
"388 , Falgun (Phalgun) 1422",08/03/2015
"389 , Falgun (Phalgun) 1422",09/03/2015
"390 , Falgun (Phalgun) 1422",10/03/2015
"391 , Falgun (Phalgun) 1422",11/03/2015
"392 , Falgun (Phalgun) 1422",12/03/2015
"393 , Falgun (Phalgun) 1422",13/03/2015
"394 , Falgun (Phalgun) 1422",14/03/2015
"395 , Falgun (Phalgun) 1422",15/03/2015
"1 , Choitro (Chaitra) 1422",16/03/2015
"2 , Choitro (Chaitra) 1422",17/03/2015
"3 , Choitro (Chaitra) 1422",18/03/2015
"4 , Choitro (Chaitra) 1422",19/03/2015
"5 , Choitro (Chaitra) 1422",20/03/2015
"6 , Choitro (Chaitra) 1422",21/03/2015
"7 , Choitro (Chaitra) 1422",22/03/2015
"8 , Choitro (Chaitra) 1422",23/03/2015
"9 , Choitro (Chaitra) 1422",24/03/2015
"10 , Choitro (Chaitra) 1422",25/03/2015
"11 , Choitro (Chaitra) 1422",26/03/2015
"12 , Choitro (Chaitra) 1422",27/03/2015
"13 , Choitro (Chaitra) 1422",28/03/2015
"14 , Choitro (Chaitra) 1422",29/03/2015
"15 , Choitro (Chaitra) 1422",30/03/2015
"16 , Choitro (Chaitra) 1422",31/03/2015
"17 , Choitro (Chaitra) 1422",01/04/2015
"18 , Choitro (Chaitra) 1422",02/04/2015
"19 , Choitro (Chaitra) 1422",03/04/2015
"20 , Choitro (Chaitra) 1422",04/04/2015
"21 , Choitro (Chaitra) 1422",05/04/2015
"22 , Choitro (Chaitra) 1422",06/04/2015
"23 , Choitro (Chaitra) 1422",07/04/2015
"24 , Choitro (Chaitra) 1422",08/04/2015
"25 , Choitro (Chaitra) 1422",09/04/2015
"26 , Choitro (Chaitra) 1422",10/04/2015
"27 , Choitro (Chaitra) 1422",11/04/2015
"28 , Choitro (Chaitra) 1422",12/04/2015
"29 , Choitro (Chaitra) 1422",13/04/2015
"30 , Choitro (Chaitra) 1422",14/04/2015
"1 , Boishakh (Baisakh) 1422",15/04/2015
"2 , Boishakh (Baisakh) 1422",16/04/2015
"3 , Boishakh (Baisakh) 1422",17/04/2015
"4 , Boishakh (Baisakh) 1422",18/04/2015
"5 , Boishakh (Baisakh) 1422",19/04/2015
"6 , Boishakh (Baisakh) 1422",20/04/2015
"7 , Boishakh (Baisakh) 1422",21/04/2015
"8 , Boishakh (Baisakh) 1422",22/04/2015
"9 , Boishakh (Baisakh) 1422",23/04/2015
"10 , Boishakh (Baisakh) 1422",24/04/2015
"11 , Boishakh (Baisakh) 1422",25/04/2015
"12 , Boishakh (Baisakh) 1422",26/04/2015
"13 , Boishakh (Baisakh) 1422",27/04/2015
"14 , Boishakh (Baisakh) 1422",28/04/2015
"15 , Boishakh (Baisakh) 1422",29/04/2015
"16 , Boishakh (Baisakh) 1422",30/04/2015
"17 , Boishakh (Baisakh) 1422",01/05/2015
"18 , Boishakh (Baisakh) 1422",02/05/2015
"19 , Boishakh (Baisakh) 1422",03/05/2015
"20 , Boishakh (Baisakh) 1422",04/05/2015
"21 , Boishakh (Baisakh) 1422",05/05/2015
"22 , Boishakh (Baisakh) 1422",06/05/2015
"23 , Boishakh (Baisakh) 1422",07/05/2015
"24 , Boishakh (Baisakh) 1422",08/05/2015
"25 , Boishakh (Baisakh) 1422",09/05/2015
"26 , Boishakh (Baisakh) 1422",10/05/2015
"27 , Boishakh (Baisakh) 1422",11/05/2015
"28 , Boishakh (Baisakh) 1422",12/05/2015
"29 , Boishakh (Baisakh) 1422",13/05/2015
"30 , Boishakh (Baisakh) 1422",14/05/2015
"31 , Boishakh (Baisakh) 1422",15/05/2015
"1 , Joishtho (Jaishtho) 1422",16/05/2015
"2 , Joishtho (Jaishtho) 1422",17/05/2015
"3 , Joishtho (Jaishtho) 1422",18/05/2015
"4 , Joishtho (Jaishtho) 1422",19/05/2015
"5 , Joishtho (Jaishtho) 1422",20/05/2015
"6 , Joishtho (Jaishtho) 1422",21/05/2015
"7 , Joishtho (Jaishtho) 1422",22/05/2015
"8 , Joishtho (Jaishtho) 1422",23/05/2015
"9 , Joishtho (Jaishtho) 1422",24/05/2015
"10 , Joishtho (Jaishtho) 1422",25/05/2015
"11 , Joishtho (Jaishtho) 1422",26/05/2015
"12 , Joishtho (Jaishtho) 1422",27/05/2015
"13 , Joishtho (Jaishtho) 1422",28/05/2015
"14 , Joishtho (Jaishtho) 1422",29/05/2015
"15 , Joishtho (Jaishtho) 1422",30/05/2015
"16 , Joishtho (Jaishtho) 1422",31/05/2015
"17 , Joishtho (Jaishtho) 1422",01/06/2015
"18 , Joishtho (Jaishtho) 1422",02/06/2015
"19 , Joishtho (Jaishtho) 1422",03/06/2015
"20 , Joishtho (Jaishtho) 1422",04/06/2015
"21 , Joishtho (Jaishtho) 1422",05/06/2015
"22 , Joishtho (Jaishtho) 1422",06/06/2015
"23 , Joishtho (Jaishtho) 1422",07/06/2015
"24 , Joishtho (Jaishtho) 1422",08/06/2015
"25 , Joishtho (Jaishtho) 1422",09/06/2015
"26 , Joishtho (Jaishtho) 1422",10/06/2015
"27 , Joishtho (Jaishtho) 1422",11/06/2015
"28 , Joishtho (Jaishtho) 1422",12/06/2015
"29 , Joishtho (Jaishtho) 1422",13/06/2015
"30 , Joishtho (Jaishtho) 1422",14/06/2015
"31 , Joishtho (Jaishtho) 1422",15/06/2015
"1 , Asharh (Aashar) 1422",16/06/2015
"2 , Asharh (Aashar) 1422",17/06/2015
"3 , Asharh (Aashar) 1422",18/06/2015
"4 , Asharh (Aashar) 1422",19/06/2015
"5 , Asharh (Aashar) 1422",20/06/2015
"6 , Asharh (Aashar) 1422",21/06/2015
"7 , Asharh (Aashar) 1422",22/06/2015
"8 , Asharh (Aashar) 1422",23/06/2015
"9 , Asharh (Aashar) 1422",24/06/2015
"10 , Asharh (Aashar) 1422",25/06/2015
"11 , Asharh (Aashar) 1422",26/06/2015
"12 , Asharh (Aashar) 1422",27/06/2015
"13 , Asharh (Aashar) 1422",28/06/2015
"14 , Asharh (Aashar) 1422",29/06/2015
"15 , Asharh (Aashar) 1422",30/06/2015
"16 , Asharh (Aashar) 1422",01/07/2015
"17 , Asharh (Aashar) 1422",02/07/2015
"18 , Asharh (Aashar) 1422",03/07/2015
"19 , Asharh (Aashar) 1422",04/07/2015
"20 , Asharh (Aashar) 1422",05/07/2015
"21 , Asharh (Aashar) 1422",06/07/2015
"22 , Asharh (Aashar) 1422",07/07/2015
"23 , Asharh (Aashar) 1422",08/07/2015
"24 , Asharh (Aashar) 1422",09/07/2015
"25 , Asharh (Aashar) 1422",10/07/2015
"26 , Asharh (Aashar) 1422",11/07/2015
"27 , Asharh (Aashar) 1422",12/07/2015
"28 , Asharh (Aashar) 1422",13/07/2015
"29 , Asharh (Aashar) 1422",14/07/2015
"30 , Asharh (Aashar) 1422",15/07/2015
"31 , Asharh (Aashar) 1422",16/07/2015
"32 , Asharh (Aashar) 1422",17/07/2015
"1 , Srabon (Shraban) 1422",18/07/2015
"2 , Srabon (Shraban) 1422",19/07/2015
"3 , Srabon (Shraban) 1422",20/07/2015
"4 , Srabon (Shraban) 1422",21/07/2015
"5 , Srabon (Shraban) 1422",22/07/2015
"6 , Srabon (Shraban) 1422",23/07/2015
"7 , Srabon (Shraban) 1422",24/07/2015
"8 , Srabon (Shraban) 1422",25/07/2015
"9 , Srabon (Shraban) 1422",26/07/2015
"10 , Srabon (Shraban) 1422",27/07/2015
"11 , Srabon (Shraban) 1422",28/07/2015
"12 , Srabon (Shraban) 1422",29/07/2015
"13 , Srabon (Shraban) 1422",30/07/2015
"14 , Srabon (Shraban) 1422",31/07/2015
"15 , Srabon (Shraban) 1422",01/08/2015
"16 , Srabon (Shraban) 1422",02/08/2015
"17 , Srabon (Shraban) 1422",03/08/2015
"18 , Srabon (Shraban) 1422",04/08/2015
"19 , Srabon (Shraban) 1422",05/08/2015
"20 , Srabon (Shraban) 1422",06/08/2015
"21 , Srabon (Shraban) 1422",07/08/2015
"22 , Srabon (Shraban) 1422",08/08/2015
"23 , Srabon (Shraban) 1422",09/08/2015
"24 , Srabon (Shraban) 1422",10/08/2015
"25 , Srabon (Shraban) 1422",11/08/2015
"26 , Srabon (Shraban) 1422",12/08/2015
"27 , Srabon (Shraban) 1422",13/08/2015
"28 , Srabon (Shraban) 1422",14/08/2015
"29 , Srabon (Shraban) 1422",15/08/2015
"30 , Srabon (Shraban) 1422",16/08/2015
"31 , Srabon (Shraban) 1422",17/08/2015
"32 , Srabon (Shraban) 1422",18/08/2015
"1 , Bhadro (Bhadra) 1422",19/08/2015
"2 , Bhadro (Bhadra) 1422",20/08/2015
"3 , Bhadro (Bhadra) 1422",21/08/2015
"4 , Bhadro (Bhadra) 1422",22/08/2015
"5 , Bhadro (Bhadra) 1422",23/08/2015
"6 , Bhadro (Bhadra) 1422",24/08/2015
"7 , Bhadro (Bhadra) 1422",25/08/2015
"8 , Bhadro (Bhadra) 1422",26/08/2015
"9 , Bhadro (Bhadra) 1422",27/08/2015
"10 , Bhadro (Bhadra) 1422",28/08/2015
"11 , Bhadro (Bhadra) 1422",29/08/2015
"12 , Bhadro (Bhadra) 1422",30/08/2015
"13 , Bhadro (Bhadra) 1422",31/08/2015
"14 , Bhadro (Bhadra) 1422",01/09/2015
"15 , Bhadro (Bhadra) 1422",02/09/2015
"16 , Bhadro (Bhadra) 1422",03/09/2015
"17 , Bhadro (Bhadra) 1422",04/09/2015
"18 , Bhadro (Bhadra) 1422",05/09/2015
"19 , Bhadro (Bhadra) 1422",06/09/2015
"20 , Bhadro (Bhadra) 1422",07/09/2015
"21 , Bhadro (Bhadra) 1422",08/09/2015
"22 , Bhadro (Bhadra) 1422",09/09/2015
"23 , Bhadro (Bhadra) 1422",10/09/2015
"24 , Bhadro (Bhadra) 1422",11/09/2015
"25 , Bhadro (Bhadra) 1422",12/09/2015
"26 , Bhadro (Bhadra) 1422",13/09/2015
"27 , Bhadro (Bhadra) 1422",14/09/2015
"28 , Bhadro (Bhadra) 1422",15/09/2015
"29 , Bhadro (Bhadra) 1422",16/09/2015
"30 , Bhadro (Bhadra) 1422",17/09/2015
"31 , Bhadro (Bhadra) 1422",18/09/2015
"1 , Ashshin (Aashin) 1422",19/09/2015
"2 , Ashshin (Aashin) 1422",20/09/2015
"3 , Ashshin (Aashin) 1422",21/09/2015
"4 , Ashshin (Aashin) 1422",22/09/2015
"5 , Ashshin (Aashin) 1422",23/09/2015
"6 , Ashshin (Aashin) 1422",24/09/2015
"7 , Ashshin (Aashin) 1422",25/09/2015
"8 , Ashshin (Aashin) 1422",26/09/2015
"9 , Ashshin (Aashin) 1422",27/09/2015
"10 , Ashshin (Aashin) 1422",28/09/2015
"11 , Ashshin (Aashin) 1422",29/09/2015
"12 , Ashshin (Aashin) 1422",30/09/2015
"13 , Ashshin (Aashin) 1422",01/10/2015
"14 , Ashshin (Aashin) 1422",02/10/2015
"15 , Ashshin (Aashin) 1422",03/10/2015
"16 , Ashshin (Aashin) 1422",04/10/2015
"17 , Ashshin (Aashin) 1422",05/10/2015
"18 , Ashshin (Aashin) 1422",06/10/2015
"19 , Ashshin (Aashin) 1422",07/10/2015
"20 , Ashshin (Aashin) 1422",08/10/2015
"21 , Ashshin (Aashin) 1422",09/10/2015
"22 , Ashshin (Aashin) 1422",10/10/2015
"23 , Ashshin (Aashin) 1422",11/10/2015
"24 , Ashshin (Aashin) 1422",12/10/2015
"25 , Ashshin (Aashin) 1422",13/10/2015
"26 , Ashshin (Aashin) 1422",14/10/2015
"27 , Ashshin (Aashin) 1422",15/10/2015
"28 , Ashshin (Aashin) 1422",16/10/2015
"29 , Ashshin (Aashin) 1422",17/10/2015
"30 , Ashshin (Aashin) 1422",18/10/2015
"1 , Kartik 1422",19/10/2015
"2 , Kartik 1422",20/10/2015
"3 , Kartik 1422",21/10/2015
"4 , Kartik 1422",22/10/2015
"5 , Kartik 1422",23/10/2015
"6 , Kartik 1422",24/10/2015
"7 , Kartik 1422",25/10/2015
"8 , Kartik 1422",26/10/2015
"9 , Kartik 1422",27/10/2015
"10 , Kartik 1422",28/10/2015
"11 , Kartik 1422",29/10/2015
"12 , Kartik 1422",30/10/2015
"13 , Kartik 1422",31/10/2015
"14 , Kartik 1422",01/11/2015
"15 , Kartik 1422",02/11/2015
"16 , Kartik 1422",03/11/2015
"17 , Kartik 1422",04/11/2015
"18 , Kartik 1422",05/11/2015
"19 , Kartik 1422",06/11/2015
"20 , Kartik 1422",07/11/2015
"21 , Kartik 1422",08/11/2015
"22 , Kartik 1422",09/11/2015
"23 , Kartik 1422",10/11/2015
"24 , Kartik 1422",11/11/2015
"25 , Kartik 1422",12/11/2015
"26 , Kartik 1422",13/11/2015
"27 , Kartik 1422",14/11/2015
"28 , Kartik 1422",15/11/2015
"29 , Kartik 1422",16/11/2015
"30 , Kartik 1422",17/11/2015
"1 , Ogrohaeon (Agrahan) 1422",18/11/2015
"2 , Ogrohaeon (Agrahan) 1422",19/11/2015
"3 , Ogrohaeon (Agrahan) 1422",20/11/2015
"4 , Ogrohaeon (Agrahan) 1422",21/11/2015
"5 , Ogrohaeon (Agrahan) 1422",22/11/2015
"6 , Ogrohaeon (Agrahan) 1422",23/11/2015
"7 , Ogrohaeon (Agrahan) 1422",24/11/2015
"8 , Ogrohaeon (Agrahan) 1422",25/11/2015
"9 , Ogrohaeon (Agrahan) 1422",26/11/2015
"10 , Ogrohaeon (Agrahan) 1422",27/11/2015
"11 , Ogrohaeon (Agrahan) 1422",28/11/2015
"12 , Ogrohaeon (Agrahan) 1422",29/11/2015
"13 , Ogrohaeon (Agrahan) 1422",30/11/2015
"14 , Ogrohaeon (Agrahan) 1422",01/12/2015
"15 , Ogrohaeon (Agrahan) 1422",02/12/2015
"16 , Ogrohaeon (Agrahan) 1422",03/12/2015
"17 , Ogrohaeon (Agrahan) 1422",04/12/2015
"18 , Ogrohaeon (Agrahan) 1422",05/12/2015
"19 , Ogrohaeon (Agrahan) 1422",06/12/2015
"20 , Ogrohaeon (Agrahan) 1422",07/12/2015
"21 , Ogrohaeon (Agrahan) 1422",08/12/2015
"22 , Ogrohaeon (Agrahan) 1422",09/12/2015
"23 , Ogrohaeon (Agrahan) 1422",10/12/2015
"24 , Ogrohaeon (Agrahan) 1422",11/12/2015
"25 , Ogrohaeon (Agrahan) 1422",12/12/2015
"26 , Ogrohaeon (Agrahan) 1422",13/12/2015
"27 , Ogrohaeon (Agrahan) 1422",14/12/2015
"28 , Ogrohaeon (Agrahan) 1422",15/12/2015
"29 , Ogrohaeon (Agrahan) 1422",16/12/2015
"1 , Poush 1422",17/12/2015
"2 , Poush 1422",18/12/2015
"3 , Poush 1422",19/12/2015
"4 , Poush 1422",20/12/2015
"5 , Poush 1422",21/12/2015
"6 , Poush 1422",22/12/2015
"7 , Poush 1422",23/12/2015
"8 , Poush 1422",24/12/2015
"9 , Poush 1422",25/12/2015
"10 , Poush 1422",26/12/2015
"11 , Poush 1422",27/12/2015
"12 , Poush 1422",28/12/2015
"13 , Poush 1422",29/12/2015
"14 , Poush 1422",30/12/2015
"15 , Poush 1422",31/12/2015
"16 , Poush 1422",01/01/2016
"17 , Poush 1422",02/01/2016
"18 , Poush 1422",03/01/2016
"19 , Poush 1422",04/01/2016
"20 , Poush 1422",05/01/2016
"21 , Poush 1422",06/01/2016
"22 , Poush 1422",07/01/2016
"23 , Poush 1422",08/01/2016
"24 , Poush 1422",09/01/2016
"25 , Poush 1422",10/01/2016
"26 , Poush 1422",11/01/2016
"27 , Poush 1422",12/01/2016
"28 , Poush 1422",13/01/2016
"29 , Poush 1422",14/01/2016
"30 , Poush 1422",15/01/2016
"1 , Magh (Maagh) 1423",16/01/2016
"2 , Magh (Maagh) 1423",17/01/2016
"3 , Magh (Maagh) 1423",18/01/2016
"4 , Magh (Maagh) 1423",19/01/2016
"5 , Magh (Maagh) 1423",20/01/2016
"6 , Magh (Maagh) 1423",21/01/2016
"7 , Magh (Maagh) 1423",22/01/2016
"8 , Magh (Maagh) 1423",23/01/2016
"9 , Magh (Maagh) 1423",24/01/2016
"10 , Magh (Maagh) 1423",25/01/2016
"11 , Magh (Maagh) 1423",26/01/2016
"12 , Magh (Maagh) 1423",27/01/2016
"13 , Magh (Maagh) 1423",28/01/2016
"14 , Magh (Maagh) 1423",29/01/2016
"15 , Magh (Maagh) 1423",30/01/2016
"16 , Magh (Maagh) 1423",31/01/2016
"17 , Magh (Maagh) 1423",01/02/2016
"18 , Magh (Maagh) 1423",02/02/2016
"19 , Magh (Maagh) 1423",03/02/2016
"20 , Magh (Maagh) 1423",04/02/2016
"21 , Magh (Maagh) 1423",05/02/2016
"22 , Magh (Maagh) 1423",06/02/2016
"23 , Magh (Maagh) 1423",07/02/2016
"24 , Magh (Maagh) 1423",08/02/2016
"25 , Magh (Maagh) 1423",09/02/2016
"26 , Magh (Maagh) 1423",10/02/2016
"27 , Magh (Maagh) 1423",11/02/2016
"28 , Magh (Maagh) 1423",12/02/2016
"29 , Magh (Maagh) 1423",13/02/2016
"1 , Falgun (Phalgun) 1423",14/02/2016
"2 , Falgun (Phalgun) 1423",15/02/2016
"3 , Falgun (Phalgun) 1423",16/02/2016
"4 , Falgun (Phalgun) 1423",17/02/2016
"5 , Falgun (Phalgun) 1423",18/02/2016
"6 , Falgun (Phalgun) 1423",19/02/2016
"7 , Falgun (Phalgun) 1423",20/02/2016
"8 , Falgun (Phalgun) 1423",21/02/2016
"9 , Falgun (Phalgun) 1423",22/02/2016
"10 , Falgun (Phalgun) 1423",23/02/2016
"11 , Falgun (Phalgun) 1423",24/02/2016
"12 , Falgun (Phalgun) 1423",25/02/2016
"13 , Falgun (Phalgun) 1423",26/02/2016
"14 , Falgun (Phalgun) 1423",27/02/2016
"15 , Falgun (Phalgun) 1423",28/02/2016
"16 , Falgun (Phalgun) 1423",29/02/2016
"17 , Falgun (Phalgun) 1423",01/03/2016
"18 , Falgun (Phalgun) 1423",02/03/2016
"19 , Falgun (Phalgun) 1423",03/03/2016
"20 , Falgun (Phalgun) 1423",04/03/2016
"21 , Falgun (Phalgun) 1423",05/03/2016
"22 , Falgun (Phalgun) 1423",06/03/2016
"23 , Falgun (Phalgun) 1423",07/03/2016
"24 , Falgun (Phalgun) 1423",08/03/2016
"25 , Falgun (Phalgun) 1423",09/03/2016
"26 , Falgun (Phalgun) 1423",10/03/2016
"27 , Falgun (Phalgun) 1423",11/03/2016
"28 , Falgun (Phalgun) 1423",12/03/2016
"29 , Falgun (Phalgun) 1423",13/03/2016
"30 , Falgun (Phalgun) 1423",14/03/2016
"1 , Choitro (Chaitra) 1423",15/03/2016
"2 , Choitro (Chaitra) 1423",16/03/2016
"3 , Choitro (Chaitra) 1423",17/03/2016
"4 , Choitro (Chaitra) 1423",18/03/2016
"5 , Choitro (Chaitra) 1423",19/03/2016
"6 , Choitro (Chaitra) 1423",20/03/2016
"7 , Choitro (Chaitra) 1423",21/03/2016
"8 , Choitro (Chaitra) 1423",22/03/2016
"9 , Choitro (Chaitra) 1423",23/03/2016
"10 , Choitro (Chaitra) 1423",24/03/2016
"11 , Choitro (Chaitra) 1423",25/03/2016
"12 , Choitro (Chaitra) 1423",26/03/2016
"13 , Choitro (Chaitra) 1423",27/03/2016
"14 , Choitro (Chaitra) 1423",28/03/2016
"15 , Choitro (Chaitra) 1423",29/03/2016
"16 , Choitro (Chaitra) 1423",30/03/2016
"17 , Choitro (Chaitra) 1423",31/03/2016
"18 , Choitro (Chaitra) 1423",01/04/2016
"19 , Choitro (Chaitra) 1423",02/04/2016
"20 , Choitro (Chaitra) 1423",03/04/2016
"21 , Choitro (Chaitra) 1423",04/04/2016
"22 , Choitro (Chaitra) 1423",05/04/2016
"23 , Choitro (Chaitra) 1423",06/04/2016
"24 , Choitro (Chaitra) 1423",07/04/2016
"25 , Choitro (Chaitra) 1423",08/04/2016
"26 , Choitro (Chaitra) 1423",09/04/2016
"27 , Choitro (Chaitra) 1423",10/04/2016
"28 , Choitro (Chaitra) 1423",11/04/2016
"29 , Choitro (Chaitra) 1423",12/04/2016
"30 , Choitro (Chaitra) 1423",13/04/2016
"1 , Boishakh (Baisakh) 1423",14/04/2016
"2 , Boishakh (Baisakh) 1423",15/04/2016
"3 , Boishakh (Baisakh) 1423",16/04/2016
"4 , Boishakh (Baisakh) 1423",17/04/2016
"5 , Boishakh (Baisakh) 1423",18/04/2016
"6 , Boishakh (Baisakh) 1423",19/04/2016
"7 , Boishakh (Baisakh) 1423",20/04/2016
"8 , Boishakh (Baisakh) 1423",21/04/2016
"9 , Boishakh (Baisakh) 1423",22/04/2016
"10 , Boishakh (Baisakh) 1423",23/04/2016
"11 , Boishakh (Baisakh) 1423",24/04/2016
"12 , Boishakh (Baisakh) 1423",25/04/2016
"13 , Boishakh (Baisakh) 1423",26/04/2016
"14 , Boishakh (Baisakh) 1423",27/04/2016
"15 , Boishakh (Baisakh) 1423",28/04/2016
"16 , Boishakh (Baisakh) 1423",29/04/2016
"17 , Boishakh (Baisakh) 1423",30/04/2016
"18 , Boishakh (Baisakh) 1423",01/05/2016
"19 , Boishakh (Baisakh) 1423",02/05/2016
"20 , Boishakh (Baisakh) 1423",03/05/2016
"21 , Boishakh (Baisakh) 1423",04/05/2016
"22 , Boishakh (Baisakh) 1423",05/05/2016
"23 , Boishakh (Baisakh) 1423",06/05/2016
"24 , Boishakh (Baisakh) 1423",07/05/2016
"25 , Boishakh (Baisakh) 1423",08/05/2016
"26 , Boishakh (Baisakh) 1423",09/05/2016
"27 , Boishakh (Baisakh) 1423",10/05/2016
"28 , Boishakh (Baisakh) 1423",11/05/2016
"29 , Boishakh (Baisakh) 1423",12/05/2016
"30 , Boishakh (Baisakh) 1423",13/05/2016
"31 , Boishakh (Baisakh) 1423",14/05/2016
"1 , Joishtho (Jaishtho) 1423",15/05/2016
"2 , Joishtho (Jaishtho) 1423",16/05/2016
"3 , Joishtho (Jaishtho) 1423",17/05/2016
"4 , Joishtho (Jaishtho) 1423",18/05/2016
"5 , Joishtho (Jaishtho) 1423",19/05/2016
"6 , Joishtho (Jaishtho) 1423",20/05/2016
"7 , Joishtho (Jaishtho) 1423",21/05/2016
"8 , Joishtho (Jaishtho) 1423",22/05/2016
"9 , Joishtho (Jaishtho) 1423",23/05/2016
"10 , Joishtho (Jaishtho) 1423",24/05/2016
"11 , Joishtho (Jaishtho) 1423",25/05/2016
"12 , Joishtho (Jaishtho) 1423",26/05/2016
"13 , Joishtho (Jaishtho) 1423",27/05/2016
"14 , Joishtho (Jaishtho) 1423",28/05/2016
"15 , Joishtho (Jaishtho) 1423",29/05/2016
"16 , Joishtho (Jaishtho) 1423",30/05/2016
"17 , Joishtho (Jaishtho) 1423",31/05/2016
"18 , Joishtho (Jaishtho) 1423",01/06/2016
"19 , Joishtho (Jaishtho) 1423",02/06/2016
"20 , Joishtho (Jaishtho) 1423",03/06/2016
"21 , Joishtho (Jaishtho) 1423",04/06/2016
"22 , Joishtho (Jaishtho) 1423",05/06/2016
"23 , Joishtho (Jaishtho) 1423",06/06/2016
"24 , Joishtho (Jaishtho) 1423",07/06/2016
"25 , Joishtho (Jaishtho) 1423",08/06/2016
"26 , Joishtho (Jaishtho) 1423",09/06/2016
"27 , Joishtho (Jaishtho) 1423",10/06/2016
"28 , Joishtho (Jaishtho) 1423",11/06/2016
"29 , Joishtho (Jaishtho) 1423",12/06/2016
"30 , Joishtho (Jaishtho) 1423",13/06/2016
"31 , Joishtho (Jaishtho) 1423",14/06/2016
"32 , Joishtho (Jaishtho) 1423",15/06/2016
"1 , Asharh (Aashar) 1423",16/06/2016
"2 , Asharh (Aashar) 1423",17/06/2016
"3 , Asharh (Aashar) 1423",18/06/2016
"4 , Asharh (Aashar) 1423",19/06/2016
"5 , Asharh (Aashar) 1423",20/06/2016
"6 , Asharh (Aashar) 1423",21/06/2016
"7 , Asharh (Aashar) 1423",22/06/2016
"8 , Asharh (Aashar) 1423",23/06/2016
"9 , Asharh (Aashar) 1423",24/06/2016
"10 , Asharh (Aashar) 1423",25/06/2016
"11 , Asharh (Aashar) 1423",26/06/2016
"12 , Asharh (Aashar) 1423",27/06/2016
"13 , Asharh (Aashar) 1423",28/06/2016
"14 , Asharh (Aashar) 1423",29/06/2016
"15 , Asharh (Aashar) 1423",30/06/2016
"16 , Asharh (Aashar) 1423",01/07/2016
"17 , Asharh (Aashar) 1423",02/07/2016
"18 , Asharh (Aashar) 1423",03/07/2016
"19 , Asharh (Aashar) 1423",04/07/2016
"20 , Asharh (Aashar) 1423",05/07/2016
"21 , Asharh (Aashar) 1423",06/07/2016
"22 , Asharh (Aashar) 1423",07/07/2016
"23 , Asharh (Aashar) 1423",08/07/2016
"24 , Asharh (Aashar) 1423",09/07/2016
"25 , Asharh (Aashar) 1423",10/07/2016
"26 , Asharh (Aashar) 1423",11/07/2016
"27 , Asharh (Aashar) 1423",12/07/2016
"28 , Asharh (Aashar) 1423",13/07/2016
"29 , Asharh (Aashar) 1423",14/07/2016
"30 , Asharh (Aashar) 1423",15/07/2016
"31 , Asharh (Aashar) 1423",16/07/2016
"1 , Srabon (Shraban) 1423",17/07/2016
"2 , Srabon (Shraban) 1423",18/07/2016
"3 , Srabon (Shraban) 1423",19/07/2016
"4 , Srabon (Shraban) 1423",20/07/2016
"5 , Srabon (Shraban) 1423",21/07/2016
"6 , Srabon (Shraban) 1423",22/07/2016
"7 , Srabon (Shraban) 1423",23/07/2016
"8 , Srabon (Shraban) 1423",24/07/2016
"9 , Srabon (Shraban) 1423",25/07/2016
"10 , Srabon (Shraban) 1423",26/07/2016
"11 , Srabon (Shraban) 1423",27/07/2016
"12 , Srabon (Shraban) 1423",28/07/2016
"13 , Srabon (Shraban) 1423",29/07/2016
"14 , Srabon (Shraban) 1423",30/07/2016
"15 , Srabon (Shraban) 1423",31/07/2016
"16 , Srabon (Shraban) 1423",01/08/2016
"17 , Srabon (Shraban) 1423",02/08/2016
"18 , Srabon (Shraban) 1423",03/08/2016
"19 , Srabon (Shraban) 1423",04/08/2016
"20 , Srabon (Shraban) 1423",05/08/2016
"21 , Srabon (Shraban) 1423",06/08/2016
"22 , Srabon (Shraban) 1423",07/08/2016
"23 , Srabon (Shraban) 1423",08/08/2016
"24 , Srabon (Shraban) 1423",09/08/2016
"25 , Srabon (Shraban) 1423",10/08/2016
"26 , Srabon (Shraban) 1423",11/08/2016
"27 , Srabon (Shraban) 1423",12/08/2016
"28 , Srabon (Shraban) 1423",13/08/2016
"29 , Srabon (Shraban) 1423",14/08/2016
"30 , Srabon (Shraban) 1423",15/08/2016
"31 , Srabon (Shraban) 1423",16/08/2016
"32 , Srabon (Shraban) 1423",17/08/2016
"1 , Bhadro (Bhadra) 1423",18/08/2016
"2 , Bhadro (Bhadra) 1423",19/08/2016
"3 , Bhadro (Bhadra) 1423",20/08/2016
"4 , Bhadro (Bhadra) 1423",21/08/2016
"5 , Bhadro (Bhadra) 1423",22/08/2016
"6 , Bhadro (Bhadra) 1423",23/08/2016
"7 , Bhadro (Bhadra) 1423",24/08/2016
"8 , Bhadro (Bhadra) 1423",25/08/2016
"9 , Bhadro (Bhadra) 1423",26/08/2016
"10 , Bhadro (Bhadra) 1423",27/08/2016
"11 , Bhadro (Bhadra) 1423",28/08/2016
"12 , Bhadro (Bhadra) 1423",29/08/2016
"13 , Bhadro (Bhadra) 1423",30/08/2016
"14 , Bhadro (Bhadra) 1423",31/08/2016
"15 , Bhadro (Bhadra) 1423",01/09/2016
"16 , Bhadro (Bhadra) 1423",02/09/2016
"17 , Bhadro (Bhadra) 1423",03/09/2016
"18 , Bhadro (Bhadra) 1423",04/09/2016
"19 , Bhadro (Bhadra) 1423",05/09/2016
"20 , Bhadro (Bhadra) 1423",06/09/2016
"21 , Bhadro (Bhadra) 1423",07/09/2016
"22 , Bhadro (Bhadra) 1423",08/09/2016
"23 , Bhadro (Bhadra) 1423",09/09/2016
"24 , Bhadro (Bhadra) 1423",10/09/2016
"25 , Bhadro (Bhadra) 1423",11/09/2016
"26 , Bhadro (Bhadra) 1423",12/09/2016
"27 , Bhadro (Bhadra) 1423",13/09/2016
"28 , Bhadro (Bhadra) 1423",14/09/2016
"29 , Bhadro (Bhadra) 1423",15/09/2016
"30 , Bhadro (Bhadra) 1423",16/09/2016
"31 , Bhadro (Bhadra) 1423",17/09/2016
"1 , Ashshin (Aashin) 1423",18/09/2016
"2 , Ashshin (Aashin) 1423",19/09/2016
"3 , Ashshin (Aashin) 1423",20/09/2016
"4 , Ashshin (Aashin) 1423",21/09/2016
"5 , Ashshin (Aashin) 1423",22/09/2016
"6 , Ashshin (Aashin) 1423",23/09/2016
"7 , Ashshin (Aashin) 1423",24/09/2016
"8 , Ashshin (Aashin) 1423",25/09/2016
"9 , Ashshin (Aashin) 1423",26/09/2016
"10 , Ashshin (Aashin) 1423",27/09/2016
"11 , Ashshin (Aashin) 1423",28/09/2016
"12 , Ashshin (Aashin) 1423",29/09/2016
"13 , Ashshin (Aashin) 1423",30/09/2016
"14 , Ashshin (Aashin) 1423",01/10/2016
"15 , Ashshin (Aashin) 1423",02/10/2016
"16 , Ashshin (Aashin) 1423",03/10/2016
"17 , Ashshin (Aashin) 1423",04/10/2016
"18 , Ashshin (Aashin) 1423",05/10/2016
"19 , Ashshin (Aashin) 1423",06/10/2016
"20 , Ashshin (Aashin) 1423",07/10/2016
"21 , Ashshin (Aashin) 1423",08/10/2016
"22 , Ashshin (Aashin) 1423",09/10/2016
"23 , Ashshin (Aashin) 1423",10/10/2016
"24 , Ashshin (Aashin) 1423",11/10/2016
"25 , Ashshin (Aashin) 1423",12/10/2016
"26 , Ashshin (Aashin) 1423",13/10/2016
"27 , Ashshin (Aashin) 1423",14/10/2016
"28 , Ashshin (Aashin) 1423",15/10/2016
"29 , Ashshin (Aashin) 1423",16/10/2016
"30 , Ashshin (Aashin) 1423",17/10/2016
"1 , Kartik 1423",18/10/2016
"2 , Kartik 1423",19/10/2016
"3 , Kartik 1423",20/10/2016
"4 , Kartik 1423",21/10/2016
"5 , Kartik 1423",22/10/2016
"6 , Kartik 1423",23/10/2016
"7 , Kartik 1423",24/10/2016
"8 , Kartik 1423",25/10/2016
"9 , Kartik 1423",26/10/2016
"10 , Kartik 1423",27/10/2016
"11 , Kartik 1423",28/10/2016
"12 , Kartik 1423",29/10/2016
"13 , Kartik 1423",30/10/2016
"14 , Kartik 1423",31/10/2016
"15 , Kartik 1423",01/11/2016
"16 , Kartik 1423",02/11/2016
"17 , Kartik 1423",03/11/2016
"18 , Kartik 1423",04/11/2016
"19 , Kartik 1423",05/11/2016
"20 , Kartik 1423",06/11/2016
"21 , Kartik 1423",07/11/2016
"22 , Kartik 1423",08/11/2016
"23 , Kartik 1423",09/11/2016
"24 , Kartik 1423",10/11/2016
"25 , Kartik 1423",11/11/2016
"26 , Kartik 1423",12/11/2016
"27 , Kartik 1423",13/11/2016
"28 , Kartik 1423",14/11/2016
"29 , Kartik 1423",15/11/2016
"30 , Kartik 1423",16/11/2016
"1 , Ogrohaeon (Agrahan) 1423",17/11/2016
"2 , Ogrohaeon (Agrahan) 1423",18/11/2016
"3 , Ogrohaeon (Agrahan) 1423",19/11/2016
"4 , Ogrohaeon (Agrahan) 1423",20/11/2016
"5 , Ogrohaeon (Agrahan) 1423",21/11/2016
"6 , Ogrohaeon (Agrahan) 1423",22/11/2016
"7 , Ogrohaeon (Agrahan) 1423",23/11/2016
"8 , Ogrohaeon (Agrahan) 1423",24/11/2016
"9 , Ogrohaeon (Agrahan) 1423",25/11/2016
"10 , Ogrohaeon (Agrahan) 1423",26/11/2016
"11 , Ogrohaeon (Agrahan) 1423",27/11/2016
"12 , Ogrohaeon (Agrahan) 1423",28/11/2016
"13 , Ogrohaeon (Agrahan) 1423",29/11/2016
"14 , Ogrohaeon (Agrahan) 1423",30/11/2016
"15 , Ogrohaeon (Agrahan) 1423",01/12/2016
"16 , Ogrohaeon (Agrahan) 1423",02/12/2016
"17 , Ogrohaeon (Agrahan) 1423",03/12/2016
"18 , Ogrohaeon (Agrahan) 1423",04/12/2016
"19 , Ogrohaeon (Agrahan) 1423",05/12/2016
"20 , Ogrohaeon (Agrahan) 1423",06/12/2016
"21 , Ogrohaeon (Agrahan) 1423",07/12/2016
"22 , Ogrohaeon (Agrahan) 1423",08/12/2016
"23 , Ogrohaeon (Agrahan) 1423",09/12/2016
"24 , Ogrohaeon (Agrahan) 1423",10/12/2016
"25 , Ogrohaeon (Agrahan) 1423",11/12/2016
"26 , Ogrohaeon (Agrahan) 1423",12/12/2016
"27 , Ogrohaeon (Agrahan) 1423",13/12/2016
"28 , Ogrohaeon (Agrahan) 1423",14/12/2016
"29 , Ogrohaeon (Agrahan) 1423",15/12/2016
"30 , Ogrohaeon (Agrahan) 1423",16/12/2016
"1 , Poush 1423",17/12/2016
"2 , Poush 1423",18/12/2016
"3 , Poush 1423",19/12/2016
"4 , Poush 1423",20/12/2016
"5 , Poush 1423",21/12/2016
"6 , Poush 1423",22/12/2016
"7 , Poush 1423",23/12/2016
"8 , Poush 1423",24/12/2016
"9 , Poush 1423",25/12/2016
"10 , Poush 1423",26/12/2016
"11 , Poush 1423",27/12/2016
"12 , Poush 1423",28/12/2016
"13 , Poush 1423",29/12/2016
"14 , Poush 1423",30/12/2016
"15 , Poush 1423",31/12/2016
"16 , Poush 1423",01/01/2017
"17 , Poush 1423",02/01/2017
"18 , Poush 1423",03/01/2017
"19 , Poush 1423",04/01/2017
"20 , Poush 1423",05/01/2017
"21 , Poush 1423",06/01/2017
"22 , Poush 1423",07/01/2017
"23 , Poush 1423",08/01/2017
"24 , Poush 1423",09/01/2017
"25 , Poush 1423",10/01/2017
"26 , Poush 1423",11/01/2017
"27 , Poush 1423",12/01/2017
"28 , Poush 1423",13/01/2017
"29 , Poush 1423",14/01/2017
"1 , Magh (Maagh) 1424",15/01/2017
"2 , Magh (Maagh) 1424",16/01/2017
"3 , Magh (Maagh) 1424",17/01/2017
"4 , Magh (Maagh) 1424",18/01/2017
"5 , Magh (Maagh) 1424",19/01/2017
"6 , Magh (Maagh) 1424",20/01/2017
"7 , Magh (Maagh) 1424",21/01/2017
"8 , Magh (Maagh) 1424",22/01/2017
"9 , Magh (Maagh) 1424",23/01/2017
"10 , Magh (Maagh) 1424",24/01/2017
"11 , Magh (Maagh) 1424",25/01/2017
"12 , Magh (Maagh) 1424",26/01/2017
"13 , Magh (Maagh) 1424",27/01/2017
"14 , Magh (Maagh) 1424",28/01/2017
"15 , Magh (Maagh) 1424",29/01/2017
"16 , Magh (Maagh) 1424",30/01/2017
"17 , Magh (Maagh) 1424",31/01/2017
"18 , Magh (Maagh) 1424",01/02/2017
"19 , Magh (Maagh) 1424",02/02/2017
"20 , Magh (Maagh) 1424",03/02/2017
"21 , Magh (Maagh) 1424",04/02/2017
"22 , Magh (Maagh) 1424",05/02/2017
"23 , Magh (Maagh) 1424",06/02/2017
"24 , Magh (Maagh) 1424",07/02/2017
"25 , Magh (Maagh) 1424",08/02/2017
"26 , Magh (Maagh) 1424",09/02/2017
"27 , Magh (Maagh) 1424",10/02/2017
"28 , Magh (Maagh) 1424",11/02/2017
"29 , Magh (Maagh) 1424",12/02/2017
"30 , Magh (Maagh) 1424",13/02/2017
"31 , Magh (Maagh) 1424",14/02/2017
"32 , Magh (Maagh) 1424",15/02/2017
"33 , Magh (Maagh) 1424",16/02/2017
"34 , Magh (Maagh) 1424",17/02/2017
"35 , Magh (Maagh) 1424",18/02/2017
"36 , Magh (Maagh) 1424",19/02/2017
"37 , Magh (Maagh) 1424",20/02/2017
"38 , Magh (Maagh) 1424",21/02/2017
"39 , Magh (Maagh) 1424",22/02/2017
"40 , Magh (Maagh) 1424",23/02/2017
"41 , Magh (Maagh) 1424",24/02/2017
"42 , Magh (Maagh) 1424",25/02/2017
"43 , Magh (Maagh) 1424",26/02/2017
"44 , Magh (Maagh) 1424",27/02/2017
"45 , Magh (Maagh) 1424",28/02/2017
"46 , Magh (Maagh) 1424",01/03/2017
"47 , Magh (Maagh) 1424",02/03/2017
"48 , Magh (Maagh) 1424",03/03/2017
"49 , Magh (Maagh) 1424",04/03/2017
"50 , Magh (Maagh) 1424",05/03/2017
"51 , Magh (Maagh) 1424",06/03/2017
"52 , Magh (Maagh) 1424",07/03/2017
"53 , Magh (Maagh) 1424",08/03/2017
"54 , Magh (Maagh) 1424",09/03/2017
"55 , Magh (Maagh) 1424",10/03/2017
"56 , Magh (Maagh) 1424",11/03/2017
"57 , Magh (Maagh) 1424",12/03/2017
"58 , Magh (Maagh) 1424",13/03/2017
"59 , Magh (Maagh) 1424",14/03/2017
"60 , Magh (Maagh) 1424",15/03/2017
"61 , Magh (Maagh) 1424",16/03/2017
"62 , Magh (Maagh) 1424",17/03/2017
"63 , Magh (Maagh) 1424",18/03/2017
"64 , Magh (Maagh) 1424",19/03/2017
"65 , Magh (Maagh) 1424",20/03/2017
"66 , Magh (Maagh) 1424",21/03/2017
"67 , Magh (Maagh) 1424",22/03/2017
"68 , Magh (Maagh) 1424",23/03/2017
"69 , Magh (Maagh) 1424",24/03/2017
"70 , Magh (Maagh) 1424",25/03/2017
"71 , Magh (Maagh) 1424",26/03/2017
"72 , Magh (Maagh) 1424",27/03/2017
"73 , Magh (Maagh) 1424",28/03/2017
"74 , Magh (Maagh) 1424",29/03/2017
"75 , Magh (Maagh) 1424",30/03/2017
"76 , Magh (Maagh) 1424",31/03/2017
"77 , Magh (Maagh) 1424",01/04/2017
"78 , Magh (Maagh) 1424",02/04/2017
"79 , Magh (Maagh) 1424",03/04/2017
"80 , Magh (Maagh) 1424",04/04/2017
"81 , Magh (Maagh) 1424",05/04/2017
"82 , Magh (Maagh) 1424",06/04/2017
"83 , Magh (Maagh) 1424",07/04/2017
"84 , Magh (Maagh) 1424",08/04/2017
"85 , Magh (Maagh) 1424",09/04/2017
"86 , Magh (Maagh) 1424",10/04/2017
"87 , Magh (Maagh) 1424",11/04/2017
"88 , Magh (Maagh) 1424",12/04/2017
"89 , Magh (Maagh) 1424",13/04/2017
"90 , Magh (Maagh) 1424",14/04/2017
"91 , Magh (Maagh) 1424",15/04/2017
"92 , Magh (Maagh) 1424",16/04/2017
"93 , Magh (Maagh) 1424",17/04/2017
"94 , Magh (Maagh) 1424",18/04/2017
"95 , Magh (Maagh) 1424",19/04/2017
"96 , Magh (Maagh) 1424",20/04/2017
"97 , Magh (Maagh) 1424",21/04/2017
"98 , Magh (Maagh) 1424",22/04/2017
"99 , Magh (Maagh) 1424",23/04/2017
"100 , Magh (Maagh) 1424",24/04/2017
"101 , Magh (Maagh) 1424",25/04/2017
"102 , Magh (Maagh) 1424",26/04/2017
"103 , Magh (Maagh) 1424",27/04/2017
"104 , Magh (Maagh) 1424",28/04/2017
"105 , Magh (Maagh) 1424",29/04/2017
"106 , Magh (Maagh) 1424",30/04/2017
"107 , Magh (Maagh) 1424",01/05/2017
"108 , Magh (Maagh) 1424",02/05/2017
"109 , Magh (Maagh) 1424",03/05/2017
"110 , Magh (Maagh) 1424",04/05/2017
"111 , Magh (Maagh) 1424",05/05/2017
"112 , Magh (Maagh) 1424",06/05/2017
"113 , Magh (Maagh) 1424",07/05/2017
"114 , Magh (Maagh) 1424",08/05/2017
"115 , Magh (Maagh) 1424",09/05/2017
"116 , Magh (Maagh) 1424",10/05/2017
"117 , Magh (Maagh) 1424",11/05/2017
"118 , Magh (Maagh) 1424",12/05/2017
"119 , Magh (Maagh) 1424",13/05/2017
"120 , Magh (Maagh) 1424",14/05/2017
"121 , Magh (Maagh) 1424",15/05/2017
"122 , Magh (Maagh) 1424",16/05/2017
"123 , Magh (Maagh) 1424",17/05/2017
"124 , Magh (Maagh) 1424",18/05/2017
"125 , Magh (Maagh) 1424",19/05/2017
"126 , Magh (Maagh) 1424",20/05/2017
"127 , Magh (Maagh) 1424",21/05/2017
"128 , Magh (Maagh) 1424",22/05/2017
"129 , Magh (Maagh) 1424",23/05/2017
"130 , Magh (Maagh) 1424",24/05/2017
"131 , Magh (Maagh) 1424",25/05/2017
"132 , Magh (Maagh) 1424",26/05/2017
"133 , Magh (Maagh) 1424",27/05/2017
"134 , Magh (Maagh) 1424",28/05/2017
"135 , Magh (Maagh) 1424",29/05/2017
"136 , Magh (Maagh) 1424",30/05/2017
"137 , Magh (Maagh) 1424",31/05/2017
"138 , Magh (Maagh) 1424",01/06/2017
"139 , Magh (Maagh) 1424",02/06/2017
"140 , Magh (Maagh) 1424",03/06/2017
"141 , Magh (Maagh) 1424",04/06/2017
"142 , Magh (Maagh) 1424",05/06/2017
"143 , Magh (Maagh) 1424",06/06/2017
"144 , Magh (Maagh) 1424",07/06/2017
"145 , Magh (Maagh) 1424",08/06/2017
"146 , Magh (Maagh) 1424",09/06/2017
"147 , Magh (Maagh) 1424",10/06/2017
"148 , Magh (Maagh) 1424",11/06/2017
"149 , Magh (Maagh) 1424",12/06/2017
"150 , Magh (Maagh) 1424",13/06/2017
"151 , Magh (Maagh) 1424",14/06/2017
"152 , Magh (Maagh) 1424",15/06/2017
"153 , Magh (Maagh) 1424",16/06/2017
"154 , Magh (Maagh) 1424",17/06/2017
"155 , Magh (Maagh) 1424",18/06/2017
"156 , Magh (Maagh) 1424",19/06/2017
"157 , Magh (Maagh) 1424",20/06/2017
"158 , Magh (Maagh) 1424",21/06/2017
"159 , Magh (Maagh) 1424",22/06/2017
"160 , Magh (Maagh) 1424",23/06/2017
"161 , Magh (Maagh) 1424",24/06/2017
"162 , Magh (Maagh) 1424",25/06/2017
"163 , Magh (Maagh) 1424",26/06/2017
"164 , Magh (Maagh) 1424",27/06/2017
"165 , Magh (Maagh) 1424",28/06/2017
"166 , Magh (Maagh) 1424",29/06/2017
"167 , Magh (Maagh) 1424",30/06/2017
"168 , Magh (Maagh) 1424",01/07/2017
"169 , Magh (Maagh) 1424",02/07/2017
"170 , Magh (Maagh) 1424",03/07/2017
"171 , Magh (Maagh) 1424",04/07/2017
"172 , Magh (Maagh) 1424",05/07/2017
"173 , Magh (Maagh) 1424",06/07/2017
"174 , Magh (Maagh) 1424",07/07/2017
"175 , Magh (Maagh) 1424",08/07/2017
"176 , Magh (Maagh) 1424",09/07/2017
"177 , Magh (Maagh) 1424",10/07/2017
"178 , Magh (Maagh) 1424",11/07/2017
"179 , Magh (Maagh) 1424",12/07/2017
"180 , Magh (Maagh) 1424",13/07/2017
"181 , Magh (Maagh) 1424",14/07/2017
"182 , Magh (Maagh) 1424",15/07/2017
"183 , Magh (Maagh) 1424",16/07/2017
"184 , Magh (Maagh) 1424",17/07/2017
"185 , Magh (Maagh) 1424",18/07/2017
"186 , Magh (Maagh) 1424",19/07/2017
"187 , Magh (Maagh) 1424",20/07/2017
"188 , Magh (Maagh) 1424",21/07/2017
"189 , Magh (Maagh) 1424",22/07/2017
"190 , Magh (Maagh) 1424",23/07/2017
"191 , Magh (Maagh) 1424",24/07/2017
"192 , Magh (Maagh) 1424",25/07/2017
"193 , Magh (Maagh) 1424",26/07/2017
"194 , Magh (Maagh) 1424",27/07/2017
"195 , Magh (Maagh) 1424",28/07/2017
"196 , Magh (Maagh) 1424",29/07/2017
"197 , Magh (Maagh) 1424",30/07/2017
"198 , Magh (Maagh) 1424",31/07/2017
"199 , Magh (Maagh) 1424",01/08/2017
"200 , Magh (Maagh) 1424",02/08/2017
"201 , Magh (Maagh) 1424",03/08/2017
"202 , Magh (Maagh) 1424",04/08/2017
"203 , Magh (Maagh) 1424",05/08/2017
"204 , Magh (Maagh) 1424",06/08/2017
"205 , Magh (Maagh) 1424",07/08/2017
"206 , Magh (Maagh) 1424",08/08/2017
"207 , Magh (Maagh) 1424",09/08/2017
"208 , Magh (Maagh) 1424",10/08/2017
"209 , Magh (Maagh) 1424",11/08/2017
"210 , Magh (Maagh) 1424",12/08/2017
"211 , Magh (Maagh) 1424",13/08/2017
"212 , Magh (Maagh) 1424",14/08/2017
"213 , Magh (Maagh) 1424",15/08/2017
"214 , Magh (Maagh) 1424",16/08/2017
"215 , Magh (Maagh) 1424",17/08/2017
"216 , Magh (Maagh) 1424",18/08/2017
"217 , Magh (Maagh) 1424",19/08/2017
"218 , Magh (Maagh) 1424",20/08/2017
"219 , Magh (Maagh) 1424",21/08/2017
"220 , Magh (Maagh) 1424",22/08/2017
"221 , Magh (Maagh) 1424",23/08/2017
"222 , Magh (Maagh) 1424",24/08/2017
"223 , Magh (Maagh) 1424",25/08/2017
"224 , Magh (Maagh) 1424",26/08/2017
"225 , Magh (Maagh) 1424",27/08/2017
"226 , Magh (Maagh) 1424",28/08/2017
"227 , Magh (Maagh) 1424",29/08/2017
"228 , Magh (Maagh) 1424",30/08/2017
"229 , Magh (Maagh) 1424",31/08/2017
"230 , Magh (Maagh) 1424",01/09/2017
"231 , Magh (Maagh) 1424",02/09/2017
"232 , Magh (Maagh) 1424",03/09/2017
"233 , Magh (Maagh) 1424",04/09/2017
"234 , Magh (Maagh) 1424",05/09/2017
"235 , Magh (Maagh) 1424",06/09/2017
"236 , Magh (Maagh) 1424",07/09/2017
"237 , Magh (Maagh) 1424",08/09/2017
"238 , Magh (Maagh) 1424",09/09/2017
"239 , Magh (Maagh) 1424",10/09/2017
"240 , Magh (Maagh) 1424",11/09/2017
"241 , Magh (Maagh) 1424",12/09/2017
"242 , Magh (Maagh) 1424",13/09/2017
"243 , Magh (Maagh) 1424",14/09/2017
"244 , Magh (Maagh) 1424",15/09/2017
"245 , Magh (Maagh) 1424",16/09/2017
"246 , Magh (Maagh) 1424",17/09/2017
"247 , Magh (Maagh) 1424",18/09/2017
"248 , Magh (Maagh) 1424",19/09/2017
"249 , Magh (Maagh) 1424",20/09/2017
"250 , Magh (Maagh) 1424",21/09/2017
"251 , Magh (Maagh) 1424",22/09/2017
"252 , Magh (Maagh) 1424",23/09/2017
"253 , Magh (Maagh) 1424",24/09/2017
"254 , Magh (Maagh) 1424",25/09/2017
"255 , Magh (Maagh) 1424",26/09/2017
"256 , Magh (Maagh) 1424",27/09/2017
"257 , Magh (Maagh) 1424",28/09/2017
"258 , Magh (Maagh) 1424",29/09/2017
"259 , Magh (Maagh) 1424",30/09/2017
"260 , Magh (Maagh) 1424",01/10/2017
"261 , Magh (Maagh) 1424",02/10/2017
"262 , Magh (Maagh) 1424",03/10/2017
"263 , Magh (Maagh) 1424",04/10/2017
"264 , Magh (Maagh) 1424",05/10/2017
"265 , Magh (Maagh) 1424",06/10/2017
"266 , Magh (Maagh) 1424",07/10/2017
"267 , Magh (Maagh) 1424",08/10/2017
"268 , Magh (Maagh) 1424",09/10/2017
"269 , Magh (Maagh) 1424",10/10/2017
"270 , Magh (Maagh) 1424",11/10/2017
"271 , Magh (Maagh) 1424",12/10/2017
"272 , Magh (Maagh) 1424",13/10/2017
"273 , Magh (Maagh) 1424",14/10/2017
"274 , Magh (Maagh) 1424",15/10/2017
"275 , Magh (Maagh) 1424",16/10/2017
"276 , Magh (Maagh) 1424",17/10/2017
"277 , Magh (Maagh) 1424",18/10/2017
"278 , Magh (Maagh) 1424",19/10/2017
"279 , Magh (Maagh) 1424",20/10/2017
"280 , Magh (Maagh) 1424",21/10/2017
"281 , Magh (Maagh) 1424",22/10/2017
"282 , Magh (Maagh) 1424",23/10/2017
"283 , Magh (Maagh) 1424",24/10/2017
"284 , Magh (Maagh) 1424",25/10/2017
"285 , Magh (Maagh) 1424",26/10/2017
"286 , Magh (Maagh) 1424",27/10/2017
"287 , Magh (Maagh) 1424",28/10/2017
"288 , Magh (Maagh) 1424",29/10/2017
"289 , Magh (Maagh) 1424",30/10/2017
"290 , Magh (Maagh) 1424",31/10/2017
"291 , Magh (Maagh) 1424",01/11/2017
"292 , Magh (Maagh) 1424",02/11/2017
"293 , Magh (Maagh) 1424",03/11/2017
"294 , Magh (Maagh) 1424",04/11/2017
"295 , Magh (Maagh) 1424",05/11/2017
"296 , Magh (Maagh) 1424",06/11/2017
"297 , Magh (Maagh) 1424",07/11/2017
"298 , Magh (Maagh) 1424",08/11/2017
"299 , Magh (Maagh) 1424",09/11/2017
"300 , Magh (Maagh) 1424",10/11/2017
"301 , Magh (Maagh) 1424",11/11/2017
"302 , Magh (Maagh) 1424",12/11/2017
"303 , Magh (Maagh) 1424",13/11/2017
"304 , Magh (Maagh) 1424",14/11/2017
"305 , Magh (Maagh) 1424",15/11/2017
"306 , Magh (Maagh) 1424",16/11/2017
"307 , Magh (Maagh) 1424",17/11/2017
"308 , Magh (Maagh) 1424",18/11/2017
"309 , Magh (Maagh) 1424",19/11/2017
"310 , Magh (Maagh) 1424",20/11/2017
"311 , Magh (Maagh) 1424",21/11/2017
"312 , Magh (Maagh) 1424",22/11/2017
"313 , Magh (Maagh) 1424",23/11/2017
"314 , Magh (Maagh) 1424",24/11/2017
"315 , Magh (Maagh) 1424",25/11/2017
"316 , Magh (Maagh) 1424",26/11/2017
"317 , Magh (Maagh) 1424",27/11/2017
"318 , Magh (Maagh) 1424",28/11/2017
"319 , Magh (Maagh) 1424",29/11/2017
"320 , Magh (Maagh) 1424",30/11/2017
"321 , Magh (Maagh) 1424",01/12/2017
"322 , Magh (Maagh) 1424",02/12/2017
"323 , Magh (Maagh) 1424",03/12/2017
"324 , Magh (Maagh) 1424",04/12/2017
"325 , Magh (Maagh) 1424",05/12/2017
"326 , Magh (Maagh) 1424",06/12/2017
"327 , Magh (Maagh) 1424",07/12/2017
"328 , Magh (Maagh) 1424",08/12/2017
"329 , Magh (Maagh) 1424",09/12/2017
"330 , Magh (Maagh) 1424",10/12/2017
"331 , Magh (Maagh) 1424",11/12/2017
"332 , Magh (Maagh) 1424",12/12/2017
"1 , Falgun (Phalgun) 1424",13/02/2017
"2 , Falgun (Phalgun) 1424",14/02/2017
"3 , Falgun (Phalgun) 1424",15/02/2017
"4 , Falgun (Phalgun) 1424",16/02/2017
"5 , Falgun (Phalgun) 1424",17/02/2017
"6 , Falgun (Phalgun) 1424",18/02/2017
"7 , Falgun (Phalgun) 1424",19/02/2017
"8 , Falgun (Phalgun) 1424",20/02/2017
"9 , Falgun (Phalgun) 1424",21/02/2017
"10 , Falgun (Phalgun) 1424",22/02/2017
"11 , Falgun (Phalgun) 1424",23/02/2017
"12 , Falgun (Phalgun) 1424",24/02/2017
"13 , Falgun (Phalgun) 1424",25/02/2017
"14 , Falgun (Phalgun) 1424",26/02/2017
"15 , Falgun (Phalgun) 1424",27/02/2017
"16 , Falgun (Phalgun) 1424",28/02/2017
"17 , Falgun (Phalgun) 1424",01/03/2017
"18 , Falgun (Phalgun) 1424",02/03/2017
"19 , Falgun (Phalgun) 1424",03/03/2017
"20 , Falgun (Phalgun) 1424",04/03/2017
"21 , Falgun (Phalgun) 1424",05/03/2017
"22 , Falgun (Phalgun) 1424",06/03/2017
"23 , Falgun (Phalgun) 1424",07/03/2017
"24 , Falgun (Phalgun) 1424",08/03/2017
"25 , Falgun (Phalgun) 1424",09/03/2017
"26 , Falgun (Phalgun) 1424",10/03/2017
"27 , Falgun (Phalgun) 1424",11/03/2017
"28 , Falgun (Phalgun) 1424",12/03/2017
"29 , Falgun (Phalgun) 1424",13/03/2017
"30 , Falgun (Phalgun) 1424",14/03/2017
"1 , Choitro (Chaitra) 1424",15/03/2017
"2 , Choitro (Chaitra) 1424",16/03/2017
"3 , Choitro (Chaitra) 1424",17/03/2017
"4 , Choitro (Chaitra) 1424",18/03/2017
"5 , Choitro (Chaitra) 1424",19/03/2017
"6 , Choitro (Chaitra) 1424",20/03/2017
"7 , Choitro (Chaitra) 1424",21/03/2017
"8 , Choitro (Chaitra) 1424",22/03/2017
"9 , Choitro (Chaitra) 1424",23/03/2017
"10 , Choitro (Chaitra) 1424",24/03/2017
"11 , Choitro (Chaitra) 1424",25/03/2017
"12 , Choitro (Chaitra) 1424",26/03/2017
"13 , Choitro (Chaitra) 1424",27/03/2017
"14 , Choitro (Chaitra) 1424",28/03/2017
"15 , Choitro (Chaitra) 1424",29/03/2017
"16 , Choitro (Chaitra) 1424",30/03/2017
"17 , Choitro (Chaitra) 1424",31/03/2017
"18 , Choitro (Chaitra) 1424",01/04/2017
"19 , Choitro (Chaitra) 1424",02/04/2017
"20 , Choitro (Chaitra) 1424",03/04/2017
"21 , Choitro (Chaitra) 1424",04/04/2017
"22 , Choitro (Chaitra) 1424",05/04/2017
"23 , Choitro (Chaitra) 1424",06/04/2017
"24 , Choitro (Chaitra) 1424",07/04/2017
"25 , Choitro (Chaitra) 1424",08/04/2017
"26 , Choitro (Chaitra) 1424",09/04/2017
"27 , Choitro (Chaitra) 1424",10/04/2017
"28 , Choitro (Chaitra) 1424",11/04/2017
"29 , Choitro (Chaitra) 1424",12/04/2017
"30 , Choitro (Chaitra) 1424",13/04/2017
"31 , Choitro (Chaitra) 1424",14/04/2017
"1 , Boishakh (Baisakh) 1424",15/04/2017
"2 , Boishakh (Baisakh) 1424",16/04/2017
"3 , Boishakh (Baisakh) 1424",17/04/2017
"4 , Boishakh (Baisakh) 1424",18/04/2017
"5 , Boishakh (Baisakh) 1424",19/04/2017
"6 , Boishakh (Baisakh) 1424",20/04/2017
"7 , Boishakh (Baisakh) 1424",21/04/2017
"8 , Boishakh (Baisakh) 1424",22/04/2017
"9 , Boishakh (Baisakh) 1424",23/04/2017
"10 , Boishakh (Baisakh) 1424",24/04/2017
"11 , Boishakh (Baisakh) 1424",25/04/2017
"12 , Boishakh (Baisakh) 1424",26/04/2017
"13 , Boishakh (Baisakh) 1424",27/04/2017
"14 , Boishakh (Baisakh) 1424",28/04/2017
"15 , Boishakh (Baisakh) 1424",29/04/2017
"16 , Boishakh (Baisakh) 1424",30/04/2017
"17 , Boishakh (Baisakh) 1424",01/05/2017
"18 , Boishakh (Baisakh) 1424",02/05/2017
"19 , Boishakh (Baisakh) 1424",03/05/2017
"20 , Boishakh (Baisakh) 1424",04/05/2017
"21 , Boishakh (Baisakh) 1424",05/05/2017
"22 , Boishakh (Baisakh) 1424",06/05/2017
"23 , Boishakh (Baisakh) 1424",07/05/2017
"24 , Boishakh (Baisakh) 1424",08/05/2017
"25 , Boishakh (Baisakh) 1424",09/05/2017
"26 , Boishakh (Baisakh) 1424",10/05/2017
"27 , Boishakh (Baisakh) 1424",11/05/2017
"28 , Boishakh (Baisakh) 1424",12/05/2017
"29 , Boishakh (Baisakh) 1424",13/05/2017
"30 , Boishakh (Baisakh) 1424",14/05/2017
"31 , Boishakh (Baisakh) 1424",15/05/2017
"1 , Joishtho (Jaishtho) 1424",16/05/2017
"2 , Joishtho (Jaishtho) 1424",17/05/2017
"3 , Joishtho (Jaishtho) 1424",18/05/2017
"4 , Joishtho (Jaishtho) 1424",19/05/2017
"5 , Joishtho (Jaishtho) 1424",20/05/2017
"6 , Joishtho (Jaishtho) 1424",21/05/2017
"7 , Joishtho (Jaishtho) 1424",22/05/2017
"8 , Joishtho (Jaishtho) 1424",23/05/2017
"9 , Joishtho (Jaishtho) 1424",24/05/2017
"10 , Joishtho (Jaishtho) 1424",25/05/2017
"11 , Joishtho (Jaishtho) 1424",26/05/2017
"12 , Joishtho (Jaishtho) 1424",27/05/2017
"13 , Joishtho (Jaishtho) 1424",28/05/2017
"14 , Joishtho (Jaishtho) 1424",29/05/2017
"15 , Joishtho (Jaishtho) 1424",30/05/2017
"16 , Joishtho (Jaishtho) 1424",31/05/2017
"17 , Joishtho (Jaishtho) 1424",01/06/2017
"18 , Joishtho (Jaishtho) 1424",02/06/2017
"19 , Joishtho (Jaishtho) 1424",03/06/2017
"20 , Joishtho (Jaishtho) 1424",04/06/2017
"21 , Joishtho (Jaishtho) 1424",05/06/2017
"22 , Joishtho (Jaishtho) 1424",06/06/2017
"23 , Joishtho (Jaishtho) 1424",07/06/2017
"24 , Joishtho (Jaishtho) 1424",08/06/2017
"25 , Joishtho (Jaishtho) 1424",09/06/2017
"26 , Joishtho (Jaishtho) 1424",10/06/2017
"27 , Joishtho (Jaishtho) 1424",11/06/2017
"28 , Joishtho (Jaishtho) 1424",12/06/2017
"29 , Joishtho (Jaishtho) 1424",13/06/2017
"30 , Joishtho (Jaishtho) 1424",14/06/2017
"31 , Joishtho (Jaishtho) 1424",15/06/2017
"1 , Asharh (Aashar) 1424",16/06/2017
"2 , Asharh (Aashar) 1424",17/06/2017
"3 , Asharh (Aashar) 1424",18/06/2017
"4 , Asharh (Aashar) 1424",19/06/2017
"5 , Asharh (Aashar) 1424",20/06/2017
"6 , Asharh (Aashar) 1424",21/06/2017
"7 , Asharh (Aashar) 1424",22/06/2017
"8 , Asharh (Aashar) 1424",23/06/2017
"9 , Asharh (Aashar) 1424",24/06/2017
"10 , Asharh (Aashar) 1424",25/06/2017
"11 , Asharh (Aashar) 1424",26/06/2017
"12 , Asharh (Aashar) 1424",27/06/2017
"13 , Asharh (Aashar) 1424",28/06/2017
"14 , Asharh (Aashar) 1424",29/06/2017
"15 , Asharh (Aashar) 1424",30/06/2017
"16 , Asharh (Aashar) 1424",01/07/2017
"17 , Asharh (Aashar) 1424",02/07/2017
"18 , Asharh (Aashar) 1424",03/07/2017
"19 , Asharh (Aashar) 1424",04/07/2017
"20 , Asharh (Aashar) 1424",05/07/2017
"21 , Asharh (Aashar) 1424",06/07/2017
"22 , Asharh (Aashar) 1424",07/07/2017
"23 , Asharh (Aashar) 1424",08/07/2017
"24 , Asharh (Aashar) 1424",09/07/2017
"25 , Asharh (Aashar) 1424",10/07/2017
"26 , Asharh (Aashar) 1424",11/07/2017
"27 , Asharh (Aashar) 1424",12/07/2017
"28 , Asharh (Aashar) 1424",13/07/2017
"29 , Asharh (Aashar) 1424",14/07/2017
"30 , Asharh (Aashar) 1424",15/07/2017
"31 , Asharh (Aashar) 1424",16/07/2017
"1 , Srabon (Shraban) 1424",17/07/2017
"2 , Srabon (Shraban) 1424",18/07/2017
"3 , Srabon (Shraban) 1424",19/07/2017
"4 , Srabon (Shraban) 1424",20/07/2017
"5 , Srabon (Shraban) 1424",21/07/2017
"6 , Srabon (Shraban) 1424",22/07/2017
"7 , Srabon (Shraban) 1424",23/07/2017
"8 , Srabon (Shraban) 1424",24/07/2017
"9 , Srabon (Shraban) 1424",25/07/2017
"10 , Srabon (Shraban) 1424",26/07/2017
"11 , Srabon (Shraban) 1424",27/07/2017
"12 , Srabon (Shraban) 1424",28/07/2017
"13 , Srabon (Shraban) 1424",29/07/2017
"14 , Srabon (Shraban) 1424",30/07/2017
"15 , Srabon (Shraban) 1424",31/07/2017
"16 , Srabon (Shraban) 1424",01/08/2017
"17 , Srabon (Shraban) 1424",02/08/2017
"18 , Srabon (Shraban) 1424",03/08/2017
"19 , Srabon (Shraban) 1424",04/08/2017
"20 , Srabon (Shraban) 1424",05/08/2017
"21 , Srabon (Shraban) 1424",06/08/2017
"22 , Srabon (Shraban) 1424",07/08/2017
"23 , Srabon (Shraban) 1424",08/08/2017
"24 , Srabon (Shraban) 1424",09/08/2017
"25 , Srabon (Shraban) 1424",10/08/2017
"26 , Srabon (Shraban) 1424",11/08/2017
"27 , Srabon (Shraban) 1424",12/08/2017
"28 , Srabon (Shraban) 1424",13/08/2017
"29 , Srabon (Shraban) 1424",14/08/2017
"30 , Srabon (Shraban) 1424",15/08/2017
"31 , Srabon (Shraban) 1424",16/08/2017
"32 , Srabon (Shraban) 1424",17/08/2017
"1 , Bhadro (Bhadra) 1424",18/08/2017
"2 , Bhadro (Bhadra) 1424",19/08/2017
"3 , Bhadro (Bhadra) 1424",20/08/2017
"4 , Bhadro (Bhadra) 1424",21/08/2017
"5 , Bhadro (Bhadra) 1424",22/08/2017
"6 , Bhadro (Bhadra) 1424",23/08/2017
"7 , Bhadro (Bhadra) 1424",24/08/2017
"8 , Bhadro (Bhadra) 1424",25/08/2017
"9 , Bhadro (Bhadra) 1424",26/08/2017
"10 , Bhadro (Bhadra) 1424",27/08/2017
"11 , Bhadro (Bhadra) 1424",28/08/2017
"12 , Bhadro (Bhadra) 1424",29/08/2017
"13 , Bhadro (Bhadra) 1424",30/08/2017
"14 , Bhadro (Bhadra) 1424",31/08/2017
"15 , Bhadro (Bhadra) 1424",01/09/2017
"16 , Bhadro (Bhadra) 1424",02/09/2017
"17 , Bhadro (Bhadra) 1424",03/09/2017
"18 , Bhadro (Bhadra) 1424",04/09/2017
"19 , Bhadro (Bhadra) 1424",05/09/2017
"20 , Bhadro (Bhadra) 1424",06/09/2017
"21 , Bhadro (Bhadra) 1424",07/09/2017
"22 , Bhadro (Bhadra) 1424",08/09/2017
"23 , Bhadro (Bhadra) 1424",09/09/2017
"24 , Bhadro (Bhadra) 1424",10/09/2017
"25 , Bhadro (Bhadra) 1424",11/09/2017
"26 , Bhadro (Bhadra) 1424",12/09/2017
"27 , Bhadro (Bhadra) 1424",13/09/2017
"28 , Bhadro (Bhadra) 1424",14/09/2017
"29 , Bhadro (Bhadra) 1424",15/09/2017
"30 , Bhadro (Bhadra) 1424",16/09/2017
"31 , Bhadro (Bhadra) 1424",17/09/2017
"1 , Ashshin (Aashin) 1424",18/09/2017
"2 , Ashshin (Aashin) 1424",19/09/2017
"3 , Ashshin (Aashin) 1424",20/09/2017
"4 , Ashshin (Aashin) 1424",21/09/2017
"5 , Ashshin (Aashin) 1424",22/09/2017
"6 , Ashshin (Aashin) 1424",23/09/2017
"7 , Ashshin (Aashin) 1424",24/09/2017
"8 , Ashshin (Aashin) 1424",25/09/2017
"9 , Ashshin (Aashin) 1424",26/09/2017
"10 , Ashshin (Aashin) 1424",27/09/2017
"11 , Ashshin (Aashin) 1424",28/09/2017
"12 , Ashshin (Aashin) 1424",29/09/2017
"13 , Ashshin (Aashin) 1424",30/09/2017
"14 , Ashshin (Aashin) 1424",01/10/2017
"15 , Ashshin (Aashin) 1424",02/10/2017
"16 , Ashshin (Aashin) 1424",03/10/2017
"17 , Ashshin (Aashin) 1424",04/10/2017
"18 , Ashshin (Aashin) 1424",05/10/2017
"19 , Ashshin (Aashin) 1424",06/10/2017
"20 , Ashshin (Aashin) 1424",07/10/2017
"21 , Ashshin (Aashin) 1424",08/10/2017
"22 , Ashshin (Aashin) 1424",09/10/2017
"23 , Ashshin (Aashin) 1424",10/10/2017
"24 , Ashshin (Aashin) 1424",11/10/2017
"25 , Ashshin (Aashin) 1424",12/10/2017
"26 , Ashshin (Aashin) 1424",13/10/2017
"27 , Ashshin (Aashin) 1424",14/10/2017
"28 , Ashshin (Aashin) 1424",15/10/2017
"29 , Ashshin (Aashin) 1424",16/10/2017
"30 , Ashshin (Aashin) 1424",17/10/2017
"31 , Ashshin (Aashin) 1424",18/10/2017
"1 , Kartik 1424",19/10/2017
"2 , Kartik 1424",20/10/2017
"3 , Kartik 1424",21/10/2017
"4 , Kartik 1424",22/10/2017
"5 , Kartik 1424",23/10/2017
"6 , Kartik 1424",24/10/2017
"7 , Kartik 1424",25/10/2017
"8 , Kartik 1424",26/10/2017
"9 , Kartik 1424",27/10/2017
"10 , Kartik 1424",28/10/2017
"11 , Kartik 1424",29/10/2017
"12 , Kartik 1424",30/10/2017
"13 , Kartik 1424",31/10/2017
"14 , Kartik 1424",01/11/2017
"15 , Kartik 1424",02/11/2017
"16 , Kartik 1424",03/11/2017
"17 , Kartik 1424",04/11/2017
"18 , Kartik 1424",05/11/2017
"19 , Kartik 1424",06/11/2017
"20 , Kartik 1424",07/11/2017
"21 , Kartik 1424",08/11/2017
"22 , Kartik 1424",09/11/2017
"23 , Kartik 1424",10/11/2017
"24 , Kartik 1424",11/11/2017
"25 , Kartik 1424",12/11/2017
"26 , Kartik 1424",13/11/2017
"27 , Kartik 1424",14/11/2017
"28 , Kartik 1424",15/11/2017
"29 , Kartik 1424",16/11/2017
"30 , Kartik 1424",17/11/2017
"1 , Ogrohaeon (Agrahan) 1424",18/11/2017
"2 , Ogrohaeon (Agrahan) 1424",19/11/2017
"3 , Ogrohaeon (Agrahan) 1424",20/11/2017
"4 , Ogrohaeon (Agrahan) 1424",21/11/2017
"5 , Ogrohaeon (Agrahan) 1424",22/11/2017
"6 , Ogrohaeon (Agrahan) 1424",23/11/2017
"7 , Ogrohaeon (Agrahan) 1424",24/11/2017
"8 , Ogrohaeon (Agrahan) 1424",25/11/2017
"9 , Ogrohaeon (Agrahan) 1424",26/11/2017
"10 , Ogrohaeon (Agrahan) 1424",27/11/2017
"11 , Ogrohaeon (Agrahan) 1424",28/11/2017
"12 , Ogrohaeon (Agrahan) 1424",29/11/2017
"13 , Ogrohaeon (Agrahan) 1424",30/11/2017
"14 , Ogrohaeon (Agrahan) 1424",01/12/2017
"15 , Ogrohaeon (Agrahan) 1424",02/12/2017
"16 , Ogrohaeon (Agrahan) 1424",03/12/2017
"17 , Ogrohaeon (Agrahan) 1424",04/12/2017
"18 , Ogrohaeon (Agrahan) 1424",05/12/2017
"19 , Ogrohaeon (Agrahan) 1424",06/12/2017
"20 , Ogrohaeon (Agrahan) 1424",07/12/2017
"21 , Ogrohaeon (Agrahan) 1424",08/12/2017
"22 , Ogrohaeon (Agrahan) 1424",09/12/2017
"23 , Ogrohaeon (Agrahan) 1424",10/12/2017
"24 , Ogrohaeon (Agrahan) 1424",11/12/2017
"25 , Ogrohaeon (Agrahan) 1424",12/12/2017
"26 , Ogrohaeon (Agrahan) 1424",13/12/2017
"27 , Ogrohaeon (Agrahan) 1424",14/12/2017
"28 , Ogrohaeon (Agrahan) 1424",15/12/2017
"29 , Ogrohaeon (Agrahan) 1424",16/12/2017
"1 , Poush 1424",17/12/2017
"2 , Poush 1424",18/12/2017
"3 , Poush 1424",19/12/2017
"4 , Poush 1424",20/12/2017
"5 , Poush 1424",21/12/2017
"6 , Poush 1424",22/12/2017
"7 , Poush 1424",23/12/2017
"8 , Poush 1424",24/12/2017
"9 , Poush 1424",25/12/2017
"10 , Poush 1424",26/12/2017
"11 , Poush 1424",27/12/2017
"12 , Poush 1424",28/12/2017
"13 , Poush 1424",29/12/2017
"14 , Poush 1424",30/12/2017
"15 , Poush 1424",31/12/2017
"16 , Poush 1424",01/01/2018
"17 , Poush 1424",02/01/2018
"18 , Poush 1424",03/01/2018
"19 , Poush 1424",04/01/2018
"20 , Poush 1424",05/01/2018
"21 , Poush 1424",06/01/2018
"22 , Poush 1424",07/01/2018
"23 , Poush 1424",08/01/2018
"24 , Poush 1424",09/01/2018
"25 , Poush 1424",10/01/2018
"26 , Poush 1424",11/01/2018
"27 , Poush 1424",12/01/2018
"28 , Poush 1424",13/01/2018
"29 , Poush 1424",14/01/2018
"1 , Magh (Maagh) 1425",15/01/2018
"2 , Magh (Maagh) 1425",16/01/2018
"3 , Magh (Maagh) 1425",17/01/2018
"4 , Magh (Maagh) 1425",18/01/2018
"5 , Magh (Maagh) 1425",19/01/2018
"6 , Magh (Maagh) 1425",20/01/2018
"7 , Magh (Maagh) 1425",21/01/2018
"8 , Magh (Maagh) 1425",22/01/2018
"9 , Magh (Maagh) 1425",23/01/2018
"10 , Magh (Maagh) 1425",24/01/2018
"11 , Magh (Maagh) 1425",25/01/2018
"12 , Magh (Maagh) 1425",26/01/2018
"13 , Magh (Maagh) 1425",27/01/2018
"14 , Magh (Maagh) 1425",28/01/2018
"15 , Magh (Maagh) 1425",29/01/2018
"16 , Magh (Maagh) 1425",30/01/2018
"17 , Magh (Maagh) 1425",31/01/2018
"18 , Magh (Maagh) 1425",01/02/2018
"19 , Magh (Maagh) 1425",02/02/2018
"20 , Magh (Maagh) 1425",03/02/2018
"21 , Magh (Maagh) 1425",04/02/2018
"22 , Magh (Maagh) 1425",05/02/2018
"23 , Magh (Maagh) 1425",06/02/2018
"24 , Magh (Maagh) 1425",07/02/2018
"25 , Magh (Maagh) 1425",08/02/2018
"26 , Magh (Maagh) 1425",09/02/2018
"27 , Magh (Maagh) 1425",10/02/2018
"28 , Magh (Maagh) 1425",11/02/2018
"29 , Magh (Maagh) 1425",12/02/2018
"30 , Magh (Maagh) 1425",13/02/2018
"1 , Falgun (Phalgun) 1425",14/02/2018
"2 , Falgun (Phalgun) 1425",15/02/2018
"3 , Falgun (Phalgun) 1425",16/02/2018
"4 , Falgun (Phalgun) 1425",17/02/2018
"5 , Falgun (Phalgun) 1425",18/02/2018
"6 , Falgun (Phalgun) 1425",19/02/2018
"7 , Falgun (Phalgun) 1425",20/02/2018
"8 , Falgun (Phalgun) 1425",21/02/2018
"9 , Falgun (Phalgun) 1425",22/02/2018
"10 , Falgun (Phalgun) 1425",23/02/2018
"11 , Falgun (Phalgun) 1425",24/02/2018
"12 , Falgun (Phalgun) 1425",25/02/2018
"13 , Falgun (Phalgun) 1425",26/02/2018
"14 , Falgun (Phalgun) 1425",27/02/2018
"15 , Falgun (Phalgun) 1425",28/02/2018
"16 , Falgun (Phalgun) 1425",01/03/2018
"17 , Falgun (Phalgun) 1425",02/03/2018
"18 , Falgun (Phalgun) 1425",03/03/2018
"19 , Falgun (Phalgun) 1425",04/03/2018
"20 , Falgun (Phalgun) 1425",05/03/2018
"21 , Falgun (Phalgun) 1425",06/03/2018
"22 , Falgun (Phalgun) 1425",07/03/2018
"23 , Falgun (Phalgun) 1425",08/03/2018
"24 , Falgun (Phalgun) 1425",09/03/2018
"25 , Falgun (Phalgun) 1425",10/03/2018
"26 , Falgun (Phalgun) 1425",11/03/2018
"27 , Falgun (Phalgun) 1425",12/03/2018
"28 , Falgun (Phalgun) 1425",13/03/2018
"29 , Falgun (Phalgun) 1425",14/03/2018
"30 , Falgun (Phalgun) 1425",15/03/2018
"1 , Choitro (Chaitra) 1425",16/03/2018
"2 , Choitro (Chaitra) 1425",17/03/2018
"3 , Choitro (Chaitra) 1425",18/03/2018
"4 , Choitro (Chaitra) 1425",19/03/2018
"5 , Choitro (Chaitra) 1425",20/03/2018
"6 , Choitro (Chaitra) 1425",21/03/2018
"7 , Choitro (Chaitra) 1425",22/03/2018
"8 , Choitro (Chaitra) 1425",23/03/2018
"9 , Choitro (Chaitra) 1425",24/03/2018
"10 , Choitro (Chaitra) 1425",25/03/2018
"11 , Choitro (Chaitra) 1425",26/03/2018
"12 , Choitro (Chaitra) 1425",27/03/2018
"13 , Choitro (Chaitra) 1425",28/03/2018
"14 , Choitro (Chaitra) 1425",29/03/2018
"15 , Choitro (Chaitra) 1425",30/03/2018
"16 , Choitro (Chaitra) 1425",31/03/2018
"17 , Choitro (Chaitra) 1425",01/04/2018
"18 , Choitro (Chaitra) 1425",02/04/2018
"19 , Choitro (Chaitra) 1425",03/04/2018
"20 , Choitro (Chaitra) 1425",04/04/2018
"21 , Choitro (Chaitra) 1425",05/04/2018
"22 , Choitro (Chaitra) 1425",06/04/2018
"23 , Choitro (Chaitra) 1425",07/04/2018
"24 , Choitro (Chaitra) 1425",08/04/2018
"25 , Choitro (Chaitra) 1425",09/04/2018
"26 , Choitro (Chaitra) 1425",10/04/2018
"27 , Choitro (Chaitra) 1425",11/04/2018
"28 , Choitro (Chaitra) 1425",12/04/2018
"29 , Choitro (Chaitra) 1425",13/04/2018
"30 , Choitro (Chaitra) 1425",14/04/2018
"1 , Boishakh (Baisakh) 1425",15/04/2018
"2 , Boishakh (Baisakh) 1425",16/04/2018
"3 , Boishakh (Baisakh) 1425",17/04/2018
"4 , Boishakh (Baisakh) 1425",18/04/2018
"5 , Boishakh (Baisakh) 1425",19/04/2018
"6 , Boishakh (Baisakh) 1425",20/04/2018
"7 , Boishakh (Baisakh) 1425",21/04/2018
"8 , Boishakh (Baisakh) 1425",22/04/2018
"9 , Boishakh (Baisakh) 1425",23/04/2018
"10 , Boishakh (Baisakh) 1425",24/04/2018
"11 , Boishakh (Baisakh) 1425",25/04/2018
"12 , Boishakh (Baisakh) 1425",26/04/2018
"13 , Boishakh (Baisakh) 1425",27/04/2018
"14 , Boishakh (Baisakh) 1425",28/04/2018
"15 , Boishakh (Baisakh) 1425",29/04/2018
"16 , Boishakh (Baisakh) 1425",30/04/2018
"17 , Boishakh (Baisakh) 1425",01/05/2018
"18 , Boishakh (Baisakh) 1425",02/05/2018
"19 , Boishakh (Baisakh) 1425",03/05/2018
"20 , Boishakh (Baisakh) 1425",04/05/2018
"21 , Boishakh (Baisakh) 1425",05/05/2018
"22 , Boishakh (Baisakh) 1425",06/05/2018
"23 , Boishakh (Baisakh) 1425",07/05/2018
"24 , Boishakh (Baisakh) 1425",08/05/2018
"25 , Boishakh (Baisakh) 1425",09/05/2018
"26 , Boishakh (Baisakh) 1425",10/05/2018
"27 , Boishakh (Baisakh) 1425",11/05/2018
"28 , Boishakh (Baisakh) 1425",12/05/2018
"29 , Boishakh (Baisakh) 1425",13/05/2018
"30 , Boishakh (Baisakh) 1425",14/05/2018
"31 , Boishakh (Baisakh) 1425",15/05/2018
"1 , Joishtho (Jaishtho) 1425",16/05/2018
"2 , Joishtho (Jaishtho) 1425",17/05/2018
"3 , Joishtho (Jaishtho) 1425",18/05/2018
"4 , Joishtho (Jaishtho) 1425",19/05/2018
"5 , Joishtho (Jaishtho) 1425",20/05/2018
"6 , Joishtho (Jaishtho) 1425",21/05/2018
"7 , Joishtho (Jaishtho) 1425",22/05/2018
"8 , Joishtho (Jaishtho) 1425",23/05/2018
"9 , Joishtho (Jaishtho) 1425",24/05/2018
"10 , Joishtho (Jaishtho) 1425",25/05/2018
"11 , Joishtho (Jaishtho) 1425",26/05/2018
"12 , Joishtho (Jaishtho) 1425",27/05/2018
"13 , Joishtho (Jaishtho) 1425",28/05/2018
"14 , Joishtho (Jaishtho) 1425",29/05/2018
"15 , Joishtho (Jaishtho) 1425",30/05/2018
"16 , Joishtho (Jaishtho) 1425",31/05/2018
"17 , Joishtho (Jaishtho) 1425",01/06/2018
"18 , Joishtho (Jaishtho) 1425",02/06/2018
"19 , Joishtho (Jaishtho) 1425",03/06/2018
"20 , Joishtho (Jaishtho) 1425",04/06/2018
"21 , Joishtho (Jaishtho) 1425",05/06/2018
"22 , Joishtho (Jaishtho) 1425",06/06/2018
"23 , Joishtho (Jaishtho) 1425",07/06/2018
"24 , Joishtho (Jaishtho) 1425",08/06/2018
"25 , Joishtho (Jaishtho) 1425",09/06/2018
"26 , Joishtho (Jaishtho) 1425",10/06/2018
"27 , Joishtho (Jaishtho) 1425",11/06/2018
"28 , Joishtho (Jaishtho) 1425",12/06/2018
"29 , Joishtho (Jaishtho) 1425",13/06/2018
"30 , Joishtho (Jaishtho) 1425",14/06/2018
"31 , Joishtho (Jaishtho) 1425",15/06/2018
"1 , Asharh (Aashar) 1425",16/06/2018
"2 , Asharh (Aashar) 1425",17/06/2018
"3 , Asharh (Aashar) 1425",18/06/2018
"4 , Asharh (Aashar) 1425",19/06/2018
"5 , Asharh (Aashar) 1425",20/06/2018
"6 , Asharh (Aashar) 1425",21/06/2018
"7 , Asharh (Aashar) 1425",22/06/2018
"8 , Asharh (Aashar) 1425",23/06/2018
"9 , Asharh (Aashar) 1425",24/06/2018
"10 , Asharh (Aashar) 1425",25/06/2018
"11 , Asharh (Aashar) 1425",26/06/2018
"12 , Asharh (Aashar) 1425",27/06/2018
"13 , Asharh (Aashar) 1425",28/06/2018
"14 , Asharh (Aashar) 1425",29/06/2018
"15 , Asharh (Aashar) 1425",30/06/2018
"16 , Asharh (Aashar) 1425",01/07/2018
"17 , Asharh (Aashar) 1425",02/07/2018
"18 , Asharh (Aashar) 1425",03/07/2018
"19 , Asharh (Aashar) 1425",04/07/2018
"20 , Asharh (Aashar) 1425",05/07/2018
"21 , Asharh (Aashar) 1425",06/07/2018
"22 , Asharh (Aashar) 1425",07/07/2018
"23 , Asharh (Aashar) 1425",08/07/2018
"24 , Asharh (Aashar) 1425",09/07/2018
"25 , Asharh (Aashar) 1425",10/07/2018
"26 , Asharh (Aashar) 1425",11/07/2018
"27 , Asharh (Aashar) 1425",12/07/2018
"28 , Asharh (Aashar) 1425",13/07/2018
"29 , Asharh (Aashar) 1425",14/07/2018
"30 , Asharh (Aashar) 1425",15/07/2018
"31 , Asharh (Aashar) 1425",16/07/2018
"32 , Asharh (Aashar) 1425",17/07/2018
"1 , Srabon (Shraban) 1425",18/07/2018
"2 , Srabon (Shraban) 1425",19/07/2018
"3 , Srabon (Shraban) 1425",20/07/2018
"4 , Srabon (Shraban) 1425",21/07/2018
"5 , Srabon (Shraban) 1425",22/07/2018
"6 , Srabon (Shraban) 1425",23/07/2018
"7 , Srabon (Shraban) 1425",24/07/2018
"8 , Srabon (Shraban) 1425",25/07/2018
"9 , Srabon (Shraban) 1425",26/07/2018
"10 , Srabon (Shraban) 1425",27/07/2018
"11 , Srabon (Shraban) 1425",28/07/2018
"12 , Srabon (Shraban) 1425",29/07/2018
"13 , Srabon (Shraban) 1425",30/07/2018
"14 , Srabon (Shraban) 1425",31/07/2018
"15 , Srabon (Shraban) 1425",01/08/2018
"16 , Srabon (Shraban) 1425",02/08/2018
"17 , Srabon (Shraban) 1425",03/08/2018
"18 , Srabon (Shraban) 1425",04/08/2018
"19 , Srabon (Shraban) 1425",05/08/2018
"20 , Srabon (Shraban) 1425",06/08/2018
"21 , Srabon (Shraban) 1425",07/08/2018
"22 , Srabon (Shraban) 1425",08/08/2018
"23 , Srabon (Shraban) 1425",09/08/2018
"24 , Srabon (Shraban) 1425",10/08/2018
"25 , Srabon (Shraban) 1425",11/08/2018
"26 , Srabon (Shraban) 1425",12/08/2018
"27 , Srabon (Shraban) 1425",13/08/2018
"28 , Srabon (Shraban) 1425",14/08/2018
"29 , Srabon (Shraban) 1425",15/08/2018
"30 , Srabon (Shraban) 1425",16/08/2018
"31 , Srabon (Shraban) 1425",17/08/2018
"1 , Bhadro (Bhadra) 1425",18/08/2018
"2 , Bhadro (Bhadra) 1425",19/08/2018
"3 , Bhadro (Bhadra) 1425",20/08/2018
"4 , Bhadro (Bhadra) 1425",21/08/2018
"5 , Bhadro (Bhadra) 1425",22/08/2018
"6 , Bhadro (Bhadra) 1425",23/08/2018
"7 , Bhadro (Bhadra) 1425",24/08/2018
"8 , Bhadro (Bhadra) 1425",25/08/2018
"9 , Bhadro (Bhadra) 1425",26/08/2018
"10 , Bhadro (Bhadra) 1425",27/08/2018
"11 , Bhadro (Bhadra) 1425",28/08/2018
"12 , Bhadro (Bhadra) 1425",29/08/2018
"13 , Bhadro (Bhadra) 1425",30/08/2018
"14 , Bhadro (Bhadra) 1425",31/08/2018
"15 , Bhadro (Bhadra) 1425",01/09/2018
"16 , Bhadro (Bhadra) 1425",02/09/2018
"17 , Bhadro (Bhadra) 1425",03/09/2018
"18 , Bhadro (Bhadra) 1425",04/09/2018
"19 , Bhadro (Bhadra) 1425",05/09/2018
"20 , Bhadro (Bhadra) 1425",06/09/2018
"21 , Bhadro (Bhadra) 1425",07/09/2018
"22 , Bhadro (Bhadra) 1425",08/09/2018
"23 , Bhadro (Bhadra) 1425",09/09/2018
"24 , Bhadro (Bhadra) 1425",10/09/2018
"25 , Bhadro (Bhadra) 1425",11/09/2018
"26 , Bhadro (Bhadra) 1425",12/09/2018
"27 , Bhadro (Bhadra) 1425",13/09/2018
"28 , Bhadro (Bhadra) 1425",14/09/2018
"29 , Bhadro (Bhadra) 1425",15/09/2018
"30 , Bhadro (Bhadra) 1425",16/09/2018
"31 , Bhadro (Bhadra) 1425",17/09/2018
"1 , Ashshin (Aashin) 1425",18/09/2018
"2 , Ashshin (Aashin) 1425",19/09/2018
"3 , Ashshin (Aashin) 1425",20/09/2018
"4 , Ashshin (Aashin) 1425",21/09/2018
"5 , Ashshin (Aashin) 1425",22/09/2018
"6 , Ashshin (Aashin) 1425",23/09/2018
"7 , Ashshin (Aashin) 1425",24/09/2018
"8 , Ashshin (Aashin) 1425",25/09/2018
"9 , Ashshin (Aashin) 1425",26/09/2018
"10 , Ashshin (Aashin) 1425",27/09/2018
"11 , Ashshin (Aashin) 1425",28/09/2018
"12 , Ashshin (Aashin) 1425",29/09/2018
"13 , Ashshin (Aashin) 1425",30/09/2018
"14 , Ashshin (Aashin) 1425",01/10/2018
"15 , Ashshin (Aashin) 1425",02/10/2018
"16 , Ashshin (Aashin) 1425",03/10/2018
"17 , Ashshin (Aashin) 1425",04/10/2018
"18 , Ashshin (Aashin) 1425",05/10/2018
"19 , Ashshin (Aashin) 1425",06/10/2018
"20 , Ashshin (Aashin) 1425",07/10/2018
"21 , Ashshin (Aashin) 1425",08/10/2018
"22 , Ashshin (Aashin) 1425",09/10/2018
"23 , Ashshin (Aashin) 1425",10/10/2018
"24 , Ashshin (Aashin) 1425",11/10/2018
"25 , Ashshin (Aashin) 1425",12/10/2018
"26 , Ashshin (Aashin) 1425",13/10/2018
"27 , Ashshin (Aashin) 1425",14/10/2018
"28 , Ashshin (Aashin) 1425",15/10/2018
"29 , Ashshin (Aashin) 1425",16/10/2018
"30 , Ashshin (Aashin) 1425",17/10/2018
"31 , Ashshin (Aashin) 1425",18/10/2018
"1 , Kartik 1425",19/10/2018
"2 , Kartik 1425",20/10/2018
"3 , Kartik 1425",21/10/2018
"4 , Kartik 1425",22/10/2018
"5 , Kartik 1425",23/10/2018
"6 , Kartik 1425",24/10/2018
"7 , Kartik 1425",25/10/2018
"8 , Kartik 1425",26/10/2018
"9 , Kartik 1425",27/10/2018
"10 , Kartik 1425",28/10/2018
"11 , Kartik 1425",29/10/2018
"12 , Kartik 1425",30/10/2018
"13 , Kartik 1425",31/10/2018
"14 , Kartik 1425",01/11/2018
"15 , Kartik 1425",02/11/2018
"16 , Kartik 1425",03/11/2018
"17 , Kartik 1425",04/11/2018
"18 , Kartik 1425",05/11/2018
"19 , Kartik 1425",06/11/2018
"20 , Kartik 1425",07/11/2018
"21 , Kartik 1425",08/11/2018
"22 , Kartik 1425",09/11/2018
"23 , Kartik 1425",10/11/2018
"24 , Kartik 1425",11/11/2018
"25 , Kartik 1425",12/11/2018
"26 , Kartik 1425",13/11/2018
"27 , Kartik 1425",14/11/2018
"28 , Kartik 1425",15/11/2018
"29 , Kartik 1425",16/11/2018
"30 , Kartik 1425",17/11/2018
"1 , Ogrohaeon (Agrahan) 1425",18/11/2018
"2 , Ogrohaeon (Agrahan) 1425",19/11/2018
"3 , Ogrohaeon (Agrahan) 1425",20/11/2018
"4 , Ogrohaeon (Agrahan) 1425",21/11/2018
"5 , Ogrohaeon (Agrahan) 1425",22/11/2018
"6 , Ogrohaeon (Agrahan) 1425",23/11/2018
"7 , Ogrohaeon (Agrahan) 1425",24/11/2018
"8 , Ogrohaeon (Agrahan) 1425",25/11/2018
"9 , Ogrohaeon (Agrahan) 1425",26/11/2018
"10 , Ogrohaeon (Agrahan) 1425",27/11/2018
"11 , Ogrohaeon (Agrahan) 1425",28/11/2018
"12 , Ogrohaeon (Agrahan) 1425",29/11/2018
"13 , Ogrohaeon (Agrahan) 1425",30/11/2018
"14 , Ogrohaeon (Agrahan) 1425",01/12/2018
"15 , Ogrohaeon (Agrahan) 1425",02/12/2018
"16 , Ogrohaeon (Agrahan) 1425",03/12/2018
"17 , Ogrohaeon (Agrahan) 1425",04/12/2018
"18 , Ogrohaeon (Agrahan) 1425",05/12/2018
"19 , Ogrohaeon (Agrahan) 1425",06/12/2018
"20 , Ogrohaeon (Agrahan) 1425",07/12/2018
"21 , Ogrohaeon (Agrahan) 1425",08/12/2018
"22 , Ogrohaeon (Agrahan) 1425",09/12/2018
"23 , Ogrohaeon (Agrahan) 1425",10/12/2018
"24 , Ogrohaeon (Agrahan) 1425",11/12/2018
"25 , Ogrohaeon (Agrahan) 1425",12/12/2018
"26 , Ogrohaeon (Agrahan) 1425",13/12/2018
"27 , Ogrohaeon (Agrahan) 1425",14/12/2018
"28 , Ogrohaeon (Agrahan) 1425",15/12/2018
"29 , Ogrohaeon (Agrahan) 1425",16/12/2018
"1 , Poush 1425",17/12/2018
"2 , Poush 1425",18/12/2018
"3 , Poush 1425",19/12/2018
"4 , Poush 1425",20/12/2018
"5 , Poush 1425",21/12/2018
"6 , Poush 1425",22/12/2018
"7 , Poush 1425",23/12/2018
"8 , Poush 1425",24/12/2018
"9 , Poush 1425",25/12/2018
"10 , Poush 1425",26/12/2018
"11 , Poush 1425",27/12/2018
"12 , Poush 1425",28/12/2018
"13 , Poush 1425",29/12/2018
"14 , Poush 1425",30/12/2018
"15 , Poush 1425",31/12/2018
"16 , Poush 1425",01/01/2019
"17 , Poush 1425",02/01/2019
"18 , Poush 1425",03/01/2019
"19 , Poush 1425",04/01/2019
"20 , Poush 1425",05/01/2019
"21 , Poush 1425",06/01/2019
"22 , Poush 1425",07/01/2019
"23 , Poush 1425",08/01/2019
"24 , Poush 1425",09/01/2019
"25 , Poush 1425",10/01/2019
"26 , Poush 1425",11/01/2019
"27 , Poush 1425",12/01/2019
"28 , Poush 1425",13/01/2019
"29 , Poush 1425",14/01/2019
"30 , Poush 1425",15/01/2019
"31 , Poush 1425",16/01/2019
"1 , Magh (Maagh) 1426",17/01/2019
"2 , Magh (Maagh) 1426",18/01/2019
"3 , Magh (Maagh) 1426",19/01/2019
"4 , Magh (Maagh) 1426",20/01/2019
"5 , Magh (Maagh) 1426",21/01/2019
"6 , Magh (Maagh) 1426",22/01/2019
"7 , Magh (Maagh) 1426",23/01/2019
"8 , Magh (Maagh) 1426",24/01/2019
"9 , Magh (Maagh) 1426",25/01/2019
"10 , Magh (Maagh) 1426",26/01/2019
"11 , Magh (Maagh) 1426",27/01/2019
"12 , Magh (Maagh) 1426",28/01/2019
"13 , Magh (Maagh) 1426",29/01/2019
"14 , Magh (Maagh) 1426",30/01/2019
"15 , Magh (Maagh) 1426",31/01/2019
"16 , Magh (Maagh) 1426",01/02/2019
"17 , Magh (Maagh) 1426",02/02/2019
"18 , Magh (Maagh) 1426",03/02/2019
"19 , Magh (Maagh) 1426",04/02/2019
"20 , Magh (Maagh) 1426",05/02/2019
"21 , Magh (Maagh) 1426",06/02/2019
"22 , Magh (Maagh) 1426",07/02/2019
"23 , Magh (Maagh) 1426",08/02/2019
"24 , Magh (Maagh) 1426",09/02/2019
"25 , Magh (Maagh) 1426",10/02/2019
"26 , Magh (Maagh) 1426",11/02/2019
"27 , Magh (Maagh) 1426",12/02/2019
"28 , Magh (Maagh) 1426",13/02/2019
"1 , Falgun (Phalgun) 1426",14/02/2019
"2 , Falgun (Phalgun) 1426",15/02/2019
"3 , Falgun (Phalgun) 1426",16/02/2019
"4 , Falgun (Phalgun) 1426",17/02/2019
"5 , Falgun (Phalgun) 1426",18/02/2019
"6 , Falgun (Phalgun) 1426",19/02/2019
"7 , Falgun (Phalgun) 1426",20/02/2019
"8 , Falgun (Phalgun) 1426",21/02/2019
"9 , Falgun (Phalgun) 1426",22/02/2019
"10 , Falgun (Phalgun) 1426",23/02/2019
"11 , Falgun (Phalgun) 1426",24/02/2019
"12 , Falgun (Phalgun) 1426",25/02/2019
"13 , Falgun (Phalgun) 1426",26/02/2019
"14 , Falgun (Phalgun) 1426",27/02/2019
"15 , Falgun (Phalgun) 1426",28/02/2019
"16 , Falgun (Phalgun) 1426",01/03/2019
"17 , Falgun (Phalgun) 1426",02/03/2019
"18 , Falgun (Phalgun) 1426",03/03/2019
"19 , Falgun (Phalgun) 1426",04/03/2019
"20 , Falgun (Phalgun) 1426",05/03/2019
"21 , Falgun (Phalgun) 1426",06/03/2019
"22 , Falgun (Phalgun) 1426",07/03/2019
"23 , Falgun (Phalgun) 1426",08/03/2019
"24 , Falgun (Phalgun) 1426",09/03/2019
"25 , Falgun (Phalgun) 1426",10/03/2019
"26 , Falgun (Phalgun) 1426",11/03/2019
"27 , Falgun (Phalgun) 1426",12/03/2019
"28 , Falgun (Phalgun) 1426",13/03/2019
"29 , Falgun (Phalgun) 1426",14/03/2019
"30 , Falgun (Phalgun) 1426",15/03/2019
"1 , Choitro (Chaitra) 1426",16/03/2019
"2 , Choitro (Chaitra) 1426",17/03/2019
"3 , Choitro (Chaitra) 1426",18/03/2019
"4 , Choitro (Chaitra) 1426",19/03/2019
"5 , Choitro (Chaitra) 1426",20/03/2019
"6 , Choitro (Chaitra) 1426",21/03/2019
"7 , Choitro (Chaitra) 1426",22/03/2019
"8 , Choitro (Chaitra) 1426",23/03/2019
"9 , Choitro (Chaitra) 1426",24/03/2019
"10 , Choitro (Chaitra) 1426",25/03/2019
"11 , Choitro (Chaitra) 1426",26/03/2019
"12 , Choitro (Chaitra) 1426",27/03/2019
"13 , Choitro (Chaitra) 1426",28/03/2019
"14 , Choitro (Chaitra) 1426",29/03/2019
"15 , Choitro (Chaitra) 1426",30/03/2019
"16 , Choitro (Chaitra) 1426",31/03/2019
"17 , Choitro (Chaitra) 1426",01/04/2019
"18 , Choitro (Chaitra) 1426",02/04/2019
"19 , Choitro (Chaitra) 1426",03/04/2019
"20 , Choitro (Chaitra) 1426",04/04/2019
"21 , Choitro (Chaitra) 1426",05/04/2019
"22 , Choitro (Chaitra) 1426",06/04/2019
"23 , Choitro (Chaitra) 1426",07/04/2019
"24 , Choitro (Chaitra) 1426",08/04/2019
"25 , Choitro (Chaitra) 1426",09/04/2019
"26 , Choitro (Chaitra) 1426",10/04/2019
"27 , Choitro (Chaitra) 1426",11/04/2019
"28 , Choitro (Chaitra) 1426",12/04/2019
"29 , Choitro (Chaitra) 1426",13/04/2019
"30 , Choitro (Chaitra) 1426",14/04/2019
"1 , Boishakh (Baisakh) 1426",15/04/2019
"2 , Boishakh (Baisakh) 1426",16/04/2019
"3 , Boishakh (Baisakh) 1426",17/04/2019
"4 , Boishakh (Baisakh) 1426",18/04/2019
"5 , Boishakh (Baisakh) 1426",19/04/2019
"6 , Boishakh (Baisakh) 1426",20/04/2019
"7 , Boishakh (Baisakh) 1426",21/04/2019
"8 , Boishakh (Baisakh) 1426",22/04/2019
"9 , Boishakh (Baisakh) 1426",23/04/2019
"10 , Boishakh (Baisakh) 1426",24/04/2019
"11 , Boishakh (Baisakh) 1426",25/04/2019
"12 , Boishakh (Baisakh) 1426",26/04/2019
"13 , Boishakh (Baisakh) 1426",27/04/2019
"14 , Boishakh (Baisakh) 1426",28/04/2019
"15 , Boishakh (Baisakh) 1426",29/04/2019
"16 , Boishakh (Baisakh) 1426",30/04/2019
"17 , Boishakh (Baisakh) 1426",01/05/2019
"18 , Boishakh (Baisakh) 1426",02/05/2019
"19 , Boishakh (Baisakh) 1426",03/05/2019
"20 , Boishakh (Baisakh) 1426",04/05/2019
"21 , Boishakh (Baisakh) 1426",05/05/2019
"22 , Boishakh (Baisakh) 1426",06/05/2019
"23 , Boishakh (Baisakh) 1426",07/05/2019
"24 , Boishakh (Baisakh) 1426",08/05/2019
"25 , Boishakh (Baisakh) 1426",09/05/2019
"26 , Boishakh (Baisakh) 1426",10/05/2019
"27 , Boishakh (Baisakh) 1426",11/05/2019
"28 , Boishakh (Baisakh) 1426",12/05/2019
"29 , Boishakh (Baisakh) 1426",13/05/2019
"30 , Boishakh (Baisakh) 1426",14/05/2019
"31 , Boishakh (Baisakh) 1426",15/05/2019
"1 , Joishtho (Jaishtho) 1426",16/05/2019
"2 , Joishtho (Jaishtho) 1426",17/05/2019
"3 , Joishtho (Jaishtho) 1426",18/05/2019
"4 , Joishtho (Jaishtho) 1426",19/05/2019
"5 , Joishtho (Jaishtho) 1426",20/05/2019
"6 , Joishtho (Jaishtho) 1426",21/05/2019
"7 , Joishtho (Jaishtho) 1426",22/05/2019
"8 , Joishtho (Jaishtho) 1426",23/05/2019
"9 , Joishtho (Jaishtho) 1426",24/05/2019
"10 , Joishtho (Jaishtho) 1426",25/05/2019
"11 , Joishtho (Jaishtho) 1426",26/05/2019
"12 , Joishtho (Jaishtho) 1426",27/05/2019
"13 , Joishtho (Jaishtho) 1426",28/05/2019
"14 , Joishtho (Jaishtho) 1426",29/05/2019
"15 , Joishtho (Jaishtho) 1426",30/05/2019
"16 , Joishtho (Jaishtho) 1426",31/05/2019
"17 , Joishtho (Jaishtho) 1426",01/06/2019
"18 , Joishtho (Jaishtho) 1426",02/06/2019
"19 , Joishtho (Jaishtho) 1426",03/06/2019
"20 , Joishtho (Jaishtho) 1426",04/06/2019
"21 , Joishtho (Jaishtho) 1426",05/06/2019
"22 , Joishtho (Jaishtho) 1426",06/06/2019
"23 , Joishtho (Jaishtho) 1426",07/06/2019
"24 , Joishtho (Jaishtho) 1426",08/06/2019
"25 , Joishtho (Jaishtho) 1426",09/06/2019
"26 , Joishtho (Jaishtho) 1426",10/06/2019
"27 , Joishtho (Jaishtho) 1426",11/06/2019
"28 , Joishtho (Jaishtho) 1426",12/06/2019
"29 , Joishtho (Jaishtho) 1426",13/06/2019
"30 , Joishtho (Jaishtho) 1426",14/06/2019
"31 , Joishtho (Jaishtho) 1426",15/06/2019
"32 , Joishtho (Jaishtho) 1426",16/06/2019
"1 , Asharh (Aashar) 1426",17/06/2019
"2 , Asharh (Aashar) 1426",18/06/2019
"3 , Asharh (Aashar) 1426",19/06/2019
"4 , Asharh (Aashar) 1426",20/06/2019
"5 , Asharh (Aashar) 1426",21/06/2019
"6 , Asharh (Aashar) 1426",22/06/2019
"7 , Asharh (Aashar) 1426",23/06/2019
"8 , Asharh (Aashar) 1426",24/06/2019
"9 , Asharh (Aashar) 1426",25/06/2019
"10 , Asharh (Aashar) 1426",26/06/2019
"11 , Asharh (Aashar) 1426",27/06/2019
"12 , Asharh (Aashar) 1426",28/06/2019
"13 , Asharh (Aashar) 1426",29/06/2019
"14 , Asharh (Aashar) 1426",30/06/2019
"15 , Asharh (Aashar) 1426",01/07/2019
"16 , Asharh (Aashar) 1426",02/07/2019
"17 , Asharh (Aashar) 1426",03/07/2019
"18 , Asharh (Aashar) 1426",04/07/2019
"19 , Asharh (Aashar) 1426",05/07/2019
"20 , Asharh (Aashar) 1426",06/07/2019
"21 , Asharh (Aashar) 1426",07/07/2019
"22 , Asharh (Aashar) 1426",08/07/2019
"23 , Asharh (Aashar) 1426",09/07/2019
"24 , Asharh (Aashar) 1426",10/07/2019
"25 , Asharh (Aashar) 1426",11/07/2019
"26 , Asharh (Aashar) 1426",12/07/2019
"27 , Asharh (Aashar) 1426",13/07/2019
"28 , Asharh (Aashar) 1426",14/07/2019
"29 , Asharh (Aashar) 1426",15/07/2019
"30 , Asharh (Aashar) 1426",16/07/2019
"31 , Asharh (Aashar) 1426",17/07/2019
"1 , Srabon (Shraban) 1426",18/07/2019
"2 , Srabon (Shraban) 1426",19/07/2019
"3 , Srabon (Shraban) 1426",20/07/2019
"4 , Srabon (Shraban) 1426",21/07/2019
"5 , Srabon (Shraban) 1426",22/07/2019
"6 , Srabon (Shraban) 1426",23/07/2019
"7 , Srabon (Shraban) 1426",24/07/2019
"8 , Srabon (Shraban) 1426",25/07/2019
"9 , Srabon (Shraban) 1426",26/07/2019
"10 , Srabon (Shraban) 1426",27/07/2019
"11 , Srabon (Shraban) 1426",28/07/2019
"12 , Srabon (Shraban) 1426",29/07/2019
"13 , Srabon (Shraban) 1426",30/07/2019
"14 , Srabon (Shraban) 1426",31/07/2019
"15 , Srabon (Shraban) 1426",01/08/2019
"16 , Srabon (Shraban) 1426",02/08/2019
"17 , Srabon (Shraban) 1426",03/08/2019
"18 , Srabon (Shraban) 1426",04/08/2019
"19 , Srabon (Shraban) 1426",05/08/2019
"20 , Srabon (Shraban) 1426",06/08/2019
"21 , Srabon (Shraban) 1426",07/08/2019
"22 , Srabon (Shraban) 1426",08/08/2019
"23 , Srabon (Shraban) 1426",09/08/2019
"24 , Srabon (Shraban) 1426",10/08/2019
"25 , Srabon (Shraban) 1426",11/08/2019
"26 , Srabon (Shraban) 1426",12/08/2019
"27 , Srabon (Shraban) 1426",13/08/2019
"28 , Srabon (Shraban) 1426",14/08/2019
"29 , Srabon (Shraban) 1426",15/08/2019
"30 , Srabon (Shraban) 1426",16/08/2019
"31 , Srabon (Shraban) 1426",17/08/2019
"32 , Srabon (Shraban) 1426",18/08/2019
"1 , Bhadro (Bhadra) 1426",19/08/2019
"2 , Bhadro (Bhadra) 1426",20/08/2019
"3 , Bhadro (Bhadra) 1426",21/08/2019
"4 , Bhadro (Bhadra) 1426",22/08/2019
"5 , Bhadro (Bhadra) 1426",23/08/2019
"6 , Bhadro (Bhadra) 1426",24/08/2019
"7 , Bhadro (Bhadra) 1426",25/08/2019
"8 , Bhadro (Bhadra) 1426",26/08/2019
"9 , Bhadro (Bhadra) 1426",27/08/2019
"10 , Bhadro (Bhadra) 1426",28/08/2019
"11 , Bhadro (Bhadra) 1426",29/08/2019
"12 , Bhadro (Bhadra) 1426",30/08/2019
"13 , Bhadro (Bhadra) 1426",31/08/2019
"14 , Bhadro (Bhadra) 1426",01/09/2019
"15 , Bhadro (Bhadra) 1426",02/09/2019
"16 , Bhadro (Bhadra) 1426",03/09/2019
"17 , Bhadro (Bhadra) 1426",04/09/2019
"18 , Bhadro (Bhadra) 1426",05/09/2019
"19 , Bhadro (Bhadra) 1426",06/09/2019
"20 , Bhadro (Bhadra) 1426",07/09/2019
"21 , Bhadro (Bhadra) 1426",08/09/2019
"22 , Bhadro (Bhadra) 1426",09/09/2019
"23 , Bhadro (Bhadra) 1426",10/09/2019
"24 , Bhadro (Bhadra) 1426",11/09/2019
"25 , Bhadro (Bhadra) 1426",12/09/2019
"26 , Bhadro (Bhadra) 1426",13/09/2019
"27 , Bhadro (Bhadra) 1426",14/09/2019
"28 , Bhadro (Bhadra) 1426",15/09/2019
"29 , Bhadro (Bhadra) 1426",16/09/2019
"30 , Bhadro (Bhadra) 1426",17/09/2019
"31 , Bhadro (Bhadra) 1426",18/09/2019
"1 , Ashshin (Aashin) 1426",19/09/2019
"2 , Ashshin (Aashin) 1426",20/09/2019
"3 , Ashshin (Aashin) 1426",21/09/2019
"4 , Ashshin (Aashin) 1426",22/09/2019
"5 , Ashshin (Aashin) 1426",23/09/2019
"6 , Ashshin (Aashin) 1426",24/09/2019
"7 , Ashshin (Aashin) 1426",25/09/2019
"8 , Ashshin (Aashin) 1426",26/09/2019
"9 , Ashshin (Aashin) 1426",27/09/2019
"10 , Ashshin (Aashin) 1426",28/09/2019
"11 , Ashshin (Aashin) 1426",29/09/2019
"12 , Ashshin (Aashin) 1426",30/09/2019
"13 , Ashshin (Aashin) 1426",01/10/2019
"14 , Ashshin (Aashin) 1426",02/10/2019
"15 , Ashshin (Aashin) 1426",03/10/2019
"16 , Ashshin (Aashin) 1426",04/10/2019
"17 , Ashshin (Aashin) 1426",05/10/2019
"18 , Ashshin (Aashin) 1426",06/10/2019
"19 , Ashshin (Aashin) 1426",07/10/2019
"20 , Ashshin (Aashin) 1426",08/10/2019
"21 , Ashshin (Aashin) 1426",09/10/2019
"22 , Ashshin (Aashin) 1426",10/10/2019
"23 , Ashshin (Aashin) 1426",11/10/2019
"24 , Ashshin (Aashin) 1426",12/10/2019
"25 , Ashshin (Aashin) 1426",13/10/2019
"26 , Ashshin (Aashin) 1426",14/10/2019
"27 , Ashshin (Aashin) 1426",15/10/2019
"28 , Ashshin (Aashin) 1426",16/10/2019
"29 , Ashshin (Aashin) 1426",17/10/2019
"30 , Ashshin (Aashin) 1426",18/10/2019
"1 , Kartik 1426",19/10/2019
"2 , Kartik 1426",20/10/2019
"3 , Kartik 1426",21/10/2019
"4 , Kartik 1426",22/10/2019
"5 , Kartik 1426",23/10/2019
"6 , Kartik 1426",24/10/2019
"7 , Kartik 1426",25/10/2019
"8 , Kartik 1426",26/10/2019
"9 , Kartik 1426",27/10/2019
"10 , Kartik 1426",28/10/2019
"11 , Kartik 1426",29/10/2019
"12 , Kartik 1426",30/10/2019
"13 , Kartik 1426",31/10/2019
"14 , Kartik 1426",01/11/2019
"15 , Kartik 1426",02/11/2019
"16 , Kartik 1426",03/11/2019
"17 , Kartik 1426",04/11/2019
"18 , Kartik 1426",05/11/2019
"19 , Kartik 1426",06/11/2019
"20 , Kartik 1426",07/11/2019
"21 , Kartik 1426",08/11/2019
"22 , Kartik 1426",09/11/2019
"23 , Kartik 1426",10/11/2019
"24 , Kartik 1426",11/11/2019
"25 , Kartik 1426",12/11/2019
"26 , Kartik 1426",13/11/2019
"27 , Kartik 1426",14/11/2019
"28 , Kartik 1426",15/11/2019
"29 , Kartik 1426",16/11/2019
"30 , Kartik 1426",17/11/2019
"1 , Ogrohaeon (Agrahan) 1426",18/11/2019
"2 , Ogrohaeon (Agrahan) 1426",19/11/2019
"3 , Ogrohaeon (Agrahan) 1426",20/11/2019
"4 , Ogrohaeon (Agrahan) 1426",21/11/2019
"5 , Ogrohaeon (Agrahan) 1426",22/11/2019
"6 , Ogrohaeon (Agrahan) 1426",23/11/2019
"7 , Ogrohaeon (Agrahan) 1426",24/11/2019
"8 , Ogrohaeon (Agrahan) 1426",25/11/2019
"9 , Ogrohaeon (Agrahan) 1426",26/11/2019
"10 , Ogrohaeon (Agrahan) 1426",27/11/2019
"11 , Ogrohaeon (Agrahan) 1426",28/11/2019
"12 , Ogrohaeon (Agrahan) 1426",29/11/2019
"13 , Ogrohaeon (Agrahan) 1426",30/11/2019
"14 , Ogrohaeon (Agrahan) 1426",01/12/2019
"15 , Ogrohaeon (Agrahan) 1426",02/12/2019
"16 , Ogrohaeon (Agrahan) 1426",03/12/2019
"17 , Ogrohaeon (Agrahan) 1426",04/12/2019
"18 , Ogrohaeon (Agrahan) 1426",05/12/2019
"19 , Ogrohaeon (Agrahan) 1426",06/12/2019
"20 , Ogrohaeon (Agrahan) 1426",07/12/2019
"21 , Ogrohaeon (Agrahan) 1426",08/12/2019
"22 , Ogrohaeon (Agrahan) 1426",09/12/2019
"23 , Ogrohaeon (Agrahan) 1426",10/12/2019
"24 , Ogrohaeon (Agrahan) 1426",11/12/2019
"25 , Ogrohaeon (Agrahan) 1426",12/12/2019
"26 , Ogrohaeon (Agrahan) 1426",13/12/2019
"27 , Ogrohaeon (Agrahan) 1426",14/12/2019
"28 , Ogrohaeon (Agrahan) 1426",15/12/2019
"29 , Ogrohaeon (Agrahan) 1426",16/12/2019
"1 , Poush 1426",17/12/2019
"2 , Poush 1426",18/12/2019
"3 , Poush 1426",19/12/2019
"4 , Poush 1426",20/12/2019
"5 , Poush 1426",21/12/2019
"6 , Poush 1426",22/12/2019
"7 , Poush 1426",23/12/2019
"8 , Poush 1426",24/12/2019
"9 , Poush 1426",25/12/2019
"10 , Poush 1426",26/12/2019
"11 , Poush 1426",27/12/2019
"12 , Poush 1426",28/12/2019
"13 , Poush 1426",29/12/2019
"14 , Poush 1426",30/12/2019
"15 , Poush 1426",31/12/2019
"16 , Poush 1426",01/01/2020
"17 , Poush 1426",02/01/2020
"18 , Poush 1426",03/01/2020
"19 , Poush 1426",04/01/2020
"20 , Poush 1426",05/01/2020
"21 , Poush 1426",06/01/2020
"22 , Poush 1426",07/01/2020
"23 , Poush 1426",08/01/2020
"24 , Poush 1426",09/01/2020
"25 , Poush 1426",10/01/2020
"26 , Poush 1426",11/01/2020
"27 , Poush 1426",12/01/2020
"28 , Poush 1426",13/01/2020
"29 , Poush 1426",14/01/2020
"30 , Poush 1426",15/01/2020
"1 , Magh (Maagh) 1427",16/01/2020
"2 , Magh (Maagh) 1427",17/01/2020
"3 , Magh (Maagh) 1427",18/01/2020
"4 , Magh (Maagh) 1427",19/01/2020
"5 , Magh (Maagh) 1427",20/01/2020
"6 , Magh (Maagh) 1427",21/01/2020
"7 , Magh (Maagh) 1427",22/01/2020
"8 , Magh (Maagh) 1427",23/01/2020
"9 , Magh (Maagh) 1427",24/01/2020
"10 , Magh (Maagh) 1427",25/01/2020
"11 , Magh (Maagh) 1427",26/01/2020
"12 , Magh (Maagh) 1427",27/01/2020
"13 , Magh (Maagh) 1427",28/01/2020
"14 , Magh (Maagh) 1427",29/01/2020
"15 , Magh (Maagh) 1427",30/01/2020
"16 , Magh (Maagh) 1427",31/01/2020
"17 , Magh (Maagh) 1427",01/02/2020
"18 , Magh (Maagh) 1427",02/02/2020
"19 , Magh (Maagh) 1427",03/02/2020
"20 , Magh (Maagh) 1427",04/02/2020
"21 , Magh (Maagh) 1427",05/02/2020
"22 , Magh (Maagh) 1427",06/02/2020
"23 , Magh (Maagh) 1427",07/02/2020
"24 , Magh (Maagh) 1427",08/02/2020
"25 , Magh (Maagh) 1427",09/02/2020
"26 , Magh (Maagh) 1427",10/02/2020
"27 , Magh (Maagh) 1427",11/02/2020
"28 , Magh (Maagh) 1427",12/02/2020
"29 , Magh (Maagh) 1427",13/02/2020
"1 , Falgun (Phalgun) 1427",14/02/2020
"2 , Falgun (Phalgun) 1427",15/02/2020
"3 , Falgun (Phalgun) 1427",16/02/2020
"4 , Falgun (Phalgun) 1427",17/02/2020
"5 , Falgun (Phalgun) 1427",18/02/2020
"6 , Falgun (Phalgun) 1427",19/02/2020
"7 , Falgun (Phalgun) 1427",20/02/2020
"8 , Falgun (Phalgun) 1427",21/02/2020
"9 , Falgun (Phalgun) 1427",22/02/2020
"10 , Falgun (Phalgun) 1427",23/02/2020
"11 , Falgun (Phalgun) 1427",24/02/2020
"12 , Falgun (Phalgun) 1427",25/02/2020
"13 , Falgun (Phalgun) 1427",26/02/2020
"14 , Falgun (Phalgun) 1427",27/02/2020
"15 , Falgun (Phalgun) 1427",28/02/2020
"16 , Falgun (Phalgun) 1427",29/02/2020
"17 , Falgun (Phalgun) 1427",01/03/2020
"18 , Falgun (Phalgun) 1427",02/03/2020
"19 , Falgun (Phalgun) 1427",03/03/2020
"20 , Falgun (Phalgun) 1427",04/03/2020
"21 , Falgun (Phalgun) 1427",05/03/2020
"22 , Falgun (Phalgun) 1427",06/03/2020
"23 , Falgun (Phalgun) 1427",07/03/2020
"24 , Falgun (Phalgun) 1427",08/03/2020
"25 , Falgun (Phalgun) 1427",09/03/2020
"26 , Falgun (Phalgun) 1427",10/03/2020
"27 , Falgun (Phalgun) 1427",11/03/2020
"28 , Falgun (Phalgun) 1427",12/03/2020
"29 , Falgun (Phalgun) 1427",13/03/2020
"30 , Falgun (Phalgun) 1427",14/03/2020
"1 , Choitro (Chaitra) 1427",15/03/2020
"2 , Choitro (Chaitra) 1427",16/03/2020
"3 , Choitro (Chaitra) 1427",17/03/2020
"4 , Choitro (Chaitra) 1427",18/03/2020
"5 , Choitro (Chaitra) 1427",19/03/2020
"6 , Choitro (Chaitra) 1427",20/03/2020
"7 , Choitro (Chaitra) 1427",21/03/2020
"8 , Choitro (Chaitra) 1427",22/03/2020
"9 , Choitro (Chaitra) 1427",23/03/2020
"10 , Choitro (Chaitra) 1427",24/03/2020
"11 , Choitro (Chaitra) 1427",25/03/2020
"12 , Choitro (Chaitra) 1427",26/03/2020
"13 , Choitro (Chaitra) 1427",27/03/2020
"14 , Choitro (Chaitra) 1427",28/03/2020
"15 , Choitro (Chaitra) 1427",29/03/2020
"16 , Choitro (Chaitra) 1427",30/03/2020
"17 , Choitro (Chaitra) 1427",31/03/2020
"18 , Choitro (Chaitra) 1427",01/04/2020
"19 , Choitro (Chaitra) 1427",02/04/2020
"20 , Choitro (Chaitra) 1427",03/04/2020
"21 , Choitro (Chaitra) 1427",04/04/2020
"22 , Choitro (Chaitra) 1427",05/04/2020
"23 , Choitro (Chaitra) 1427",06/04/2020
"24 , Choitro (Chaitra) 1427",07/04/2020
"25 , Choitro (Chaitra) 1427",08/04/2020
"26 , Choitro (Chaitra) 1427",09/04/2020
"27 , Choitro (Chaitra) 1427",10/04/2020
"28 , Choitro (Chaitra) 1427",11/04/2020
"29 , Choitro (Chaitra) 1427",12/04/2020
"30 , Choitro (Chaitra) 1427",13/04/2020
"1 , Boishakh (Baisakh) 1427",14/04/2020
"2 , Boishakh (Baisakh) 1427",15/04/2020
"3 , Boishakh (Baisakh) 1427",16/04/2020
"4 , Boishakh (Baisakh) 1427",17/04/2020
"5 , Boishakh (Baisakh) 1427",18/04/2020
"6 , Boishakh (Baisakh) 1427",19/04/2020
"7 , Boishakh (Baisakh) 1427",20/04/2020
"8 , Boishakh (Baisakh) 1427",21/04/2020
"9 , Boishakh (Baisakh) 1427",22/04/2020
"10 , Boishakh (Baisakh) 1427",23/04/2020
"11 , Boishakh (Baisakh) 1427",24/04/2020
"12 , Boishakh (Baisakh) 1427",25/04/2020
"13 , Boishakh (Baisakh) 1427",26/04/2020
"14 , Boishakh (Baisakh) 1427",27/04/2020
"15 , Boishakh (Baisakh) 1427",28/04/2020
"16 , Boishakh (Baisakh) 1427",29/04/2020
"17 , Boishakh (Baisakh) 1427",30/04/2020
"18 , Boishakh (Baisakh) 1427",01/05/2020
"19 , Boishakh (Baisakh) 1427",02/05/2020
"20 , Boishakh (Baisakh) 1427",03/05/2020
"21 , Boishakh (Baisakh) 1427",04/05/2020
"22 , Boishakh (Baisakh) 1427",05/05/2020
"23 , Boishakh (Baisakh) 1427",06/05/2020
"24 , Boishakh (Baisakh) 1427",07/05/2020
"25 , Boishakh (Baisakh) 1427",08/05/2020
"26 , Boishakh (Baisakh) 1427",09/05/2020
"27 , Boishakh (Baisakh) 1427",10/05/2020
"28 , Boishakh (Baisakh) 1427",11/05/2020
"29 , Boishakh (Baisakh) 1427",12/05/2020
"30 , Boishakh (Baisakh) 1427",13/05/2020
"31 , Boishakh (Baisakh) 1427",14/05/2020
"1 , Joishtho (Jaishtho) 1427",15/05/2020
"2 , Joishtho (Jaishtho) 1427",16/05/2020
"3 , Joishtho (Jaishtho) 1427",17/05/2020
"4 , Joishtho (Jaishtho) 1427",18/05/2020
"5 , Joishtho (Jaishtho) 1427",19/05/2020
"6 , Joishtho (Jaishtho) 1427",20/05/2020
"7 , Joishtho (Jaishtho) 1427",21/05/2020
"8 , Joishtho (Jaishtho) 1427",22/05/2020
"9 , Joishtho (Jaishtho) 1427",23/05/2020
"10 , Joishtho (Jaishtho) 1427",24/05/2020
"11 , Joishtho (Jaishtho) 1427",25/05/2020
"12 , Joishtho (Jaishtho) 1427",26/05/2020
"13 , Joishtho (Jaishtho) 1427",27/05/2020
"14 , Joishtho (Jaishtho) 1427",28/05/2020
"15 , Joishtho (Jaishtho) 1427",29/05/2020
"16 , Joishtho (Jaishtho) 1427",30/05/2020
"17 , Joishtho (Jaishtho) 1427",31/05/2020
"18 , Joishtho (Jaishtho) 1427",01/06/2020
"19 , Joishtho (Jaishtho) 1427",02/06/2020
"20 , Joishtho (Jaishtho) 1427",03/06/2020
"21 , Joishtho (Jaishtho) 1427",04/06/2020
"22 , Joishtho (Jaishtho) 1427",05/06/2020
"23 , Joishtho (Jaishtho) 1427",06/06/2020
"24 , Joishtho (Jaishtho) 1427",07/06/2020
"25 , Joishtho (Jaishtho) 1427",08/06/2020
"26 , Joishtho (Jaishtho) 1427",09/06/2020
"27 , Joishtho (Jaishtho) 1427",10/06/2020
"28 , Joishtho (Jaishtho) 1427",11/06/2020
"29 , Joishtho (Jaishtho) 1427",12/06/2020
"30 , Joishtho (Jaishtho) 1427",13/06/2020
"31 , Joishtho (Jaishtho) 1427",14/06/2020
"32 , Joishtho (Jaishtho) 1427",15/06/2020
"1 , Asharh (Aashar) 1427",16/06/2020
"2 , Asharh (Aashar) 1427",17/06/2020
"3 , Asharh (Aashar) 1427",18/06/2020
"4 , Asharh (Aashar) 1427",19/06/2020
"5 , Asharh (Aashar) 1427",20/06/2020
"6 , Asharh (Aashar) 1427",21/06/2020
"7 , Asharh (Aashar) 1427",22/06/2020
"8 , Asharh (Aashar) 1427",23/06/2020
"9 , Asharh (Aashar) 1427",24/06/2020
"10 , Asharh (Aashar) 1427",25/06/2020
"11 , Asharh (Aashar) 1427",26/06/2020
"12 , Asharh (Aashar) 1427",27/06/2020
"13 , Asharh (Aashar) 1427",28/06/2020
"14 , Asharh (Aashar) 1427",29/06/2020
"15 , Asharh (Aashar) 1427",30/06/2020
"16 , Asharh (Aashar) 1427",01/07/2020
"17 , Asharh (Aashar) 1427",02/07/2020
"18 , Asharh (Aashar) 1427",03/07/2020
"19 , Asharh (Aashar) 1427",04/07/2020
"20 , Asharh (Aashar) 1427",05/07/2020
"21 , Asharh (Aashar) 1427",06/07/2020
"22 , Asharh (Aashar) 1427",07/07/2020
"23 , Asharh (Aashar) 1427",08/07/2020
"24 , Asharh (Aashar) 1427",09/07/2020
"25 , Asharh (Aashar) 1427",10/07/2020
"26 , Asharh (Aashar) 1427",11/07/2020
"27 , Asharh (Aashar) 1427",12/07/2020
"28 , Asharh (Aashar) 1427",13/07/2020
"29 , Asharh (Aashar) 1427",14/07/2020
"30 , Asharh (Aashar) 1427",15/07/2020
"31 , Asharh (Aashar) 1427",16/07/2020
"1 , Srabon (Shraban) 1427",17/07/2020
"2 , Srabon (Shraban) 1427",18/07/2020
"3 , Srabon (Shraban) 1427",19/07/2020
"4 , Srabon (Shraban) 1427",20/07/2020
"5 , Srabon (Shraban) 1427",21/07/2020
"6 , Srabon (Shraban) 1427",22/07/2020
"7 , Srabon (Shraban) 1427",23/07/2020
"8 , Srabon (Shraban) 1427",24/07/2020
"9 , Srabon (Shraban) 1427",25/07/2020
"10 , Srabon (Shraban) 1427",26/07/2020
"11 , Srabon (Shraban) 1427",27/07/2020
"12 , Srabon (Shraban) 1427",28/07/2020
"13 , Srabon (Shraban) 1427",29/07/2020
"14 , Srabon (Shraban) 1427",30/07/2020
"15 , Srabon (Shraban) 1427",31/07/2020
"16 , Srabon (Shraban) 1427",01/08/2020
"17 , Srabon (Shraban) 1427",02/08/2020
"18 , Srabon (Shraban) 1427",03/08/2020
"19 , Srabon (Shraban) 1427",04/08/2020
"20 , Srabon (Shraban) 1427",05/08/2020
"21 , Srabon (Shraban) 1427",06/08/2020
"22 , Srabon (Shraban) 1427",07/08/2020
"23 , Srabon (Shraban) 1427",08/08/2020
"24 , Srabon (Shraban) 1427",09/08/2020
"25 , Srabon (Shraban) 1427",10/08/2020
"26 , Srabon (Shraban) 1427",11/08/2020
"27 , Srabon (Shraban) 1427",12/08/2020
"28 , Srabon (Shraban) 1427",13/08/2020
"29 , Srabon (Shraban) 1427",14/08/2020
"30 , Srabon (Shraban) 1427",15/08/2020
"31 , Srabon (Shraban) 1427",16/08/2020
"32 , Srabon (Shraban) 1427",17/08/2020
"1 , Bhadro (Bhadra) 1427",18/08/2020
"2 , Bhadro (Bhadra) 1427",19/08/2020
"3 , Bhadro (Bhadra) 1427",20/08/2020
"4 , Bhadro (Bhadra) 1427",21/08/2020
"5 , Bhadro (Bhadra) 1427",22/08/2020
"6 , Bhadro (Bhadra) 1427",23/08/2020
"7 , Bhadro (Bhadra) 1427",24/08/2020
"8 , Bhadro (Bhadra) 1427",25/08/2020
"9 , Bhadro (Bhadra) 1427",26/08/2020
"10 , Bhadro (Bhadra) 1427",27/08/2020
"11 , Bhadro (Bhadra) 1427",28/08/2020
"12 , Bhadro (Bhadra) 1427",29/08/2020
"13 , Bhadro (Bhadra) 1427",30/08/2020
"14 , Bhadro (Bhadra) 1427",31/08/2020
"15 , Bhadro (Bhadra) 1427",01/09/2020
"16 , Bhadro (Bhadra) 1427",02/09/2020
"17 , Bhadro (Bhadra) 1427",03/09/2020
"18 , Bhadro (Bhadra) 1427",04/09/2020
"19 , Bhadro (Bhadra) 1427",05/09/2020
"20 , Bhadro (Bhadra) 1427",06/09/2020
"21 , Bhadro (Bhadra) 1427",07/09/2020
"22 , Bhadro (Bhadra) 1427",08/09/2020
"23 , Bhadro (Bhadra) 1427",09/09/2020
"24 , Bhadro (Bhadra) 1427",10/09/2020
"25 , Bhadro (Bhadra) 1427",11/09/2020
"26 , Bhadro (Bhadra) 1427",12/09/2020
"27 , Bhadro (Bhadra) 1427",13/09/2020
"28 , Bhadro (Bhadra) 1427",14/09/2020
"29 , Bhadro (Bhadra) 1427",15/09/2020
"30 , Bhadro (Bhadra) 1427",16/09/2020
"1 , Ashshin (Aashin) 1427",17/09/2020
"2 , Ashshin (Aashin) 1427",18/09/2020
"3 , Ashshin (Aashin) 1427",19/09/2020
"4 , Ashshin (Aashin) 1427",20/09/2020
"5 , Ashshin (Aashin) 1427",21/09/2020
"6 , Ashshin (Aashin) 1427",22/09/2020
"7 , Ashshin (Aashin) 1427",23/09/2020
"8 , Ashshin (Aashin) 1427",24/09/2020
"9 , Ashshin (Aashin) 1427",25/09/2020
"10 , Ashshin (Aashin) 1427",26/09/2020
"11 , Ashshin (Aashin) 1427",27/09/2020
"12 , Ashshin (Aashin) 1427",28/09/2020
"13 , Ashshin (Aashin) 1427",29/09/2020
"14 , Ashshin (Aashin) 1427",30/09/2020
"15 , Ashshin (Aashin) 1427",01/10/2020
"16 , Ashshin (Aashin) 1427",02/10/2020
"17 , Ashshin (Aashin) 1427",03/10/2020
"18 , Ashshin (Aashin) 1427",04/10/2020
"19 , Ashshin (Aashin) 1427",05/10/2020
"20 , Ashshin (Aashin) 1427",06/10/2020
"21 , Ashshin (Aashin) 1427",07/10/2020
"22 , Ashshin (Aashin) 1427",08/10/2020
"23 , Ashshin (Aashin) 1427",09/10/2020
"24 , Ashshin (Aashin) 1427",10/10/2020
"25 , Ashshin (Aashin) 1427",11/10/2020
"26 , Ashshin (Aashin) 1427",12/10/2020
"27 , Ashshin (Aashin) 1427",13/10/2020
"28 , Ashshin (Aashin) 1427",14/10/2020
"29 , Ashshin (Aashin) 1427",15/10/2020
"30 , Ashshin (Aashin) 1427",16/10/2020
"31 , Ashshin (Aashin) 1427",17/10/2020
"1 , Kartik 1427",18/10/2020
"2 , Kartik 1427",19/10/2020
"3 , Kartik 1427",20/10/2020
"4 , Kartik 1427",21/10/2020
"5 , Kartik 1427",22/10/2020
"6 , Kartik 1427",23/10/2020
"7 , Kartik 1427",24/10/2020
"8 , Kartik 1427",25/10/2020
"9 , Kartik 1427",26/10/2020
"10 , Kartik 1427",27/10/2020
"11 , Kartik 1427",28/10/2020
"12 , Kartik 1427",29/10/2020
"13 , Kartik 1427",30/10/2020
"14 , Kartik 1427",31/10/2020
"15 , Kartik 1427",01/11/2020
"16 , Kartik 1427",02/11/2020
"17 , Kartik 1427",03/11/2020
"18 , Kartik 1427",04/11/2020
"19 , Kartik 1427",05/11/2020
"20 , Kartik 1427",06/11/2020
"21 , Kartik 1427",07/11/2020
"22 , Kartik 1427",08/11/2020
"23 , Kartik 1427",09/11/2020
"24 , Kartik 1427",10/11/2020
"25 , Kartik 1427",11/11/2020
"26 , Kartik 1427",12/11/2020
"27 , Kartik 1427",13/11/2020
"28 , Kartik 1427",14/11/2020
"29 , Kartik 1427",15/11/2020
"30 , Kartik 1427",16/11/2020
"1 , Ogrohaeon (Agrahan) 1427",17/11/2020
"2 , Ogrohaeon (Agrahan) 1427",18/11/2020
"3 , Ogrohaeon (Agrahan) 1427",19/11/2020
"4 , Ogrohaeon (Agrahan) 1427",20/11/2020
"5 , Ogrohaeon (Agrahan) 1427",21/11/2020
"6 , Ogrohaeon (Agrahan) 1427",22/11/2020
"7 , Ogrohaeon (Agrahan) 1427",23/11/2020
"8 , Ogrohaeon (Agrahan) 1427",24/11/2020
"9 , Ogrohaeon (Agrahan) 1427",25/11/2020
"10 , Ogrohaeon (Agrahan) 1427",26/11/2020
"11 , Ogrohaeon (Agrahan) 1427",27/11/2020
"12 , Ogrohaeon (Agrahan) 1427",28/11/2020
"13 , Ogrohaeon (Agrahan) 1427",29/11/2020
"14 , Ogrohaeon (Agrahan) 1427",30/11/2020
"15 , Ogrohaeon (Agrahan) 1427",01/12/2020
"16 , Ogrohaeon (Agrahan) 1427",02/12/2020
"17 , Ogrohaeon (Agrahan) 1427",03/12/2020
"18 , Ogrohaeon (Agrahan) 1427",04/12/2020
"19 , Ogrohaeon (Agrahan) 1427",05/12/2020
"20 , Ogrohaeon (Agrahan) 1427",06/12/2020
"21 , Ogrohaeon (Agrahan) 1427",07/12/2020
"22 , Ogrohaeon (Agrahan) 1427",08/12/2020
"23 , Ogrohaeon (Agrahan) 1427",09/12/2020
"24 , Ogrohaeon (Agrahan) 1427",10/12/2020
"25 , Ogrohaeon (Agrahan) 1427",11/12/2020
"26 , Ogrohaeon (Agrahan) 1427",12/12/2020
"27 , Ogrohaeon (Agrahan) 1427",13/12/2020
"28 , Ogrohaeon (Agrahan) 1427",14/12/2020
"29 , Ogrohaeon (Agrahan) 1427",15/12/2020
"30 , Ogrohaeon (Agrahan) 1427",16/12/2020
"1 , Poush 1427",17/12/2020
"2 , Poush 1427",18/12/2020
"3 , Poush 1427",19/12/2020
"4 , Poush 1427",20/12/2020
"5 , Poush 1427",21/12/2020
"6 , Poush 1427",22/12/2020
"7 , Poush 1427",23/12/2020
"8 , Poush 1427",24/12/2020
"9 , Poush 1427",25/12/2020
"10 , Poush 1427",26/12/2020
"11 , Poush 1427",27/12/2020
"12 , Poush 1427",28/12/2020
"13 , Poush 1427",29/12/2020
"14 , Poush 1427",30/12/2020
"15 , Poush 1427",31/12/2020
"16 , Poush 1427",01/01/2021
"17 , Poush 1427",02/01/2021
"18 , Poush 1427",03/01/2021
"19 , Poush 1427",04/01/2021
"20 , Poush 1427",05/01/2021
"21 , Poush 1427",06/01/2021
"22 , Poush 1427",07/01/2021
"23 , Poush 1427",08/01/2021
"24 , Poush 1427",09/01/2021
"25 , Poush 1427",10/01/2021
"26 , Poush 1427",11/01/2021
"27 , Poush 1427",12/01/2021
"28 , Poush 1427",13/01/2021
"29 , Poush 1427",14/01/2021
"1 , Magh (Maagh) 1428",15/01/2021
"2 , Magh (Maagh) 1428",16/01/2021
"3 , Magh (Maagh) 1428",17/01/2021
"4 , Magh (Maagh) 1428",18/01/2021
"5 , Magh (Maagh) 1428",19/01/2021
"6 , Magh (Maagh) 1428",20/01/2021
"7 , Magh (Maagh) 1428",21/01/2021
"8 , Magh (Maagh) 1428",22/01/2021
"9 , Magh (Maagh) 1428",23/01/2021
"10 , Magh (Maagh) 1428",24/01/2021
"11 , Magh (Maagh) 1428",25/01/2021
"12 , Magh (Maagh) 1428",26/01/2021
"13 , Magh (Maagh) 1428",27/01/2021
"14 , Magh (Maagh) 1428",28/01/2021
"15 , Magh (Maagh) 1428",29/01/2021
"16 , Magh (Maagh) 1428",30/01/2021
"17 , Magh (Maagh) 1428",31/01/2021
"18 , Magh (Maagh) 1428",01/02/2021
"19 , Magh (Maagh) 1428",02/02/2021
"20 , Magh (Maagh) 1428",03/02/2021
"21 , Magh (Maagh) 1428",04/02/2021
"22 , Magh (Maagh) 1428",05/02/2021
"23 , Magh (Maagh) 1428",06/02/2021
"24 , Magh (Maagh) 1428",07/02/2021
"25 , Magh (Maagh) 1428",08/02/2021
"26 , Magh (Maagh) 1428",09/02/2021
"27 , Magh (Maagh) 1428",10/02/2021
"28 , Magh (Maagh) 1428",11/02/2021
"29 , Magh (Maagh) 1428",12/02/2021
"30 , Magh (Maagh) 1428",13/02/2021
"1 , Falgun (Phalgun) 1428",14/02/2021
"2 , Falgun (Phalgun) 1428",15/02/2021
"3 , Falgun (Phalgun) 1428",16/02/2021
"4 , Falgun (Phalgun) 1428",17/02/2021
"5 , Falgun (Phalgun) 1428",18/02/2021
"6 , Falgun (Phalgun) 1428",19/02/2021
"7 , Falgun (Phalgun) 1428",20/02/2021
"8 , Falgun (Phalgun) 1428",21/02/2021
"9 , Falgun (Phalgun) 1428",22/02/2021
"10 , Falgun (Phalgun) 1428",23/02/2021
"11 , Falgun (Phalgun) 1428",24/02/2021
"12 , Falgun (Phalgun) 1428",25/02/2021
"13 , Falgun (Phalgun) 1428",26/02/2021
"14 , Falgun (Phalgun) 1428",27/02/2021
"15 , Falgun (Phalgun) 1428",28/02/2021
"16 , Falgun (Phalgun) 1428",01/03/2021
"17 , Falgun (Phalgun) 1428",02/03/2021
"18 , Falgun (Phalgun) 1428",03/03/2021
"19 , Falgun (Phalgun) 1428",04/03/2021
"20 , Falgun (Phalgun) 1428",05/03/2021
"21 , Falgun (Phalgun) 1428",06/03/2021
"22 , Falgun (Phalgun) 1428",07/03/2021
"23 , Falgun (Phalgun) 1428",08/03/2021
"24 , Falgun (Phalgun) 1428",09/03/2021
"25 , Falgun (Phalgun) 1428",10/03/2021
"26 , Falgun (Phalgun) 1428",11/03/2021
"27 , Falgun (Phalgun) 1428",12/03/2021
"28 , Falgun (Phalgun) 1428",13/03/2021
"29 , Falgun (Phalgun) 1428",14/03/2021
"1 , Choitro (Chaitra) 1428",15/03/2021
"2 , Choitro (Chaitra) 1428",16/03/2021
"3 , Choitro (Chaitra) 1428",17/03/2021
"4 , Choitro (Chaitra) 1428",18/03/2021
"5 , Choitro (Chaitra) 1428",19/03/2021
"6 , Choitro (Chaitra) 1428",20/03/2021
"7 , Choitro (Chaitra) 1428",21/03/2021
"8 , Choitro (Chaitra) 1428",22/03/2021
"9 , Choitro (Chaitra) 1428",23/03/2021
"10 , Choitro (Chaitra) 1428",24/03/2021
"11 , Choitro (Chaitra) 1428",25/03/2021
"12 , Choitro (Chaitra) 1428",26/03/2021
"13 , Choitro (Chaitra) 1428",27/03/2021
"14 , Choitro (Chaitra) 1428",28/03/2021
"15 , Choitro (Chaitra) 1428",29/03/2021
"16 , Choitro (Chaitra) 1428",30/03/2021
"17 , Choitro (Chaitra) 1428",31/03/2021
"18 , Choitro (Chaitra) 1428",01/04/2021
"19 , Choitro (Chaitra) 1428",02/04/2021
"20 , Choitro (Chaitra) 1428",03/04/2021
"21 , Choitro (Chaitra) 1428",04/04/2021
"22 , Choitro (Chaitra) 1428",05/04/2021
"23 , Choitro (Chaitra) 1428",06/04/2021
"24 , Choitro (Chaitra) 1428",07/04/2021
"25 , Choitro (Chaitra) 1428",08/04/2021
"26 , Choitro (Chaitra) 1428",09/04/2021
"27 , Choitro (Chaitra) 1428",10/04/2021
"28 , Choitro (Chaitra) 1428",11/04/2021
"29 , Choitro (Chaitra) 1428",12/04/2021
"30 , Choitro (Chaitra) 1428",13/04/2021
"31 , Choitro (Chaitra) 1428",14/04/2021
"1 , Boishakh (Baisakh) 1428",15/04/2021
"2 , Boishakh (Baisakh) 1428",16/04/2021
"3 , Boishakh (Baisakh) 1428",17/04/2021
"4 , Boishakh (Baisakh) 1428",18/04/2021
"5 , Boishakh (Baisakh) 1428",19/04/2021
"6 , Boishakh (Baisakh) 1428",20/04/2021
"7 , Boishakh (Baisakh) 1428",21/04/2021
"8 , Boishakh (Baisakh) 1428",22/04/2021
"9 , Boishakh (Baisakh) 1428",23/04/2021
"10 , Boishakh (Baisakh) 1428",24/04/2021
"11 , Boishakh (Baisakh) 1428",25/04/2021
"12 , Boishakh (Baisakh) 1428",26/04/2021
"13 , Boishakh (Baisakh) 1428",27/04/2021
"14 , Boishakh (Baisakh) 1428",28/04/2021
"15 , Boishakh (Baisakh) 1428",29/04/2021
"16 , Boishakh (Baisakh) 1428",30/04/2021
"17 , Boishakh (Baisakh) 1428",01/05/2021
"18 , Boishakh (Baisakh) 1428",02/05/2021
"19 , Boishakh (Baisakh) 1428",03/05/2021
"20 , Boishakh (Baisakh) 1428",04/05/2021
"21 , Boishakh (Baisakh) 1428",05/05/2021
"22 , Boishakh (Baisakh) 1428",06/05/2021
"23 , Boishakh (Baisakh) 1428",07/05/2021
"24 , Boishakh (Baisakh) 1428",08/05/2021
"25 , Boishakh (Baisakh) 1428",09/05/2021
"26 , Boishakh (Baisakh) 1428",10/05/2021
"27 , Boishakh (Baisakh) 1428",11/05/2021
"28 , Boishakh (Baisakh) 1428",12/05/2021
"29 , Boishakh (Baisakh) 1428",13/05/2021
"30 , Boishakh (Baisakh) 1428",14/05/2021
"31 , Boishakh (Baisakh) 1428",15/05/2021
"1 , Joishtho (Jaishtho) 1428",16/05/2021
"2 , Joishtho (Jaishtho) 1428",17/05/2021
"3 , Joishtho (Jaishtho) 1428",18/05/2021
"4 , Joishtho (Jaishtho) 1428",19/05/2021
"5 , Joishtho (Jaishtho) 1428",20/05/2021
"6 , Joishtho (Jaishtho) 1428",21/05/2021
"7 , Joishtho (Jaishtho) 1428",22/05/2021
"8 , Joishtho (Jaishtho) 1428",23/05/2021
"9 , Joishtho (Jaishtho) 1428",24/05/2021
"10 , Joishtho (Jaishtho) 1428",25/05/2021
"11 , Joishtho (Jaishtho) 1428",26/05/2021
"12 , Joishtho (Jaishtho) 1428",27/05/2021
"13 , Joishtho (Jaishtho) 1428",28/05/2021
"14 , Joishtho (Jaishtho) 1428",29/05/2021
"15 , Joishtho (Jaishtho) 1428",30/05/2021
"16 , Joishtho (Jaishtho) 1428",31/05/2021
"17 , Joishtho (Jaishtho) 1428",01/06/2021
"18 , Joishtho (Jaishtho) 1428",02/06/2021
"19 , Joishtho (Jaishtho) 1428",03/06/2021
"20 , Joishtho (Jaishtho) 1428",04/06/2021
"21 , Joishtho (Jaishtho) 1428",05/06/2021
"22 , Joishtho (Jaishtho) 1428",06/06/2021
"23 , Joishtho (Jaishtho) 1428",07/06/2021
"24 , Joishtho (Jaishtho) 1428",08/06/2021
"25 , Joishtho (Jaishtho) 1428",09/06/2021
"26 , Joishtho (Jaishtho) 1428",10/06/2021
"27 , Joishtho (Jaishtho) 1428",11/06/2021
"28 , Joishtho (Jaishtho) 1428",12/06/2021
"29 , Joishtho (Jaishtho) 1428",13/06/2021
"30 , Joishtho (Jaishtho) 1428",14/06/2021
"31 , Joishtho (Jaishtho) 1428",15/06/2021
"1 , Asharh (Aashar) 1428",16/06/2021
"2 , Asharh (Aashar) 1428",17/06/2021
"3 , Asharh (Aashar) 1428",18/06/2021
"4 , Asharh (Aashar) 1428",19/06/2021
"5 , Asharh (Aashar) 1428",20/06/2021
"6 , Asharh (Aashar) 1428",21/06/2021
"7 , Asharh (Aashar) 1428",22/06/2021
"8 , Asharh (Aashar) 1428",23/06/2021
"9 , Asharh (Aashar) 1428",24/06/2021
"10 , Asharh (Aashar) 1428",25/06/2021
"11 , Asharh (Aashar) 1428",26/06/2021
"12 , Asharh (Aashar) 1428",27/06/2021
"13 , Asharh (Aashar) 1428",28/06/2021
"14 , Asharh (Aashar) 1428",29/06/2021
"15 , Asharh (Aashar) 1428",30/06/2021
"16 , Asharh (Aashar) 1428",01/07/2021
"17 , Asharh (Aashar) 1428",02/07/2021
"18 , Asharh (Aashar) 1428",03/07/2021
"19 , Asharh (Aashar) 1428",04/07/2021
"20 , Asharh (Aashar) 1428",05/07/2021
"21 , Asharh (Aashar) 1428",06/07/2021
"22 , Asharh (Aashar) 1428",07/07/2021
"23 , Asharh (Aashar) 1428",08/07/2021
"24 , Asharh (Aashar) 1428",09/07/2021
"25 , Asharh (Aashar) 1428",10/07/2021
"26 , Asharh (Aashar) 1428",11/07/2021
"27 , Asharh (Aashar) 1428",12/07/2021
"28 , Asharh (Aashar) 1428",13/07/2021
"29 , Asharh (Aashar) 1428",14/07/2021
"30 , Asharh (Aashar) 1428",15/07/2021
"31 , Asharh (Aashar) 1428",16/07/2021
"32 , Asharh (Aashar) 1428",17/07/2021
"1 , Srabon (Shraban) 1428",18/07/2021
"2 , Srabon (Shraban) 1428",19/07/2021
"3 , Srabon (Shraban) 1428",20/07/2021
"4 , Srabon (Shraban) 1428",21/07/2021
"5 , Srabon (Shraban) 1428",22/07/2021
"6 , Srabon (Shraban) 1428",23/07/2021
"7 , Srabon (Shraban) 1428",24/07/2021
"8 , Srabon (Shraban) 1428",25/07/2021
"9 , Srabon (Shraban) 1428",26/07/2021
"10 , Srabon (Shraban) 1428",27/07/2021
"11 , Srabon (Shraban) 1428",28/07/2021
"12 , Srabon (Shraban) 1428",29/07/2021
"13 , Srabon (Shraban) 1428",30/07/2021
"14 , Srabon (Shraban) 1428",31/07/2021
"15 , Srabon (Shraban) 1428",01/08/2021
"16 , Srabon (Shraban) 1428",02/08/2021
"17 , Srabon (Shraban) 1428",03/08/2021
"18 , Srabon (Shraban) 1428",04/08/2021
"19 , Srabon (Shraban) 1428",05/08/2021
"20 , Srabon (Shraban) 1428",06/08/2021
"21 , Srabon (Shraban) 1428",07/08/2021
"22 , Srabon (Shraban) 1428",08/08/2021
"23 , Srabon (Shraban) 1428",09/08/2021
"24 , Srabon (Shraban) 1428",10/08/2021
"25 , Srabon (Shraban) 1428",11/08/2021
"26 , Srabon (Shraban) 1428",12/08/2021
"27 , Srabon (Shraban) 1428",13/08/2021
"28 , Srabon (Shraban) 1428",14/08/2021
"29 , Srabon (Shraban) 1428",15/08/2021
"30 , Srabon (Shraban) 1428",16/08/2021
"31 , Srabon (Shraban) 1428",17/08/2021
"1 , Bhadro (Bhadra) 1428",18/08/2021
"2 , Bhadro (Bhadra) 1428",19/08/2021
"3 , Bhadro (Bhadra) 1428",20/08/2021
"4 , Bhadro (Bhadra) 1428",21/08/2021
"5 , Bhadro (Bhadra) 1428",22/08/2021
"6 , Bhadro (Bhadra) 1428",23/08/2021
"7 , Bhadro (Bhadra) 1428",24/08/2021
"8 , Bhadro (Bhadra) 1428",25/08/2021
"9 , Bhadro (Bhadra) 1428",26/08/2021
"10 , Bhadro (Bhadra) 1428",27/08/2021
"11 , Bhadro (Bhadra) 1428",28/08/2021
"12 , Bhadro (Bhadra) 1428",29/08/2021
"13 , Bhadro (Bhadra) 1428",30/08/2021
"14 , Bhadro (Bhadra) 1428",31/08/2021
"15 , Bhadro (Bhadra) 1428",01/09/2021
"16 , Bhadro (Bhadra) 1428",02/09/2021
"17 , Bhadro (Bhadra) 1428",03/09/2021
"18 , Bhadro (Bhadra) 1428",04/09/2021
"19 , Bhadro (Bhadra) 1428",05/09/2021
"20 , Bhadro (Bhadra) 1428",06/09/2021
"21 , Bhadro (Bhadra) 1428",07/09/2021
"22 , Bhadro (Bhadra) 1428",08/09/2021
"23 , Bhadro (Bhadra) 1428",09/09/2021
"24 , Bhadro (Bhadra) 1428",10/09/2021
"25 , Bhadro (Bhadra) 1428",11/09/2021
"26 , Bhadro (Bhadra) 1428",12/09/2021
"27 , Bhadro (Bhadra) 1428",13/09/2021
"28 , Bhadro (Bhadra) 1428",14/09/2021
"29 , Bhadro (Bhadra) 1428",15/09/2021
"30 , Bhadro (Bhadra) 1428",16/09/2021
"31 , Bhadro (Bhadra) 1428",17/09/2021
"1 , Ashshin (Aashin) 1428",18/09/2021
"2 , Ashshin (Aashin) 1428",19/09/2021
"3 , Ashshin (Aashin) 1428",20/09/2021
"4 , Ashshin (Aashin) 1428",21/09/2021
"5 , Ashshin (Aashin) 1428",22/09/2021
"6 , Ashshin (Aashin) 1428",23/09/2021
"7 , Ashshin (Aashin) 1428",24/09/2021
"8 , Ashshin (Aashin) 1428",25/09/2021
"9 , Ashshin (Aashin) 1428",26/09/2021
"10 , Ashshin (Aashin) 1428",27/09/2021
"11 , Ashshin (Aashin) 1428",28/09/2021
"12 , Ashshin (Aashin) 1428",29/09/2021
"13 , Ashshin (Aashin) 1428",30/09/2021
"14 , Ashshin (Aashin) 1428",01/10/2021
"15 , Ashshin (Aashin) 1428",02/10/2021
"16 , Ashshin (Aashin) 1428",03/10/2021
"17 , Ashshin (Aashin) 1428",04/10/2021
"18 , Ashshin (Aashin) 1428",05/10/2021
"19 , Ashshin (Aashin) 1428",06/10/2021
"20 , Ashshin (Aashin) 1428",07/10/2021
"21 , Ashshin (Aashin) 1428",08/10/2021
"22 , Ashshin (Aashin) 1428",09/10/2021
"23 , Ashshin (Aashin) 1428",10/10/2021
"24 , Ashshin (Aashin) 1428",11/10/2021
"25 , Ashshin (Aashin) 1428",12/10/2021
"26 , Ashshin (Aashin) 1428",13/10/2021
"27 , Ashshin (Aashin) 1428",14/10/2021
"28 , Ashshin (Aashin) 1428",15/10/2021
"29 , Ashshin (Aashin) 1428",16/10/2021
"30 , Ashshin (Aashin) 1428",17/10/2021
"31 , Ashshin (Aashin) 1428",18/10/2021
"1 , Kartik 1428",19/10/2021
"2 , Kartik 1428",20/10/2021
"3 , Kartik 1428",21/10/2021
"4 , Kartik 1428",22/10/2021
"5 , Kartik 1428",23/10/2021
"6 , Kartik 1428",24/10/2021
"7 , Kartik 1428",25/10/2021
"8 , Kartik 1428",26/10/2021
"9 , Kartik 1428",27/10/2021
"10 , Kartik 1428",28/10/2021
"11 , Kartik 1428",29/10/2021
"12 , Kartik 1428",30/10/2021
"13 , Kartik 1428",31/10/2021
"14 , Kartik 1428",01/11/2021
"15 , Kartik 1428",02/11/2021
"16 , Kartik 1428",03/11/2021
"17 , Kartik 1428",04/11/2021
"18 , Kartik 1428",05/11/2021
"19 , Kartik 1428",06/11/2021
"20 , Kartik 1428",07/11/2021
"21 , Kartik 1428",08/11/2021
"22 , Kartik 1428",09/11/2021
"23 , Kartik 1428",10/11/2021
"24 , Kartik 1428",11/11/2021
"25 , Kartik 1428",12/11/2021
"26 , Kartik 1428",13/11/2021
"27 , Kartik 1428",14/11/2021
"28 , Kartik 1428",15/11/2021
"29 , Kartik 1428",16/11/2021
"30 , Kartik 1428",17/11/2021
"1 , Ogrohaeon (Agrahan) 1428",18/11/2021
"2 , Ogrohaeon (Agrahan) 1428",19/11/2021
"3 , Ogrohaeon (Agrahan) 1428",20/11/2021
"4 , Ogrohaeon (Agrahan) 1428",21/11/2021
"5 , Ogrohaeon (Agrahan) 1428",22/11/2021
"6 , Ogrohaeon (Agrahan) 1428",23/11/2021
"7 , Ogrohaeon (Agrahan) 1428",24/11/2021
"8 , Ogrohaeon (Agrahan) 1428",25/11/2021
"9 , Ogrohaeon (Agrahan) 1428",26/11/2021
"10 , Ogrohaeon (Agrahan) 1428",27/11/2021
"11 , Ogrohaeon (Agrahan) 1428",28/11/2021
"12 , Ogrohaeon (Agrahan) 1428",29/11/2021
"13 , Ogrohaeon (Agrahan) 1428",30/11/2021
"14 , Ogrohaeon (Agrahan) 1428",01/12/2021
"15 , Ogrohaeon (Agrahan) 1428",02/12/2021
"16 , Ogrohaeon (Agrahan) 1428",03/12/2021
"17 , Ogrohaeon (Agrahan) 1428",04/12/2021
"18 , Ogrohaeon (Agrahan) 1428",05/12/2021
"19 , Ogrohaeon (Agrahan) 1428",06/12/2021
"20 , Ogrohaeon (Agrahan) 1428",07/12/2021
"21 , Ogrohaeon (Agrahan) 1428",08/12/2021
"22 , Ogrohaeon (Agrahan) 1428",09/12/2021
"23 , Ogrohaeon (Agrahan) 1428",10/12/2021
"24 , Ogrohaeon (Agrahan) 1428",11/12/2021
"25 , Ogrohaeon (Agrahan) 1428",12/12/2021
"26 , Ogrohaeon (Agrahan) 1428",13/12/2021
"27 , Ogrohaeon (Agrahan) 1428",14/12/2021
"28 , Ogrohaeon (Agrahan) 1428",15/12/2021
"29 , Ogrohaeon (Agrahan) 1428",16/12/2021
"1 , Poush 1428",17/12/2021
"2 , Poush 1428",18/12/2021
"3 , Poush 1428",19/12/2021
"4 , Poush 1428",20/12/2021
"5 , Poush 1428",21/12/2021
"6 , Poush 1428",22/12/2021
"7 , Poush 1428",23/12/2021
"8 , Poush 1428",24/12/2021
"9 , Poush 1428",25/12/2021
"10 , Poush 1428",26/12/2021
"11 , Poush 1428",27/12/2021
"12 , Poush 1428",28/12/2021
"13 , Poush 1428",29/12/2021
"14 , Poush 1428",30/12/2021
"15 , Poush 1428",31/12/2021
"16 , Poush 1428",01/01/2022
"17 , Poush 1428",02/01/2022
"18 , Poush 1428",03/01/2022
"19 , Poush 1428",04/01/2022
"20 , Poush 1428",05/01/2022
"21 , Poush 1428",06/01/2022
"22 , Poush 1428",07/01/2022
"23 , Poush 1428",08/01/2022
"24 , Poush 1428",09/01/2022
"25 , Poush 1428",10/01/2022
"26 , Poush 1428",11/01/2022
"27 , Poush 1428",12/01/2022
"28 , Poush 1428",13/01/2022
"29 , Poush 1428",14/01/2022
"1 , Magh (Maagh) 1429",15/01/2022
"2 , Magh (Maagh) 1429",16/01/2022
"3 , Magh (Maagh) 1429",17/01/2022
"4 , Magh (Maagh) 1429",18/01/2022
"5 , Magh (Maagh) 1429",19/01/2022
"6 , Magh (Maagh) 1429",20/01/2022
"7 , Magh (Maagh) 1429",21/01/2022
"8 , Magh (Maagh) 1429",22/01/2022
"9 , Magh (Maagh) 1429",23/01/2022
"10 , Magh (Maagh) 1429",24/01/2022
"11 , Magh (Maagh) 1429",25/01/2022
"12 , Magh (Maagh) 1429",26/01/2022
"13 , Magh (Maagh) 1429",27/01/2022
"14 , Magh (Maagh) 1429",28/01/2022
"15 , Magh (Maagh) 1429",29/01/2022
"16 , Magh (Maagh) 1429",30/01/2022
"17 , Magh (Maagh) 1429",31/01/2022
"18 , Magh (Maagh) 1429",01/02/2022
"19 , Magh (Maagh) 1429",02/02/2022
"20 , Magh (Maagh) 1429",03/02/2022
"21 , Magh (Maagh) 1429",04/02/2022
"22 , Magh (Maagh) 1429",05/02/2022
"23 , Magh (Maagh) 1429",06/02/2022
"24 , Magh (Maagh) 1429",07/02/2022
"25 , Magh (Maagh) 1429",08/02/2022
"26 , Magh (Maagh) 1429",09/02/2022
"27 , Magh (Maagh) 1429",10/02/2022
"28 , Magh (Maagh) 1429",11/02/2022
"29 , Magh (Maagh) 1429",12/02/2022
"30 , Magh (Maagh) 1429",13/02/2022
"1 , Falgun (Phalgun) 1429",14/02/2022
"2 , Falgun (Phalgun) 1429",15/02/2022
"3 , Falgun (Phalgun) 1429",16/02/2022
"4 , Falgun (Phalgun) 1429",17/02/2022
"5 , Falgun (Phalgun) 1429",18/02/2022
"6 , Falgun (Phalgun) 1429",19/02/2022
"7 , Falgun (Phalgun) 1429",20/02/2022
"8 , Falgun (Phalgun) 1429",21/02/2022
"9 , Falgun (Phalgun) 1429",22/02/2022
"10 , Falgun (Phalgun) 1429",23/02/2022
"11 , Falgun (Phalgun) 1429",24/02/2022
"12 , Falgun (Phalgun) 1429",25/02/2022
"13 , Falgun (Phalgun) 1429",26/02/2022
"14 , Falgun (Phalgun) 1429",27/02/2022
"15 , Falgun (Phalgun) 1429",28/02/2022
"16 , Falgun (Phalgun) 1429",01/03/2022
"17 , Falgun (Phalgun) 1429",02/03/2022
"18 , Falgun (Phalgun) 1429",03/03/2022
"19 , Falgun (Phalgun) 1429",04/03/2022
"20 , Falgun (Phalgun) 1429",05/03/2022
"21 , Falgun (Phalgun) 1429",06/03/2022
"22 , Falgun (Phalgun) 1429",07/03/2022
"23 , Falgun (Phalgun) 1429",08/03/2022
"24 , Falgun (Phalgun) 1429",09/03/2022
"25 , Falgun (Phalgun) 1429",10/03/2022
"26 , Falgun (Phalgun) 1429",11/03/2022
"27 , Falgun (Phalgun) 1429",12/03/2022
"28 , Falgun (Phalgun) 1429",13/03/2022
"29 , Falgun (Phalgun) 1429",14/03/2022
"30 , Falgun (Phalgun) 1429",15/03/2022
"1 , Choitro (Chaitra) 1429",16/03/2022
"2 , Choitro (Chaitra) 1429",17/03/2022
"3 , Choitro (Chaitra) 1429",18/03/2022
"4 , Choitro (Chaitra) 1429",19/03/2022
"5 , Choitro (Chaitra) 1429",20/03/2022
"6 , Choitro (Chaitra) 1429",21/03/2022
"7 , Choitro (Chaitra) 1429",22/03/2022
"8 , Choitro (Chaitra) 1429",23/03/2022
"9 , Choitro (Chaitra) 1429",24/03/2022
"10 , Choitro (Chaitra) 1429",25/03/2022
"11 , Choitro (Chaitra) 1429",26/03/2022
"12 , Choitro (Chaitra) 1429",27/03/2022
"13 , Choitro (Chaitra) 1429",28/03/2022
"14 , Choitro (Chaitra) 1429",29/03/2022
"15 , Choitro (Chaitra) 1429",30/03/2022
"16 , Choitro (Chaitra) 1429",31/03/2022
"17 , Choitro (Chaitra) 1429",01/04/2022
"18 , Choitro (Chaitra) 1429",02/04/2022
"19 , Choitro (Chaitra) 1429",03/04/2022
"20 , Choitro (Chaitra) 1429",04/04/2022
"21 , Choitro (Chaitra) 1429",05/04/2022
"22 , Choitro (Chaitra) 1429",06/04/2022
"23 , Choitro (Chaitra) 1429",07/04/2022
"24 , Choitro (Chaitra) 1429",08/04/2022
"25 , Choitro (Chaitra) 1429",09/04/2022
"26 , Choitro (Chaitra) 1429",10/04/2022
"27 , Choitro (Chaitra) 1429",11/04/2022
"28 , Choitro (Chaitra) 1429",12/04/2022
"29 , Choitro (Chaitra) 1429",13/04/2022
"30 , Choitro (Chaitra) 1429",14/04/2022
"1 , Boishakh (Baisakh) 1429",15/04/2022
"2 , Boishakh (Baisakh) 1429",16/04/2022
"3 , Boishakh (Baisakh) 1429",17/04/2022
"4 , Boishakh (Baisakh) 1429",18/04/2022
"5 , Boishakh (Baisakh) 1429",19/04/2022
"6 , Boishakh (Baisakh) 1429",20/04/2022
"7 , Boishakh (Baisakh) 1429",21/04/2022
"8 , Boishakh (Baisakh) 1429",22/04/2022
"9 , Boishakh (Baisakh) 1429",23/04/2022
"10 , Boishakh (Baisakh) 1429",24/04/2022
"11 , Boishakh (Baisakh) 1429",25/04/2022
"12 , Boishakh (Baisakh) 1429",26/04/2022
"13 , Boishakh (Baisakh) 1429",27/04/2022
"14 , Boishakh (Baisakh) 1429",28/04/2022
"15 , Boishakh (Baisakh) 1429",29/04/2022
"16 , Boishakh (Baisakh) 1429",30/04/2022
"17 , Boishakh (Baisakh) 1429",01/05/2022
"18 , Boishakh (Baisakh) 1429",02/05/2022
"19 , Boishakh (Baisakh) 1429",03/05/2022
"20 , Boishakh (Baisakh) 1429",04/05/2022
"21 , Boishakh (Baisakh) 1429",05/05/2022
"22 , Boishakh (Baisakh) 1429",06/05/2022
"23 , Boishakh (Baisakh) 1429",07/05/2022
"24 , Boishakh (Baisakh) 1429",08/05/2022
"25 , Boishakh (Baisakh) 1429",09/05/2022
"26 , Boishakh (Baisakh) 1429",10/05/2022
"27 , Boishakh (Baisakh) 1429",11/05/2022
"28 , Boishakh (Baisakh) 1429",12/05/2022
"29 , Boishakh (Baisakh) 1429",13/05/2022
"30 , Boishakh (Baisakh) 1429",14/05/2022
"31 , Boishakh (Baisakh) 1429",15/05/2022
"1 , Joishtho (Jaishtho) 1429",16/05/2022
"2 , Joishtho (Jaishtho) 1429",17/05/2022
"3 , Joishtho (Jaishtho) 1429",18/05/2022
"4 , Joishtho (Jaishtho) 1429",19/05/2022
"5 , Joishtho (Jaishtho) 1429",20/05/2022
"6 , Joishtho (Jaishtho) 1429",21/05/2022
"7 , Joishtho (Jaishtho) 1429",22/05/2022
"8 , Joishtho (Jaishtho) 1429",23/05/2022
"9 , Joishtho (Jaishtho) 1429",24/05/2022
"10 , Joishtho (Jaishtho) 1429",25/05/2022
"11 , Joishtho (Jaishtho) 1429",26/05/2022
"12 , Joishtho (Jaishtho) 1429",27/05/2022
"13 , Joishtho (Jaishtho) 1429",28/05/2022
"14 , Joishtho (Jaishtho) 1429",29/05/2022
"15 , Joishtho (Jaishtho) 1429",30/05/2022
"16 , Joishtho (Jaishtho) 1429",31/05/2022
"17 , Joishtho (Jaishtho) 1429",01/06/2022
"18 , Joishtho (Jaishtho) 1429",02/06/2022
"19 , Joishtho (Jaishtho) 1429",03/06/2022
"20 , Joishtho (Jaishtho) 1429",04/06/2022
"21 , Joishtho (Jaishtho) 1429",05/06/2022
"22 , Joishtho (Jaishtho) 1429",06/06/2022
"23 , Joishtho (Jaishtho) 1429",07/06/2022
"24 , Joishtho (Jaishtho) 1429",08/06/2022
"25 , Joishtho (Jaishtho) 1429",09/06/2022
"26 , Joishtho (Jaishtho) 1429",10/06/2022
"27 , Joishtho (Jaishtho) 1429",11/06/2022
"28 , Joishtho (Jaishtho) 1429",12/06/2022
"29 , Joishtho (Jaishtho) 1429",13/06/2022
"30 , Joishtho (Jaishtho) 1429",14/06/2022
"31 , Joishtho (Jaishtho) 1429",15/06/2022
"1 , Asharh (Aashar) 1429",16/06/2022
"2 , Asharh (Aashar) 1429",17/06/2022
"3 , Asharh (Aashar) 1429",18/06/2022
"4 , Asharh (Aashar) 1429",19/06/2022
"5 , Asharh (Aashar) 1429",20/06/2022
"6 , Asharh (Aashar) 1429",21/06/2022
"7 , Asharh (Aashar) 1429",22/06/2022
"8 , Asharh (Aashar) 1429",23/06/2022
"9 , Asharh (Aashar) 1429",24/06/2022
"10 , Asharh (Aashar) 1429",25/06/2022
"11 , Asharh (Aashar) 1429",26/06/2022
"12 , Asharh (Aashar) 1429",27/06/2022
"13 , Asharh (Aashar) 1429",28/06/2022
"14 , Asharh (Aashar) 1429",29/06/2022
"15 , Asharh (Aashar) 1429",30/06/2022
"16 , Asharh (Aashar) 1429",01/07/2022
"17 , Asharh (Aashar) 1429",02/07/2022
"18 , Asharh (Aashar) 1429",03/07/2022
"19 , Asharh (Aashar) 1429",04/07/2022
"20 , Asharh (Aashar) 1429",05/07/2022
"21 , Asharh (Aashar) 1429",06/07/2022
"22 , Asharh (Aashar) 1429",07/07/2022
"23 , Asharh (Aashar) 1429",08/07/2022
"24 , Asharh (Aashar) 1429",09/07/2022
"25 , Asharh (Aashar) 1429",10/07/2022
"26 , Asharh (Aashar) 1429",11/07/2022
"27 , Asharh (Aashar) 1429",12/07/2022
"28 , Asharh (Aashar) 1429",13/07/2022
"29 , Asharh (Aashar) 1429",14/07/2022
"30 , Asharh (Aashar) 1429",15/07/2022
"31 , Asharh (Aashar) 1429",16/07/2022
"32 , Asharh (Aashar) 1429",17/07/2022
"1 , Srabon (Shraban) 1429",18/07/2022
"2 , Srabon (Shraban) 1429",19/07/2022
"3 , Srabon (Shraban) 1429",20/07/2022
"4 , Srabon (Shraban) 1429",21/07/2022
"5 , Srabon (Shraban) 1429",22/07/2022
"6 , Srabon (Shraban) 1429",23/07/2022
"7 , Srabon (Shraban) 1429",24/07/2022
"8 , Srabon (Shraban) 1429",25/07/2022
"9 , Srabon (Shraban) 1429",26/07/2022
"10 , Srabon (Shraban) 1429",27/07/2022
"11 , Srabon (Shraban) 1429",28/07/2022
"12 , Srabon (Shraban) 1429",29/07/2022
"13 , Srabon (Shraban) 1429",30/07/2022
"14 , Srabon (Shraban) 1429",31/07/2022
"15 , Srabon (Shraban) 1429",01/08/2022
"16 , Srabon (Shraban) 1429",02/08/2022
"17 , Srabon (Shraban) 1429",03/08/2022
"18 , Srabon (Shraban) 1429",04/08/2022
"19 , Srabon (Shraban) 1429",05/08/2022
"20 , Srabon (Shraban) 1429",06/08/2022
"21 , Srabon (Shraban) 1429",07/08/2022
"22 , Srabon (Shraban) 1429",08/08/2022
"23 , Srabon (Shraban) 1429",09/08/2022
"24 , Srabon (Shraban) 1429",10/08/2022
"25 , Srabon (Shraban) 1429",11/08/2022
"26 , Srabon (Shraban) 1429",12/08/2022
"27 , Srabon (Shraban) 1429",13/08/2022
"28 , Srabon (Shraban) 1429",14/08/2022
"29 , Srabon (Shraban) 1429",15/08/2022
"30 , Srabon (Shraban) 1429",16/08/2022
"31 , Srabon (Shraban) 1429",17/08/2022
"1 , Bhadro (Bhadra) 1429",18/08/2022
"2 , Bhadro (Bhadra) 1429",19/08/2022
"3 , Bhadro (Bhadra) 1429",20/08/2022
"4 , Bhadro (Bhadra) 1429",21/08/2022
"5 , Bhadro (Bhadra) 1429",22/08/2022
"6 , Bhadro (Bhadra) 1429",23/08/2022
"7 , Bhadro (Bhadra) 1429",24/08/2022
"8 , Bhadro (Bhadra) 1429",25/08/2022
"9 , Bhadro (Bhadra) 1429",26/08/2022
"10 , Bhadro (Bhadra) 1429",27/08/2022
"11 , Bhadro (Bhadra) 1429",28/08/2022
"12 , Bhadro (Bhadra) 1429",29/08/2022
"13 , Bhadro (Bhadra) 1429",30/08/2022
"14 , Bhadro (Bhadra) 1429",31/08/2022
"15 , Bhadro (Bhadra) 1429",01/09/2022
"16 , Bhadro (Bhadra) 1429",02/09/2022
"17 , Bhadro (Bhadra) 1429",03/09/2022
"18 , Bhadro (Bhadra) 1429",04/09/2022
"19 , Bhadro (Bhadra) 1429",05/09/2022
"20 , Bhadro (Bhadra) 1429",06/09/2022
"21 , Bhadro (Bhadra) 1429",07/09/2022
"22 , Bhadro (Bhadra) 1429",08/09/2022
"23 , Bhadro (Bhadra) 1429",09/09/2022
"24 , Bhadro (Bhadra) 1429",10/09/2022
"25 , Bhadro (Bhadra) 1429",11/09/2022
"26 , Bhadro (Bhadra) 1429",12/09/2022
"27 , Bhadro (Bhadra) 1429",13/09/2022
"28 , Bhadro (Bhadra) 1429",14/09/2022
"29 , Bhadro (Bhadra) 1429",15/09/2022
"30 , Bhadro (Bhadra) 1429",16/09/2022
"31 , Bhadro (Bhadra) 1429",17/09/2022
"1 , Ashshin (Aashin) 1429",18/09/2022
"2 , Ashshin (Aashin) 1429",19/09/2022
"3 , Ashshin (Aashin) 1429",20/09/2022
"4 , Ashshin (Aashin) 1429",21/09/2022
"5 , Ashshin (Aashin) 1429",22/09/2022
"6 , Ashshin (Aashin) 1429",23/09/2022
"7 , Ashshin (Aashin) 1429",24/09/2022
"8 , Ashshin (Aashin) 1429",25/09/2022
"9 , Ashshin (Aashin) 1429",26/09/2022
"10 , Ashshin (Aashin) 1429",27/09/2022
"11 , Ashshin (Aashin) 1429",28/09/2022
"12 , Ashshin (Aashin) 1429",29/09/2022
"13 , Ashshin (Aashin) 1429",30/09/2022
"14 , Ashshin (Aashin) 1429",01/10/2022
"15 , Ashshin (Aashin) 1429",02/10/2022
"16 , Ashshin (Aashin) 1429",03/10/2022
"17 , Ashshin (Aashin) 1429",04/10/2022
"18 , Ashshin (Aashin) 1429",05/10/2022
"19 , Ashshin (Aashin) 1429",06/10/2022
"20 , Ashshin (Aashin) 1429",07/10/2022
"21 , Ashshin (Aashin) 1429",08/10/2022
"22 , Ashshin (Aashin) 1429",09/10/2022
"23 , Ashshin (Aashin) 1429",10/10/2022
"24 , Ashshin (Aashin) 1429",11/10/2022
"25 , Ashshin (Aashin) 1429",12/10/2022
"26 , Ashshin (Aashin) 1429",13/10/2022
"27 , Ashshin (Aashin) 1429",14/10/2022
"28 , Ashshin (Aashin) 1429",15/10/2022
"29 , Ashshin (Aashin) 1429",16/10/2022
"30 , Ashshin (Aashin) 1429",17/10/2022
"31 , Ashshin (Aashin) 1429",18/10/2022
"1 , Kartik 1429",19/10/2022
"2 , Kartik 1429",20/10/2022
"3 , Kartik 1429",21/10/2022
"4 , Kartik 1429",22/10/2022
"5 , Kartik 1429",23/10/2022
"6 , Kartik 1429",24/10/2022
"7 , Kartik 1429",25/10/2022
"8 , Kartik 1429",26/10/2022
"9 , Kartik 1429",27/10/2022
"10 , Kartik 1429",28/10/2022
"11 , Kartik 1429",29/10/2022
"12 , Kartik 1429",30/10/2022
"13 , Kartik 1429",31/10/2022
"14 , Kartik 1429",01/11/2022
"15 , Kartik 1429",02/11/2022
"16 , Kartik 1429",03/11/2022
"17 , Kartik 1429",04/11/2022
"18 , Kartik 1429",05/11/2022
"19 , Kartik 1429",06/11/2022
"20 , Kartik 1429",07/11/2022
"21 , Kartik 1429",08/11/2022
"22 , Kartik 1429",09/11/2022
"23 , Kartik 1429",10/11/2022
"24 , Kartik 1429",11/11/2022
"25 , Kartik 1429",12/11/2022
"26 , Kartik 1429",13/11/2022
"27 , Kartik 1429",14/11/2022
"28 , Kartik 1429",15/11/2022
"29 , Kartik 1429",16/11/2022
"1 , Ogrohaeon (Agrahan) 1429",17/11/2022
"2 , Ogrohaeon (Agrahan) 1429",18/11/2022
"3 , Ogrohaeon (Agrahan) 1429",19/11/2022
"4 , Ogrohaeon (Agrahan) 1429",20/11/2022
"5 , Ogrohaeon (Agrahan) 1429",21/11/2022
"6 , Ogrohaeon (Agrahan) 1429",22/11/2022
"7 , Ogrohaeon (Agrahan) 1429",23/11/2022
"8 , Ogrohaeon (Agrahan) 1429",24/11/2022
"9 , Ogrohaeon (Agrahan) 1429",25/11/2022
"10 , Ogrohaeon (Agrahan) 1429",26/11/2022
"11 , Ogrohaeon (Agrahan) 1429",27/11/2022
"12 , Ogrohaeon (Agrahan) 1429",28/11/2022
"13 , Ogrohaeon (Agrahan) 1429",29/11/2022
"14 , Ogrohaeon (Agrahan) 1429",30/11/2022
"15 , Ogrohaeon (Agrahan) 1429",01/12/2022
"16 , Ogrohaeon (Agrahan) 1429",02/12/2022
"17 , Ogrohaeon (Agrahan) 1429",03/12/2022
"18 , Ogrohaeon (Agrahan) 1429",04/12/2022
"19 , Ogrohaeon (Agrahan) 1429",05/12/2022
"20 , Ogrohaeon (Agrahan) 1429",06/12/2022
"21 , Ogrohaeon (Agrahan) 1429",07/12/2022
"22 , Ogrohaeon (Agrahan) 1429",08/12/2022
"23 , Ogrohaeon (Agrahan) 1429",09/12/2022
"24 , Ogrohaeon (Agrahan) 1429",10/12/2022
"25 , Ogrohaeon (Agrahan) 1429",11/12/2022
"26 , Ogrohaeon (Agrahan) 1429",12/12/2022
"27 , Ogrohaeon (Agrahan) 1429",13/12/2022
"28 , Ogrohaeon (Agrahan) 1429",14/12/2022
"29 , Ogrohaeon (Agrahan) 1429",15/12/2022
"30 , Ogrohaeon (Agrahan) 1429",16/12/2022
"1 , Poush 1429",17/12/2022
"2 , Poush 1429",18/12/2022
"3 , Poush 1429",19/12/2022
"4 , Poush 1429",20/12/2022
"5 , Poush 1429",21/12/2022
"6 , Poush 1429",22/12/2022
"7 , Poush 1429",23/12/2022
"8 , Poush 1429",24/12/2022
"9 , Poush 1429",25/12/2022
"10 , Poush 1429",26/12/2022
"11 , Poush 1429",27/12/2022
"12 , Poush 1429",28/12/2022
"13 , Poush 1429",29/12/2022
"14 , Poush 1429",30/12/2022
"15 , Poush 1429",31/12/2022
"16 , Poush 1429",01/01/2023
"17 , Poush 1429",02/01/2023
"18 , Poush 1429",03/01/2023
"19 , Poush 1429",04/01/2023
"20 , Poush 1429",05/01/2023
"21 , Poush 1429",06/01/2023
"22 , Poush 1429",07/01/2023
"23 , Poush 1429",08/01/2023
"24 , Poush 1429",09/01/2023
"25 , Poush 1429",10/01/2023
"26 , Poush 1429",11/01/2023
"27 , Poush 1429",12/01/2023
"28 , Poush 1429",13/01/2023
"29 , Poush 1429",14/01/2023
"30 , Poush 1429",15/01/2023
"1 , Magh (Maagh) 1430",16/01/2023
"2 , Magh (Maagh) 1430",17/01/2023
"3 , Magh (Maagh) 1430",18/01/2023
"4 , Magh (Maagh) 1430",19/01/2023
"5 , Magh (Maagh) 1430",20/01/2023
"6 , Magh (Maagh) 1430",21/01/2023
"7 , Magh (Maagh) 1430",22/01/2023
"8 , Magh (Maagh) 1430",23/01/2023
"9 , Magh (Maagh) 1430",24/01/2023
"10 , Magh (Maagh) 1430",25/01/2023
"11 , Magh (Maagh) 1430",26/01/2023
"12 , Magh (Maagh) 1430",27/01/2023
"13 , Magh (Maagh) 1430",28/01/2023
"14 , Magh (Maagh) 1430",29/01/2023
"15 , Magh (Maagh) 1430",30/01/2023
"16 , Magh (Maagh) 1430",31/01/2023
"17 , Magh (Maagh) 1430",01/02/2023
"18 , Magh (Maagh) 1430",02/02/2023
"19 , Magh (Maagh) 1430",03/02/2023
"20 , Magh (Maagh) 1430",04/02/2023
"21 , Magh (Maagh) 1430",05/02/2023
"22 , Magh (Maagh) 1430",06/02/2023
"23 , Magh (Maagh) 1430",07/02/2023
"24 , Magh (Maagh) 1430",08/02/2023
"25 , Magh (Maagh) 1430",09/02/2023
"26 , Magh (Maagh) 1430",10/02/2023
"27 , Magh (Maagh) 1430",11/02/2023
"28 , Magh (Maagh) 1430",12/02/2023
"29 , Magh (Maagh) 1430",13/02/2023
"1 , Falgun (Phalgun) 1430",14/02/2023
"2 , Falgun (Phalgun) 1430",15/02/2023
"3 , Falgun (Phalgun) 1430",16/02/2023
"4 , Falgun (Phalgun) 1430",17/02/2023
"5 , Falgun (Phalgun) 1430",18/02/2023
"6 , Falgun (Phalgun) 1430",19/02/2023
"7 , Falgun (Phalgun) 1430",20/02/2023
"8 , Falgun (Phalgun) 1430",21/02/2023
"9 , Falgun (Phalgun) 1430",22/02/2023
"10 , Falgun (Phalgun) 1430",23/02/2023
"11 , Falgun (Phalgun) 1430",24/02/2023
"12 , Falgun (Phalgun) 1430",25/02/2023
"13 , Falgun (Phalgun) 1430",26/02/2023
"14 , Falgun (Phalgun) 1430",27/02/2023
"15 , Falgun (Phalgun) 1430",28/02/2023
"16 , Falgun (Phalgun) 1430",01/03/2023
"17 , Falgun (Phalgun) 1430",02/03/2023
"18 , Falgun (Phalgun) 1430",03/03/2023
"19 , Falgun (Phalgun) 1430",04/03/2023
"20 , Falgun (Phalgun) 1430",05/03/2023
"21 , Falgun (Phalgun) 1430",06/03/2023
"22 , Falgun (Phalgun) 1430",07/03/2023
"23 , Falgun (Phalgun) 1430",08/03/2023
"24 , Falgun (Phalgun) 1430",09/03/2023
"25 , Falgun (Phalgun) 1430",10/03/2023
"26 , Falgun (Phalgun) 1430",11/03/2023
"27 , Falgun (Phalgun) 1430",12/03/2023
"28 , Falgun (Phalgun) 1430",13/03/2023
"29 , Falgun (Phalgun) 1430",14/03/2023
"30 , Falgun (Phalgun) 1430",15/03/2023
"1 , Choitro (Chaitra) 1430",16/03/2023
"2 , Choitro (Chaitra) 1430",17/03/2023
"3 , Choitro (Chaitra) 1430",18/03/2023
"4 , Choitro (Chaitra) 1430",19/03/2023
"5 , Choitro (Chaitra) 1430",20/03/2023
"6 , Choitro (Chaitra) 1430",21/03/2023
"7 , Choitro (Chaitra) 1430",22/03/2023
"8 , Choitro (Chaitra) 1430",23/03/2023
"9 , Choitro (Chaitra) 1430",24/03/2023
"10 , Choitro (Chaitra) 1430",25/03/2023
"11 , Choitro (Chaitra) 1430",26/03/2023
"12 , Choitro (Chaitra) 1430",27/03/2023
"13 , Choitro (Chaitra) 1430",28/03/2023
"14 , Choitro (Chaitra) 1430",29/03/2023
"15 , Choitro (Chaitra) 1430",30/03/2023
"16 , Choitro (Chaitra) 1430",31/03/2023
"17 , Choitro (Chaitra) 1430",01/04/2023
"18 , Choitro (Chaitra) 1430",02/04/2023
"19 , Choitro (Chaitra) 1430",03/04/2023
"20 , Choitro (Chaitra) 1430",04/04/2023
"21 , Choitro (Chaitra) 1430",05/04/2023
"22 , Choitro (Chaitra) 1430",06/04/2023
"23 , Choitro (Chaitra) 1430",07/04/2023
"24 , Choitro (Chaitra) 1430",08/04/2023
"25 , Choitro (Chaitra) 1430",09/04/2023
"26 , Choitro (Chaitra) 1430",10/04/2023
"27 , Choitro (Chaitra) 1430",11/04/2023
"28 , Choitro (Chaitra) 1430",12/04/2023
"29 , Choitro (Chaitra) 1430",13/04/2023
"30 , Choitro (Chaitra) 1430",14/04/2023
"1 , Boishakh (Baisakh) 1430",15/04/2023
"2 , Boishakh (Baisakh) 1430",16/04/2023
"3 , Boishakh (Baisakh) 1430",17/04/2023
"4 , Boishakh (Baisakh) 1430",18/04/2023
"5 , Boishakh (Baisakh) 1430",19/04/2023
"6 , Boishakh (Baisakh) 1430",20/04/2023
"7 , Boishakh (Baisakh) 1430",21/04/2023
"8 , Boishakh (Baisakh) 1430",22/04/2023
"9 , Boishakh (Baisakh) 1430",23/04/2023
"10 , Boishakh (Baisakh) 1430",24/04/2023
"11 , Boishakh (Baisakh) 1430",25/04/2023
"12 , Boishakh (Baisakh) 1430",26/04/2023
"13 , Boishakh (Baisakh) 1430",27/04/2023
"14 , Boishakh (Baisakh) 1430",28/04/2023
"15 , Boishakh (Baisakh) 1430",29/04/2023
"16 , Boishakh (Baisakh) 1430",30/04/2023
"17 , Boishakh (Baisakh) 1430",01/05/2023
"18 , Boishakh (Baisakh) 1430",02/05/2023
"19 , Boishakh (Baisakh) 1430",03/05/2023
"20 , Boishakh (Baisakh) 1430",04/05/2023
"21 , Boishakh (Baisakh) 1430",05/05/2023
"22 , Boishakh (Baisakh) 1430",06/05/2023
"23 , Boishakh (Baisakh) 1430",07/05/2023
"24 , Boishakh (Baisakh) 1430",08/05/2023
"25 , Boishakh (Baisakh) 1430",09/05/2023
"26 , Boishakh (Baisakh) 1430",10/05/2023
"27 , Boishakh (Baisakh) 1430",11/05/2023
"28 , Boishakh (Baisakh) 1430",12/05/2023
"29 , Boishakh (Baisakh) 1430",13/05/2023
"30 , Boishakh (Baisakh) 1430",14/05/2023
"31 , Boishakh (Baisakh) 1430",15/05/2023
"1 , Joishtho (Jaishtho) 1430",16/05/2023
"2 , Joishtho (Jaishtho) 1430",17/05/2023
"3 , Joishtho (Jaishtho) 1430",18/05/2023
"4 , Joishtho (Jaishtho) 1430",19/05/2023
"5 , Joishtho (Jaishtho) 1430",20/05/2023
"6 , Joishtho (Jaishtho) 1430",21/05/2023
"7 , Joishtho (Jaishtho) 1430",22/05/2023
"8 , Joishtho (Jaishtho) 1430",23/05/2023
"9 , Joishtho (Jaishtho) 1430",24/05/2023
"10 , Joishtho (Jaishtho) 1430",25/05/2023
"11 , Joishtho (Jaishtho) 1430",26/05/2023
"12 , Joishtho (Jaishtho) 1430",27/05/2023
"13 , Joishtho (Jaishtho) 1430",28/05/2023
"14 , Joishtho (Jaishtho) 1430",29/05/2023
"15 , Joishtho (Jaishtho) 1430",30/05/2023
"16 , Joishtho (Jaishtho) 1430",31/05/2023
"17 , Joishtho (Jaishtho) 1430",01/06/2023
"18 , Joishtho (Jaishtho) 1430",02/06/2023
"19 , Joishtho (Jaishtho) 1430",03/06/2023
"20 , Joishtho (Jaishtho) 1430",04/06/2023
"21 , Joishtho (Jaishtho) 1430",05/06/2023
"22 , Joishtho (Jaishtho) 1430",06/06/2023
"23 , Joishtho (Jaishtho) 1430",07/06/2023
"24 , Joishtho (Jaishtho) 1430",08/06/2023
"25 , Joishtho (Jaishtho) 1430",09/06/2023
"26 , Joishtho (Jaishtho) 1430",10/06/2023
"27 , Joishtho (Jaishtho) 1430",11/06/2023
"28 , Joishtho (Jaishtho) 1430",12/06/2023
"29 , Joishtho (Jaishtho) 1430",13/06/2023
"30 , Joishtho (Jaishtho) 1430",14/06/2023
"31 , Joishtho (Jaishtho) 1430",15/06/2023
"32 , Joishtho (Jaishtho) 1430",16/06/2023
"1 , Asharh (Aashar) 1430",17/06/2023
"2 , Asharh (Aashar) 1430",18/06/2023
"3 , Asharh (Aashar) 1430",19/06/2023
"4 , Asharh (Aashar) 1430",20/06/2023
"5 , Asharh (Aashar) 1430",21/06/2023
"6 , Asharh (Aashar) 1430",22/06/2023
"7 , Asharh (Aashar) 1430",23/06/2023
"8 , Asharh (Aashar) 1430",24/06/2023
"9 , Asharh (Aashar) 1430",25/06/2023
"10 , Asharh (Aashar) 1430",26/06/2023
"11 , Asharh (Aashar) 1430",27/06/2023
"12 , Asharh (Aashar) 1430",28/06/2023
"13 , Asharh (Aashar) 1430",29/06/2023
"14 , Asharh (Aashar) 1430",30/06/2023
"15 , Asharh (Aashar) 1430",01/07/2023
"16 , Asharh (Aashar) 1430",02/07/2023
"17 , Asharh (Aashar) 1430",03/07/2023
"18 , Asharh (Aashar) 1430",04/07/2023
"19 , Asharh (Aashar) 1430",05/07/2023
"20 , Asharh (Aashar) 1430",06/07/2023
"21 , Asharh (Aashar) 1430",07/07/2023
"22 , Asharh (Aashar) 1430",08/07/2023
"23 , Asharh (Aashar) 1430",09/07/2023
"24 , Asharh (Aashar) 1430",10/07/2023
"25 , Asharh (Aashar) 1430",11/07/2023
"26 , Asharh (Aashar) 1430",12/07/2023
"27 , Asharh (Aashar) 1430",13/07/2023
"28 , Asharh (Aashar) 1430",14/07/2023
"29 , Asharh (Aashar) 1430",15/07/2023
"30 , Asharh (Aashar) 1430",16/07/2023
"31 , Asharh (Aashar) 1430",17/07/2023
"1 , Srabon (Shraban) 1430",18/07/2023
"2 , Srabon (Shraban) 1430",19/07/2023
"3 , Srabon (Shraban) 1430",20/07/2023
"4 , Srabon (Shraban) 1430",21/07/2023
"5 , Srabon (Shraban) 1430",22/07/2023
"6 , Srabon (Shraban) 1430",23/07/2023
"7 , Srabon (Shraban) 1430",24/07/2023
"8 , Srabon (Shraban) 1430",25/07/2023
"9 , Srabon (Shraban) 1430",26/07/2023
"10 , Srabon (Shraban) 1430",27/07/2023
"11 , Srabon (Shraban) 1430",28/07/2023
"12 , Srabon (Shraban) 1430",29/07/2023
"13 , Srabon (Shraban) 1430",30/07/2023
"14 , Srabon (Shraban) 1430",31/07/2023
"15 , Srabon (Shraban) 1430",01/08/2023
"16 , Srabon (Shraban) 1430",02/08/2023
"17 , Srabon (Shraban) 1430",03/08/2023
"18 , Srabon (Shraban) 1430",04/08/2023
"19 , Srabon (Shraban) 1430",05/08/2023
"20 , Srabon (Shraban) 1430",06/08/2023
"21 , Srabon (Shraban) 1430",07/08/2023
"22 , Srabon (Shraban) 1430",08/08/2023
"23 , Srabon (Shraban) 1430",09/08/2023
"24 , Srabon (Shraban) 1430",10/08/2023
"25 , Srabon (Shraban) 1430",11/08/2023
"26 , Srabon (Shraban) 1430",12/08/2023
"27 , Srabon (Shraban) 1430",13/08/2023
"28 , Srabon (Shraban) 1430",14/08/2023
"29 , Srabon (Shraban) 1430",15/08/2023
"30 , Srabon (Shraban) 1430",16/08/2023
"31 , Srabon (Shraban) 1430",17/08/2023
"32 , Srabon (Shraban) 1430",18/08/2023
"1 , Bhadro (Bhadra) 1430",19/08/2023
"2 , Bhadro (Bhadra) 1430",20/08/2023
"3 , Bhadro (Bhadra) 1430",21/08/2023
"4 , Bhadro (Bhadra) 1430",22/08/2023
"5 , Bhadro (Bhadra) 1430",23/08/2023
"6 , Bhadro (Bhadra) 1430",24/08/2023
"7 , Bhadro (Bhadra) 1430",25/08/2023
"8 , Bhadro (Bhadra) 1430",26/08/2023
"9 , Bhadro (Bhadra) 1430",27/08/2023
"10 , Bhadro (Bhadra) 1430",28/08/2023
"11 , Bhadro (Bhadra) 1430",29/08/2023
"12 , Bhadro (Bhadra) 1430",30/08/2023
"13 , Bhadro (Bhadra) 1430",31/08/2023
"14 , Bhadro (Bhadra) 1430",01/09/2023
"15 , Bhadro (Bhadra) 1430",02/09/2023
"16 , Bhadro (Bhadra) 1430",03/09/2023
"17 , Bhadro (Bhadra) 1430",04/09/2023
"18 , Bhadro (Bhadra) 1430",05/09/2023
"19 , Bhadro (Bhadra) 1430",06/09/2023
"20 , Bhadro (Bhadra) 1430",07/09/2023
"21 , Bhadro (Bhadra) 1430",08/09/2023
"22 , Bhadro (Bhadra) 1430",09/09/2023
"23 , Bhadro (Bhadra) 1430",10/09/2023
"24 , Bhadro (Bhadra) 1430",11/09/2023
"25 , Bhadro (Bhadra) 1430",12/09/2023
"26 , Bhadro (Bhadra) 1430",13/09/2023
"27 , Bhadro (Bhadra) 1430",14/09/2023
"28 , Bhadro (Bhadra) 1430",15/09/2023
"29 , Bhadro (Bhadra) 1430",16/09/2023
"30 , Bhadro (Bhadra) 1430",17/09/2023
"31 , Bhadro (Bhadra) 1430",18/09/2023
"1 , Ashshin (Aashin) 1430",19/09/2023
"2 , Ashshin (Aashin) 1430",20/09/2023
"3 , Ashshin (Aashin) 1430",21/09/2023
"4 , Ashshin (Aashin) 1430",22/09/2023
"5 , Ashshin (Aashin) 1430",23/09/2023
"6 , Ashshin (Aashin) 1430",24/09/2023
"7 , Ashshin (Aashin) 1430",25/09/2023
"8 , Ashshin (Aashin) 1430",26/09/2023
"9 , Ashshin (Aashin) 1430",27/09/2023
"10 , Ashshin (Aashin) 1430",28/09/2023
"11 , Ashshin (Aashin) 1430",29/09/2023
"12 , Ashshin (Aashin) 1430",30/09/2023
"13 , Ashshin (Aashin) 1430",01/10/2023
"14 , Ashshin (Aashin) 1430",02/10/2023
"15 , Ashshin (Aashin) 1430",03/10/2023
"16 , Ashshin (Aashin) 1430",04/10/2023
"17 , Ashshin (Aashin) 1430",05/10/2023
"18 , Ashshin (Aashin) 1430",06/10/2023
"19 , Ashshin (Aashin) 1430",07/10/2023
"20 , Ashshin (Aashin) 1430",08/10/2023
"21 , Ashshin (Aashin) 1430",09/10/2023
"22 , Ashshin (Aashin) 1430",10/10/2023
"23 , Ashshin (Aashin) 1430",11/10/2023
"24 , Ashshin (Aashin) 1430",12/10/2023
"25 , Ashshin (Aashin) 1430",13/10/2023
"26 , Ashshin (Aashin) 1430",14/10/2023
"27 , Ashshin (Aashin) 1430",15/10/2023
"28 , Ashshin (Aashin) 1430",16/10/2023
"29 , Ashshin (Aashin) 1430",17/10/2023
"30 , Ashshin (Aashin) 1430",18/10/2023
"1 , Kartik 1430",19/10/2023
"2 , Kartik 1430",20/10/2023
"3 , Kartik 1430",21/10/2023
"4 , Kartik 1430",22/10/2023
"5 , Kartik 1430",23/10/2023
"6 , Kartik 1430",24/10/2023
"7 , Kartik 1430",25/10/2023
"8 , Kartik 1430",26/10/2023
"9 , Kartik 1430",27/10/2023
"10 , Kartik 1430",28/10/2023
"11 , Kartik 1430",29/10/2023
"12 , Kartik 1430",30/10/2023
"13 , Kartik 1430",31/10/2023
"14 , Kartik 1430",01/11/2023
"15 , Kartik 1430",02/11/2023
"16 , Kartik 1430",03/11/2023
"17 , Kartik 1430",04/11/2023
"18 , Kartik 1430",05/11/2023
"19 , Kartik 1430",06/11/2023
"20 , Kartik 1430",07/11/2023
"21 , Kartik 1430",08/11/2023
"22 , Kartik 1430",09/11/2023
"23 , Kartik 1430",10/11/2023
"24 , Kartik 1430",11/11/2023
"25 , Kartik 1430",12/11/2023
"26 , Kartik 1430",13/11/2023
"27 , Kartik 1430",14/11/2023
"28 , Kartik 1430",15/11/2023
"29 , Kartik 1430",16/11/2023
"30 , Kartik 1430",17/11/2023
"1 , Ogrohaeon (Agrahan) 1430",18/11/2023
"2 , Ogrohaeon (Agrahan) 1430",19/11/2023
"3 , Ogrohaeon (Agrahan) 1430",20/11/2023
"4 , Ogrohaeon (Agrahan) 1430",21/11/2023
"5 , Ogrohaeon (Agrahan) 1430",22/11/2023
"6 , Ogrohaeon (Agrahan) 1430",23/11/2023
"7 , Ogrohaeon (Agrahan) 1430",24/11/2023
"8 , Ogrohaeon (Agrahan) 1430",25/11/2023
"9 , Ogrohaeon (Agrahan) 1430",26/11/2023
"10 , Ogrohaeon (Agrahan) 1430",27/11/2023
"11 , Ogrohaeon (Agrahan) 1430",28/11/2023
"12 , Ogrohaeon (Agrahan) 1430",29/11/2023
"13 , Ogrohaeon (Agrahan) 1430",30/11/2023
"14 , Ogrohaeon (Agrahan) 1430",01/12/2023
"15 , Ogrohaeon (Agrahan) 1430",02/12/2023
"16 , Ogrohaeon (Agrahan) 1430",03/12/2023
"17 , Ogrohaeon (Agrahan) 1430",04/12/2023
"18 , Ogrohaeon (Agrahan) 1430",05/12/2023
"19 , Ogrohaeon (Agrahan) 1430",06/12/2023
"20 , Ogrohaeon (Agrahan) 1430",07/12/2023
"21 , Ogrohaeon (Agrahan) 1430",08/12/2023
"22 , Ogrohaeon (Agrahan) 1430",09/12/2023
"23 , Ogrohaeon (Agrahan) 1430",10/12/2023
"24 , Ogrohaeon (Agrahan) 1430",11/12/2023
"25 , Ogrohaeon (Agrahan) 1430",12/12/2023
"26 , Ogrohaeon (Agrahan) 1430",13/12/2023
"27 , Ogrohaeon (Agrahan) 1430",14/12/2023
"28 , Ogrohaeon (Agrahan) 1430",15/12/2023
"29 , Ogrohaeon (Agrahan) 1430",16/12/2023
"30 , Ogrohaeon (Agrahan) 1430",17/12/2023
"1 , Poush 1430",18/12/2023
"2 , Poush 1430",19/12/2023
"3 , Poush 1430",20/12/2023
"4 , Poush 1430",21/12/2023
"5 , Poush 1430",22/12/2023
"6 , Poush 1430",23/12/2023
"7 , Poush 1430",24/12/2023
"8 , Poush 1430",25/12/2023
"9 , Poush 1430",26/12/2023
"10 , Poush 1430",27/12/2023
"11 , Poush 1430",28/12/2023
"12 , Poush 1430",29/12/2023
"13 , Poush 1430",30/12/2023
"14 , Poush 1430",31/12/2023
"15 , Poush 1430",01/01/2024
"16 , Poush 1430",02/01/2024
"17 , Poush 1430",03/01/2024
"18 , Poush 1430",04/01/2024
"19 , Poush 1430",05/01/2024
"20 , Poush 1430",06/01/2024
"21 , Poush 1430",07/01/2024
"22 , Poush 1430",08/01/2024
"23 , Poush 1430",09/01/2024
"24 , Poush 1430",10/01/2024
"25 , Poush 1430",11/01/2024
"26 , Poush 1430",12/01/2024
"27 , Poush 1430",13/01/2024
"28 , Poush 1430",14/01/2024
"29 , Poush 1430",15/01/2024
"1 , Magh (Maagh) 1431",16/01/2024
"2 , Magh (Maagh) 1431",17/01/2024
"3 , Magh (Maagh) 1431",18/01/2024
"4 , Magh (Maagh) 1431",19/01/2024
"5 , Magh (Maagh) 1431",20/01/2024
"6 , Magh (Maagh) 1431",21/01/2024
"7 , Magh (Maagh) 1431",22/01/2024
"8 , Magh (Maagh) 1431",23/01/2024
"9 , Magh (Maagh) 1431",24/01/2024
"10 , Magh (Maagh) 1431",25/01/2024
"11 , Magh (Maagh) 1431",26/01/2024
"12 , Magh (Maagh) 1431",27/01/2024
"13 , Magh (Maagh) 1431",28/01/2024
"14 , Magh (Maagh) 1431",29/01/2024
"15 , Magh (Maagh) 1431",30/01/2024
"16 , Magh (Maagh) 1431",31/01/2024
"17 , Magh (Maagh) 1431",01/02/2024
"18 , Magh (Maagh) 1431",02/02/2024
"19 , Magh (Maagh) 1431",03/02/2024
"20 , Magh (Maagh) 1431",04/02/2024
"21 , Magh (Maagh) 1431",05/02/2024
"22 , Magh (Maagh) 1431",06/02/2024
"23 , Magh (Maagh) 1431",07/02/2024
"24 , Magh (Maagh) 1431",08/02/2024
"25 , Magh (Maagh) 1431",09/02/2024
"26 , Magh (Maagh) 1431",10/02/2024
"27 , Magh (Maagh) 1431",11/02/2024
"28 , Magh (Maagh) 1431",12/02/2024
"29 , Magh (Maagh) 1431",13/02/2024
"1 , Falgun (Phalgun) 1431",14/02/2024
"2 , Falgun (Phalgun) 1431",15/02/2024
"3 , Falgun (Phalgun) 1431",16/02/2024
"4 , Falgun (Phalgun) 1431",17/02/2024
"5 , Falgun (Phalgun) 1431",18/02/2024
"6 , Falgun (Phalgun) 1431",19/02/2024
"7 , Falgun (Phalgun) 1431",20/02/2024
"8 , Falgun (Phalgun) 1431",21/02/2024
"9 , Falgun (Phalgun) 1431",22/02/2024
"10 , Falgun (Phalgun) 1431",23/02/2024
"11 , Falgun (Phalgun) 1431",24/02/2024
"12 , Falgun (Phalgun) 1431",25/02/2024
"13 , Falgun (Phalgun) 1431",26/02/2024
"14 , Falgun (Phalgun) 1431",27/02/2024
"15 , Falgun (Phalgun) 1431",28/02/2024
"16 , Falgun (Phalgun) 1431",29/02/2024
"17 , Falgun (Phalgun) 1431",01/03/2024
"18 , Falgun (Phalgun) 1431",02/03/2024
"19 , Falgun (Phalgun) 1431",03/03/2024
"20 , Falgun (Phalgun) 1431",04/03/2024
"21 , Falgun (Phalgun) 1431",05/03/2024
"22 , Falgun (Phalgun) 1431",06/03/2024
"23 , Falgun (Phalgun) 1431",07/03/2024
"24 , Falgun (Phalgun) 1431",08/03/2024
"25 , Falgun (Phalgun) 1431",09/03/2024
"26 , Falgun (Phalgun) 1431",10/03/2024
"27 , Falgun (Phalgun) 1431",11/03/2024
"28 , Falgun (Phalgun) 1431",12/03/2024
"29 , Falgun (Phalgun) 1431",13/03/2024
"30 , Falgun (Phalgun) 1431",14/03/2024
"1 , Choitro (Chaitra) 1431",15/03/2024
"2 , Choitro (Chaitra) 1431",16/03/2024
"3 , Choitro (Chaitra) 1431",17/03/2024
"4 , Choitro (Chaitra) 1431",18/03/2024
"5 , Choitro (Chaitra) 1431",19/03/2024
"6 , Choitro (Chaitra) 1431",20/03/2024
"7 , Choitro (Chaitra) 1431",21/03/2024
"8 , Choitro (Chaitra) 1431",22/03/2024
"9 , Choitro (Chaitra) 1431",23/03/2024
"10 , Choitro (Chaitra) 1431",24/03/2024
"11 , Choitro (Chaitra) 1431",25/03/2024
"12 , Choitro (Chaitra) 1431",26/03/2024
"13 , Choitro (Chaitra) 1431",27/03/2024
"14 , Choitro (Chaitra) 1431",28/03/2024
"15 , Choitro (Chaitra) 1431",29/03/2024
"16 , Choitro (Chaitra) 1431",30/03/2024
"17 , Choitro (Chaitra) 1431",31/03/2024
"18 , Choitro (Chaitra) 1431",01/04/2024
"19 , Choitro (Chaitra) 1431",02/04/2024
"20 , Choitro (Chaitra) 1431",03/04/2024
"21 , Choitro (Chaitra) 1431",04/04/2024
"22 , Choitro (Chaitra) 1431",05/04/2024
"23 , Choitro (Chaitra) 1431",06/04/2024
"24 , Choitro (Chaitra) 1431",07/04/2024
"25 , Choitro (Chaitra) 1431",08/04/2024
"26 , Choitro (Chaitra) 1431",09/04/2024
"27 , Choitro (Chaitra) 1431",10/04/2024
"28 , Choitro (Chaitra) 1431",11/04/2024
"29 , Choitro (Chaitra) 1431",12/04/2024
"30 , Choitro (Chaitra) 1431",13/04/2024
"1 , Boishakh (Baisakh) 1431",14/04/2024
"2 , Boishakh (Baisakh) 1431",15/04/2024
"3 , Boishakh (Baisakh) 1431",16/04/2024
"4 , Boishakh (Baisakh) 1431",17/04/2024
"5 , Boishakh (Baisakh) 1431",18/04/2024
"6 , Boishakh (Baisakh) 1431",19/04/2024
"7 , Boishakh (Baisakh) 1431",20/04/2024
"8 , Boishakh (Baisakh) 1431",21/04/2024
"9 , Boishakh (Baisakh) 1431",22/04/2024
"10 , Boishakh (Baisakh) 1431",23/04/2024
"11 , Boishakh (Baisakh) 1431",24/04/2024
"12 , Boishakh (Baisakh) 1431",25/04/2024
"13 , Boishakh (Baisakh) 1431",26/04/2024
"14 , Boishakh (Baisakh) 1431",27/04/2024
"15 , Boishakh (Baisakh) 1431",28/04/2024
"16 , Boishakh (Baisakh) 1431",29/04/2024
"17 , Boishakh (Baisakh) 1431",30/04/2024
"18 , Boishakh (Baisakh) 1431",01/05/2024
"19 , Boishakh (Baisakh) 1431",02/05/2024
"20 , Boishakh (Baisakh) 1431",03/05/2024
"21 , Boishakh (Baisakh) 1431",04/05/2024
"22 , Boishakh (Baisakh) 1431",05/05/2024
"23 , Boishakh (Baisakh) 1431",06/05/2024
"24 , Boishakh (Baisakh) 1431",07/05/2024
"25 , Boishakh (Baisakh) 1431",08/05/2024
"26 , Boishakh (Baisakh) 1431",09/05/2024
"27 , Boishakh (Baisakh) 1431",10/05/2024
"28 , Boishakh (Baisakh) 1431",11/05/2024
"29 , Boishakh (Baisakh) 1431",12/05/2024
"30 , Boishakh (Baisakh) 1431",13/05/2024
"31 , Boishakh (Baisakh) 1431",14/05/2024
"1 , Joishtho (Jaishtho) 1431",15/05/2024
"2 , Joishtho (Jaishtho) 1431",16/05/2024
"3 , Joishtho (Jaishtho) 1431",17/05/2024
"4 , Joishtho (Jaishtho) 1431",18/05/2024
"5 , Joishtho (Jaishtho) 1431",19/05/2024
"6 , Joishtho (Jaishtho) 1431",20/05/2024
"7 , Joishtho (Jaishtho) 1431",21/05/2024
"8 , Joishtho (Jaishtho) 1431",22/05/2024
"9 , Joishtho (Jaishtho) 1431",23/05/2024
"10 , Joishtho (Jaishtho) 1431",24/05/2024
"11 , Joishtho (Jaishtho) 1431",25/05/2024
"12 , Joishtho (Jaishtho) 1431",26/05/2024
"13 , Joishtho (Jaishtho) 1431",27/05/2024
"14 , Joishtho (Jaishtho) 1431",28/05/2024
"15 , Joishtho (Jaishtho) 1431",29/05/2024
"16 , Joishtho (Jaishtho) 1431",30/05/2024
"17 , Joishtho (Jaishtho) 1431",31/05/2024
"18 , Joishtho (Jaishtho) 1431",01/06/2024
"19 , Joishtho (Jaishtho) 1431",02/06/2024
"20 , Joishtho (Jaishtho) 1431",03/06/2024
"21 , Joishtho (Jaishtho) 1431",04/06/2024
"22 , Joishtho (Jaishtho) 1431",05/06/2024
"23 , Joishtho (Jaishtho) 1431",06/06/2024
"24 , Joishtho (Jaishtho) 1431",07/06/2024
"25 , Joishtho (Jaishtho) 1431",08/06/2024
"26 , Joishtho (Jaishtho) 1431",09/06/2024
"27 , Joishtho (Jaishtho) 1431",10/06/2024
"28 , Joishtho (Jaishtho) 1431",11/06/2024
"29 , Joishtho (Jaishtho) 1431",12/06/2024
"30 , Joishtho (Jaishtho) 1431",13/06/2024
"31 , Joishtho (Jaishtho) 1431",14/06/2024
"32 , Joishtho (Jaishtho) 1431",15/06/2024
"1 , Asharh (Aashar) 1431",16/06/2024
"2 , Asharh (Aashar) 1431",17/06/2024
"3 , Asharh (Aashar) 1431",18/06/2024
"4 , Asharh (Aashar) 1431",19/06/2024
"5 , Asharh (Aashar) 1431",20/06/2024
"6 , Asharh (Aashar) 1431",21/06/2024
"7 , Asharh (Aashar) 1431",22/06/2024
"8 , Asharh (Aashar) 1431",23/06/2024
"9 , Asharh (Aashar) 1431",24/06/2024
"10 , Asharh (Aashar) 1431",25/06/2024
"11 , Asharh (Aashar) 1431",26/06/2024
"12 , Asharh (Aashar) 1431",27/06/2024
"13 , Asharh (Aashar) 1431",28/06/2024
"14 , Asharh (Aashar) 1431",29/06/2024
"15 , Asharh (Aashar) 1431",30/06/2024
"16 , Asharh (Aashar) 1431",01/07/2024
"17 , Asharh (Aashar) 1431",02/07/2024
"18 , Asharh (Aashar) 1431",03/07/2024
"19 , Asharh (Aashar) 1431",04/07/2024
"20 , Asharh (Aashar) 1431",05/07/2024
"21 , Asharh (Aashar) 1431",06/07/2024
"22 , Asharh (Aashar) 1431",07/07/2024
"23 , Asharh (Aashar) 1431",08/07/2024
"24 , Asharh (Aashar) 1431",09/07/2024
"25 , Asharh (Aashar) 1431",10/07/2024
"26 , Asharh (Aashar) 1431",11/07/2024
"27 , Asharh (Aashar) 1431",12/07/2024
"28 , Asharh (Aashar) 1431",13/07/2024
"29 , Asharh (Aashar) 1431",14/07/2024
"30 , Asharh (Aashar) 1431",15/07/2024
"31 , Asharh (Aashar) 1431",16/07/2024
"1 , Srabon (Shraban) 1431",17/07/2024
"2 , Srabon (Shraban) 1431",18/07/2024
"3 , Srabon (Shraban) 1431",19/07/2024
"4 , Srabon (Shraban) 1431",20/07/2024
"5 , Srabon (Shraban) 1431",21/07/2024
"6 , Srabon (Shraban) 1431",22/07/2024
"7 , Srabon (Shraban) 1431",23/07/2024
"8 , Srabon (Shraban) 1431",24/07/2024
"9 , Srabon (Shraban) 1431",25/07/2024
"10 , Srabon (Shraban) 1431",26/07/2024
"11 , Srabon (Shraban) 1431",27/07/2024
"12 , Srabon (Shraban) 1431",28/07/2024
"13 , Srabon (Shraban) 1431",29/07/2024
"14 , Srabon (Shraban) 1431",30/07/2024
"15 , Srabon (Shraban) 1431",31/07/2024
"16 , Srabon (Shraban) 1431",01/08/2024
"17 , Srabon (Shraban) 1431",02/08/2024
"18 , Srabon (Shraban) 1431",03/08/2024
"19 , Srabon (Shraban) 1431",04/08/2024
"20 , Srabon (Shraban) 1431",05/08/2024
"21 , Srabon (Shraban) 1431",06/08/2024
"22 , Srabon (Shraban) 1431",07/08/2024
"23 , Srabon (Shraban) 1431",08/08/2024
"24 , Srabon (Shraban) 1431",09/08/2024
"25 , Srabon (Shraban) 1431",10/08/2024
"26 , Srabon (Shraban) 1431",11/08/2024
"27 , Srabon (Shraban) 1431",12/08/2024
"28 , Srabon (Shraban) 1431",13/08/2024
"29 , Srabon (Shraban) 1431",14/08/2024
"30 , Srabon (Shraban) 1431",15/08/2024
"31 , Srabon (Shraban) 1431",16/08/2024
"32 , Srabon (Shraban) 1431",17/08/2024
"1 , Bhadro (Bhadra) 1431",18/08/2024
"2 , Bhadro (Bhadra) 1431",19/08/2024
"3 , Bhadro (Bhadra) 1431",20/08/2024
"4 , Bhadro (Bhadra) 1431",21/08/2024
"5 , Bhadro (Bhadra) 1431",22/08/2024
"6 , Bhadro (Bhadra) 1431",23/08/2024
"7 , Bhadro (Bhadra) 1431",24/08/2024
"8 , Bhadro (Bhadra) 1431",25/08/2024
"9 , Bhadro (Bhadra) 1431",26/08/2024
"10 , Bhadro (Bhadra) 1431",27/08/2024
"11 , Bhadro (Bhadra) 1431",28/08/2024
"12 , Bhadro (Bhadra) 1431",29/08/2024
"13 , Bhadro (Bhadra) 1431",30/08/2024
"14 , Bhadro (Bhadra) 1431",31/08/2024
"15 , Bhadro (Bhadra) 1431",01/09/2024
"16 , Bhadro (Bhadra) 1431",02/09/2024
"17 , Bhadro (Bhadra) 1431",03/09/2024
"18 , Bhadro (Bhadra) 1431",04/09/2024
"19 , Bhadro (Bhadra) 1431",05/09/2024
"20 , Bhadro (Bhadra) 1431",06/09/2024
"21 , Bhadro (Bhadra) 1431",07/09/2024
"22 , Bhadro (Bhadra) 1431",08/09/2024
"23 , Bhadro (Bhadra) 1431",09/09/2024
"24 , Bhadro (Bhadra) 1431",10/09/2024
"25 , Bhadro (Bhadra) 1431",11/09/2024
"26 , Bhadro (Bhadra) 1431",12/09/2024
"27 , Bhadro (Bhadra) 1431",13/09/2024
"28 , Bhadro (Bhadra) 1431",14/09/2024
"29 , Bhadro (Bhadra) 1431",15/09/2024
"30 , Bhadro (Bhadra) 1431",16/09/2024
"31 , Bhadro (Bhadra) 1431",17/09/2024
"1 , Ashshin (Aashin) 1431",18/09/2024
"2 , Ashshin (Aashin) 1431",19/09/2024
"3 , Ashshin (Aashin) 1431",20/09/2024
"4 , Ashshin (Aashin) 1431",21/09/2024
"5 , Ashshin (Aashin) 1431",22/09/2024
"6 , Ashshin (Aashin) 1431",23/09/2024
"7 , Ashshin (Aashin) 1431",24/09/2024
"8 , Ashshin (Aashin) 1431",25/09/2024
"9 , Ashshin (Aashin) 1431",26/09/2024
"10 , Ashshin (Aashin) 1431",27/09/2024
"11 , Ashshin (Aashin) 1431",28/09/2024
"12 , Ashshin (Aashin) 1431",29/09/2024
"13 , Ashshin (Aashin) 1431",30/09/2024
"14 , Ashshin (Aashin) 1431",01/10/2024
"15 , Ashshin (Aashin) 1431",02/10/2024
"16 , Ashshin (Aashin) 1431",03/10/2024
"17 , Ashshin (Aashin) 1431",04/10/2024
"18 , Ashshin (Aashin) 1431",05/10/2024
"19 , Ashshin (Aashin) 1431",06/10/2024
"20 , Ashshin (Aashin) 1431",07/10/2024
"21 , Ashshin (Aashin) 1431",08/10/2024
"22 , Ashshin (Aashin) 1431",09/10/2024
"23 , Ashshin (Aashin) 1431",10/10/2024
"24 , Ashshin (Aashin) 1431",11/10/2024
"25 , Ashshin (Aashin) 1431",12/10/2024
"26 , Ashshin (Aashin) 1431",13/10/2024
"27 , Ashshin (Aashin) 1431",14/10/2024
"28 , Ashshin (Aashin) 1431",15/10/2024
"29 , Ashshin (Aashin) 1431",16/10/2024
"30 , Ashshin (Aashin) 1431",17/10/2024
"1 , Kartik 1431",18/10/2024
"2 , Kartik 1431",19/10/2024
"3 , Kartik 1431",20/10/2024
"4 , Kartik 1431",21/10/2024
"5 , Kartik 1431",22/10/2024
"6 , Kartik 1431",23/10/2024
"7 , Kartik 1431",24/10/2024
"8 , Kartik 1431",25/10/2024
"9 , Kartik 1431",26/10/2024
"10 , Kartik 1431",27/10/2024
"11 , Kartik 1431",28/10/2024
"12 , Kartik 1431",29/10/2024
"13 , Kartik 1431",30/10/2024
"14 , Kartik 1431",31/10/2024
"15 , Kartik 1431",01/11/2024
"16 , Kartik 1431",02/11/2024
"17 , Kartik 1431",03/11/2024
"18 , Kartik 1431",04/11/2024
"19 , Kartik 1431",05/11/2024
"20 , Kartik 1431",06/11/2024
"21 , Kartik 1431",07/11/2024
"22 , Kartik 1431",08/11/2024
"23 , Kartik 1431",09/11/2024
"24 , Kartik 1431",10/11/2024
"25 , Kartik 1431",11/11/2024
"26 , Kartik 1431",12/11/2024
"27 , Kartik 1431",13/11/2024
"28 , Kartik 1431",14/11/2024
"29 , Kartik 1431",15/11/2024
"30 , Kartik 1431",16/11/2024
"1 , Ogrohaeon (Agrahan) 1431",17/11/2024
"2 , Ogrohaeon (Agrahan) 1431",18/11/2024
"3 , Ogrohaeon (Agrahan) 1431",19/11/2024
"4 , Ogrohaeon (Agrahan) 1431",20/11/2024
"5 , Ogrohaeon (Agrahan) 1431",21/11/2024
"6 , Ogrohaeon (Agrahan) 1431",22/11/2024
"7 , Ogrohaeon (Agrahan) 1431",23/11/2024
"8 , Ogrohaeon (Agrahan) 1431",24/11/2024
"9 , Ogrohaeon (Agrahan) 1431",25/11/2024
"10 , Ogrohaeon (Agrahan) 1431",26/11/2024
"11 , Ogrohaeon (Agrahan) 1431",27/11/2024
"12 , Ogrohaeon (Agrahan) 1431",28/11/2024
"13 , Ogrohaeon (Agrahan) 1431",29/11/2024
"14 , Ogrohaeon (Agrahan) 1431",30/11/2024
"15 , Ogrohaeon (Agrahan) 1431",01/12/2024
"16 , Ogrohaeon (Agrahan) 1431",02/12/2024
"17 , Ogrohaeon (Agrahan) 1431",03/12/2024
"18 , Ogrohaeon (Agrahan) 1431",04/12/2024
"19 , Ogrohaeon (Agrahan) 1431",05/12/2024
"20 , Ogrohaeon (Agrahan) 1431",06/12/2024
"21 , Ogrohaeon (Agrahan) 1431",07/12/2024
"22 , Ogrohaeon (Agrahan) 1431",08/12/2024
"23 , Ogrohaeon (Agrahan) 1431",09/12/2024
"24 , Ogrohaeon (Agrahan) 1431",10/12/2024
"25 , Ogrohaeon (Agrahan) 1431",11/12/2024
"26 , Ogrohaeon (Agrahan) 1431",12/12/2024
"27 , Ogrohaeon (Agrahan) 1431",13/12/2024
"28 , Ogrohaeon (Agrahan) 1431",14/12/2024
"29 , Ogrohaeon (Agrahan) 1431",15/12/2024
"30 , Ogrohaeon (Agrahan) 1431",16/12/2024
"1 , Poush 1431",17/12/2024
"2 , Poush 1431",18/12/2024
"3 , Poush 1431",19/12/2024
"4 , Poush 1431",20/12/2024
"5 , Poush 1431",21/12/2024
"6 , Poush 1431",22/12/2024
"7 , Poush 1431",23/12/2024
"8 , Poush 1431",24/12/2024
"9 , Poush 1431",25/12/2024
"10 , Poush 1431",26/12/2024
"11 , Poush 1431",27/12/2024
"12 , Poush 1431",28/12/2024
"13 , Poush 1431",29/12/2024
"14 , Poush 1431",30/12/2024
"15 , Poush 1431",31/12/2024
"16 , Poush 1431",01/01/2025
"17 , Poush 1431",02/01/2025
"18 , Poush 1431",03/01/2025
"19 , Poush 1431",04/01/2025
"20 , Poush 1431",05/01/2025
"21 , Poush 1431",06/01/2025
"22 , Poush 1431",07/01/2025
"23 , Poush 1431",08/01/2025
"24 , Poush 1431",09/01/2025
"25 , Poush 1431",10/01/2025
"26 , Poush 1431",11/01/2025
"27 , Poush 1431",12/01/2025
"28 , Poush 1431",13/01/2025
"29 , Poush 1431",14/01/2025
"1 , Magh (Maagh) 1432",15/01/2025
"2 , Magh (Maagh) 1432",16/01/2025
"3 , Magh (Maagh) 1432",17/01/2025
"4 , Magh (Maagh) 1432",18/01/2025
"5 , Magh (Maagh) 1432",19/01/2025
"6 , Magh (Maagh) 1432",20/01/2025
"7 , Magh (Maagh) 1432",21/01/2025
"8 , Magh (Maagh) 1432",22/01/2025
"9 , Magh (Maagh) 1432",23/01/2025
"10 , Magh (Maagh) 1432",24/01/2025
"11 , Magh (Maagh) 1432",25/01/2025
"12 , Magh (Maagh) 1432",26/01/2025
"13 , Magh (Maagh) 1432",27/01/2025
"14 , Magh (Maagh) 1432",28/01/2025
"15 , Magh (Maagh) 1432",29/01/2025
"16 , Magh (Maagh) 1432",30/01/2025
"17 , Magh (Maagh) 1432",31/01/2025
"18 , Magh (Maagh) 1432",01/02/2025
"19 , Magh (Maagh) 1432",02/02/2025
"20 , Magh (Maagh) 1432",03/02/2025
"21 , Magh (Maagh) 1432",04/02/2025
"22 , Magh (Maagh) 1432",05/02/2025
"23 , Magh (Maagh) 1432",06/02/2025
"24 , Magh (Maagh) 1432",07/02/2025
"25 , Magh (Maagh) 1432",08/02/2025
"26 , Magh (Maagh) 1432",09/02/2025
"27 , Magh (Maagh) 1432",10/02/2025
"28 , Magh (Maagh) 1432",11/02/2025
"29 , Magh (Maagh) 1432",12/02/2025
"30 , Magh (Maagh) 1432",13/02/2025
"1 , Falgun (Phalgun) 1432",14/02/2025
"2 , Falgun (Phalgun) 1432",15/02/2025
"3 , Falgun (Phalgun) 1432",16/02/2025
"4 , Falgun (Phalgun) 1432",17/02/2025
"5 , Falgun (Phalgun) 1432",18/02/2025
"6 , Falgun (Phalgun) 1432",19/02/2025
"7 , Falgun (Phalgun) 1432",20/02/2025
"8 , Falgun (Phalgun) 1432",21/02/2025
"9 , Falgun (Phalgun) 1432",22/02/2025
"10 , Falgun (Phalgun) 1432",23/02/2025
"11 , Falgun (Phalgun) 1432",24/02/2025
"12 , Falgun (Phalgun) 1432",25/02/2025
"13 , Falgun (Phalgun) 1432",26/02/2025
"14 , Falgun (Phalgun) 1432",27/02/2025
"15 , Falgun (Phalgun) 1432",28/02/2025
"16 , Falgun (Phalgun) 1432",01/03/2025
"17 , Falgun (Phalgun) 1432",02/03/2025
"18 , Falgun (Phalgun) 1432",03/03/2025
"19 , Falgun (Phalgun) 1432",04/03/2025
"20 , Falgun (Phalgun) 1432",05/03/2025
"21 , Falgun (Phalgun) 1432",06/03/2025
"22 , Falgun (Phalgun) 1432",07/03/2025
"23 , Falgun (Phalgun) 1432",08/03/2025
"24 , Falgun (Phalgun) 1432",09/03/2025
"25 , Falgun (Phalgun) 1432",10/03/2025
"26 , Falgun (Phalgun) 1432",11/03/2025
"27 , Falgun (Phalgun) 1432",12/03/2025
"28 , Falgun (Phalgun) 1432",13/03/2025
"29 , Falgun (Phalgun) 1432",14/03/2025
"1 , Choitro (Chaitra) 1432",15/03/2025
"2 , Choitro (Chaitra) 1432",16/03/2025
"3 , Choitro (Chaitra) 1432",17/03/2025
"4 , Choitro (Chaitra) 1432",18/03/2025
"5 , Choitro (Chaitra) 1432",19/03/2025
"6 , Choitro (Chaitra) 1432",20/03/2025
"7 , Choitro (Chaitra) 1432",21/03/2025
"8 , Choitro (Chaitra) 1432",22/03/2025
"9 , Choitro (Chaitra) 1432",23/03/2025
"10 , Choitro (Chaitra) 1432",24/03/2025
"11 , Choitro (Chaitra) 1432",25/03/2025
"12 , Choitro (Chaitra) 1432",26/03/2025
"13 , Choitro (Chaitra) 1432",27/03/2025
"14 , Choitro (Chaitra) 1432",28/03/2025
"15 , Choitro (Chaitra) 1432",29/03/2025
"16 , Choitro (Chaitra) 1432",30/03/2025
"17 , Choitro (Chaitra) 1432",31/03/2025
"18 , Choitro (Chaitra) 1432",01/04/2025
"19 , Choitro (Chaitra) 1432",02/04/2025
"20 , Choitro (Chaitra) 1432",03/04/2025
"21 , Choitro (Chaitra) 1432",04/04/2025
"22 , Choitro (Chaitra) 1432",05/04/2025
"23 , Choitro (Chaitra) 1432",06/04/2025
"24 , Choitro (Chaitra) 1432",07/04/2025
"25 , Choitro (Chaitra) 1432",08/04/2025
"26 , Choitro (Chaitra) 1432",09/04/2025
"27 , Choitro (Chaitra) 1432",10/04/2025
"28 , Choitro (Chaitra) 1432",11/04/2025
"29 , Choitro (Chaitra) 1432",12/04/2025
"30 , Choitro (Chaitra) 1432",13/04/2025
"31 , Choitro (Chaitra) 1432",14/04/2025
"1 , Boishakh (Baisakh) 1432",15/04/2025
"2 , Boishakh (Baisakh) 1432",16/04/2025
"3 , Boishakh (Baisakh) 1432",17/04/2025
"4 , Boishakh (Baisakh) 1432",18/04/2025
"5 , Boishakh (Baisakh) 1432",19/04/2025
"6 , Boishakh (Baisakh) 1432",20/04/2025
"7 , Boishakh (Baisakh) 1432",21/04/2025
"8 , Boishakh (Baisakh) 1432",22/04/2025
"9 , Boishakh (Baisakh) 1432",23/04/2025
"10 , Boishakh (Baisakh) 1432",24/04/2025
"11 , Boishakh (Baisakh) 1432",25/04/2025
"12 , Boishakh (Baisakh) 1432",26/04/2025
"13 , Boishakh (Baisakh) 1432",27/04/2025
"14 , Boishakh (Baisakh) 1432",28/04/2025
"15 , Boishakh (Baisakh) 1432",29/04/2025
"16 , Boishakh (Baisakh) 1432",30/04/2025
"17 , Boishakh (Baisakh) 1432",01/05/2025
"18 , Boishakh (Baisakh) 1432",02/05/2025
"19 , Boishakh (Baisakh) 1432",03/05/2025
"20 , Boishakh (Baisakh) 1432",04/05/2025
"21 , Boishakh (Baisakh) 1432",05/05/2025
"22 , Boishakh (Baisakh) 1432",06/05/2025
"23 , Boishakh (Baisakh) 1432",07/05/2025
"24 , Boishakh (Baisakh) 1432",08/05/2025
"25 , Boishakh (Baisakh) 1432",09/05/2025
"26 , Boishakh (Baisakh) 1432",10/05/2025
"27 , Boishakh (Baisakh) 1432",11/05/2025
"28 , Boishakh (Baisakh) 1432",12/05/2025
"29 , Boishakh (Baisakh) 1432",13/05/2025
"30 , Boishakh (Baisakh) 1432",14/05/2025
"31 , Boishakh (Baisakh) 1432",15/05/2025
"1 , Joishtho (Jaishtho) 1432",16/05/2025
"2 , Joishtho (Jaishtho) 1432",17/05/2025
"3 , Joishtho (Jaishtho) 1432",18/05/2025
"4 , Joishtho (Jaishtho) 1432",19/05/2025
"5 , Joishtho (Jaishtho) 1432",20/05/2025
"6 , Joishtho (Jaishtho) 1432",21/05/2025
"7 , Joishtho (Jaishtho) 1432",22/05/2025
"8 , Joishtho (Jaishtho) 1432",23/05/2025
"9 , Joishtho (Jaishtho) 1432",24/05/2025
"10 , Joishtho (Jaishtho) 1432",25/05/2025
"11 , Joishtho (Jaishtho) 1432",26/05/2025
"12 , Joishtho (Jaishtho) 1432",27/05/2025
"13 , Joishtho (Jaishtho) 1432",28/05/2025
"14 , Joishtho (Jaishtho) 1432",29/05/2025
"15 , Joishtho (Jaishtho) 1432",30/05/2025
"16 , Joishtho (Jaishtho) 1432",31/05/2025
"17 , Joishtho (Jaishtho) 1432",01/06/2025
"18 , Joishtho (Jaishtho) 1432",02/06/2025
"19 , Joishtho (Jaishtho) 1432",03/06/2025
"20 , Joishtho (Jaishtho) 1432",04/06/2025
"21 , Joishtho (Jaishtho) 1432",05/06/2025
"22 , Joishtho (Jaishtho) 1432",06/06/2025
"23 , Joishtho (Jaishtho) 1432",07/06/2025
"24 , Joishtho (Jaishtho) 1432",08/06/2025
"25 , Joishtho (Jaishtho) 1432",09/06/2025
"26 , Joishtho (Jaishtho) 1432",10/06/2025
"27 , Joishtho (Jaishtho) 1432",11/06/2025
"28 , Joishtho (Jaishtho) 1432",12/06/2025
"29 , Joishtho (Jaishtho) 1432",13/06/2025
"30 , Joishtho (Jaishtho) 1432",14/06/2025
"31 , Joishtho (Jaishtho) 1432",15/06/2025
"1 , Asharh (Aashar) 1432",16/06/2025
"2 , Asharh (Aashar) 1432",17/06/2025
"3 , Asharh (Aashar) 1432",18/06/2025
"4 , Asharh (Aashar) 1432",19/06/2025
"5 , Asharh (Aashar) 1432",20/06/2025
"6 , Asharh (Aashar) 1432",21/06/2025
"7 , Asharh (Aashar) 1432",22/06/2025
"8 , Asharh (Aashar) 1432",23/06/2025
"9 , Asharh (Aashar) 1432",24/06/2025
"10 , Asharh (Aashar) 1432",25/06/2025
"11 , Asharh (Aashar) 1432",26/06/2025
"12 , Asharh (Aashar) 1432",27/06/2025
"13 , Asharh (Aashar) 1432",28/06/2025
"14 , Asharh (Aashar) 1432",29/06/2025
"15 , Asharh (Aashar) 1432",30/06/2025
"16 , Asharh (Aashar) 1432",01/07/2025
"17 , Asharh (Aashar) 1432",02/07/2025
"18 , Asharh (Aashar) 1432",03/07/2025
"19 , Asharh (Aashar) 1432",04/07/2025
"20 , Asharh (Aashar) 1432",05/07/2025
"21 , Asharh (Aashar) 1432",06/07/2025
"22 , Asharh (Aashar) 1432",07/07/2025
"23 , Asharh (Aashar) 1432",08/07/2025
"24 , Asharh (Aashar) 1432",09/07/2025
"25 , Asharh (Aashar) 1432",10/07/2025
"26 , Asharh (Aashar) 1432",11/07/2025
"27 , Asharh (Aashar) 1432",12/07/2025
"28 , Asharh (Aashar) 1432",13/07/2025
"29 , Asharh (Aashar) 1432",14/07/2025
"30 , Asharh (Aashar) 1432",15/07/2025
"31 , Asharh (Aashar) 1432",16/07/2025
"1 , Srabon (Shraban) 1432",17/07/2025
"2 , Srabon (Shraban) 1432",18/07/2025
"3 , Srabon (Shraban) 1432",19/07/2025
"4 , Srabon (Shraban) 1432",20/07/2025
"5 , Srabon (Shraban) 1432",21/07/2025
"6 , Srabon (Shraban) 1432",22/07/2025
"7 , Srabon (Shraban) 1432",23/07/2025
"8 , Srabon (Shraban) 1432",24/07/2025
"9 , Srabon (Shraban) 1432",25/07/2025
"10 , Srabon (Shraban) 1432",26/07/2025
"11 , Srabon (Shraban) 1432",27/07/2025
"12 , Srabon (Shraban) 1432",28/07/2025
"13 , Srabon (Shraban) 1432",29/07/2025
"14 , Srabon (Shraban) 1432",30/07/2025
"15 , Srabon (Shraban) 1432",31/07/2025
"16 , Srabon (Shraban) 1432",01/08/2025
"17 , Srabon (Shraban) 1432",02/08/2025
"18 , Srabon (Shraban) 1432",03/08/2025
"19 , Srabon (Shraban) 1432",04/08/2025
"20 , Srabon (Shraban) 1432",05/08/2025
"21 , Srabon (Shraban) 1432",06/08/2025
"22 , Srabon (Shraban) 1432",07/08/2025
"23 , Srabon (Shraban) 1432",08/08/2025
"24 , Srabon (Shraban) 1432",09/08/2025
"25 , Srabon (Shraban) 1432",10/08/2025
"26 , Srabon (Shraban) 1432",11/08/2025
"27 , Srabon (Shraban) 1432",12/08/2025
"28 , Srabon (Shraban) 1432",13/08/2025
"29 , Srabon (Shraban) 1432",14/08/2025
"30 , Srabon (Shraban) 1432",15/08/2025
"31 , Srabon (Shraban) 1432",16/08/2025
"32 , Srabon (Shraban) 1432",17/08/2025
"1 , Bhadro (Bhadra) 1432",18/08/2025
"2 , Bhadro (Bhadra) 1432",19/08/2025
"3 , Bhadro (Bhadra) 1432",20/08/2025
"4 , Bhadro (Bhadra) 1432",21/08/2025
"5 , Bhadro (Bhadra) 1432",22/08/2025
"6 , Bhadro (Bhadra) 1432",23/08/2025
"7 , Bhadro (Bhadra) 1432",24/08/2025
"8 , Bhadro (Bhadra) 1432",25/08/2025
"9 , Bhadro (Bhadra) 1432",26/08/2025
"10 , Bhadro (Bhadra) 1432",27/08/2025
"11 , Bhadro (Bhadra) 1432",28/08/2025
"12 , Bhadro (Bhadra) 1432",29/08/2025
"13 , Bhadro (Bhadra) 1432",30/08/2025
"14 , Bhadro (Bhadra) 1432",31/08/2025
"15 , Bhadro (Bhadra) 1432",01/09/2025
"16 , Bhadro (Bhadra) 1432",02/09/2025
"17 , Bhadro (Bhadra) 1432",03/09/2025
"18 , Bhadro (Bhadra) 1432",04/09/2025
"19 , Bhadro (Bhadra) 1432",05/09/2025
"20 , Bhadro (Bhadra) 1432",06/09/2025
"21 , Bhadro (Bhadra) 1432",07/09/2025
"22 , Bhadro (Bhadra) 1432",08/09/2025
"23 , Bhadro (Bhadra) 1432",09/09/2025
"24 , Bhadro (Bhadra) 1432",10/09/2025
"25 , Bhadro (Bhadra) 1432",11/09/2025
"26 , Bhadro (Bhadra) 1432",12/09/2025
"27 , Bhadro (Bhadra) 1432",13/09/2025
"28 , Bhadro (Bhadra) 1432",14/09/2025
"29 , Bhadro (Bhadra) 1432",15/09/2025
"30 , Bhadro (Bhadra) 1432",16/09/2025
"31 , Bhadro (Bhadra) 1432",17/09/2025
"1 , Ashshin (Aashin) 1432",18/09/2025
"2 , Ashshin (Aashin) 1432",19/09/2025
"3 , Ashshin (Aashin) 1432",20/09/2025
"4 , Ashshin (Aashin) 1432",21/09/2025
"5 , Ashshin (Aashin) 1432",22/09/2025
"6 , Ashshin (Aashin) 1432",23/09/2025
"7 , Ashshin (Aashin) 1432",24/09/2025
"8 , Ashshin (Aashin) 1432",25/09/2025
"9 , Ashshin (Aashin) 1432",26/09/2025
"10 , Ashshin (Aashin) 1432",27/09/2025
"11 , Ashshin (Aashin) 1432",28/09/2025
"12 , Ashshin (Aashin) 1432",29/09/2025
"13 , Ashshin (Aashin) 1432",30/09/2025
"14 , Ashshin (Aashin) 1432",01/10/2025
"15 , Ashshin (Aashin) 1432",02/10/2025
"16 , Ashshin (Aashin) 1432",03/10/2025
"17 , Ashshin (Aashin) 1432",04/10/2025
"18 , Ashshin (Aashin) 1432",05/10/2025
"19 , Ashshin (Aashin) 1432",06/10/2025
"20 , Ashshin (Aashin) 1432",07/10/2025
"21 , Ashshin (Aashin) 1432",08/10/2025
"22 , Ashshin (Aashin) 1432",09/10/2025
"23 , Ashshin (Aashin) 1432",10/10/2025
"24 , Ashshin (Aashin) 1432",11/10/2025
"25 , Ashshin (Aashin) 1432",12/10/2025
"26 , Ashshin (Aashin) 1432",13/10/2025
"27 , Ashshin (Aashin) 1432",14/10/2025
"28 , Ashshin (Aashin) 1432",15/10/2025
"29 , Ashshin (Aashin) 1432",16/10/2025
"30 , Ashshin (Aashin) 1432",17/10/2025
"31 , Ashshin (Aashin) 1432",18/10/2025
"1 , Kartik 1432",19/10/2025
"2 , Kartik 1432",20/10/2025
"3 , Kartik 1432",21/10/2025
"4 , Kartik 1432",22/10/2025
"5 , Kartik 1432",23/10/2025
"6 , Kartik 1432",24/10/2025
"7 , Kartik 1432",25/10/2025
"8 , Kartik 1432",26/10/2025
"9 , Kartik 1432",27/10/2025
"10 , Kartik 1432",28/10/2025
"11 , Kartik 1432",29/10/2025
"12 , Kartik 1432",30/10/2025
"13 , Kartik 1432",31/10/2025
"14 , Kartik 1432",01/11/2025
"15 , Kartik 1432",02/11/2025
"16 , Kartik 1432",03/11/2025
"17 , Kartik 1432",04/11/2025
"18 , Kartik 1432",05/11/2025
"19 , Kartik 1432",06/11/2025
"20 , Kartik 1432",07/11/2025
"21 , Kartik 1432",08/11/2025
"22 , Kartik 1432",09/11/2025
"23 , Kartik 1432",10/11/2025
"24 , Kartik 1432",11/11/2025
"25 , Kartik 1432",12/11/2025
"26 , Kartik 1432",13/11/2025
"27 , Kartik 1432",14/11/2025
"28 , Kartik 1432",15/11/2025
"29 , Kartik 1432",16/11/2025
"30 , Kartik 1432",17/11/2025
"1 , Ogrohaeon (Agrahan) 1432",18/11/2025
"2 , Ogrohaeon (Agrahan) 1432",19/11/2025
"3 , Ogrohaeon (Agrahan) 1432",20/11/2025
"4 , Ogrohaeon (Agrahan) 1432",21/11/2025
"5 , Ogrohaeon (Agrahan) 1432",22/11/2025
"6 , Ogrohaeon (Agrahan) 1432",23/11/2025
"7 , Ogrohaeon (Agrahan) 1432",24/11/2025
"8 , Ogrohaeon (Agrahan) 1432",25/11/2025
"9 , Ogrohaeon (Agrahan) 1432",26/11/2025
"10 , Ogrohaeon (Agrahan) 1432",27/11/2025
"11 , Ogrohaeon (Agrahan) 1432",28/11/2025
"12 , Ogrohaeon (Agrahan) 1432",29/11/2025
"13 , Ogrohaeon (Agrahan) 1432",30/11/2025
"14 , Ogrohaeon (Agrahan) 1432",01/12/2025
"15 , Ogrohaeon (Agrahan) 1432",02/12/2025
"16 , Ogrohaeon (Agrahan) 1432",03/12/2025
"17 , Ogrohaeon (Agrahan) 1432",04/12/2025
"18 , Ogrohaeon (Agrahan) 1432",05/12/2025
"19 , Ogrohaeon (Agrahan) 1432",06/12/2025
"20 , Ogrohaeon (Agrahan) 1432",07/12/2025
"21 , Ogrohaeon (Agrahan) 1432",08/12/2025
"22 , Ogrohaeon (Agrahan) 1432",09/12/2025
"23 , Ogrohaeon (Agrahan) 1432",10/12/2025
"24 , Ogrohaeon (Agrahan) 1432",11/12/2025
"25 , Ogrohaeon (Agrahan) 1432",12/12/2025
"26 , Ogrohaeon (Agrahan) 1432",13/12/2025
"27 , Ogrohaeon (Agrahan) 1432",14/12/2025
"28 , Ogrohaeon (Agrahan) 1432",15/12/2025
"29 , Ogrohaeon (Agrahan) 1432",16/12/2025
