gujarati_date,gregorian_date
1 Maha 2036,"Jan 18, 1980"
2 Maha 2036,"Jan 19, 1980"
3 Maha 2036,"Jan 20, 1980"
4 Maha 2036,"Jan 21, 1980"
5 Maha 2036,"Jan 22, 1980"
6 Maha 2036,"Jan 23, 1980"
7 Maha 2036,"Jan 24, 1980"
8 Maha 2036,"Jan 25, 1980"
9 Maha 2036,"Jan 26, 1980"
10 Maha 2036,"Jan 27, 1980"
11 Maha 2036,"Jan 28, 1980"
12 Maha 2036,"Jan 29, 1980"
13 Maha 2036,"Jan 30, 1980"
14 Maha 2036,"Jan 31, 1980"
15 Maha 2036,"Feb 01, 1980"
16 Maha 2036,"Feb 02, 1980"
17 Maha 2036,"Feb 03, 1980"
18 Maha 2036,"Feb 04, 1980"
19 Maha 2036,"Feb 05, 1980"
20 Maha 2036,"Feb 06, 1980"
21 Maha 2036,"Feb 07, 1980"
22 Maha 2036,"Feb 08, 1980"
23 Maha 2036,"Feb 09, 1980"
24 Maha 2036,"Feb 10, 1980"
25 Maha 2036,"Feb 11, 1980"
26 Maha 2036,"Feb 12, 1980"
27 Maha 2036,"Feb 13, 1980"
28 Maha 2036,"Feb 14, 1980"
29 Maha 2036,"Feb 15, 1980"
30 Maha 2036,"Feb 16, 1980"
1 Phaguna 2036,"Feb 17, 1980"
2 Phaguna 2036,"Feb 18, 1980"
3 Phaguna 2036,"Feb 19, 1980"
4 Phaguna 2036,"Feb 20, 1980"
5 Phaguna 2036,"Feb 21, 1980"
6 Phaguna 2036,"Feb 22, 1980"
7 Phaguna 2036,"Feb 23, 1980"
8 Phaguna 2036,"Feb 24, 1980"
9 Phaguna 2036,"Feb 25, 1980"
10 Phaguna 2036,"Feb 26, 1980"
11 Phaguna 2036,"Feb 27, 1980"
12 Phaguna 2036,"Feb 28, 1980"
13 Phaguna 2036,"Feb 29, 1980"
14 Phaguna 2036,"Mar 01, 1980"
15 Phaguna 2036,"Mar 02, 1980"
16 Phaguna 2036,"Mar 03, 1980"
17 Phaguna 2036,"Mar 04, 1980"
18 Phaguna 2036,"Mar 05, 1980"
19 Phaguna 2036,"Mar 06, 1980"
20 Phaguna 2036,"Mar 07, 1980"
21 Phaguna 2036,"Mar 08, 1980"
22 Phaguna 2036,"Mar 09, 1980"
23 Phaguna 2036,"Mar 10, 1980"
24 Phaguna 2036,"Mar 11, 1980"
25 Phaguna 2036,"Mar 12, 1980"
26 Phaguna 2036,"Mar 13, 1980"
27 Phaguna 2036,"Mar 14, 1980"
28 Phaguna 2036,"Mar 15, 1980"
29 Phaguna 2036,"Mar 16, 1980"
1 Chaitra 2036,"Mar 17, 1980"
2 Chaitra 2036,"Mar 18, 1980"
3 Chaitra 2036,"Mar 19, 1980"
4 Chaitra 2036,"Mar 20, 1980"
5 Chaitra 2036,"Mar 21, 1980"
6 Chaitra 2036,"Mar 22, 1980"
7 Chaitra 2036,"Mar 23, 1980"
8 Chaitra 2036,"Mar 24, 1980"
9 Chaitra 2036,"Mar 25, 1980"
10 Chaitra 2036,"Mar 26, 1980"
11 Chaitra 2036,"Mar 27, 1980"
12 Chaitra 2036,"Mar 28, 1980"
13 Chaitra 2036,"Mar 29, 1980"
14 Chaitra 2036,"Mar 30, 1980"
15 Chaitra 2036,"Mar 31, 1980"
16 Chaitra 2036,"Apr 01, 1980"
17 Chaitra 2036,"Apr 02, 1980"
18 Chaitra 2036,"Apr 03, 1980"
19 Chaitra 2036,"Apr 04, 1980"
20 Chaitra 2036,"Apr 05, 1980"
21 Chaitra 2036,"Apr 06, 1980"
22 Chaitra 2036,"Apr 07, 1980"
23 Chaitra 2036,"Apr 08, 1980"
24 Chaitra 2036,"Apr 09, 1980"
25 Chaitra 2036,"Apr 10, 1980"
26 Chaitra 2036,"Apr 11, 1980"
27 Chaitra 2036,"Apr 12, 1980"
28 Chaitra 2036,"Apr 13, 1980"
29 Chaitra 2036,"Apr 14, 1980"
30 Chaitra 2036,"Apr 15, 1980"
1 Vaishakha 2036,"Apr 16, 1980"
2 Vaishakha 2036,"Apr 17, 1980"
3 Vaishakha 2036,"Apr 18, 1980"
4 Vaishakha 2036,"Apr 19, 1980"
5 Vaishakha 2036,"Apr 20, 1980"
6 Vaishakha 2036,"Apr 21, 1980"
7 Vaishakha 2036,"Apr 22, 1980"
8 Vaishakha 2036,"Apr 23, 1980"
9 Vaishakha 2036,"Apr 24, 1980"
10 Vaishakha 2036,"Apr 25, 1980"
11 Vaishakha 2036,"Apr 26, 1980"
12 Vaishakha 2036,"Apr 27, 1980"
13 Vaishakha 2036,"Apr 28, 1980"
14 Vaishakha 2036,"Apr 29, 1980"
15 Vaishakha 2036,"Apr 30, 1980"
16 Vaishakha 2036,"May 01, 1980"
17 Vaishakha 2036,"May 02, 1980"
18 Vaishakha 2036,"May 03, 1980"
19 Vaishakha 2036,"May 04, 1980"
20 Vaishakha 2036,"May 05, 1980"
21 Vaishakha 2036,"May 06, 1980"
22 Vaishakha 2036,"May 07, 1980"
23 Vaishakha 2036,"May 08, 1980"
24 Vaishakha 2036,"May 09, 1980"
25 Vaishakha 2036,"May 10, 1980"
26 Vaishakha 2036,"May 11, 1980"
27 Vaishakha 2036,"May 12, 1980"
28 Vaishakha 2036,"May 13, 1980"
29 Vaishakha 2036,"May 14, 1980"
1 Jyeshta_Adhik 2036,"May 15, 1980"
2 Jyeshta_Adhik 2036,"May 16, 1980"
3 Jyeshta_Adhik 2036,"May 17, 1980"
4 Jyeshta_Adhik 2036,"May 18, 1980"
5 Jyeshta_Adhik 2036,"May 19, 1980"
6 Jyeshta_Adhik 2036,"May 20, 1980"
7 Jyeshta_Adhik 2036,"May 21, 1980"
8 Jyeshta_Adhik 2036,"May 22, 1980"
9 Jyeshta_Adhik 2036,"May 23, 1980"
10 Jyeshta_Adhik 2036,"May 24, 1980"
11 Jyeshta_Adhik 2036,"May 25, 1980"
12 Jyeshta_Adhik 2036,"May 26, 1980"
13 Jyeshta_Adhik 2036,"May 27, 1980"
14 Jyeshta_Adhik 2036,"May 28, 1980"
15 Jyeshta_Adhik 2036,"May 29, 1980"
16 Jyeshta_Adhik 2036,"May 30, 1980"
17 Jyeshta_Adhik 2036,"May 31, 1980"
18 Jyeshta_Adhik 2036,"Jun 01, 1980"
19 Jyeshta_Adhik 2036,"Jun 02, 1980"
20 Jyeshta_Adhik 2036,"Jun 03, 1980"
21 Jyeshta_Adhik 2036,"Jun 04, 1980"
22 Jyeshta_Adhik 2036,"Jun 05, 1980"
23 Jyeshta_Adhik 2036,"Jun 06, 1980"
24 Jyeshta_Adhik 2036,"Jun 07, 1980"
25 Jyeshta_Adhik 2036,"Jun 08, 1980"
26 Jyeshta_Adhik 2036,"Jun 09, 1980"
27 Jyeshta_Adhik 2036,"Jun 10, 1980"
28 Jyeshta_Adhik 2036,"Jun 11, 1980"
29 Jyeshta_Adhik 2036,"Jun 12, 1980"
1 Jyeshta 2036,"Jun 13, 1980"
2 Jyeshta 2036,"Jun 14, 1980"
3 Jyeshta 2036,"Jun 15, 1980"
4 Jyeshta 2036,"Jun 16, 1980"
5 Jyeshta 2036,"Jun 17, 1980"
6 Jyeshta 2036,"Jun 18, 1980"
7 Jyeshta 2036,"Jun 19, 1980"
8 Jyeshta 2036,"Jun 20, 1980"
9 Jyeshta 2036,"Jun 21, 1980"
10 Jyeshta 2036,"Jun 22, 1980"
11 Jyeshta 2036,"Jun 23, 1980"
12 Jyeshta 2036,"Jun 24, 1980"
13 Jyeshta 2036,"Jun 25, 1980"
14 Jyeshta 2036,"Jun 26, 1980"
15 Jyeshta 2036,"Jun 27, 1980"
16 Jyeshta 2036,"Jun 28, 1980"
17 Jyeshta 2036,"Jun 29, 1980"
18 Jyeshta 2036,"Jun 30, 1980"
19 Jyeshta 2036,"Jul 01, 1980"
20 Jyeshta 2036,"Jul 02, 1980"
21 Jyeshta 2036,"Jul 03, 1980"
22 Jyeshta 2036,"Jul 04, 1980"
23 Jyeshta 2036,"Jul 05, 1980"
24 Jyeshta 2036,"Jul 06, 1980"
25 Jyeshta 2036,"Jul 07, 1980"
26 Jyeshta 2036,"Jul 08, 1980"
27 Jyeshta 2036,"Jul 09, 1980"
28 Jyeshta 2036,"Jul 10, 1980"
29 Jyeshta 2036,"Jul 11, 1980"
30 Jyeshta 2036,"Jul 12, 1980"
1 Ashadha 2036,"Jul 13, 1980"
2 Ashadha 2036,"Jul 14, 1980"
3 Ashadha 2036,"Jul 15, 1980"
4 Ashadha 2036,"Jul 16, 1980"
5 Ashadha 2036,"Jul 17, 1980"
6 Ashadha 2036,"Jul 18, 1980"
7 Ashadha 2036,"Jul 19, 1980"
8 Ashadha 2036,"Jul 20, 1980"
9 Ashadha 2036,"Jul 21, 1980"
10 Ashadha 2036,"Jul 22, 1980"
11 Ashadha 2036,"Jul 23, 1980"
12 Ashadha 2036,"Jul 24, 1980"
13 Ashadha 2036,"Jul 25, 1980"
14 Ashadha 2036,"Jul 26, 1980"
15 Ashadha 2036,"Jul 27, 1980"
16 Ashadha 2036,"Jul 28, 1980"
17 Ashadha 2036,"Jul 29, 1980"
18 Ashadha 2036,"Jul 30, 1980"
19 Ashadha 2036,"Jul 31, 1980"
20 Ashadha 2036,"Aug 01, 1980"
21 Ashadha 2036,"Aug 02, 1980"
22 Ashadha 2036,"Aug 03, 1980"
23 Ashadha 2036,"Aug 04, 1980"
24 Ashadha 2036,"Aug 05, 1980"
25 Ashadha 2036,"Aug 06, 1980"
26 Ashadha 2036,"Aug 07, 1980"
27 Ashadha 2036,"Aug 08, 1980"
28 Ashadha 2036,"Aug 09, 1980"
29 Ashadha 2036,"Aug 10, 1980"
1 Shravana 2036,"Aug 11, 1980"
2 Shravana 2036,"Aug 12, 1980"
3 Shravana 2036,"Aug 13, 1980"
4 Shravana 2036,"Aug 14, 1980"
5 Shravana 2036,"Aug 15, 1980"
6 Shravana 2036,"Aug 16, 1980"
7 Shravana 2036,"Aug 17, 1980"
8 Shravana 2036,"Aug 18, 1980"
9 Shravana 2036,"Aug 19, 1980"
10 Shravana 2036,"Aug 20, 1980"
11 Shravana 2036,"Aug 21, 1980"
12 Shravana 2036,"Aug 22, 1980"
13 Shravana 2036,"Aug 23, 1980"
14 Shravana 2036,"Aug 24, 1980"
15 Shravana 2036,"Aug 25, 1980"
16 Shravana 2036,"Aug 26, 1980"
17 Shravana 2036,"Aug 27, 1980"
18 Shravana 2036,"Aug 28, 1980"
19 Shravana 2036,"Aug 29, 1980"
20 Shravana 2036,"Aug 30, 1980"
21 Shravana 2036,"Aug 31, 1980"
22 Shravana 2036,"Sep 01, 1980"
23 Shravana 2036,"Sep 02, 1980"
24 Shravana 2036,"Sep 03, 1980"
25 Shravana 2036,"Sep 04, 1980"
26 Shravana 2036,"Sep 05, 1980"
27 Shravana 2036,"Sep 06, 1980"
28 Shravana 2036,"Sep 07, 1980"
29 Shravana 2036,"Sep 08, 1980"
30 Shravana 2036,"Sep 09, 1980"
1 Bhadarvo 2036,"Sep 10, 1980"
2 Bhadarvo 2036,"Sep 11, 1980"
3 Bhadarvo 2036,"Sep 12, 1980"
4 Bhadarvo 2036,"Sep 13, 1980"
5 Bhadarvo 2036,"Sep 14, 1980"
6 Bhadarvo 2036,"Sep 15, 1980"
7 Bhadarvo 2036,"Sep 16, 1980"
8 Bhadarvo 2036,"Sep 17, 1980"
9 Bhadarvo 2036,"Sep 18, 1980"
10 Bhadarvo 2036,"Sep 19, 1980"
11 Bhadarvo 2036,"Sep 20, 1980"
12 Bhadarvo 2036,"Sep 21, 1980"
13 Bhadarvo 2036,"Sep 22, 1980"
14 Bhadarvo 2036,"Sep 23, 1980"
15 Bhadarvo 2036,"Sep 24, 1980"
16 Bhadarvo 2036,"Sep 25, 1980"
17 Bhadarvo 2036,"Sep 26, 1980"
18 Bhadarvo 2036,"Sep 27, 1980"
19 Bhadarvo 2036,"Sep 28, 1980"
20 Bhadarvo 2036,"Sep 29, 1980"
21 Bhadarvo 2036,"Sep 30, 1980"
22 Bhadarvo 2036,"Oct 01, 1980"
23 Bhadarvo 2036,"Oct 02, 1980"
24 Bhadarvo 2036,"Oct 03, 1980"
25 Bhadarvo 2036,"Oct 04, 1980"
26 Bhadarvo 2036,"Oct 05, 1980"
27 Bhadarvo 2036,"Oct 06, 1980"
28 Bhadarvo 2036,"Oct 07, 1980"
29 Bhadarvo 2036,"Oct 08, 1980"
30 Bhadarvo 2036,"Oct 09, 1980"
1 Aaso 2036,"Oct 10, 1980"
2 Aaso 2036,"Oct 11, 1980"
3 Aaso 2036,"Oct 12, 1980"
4 Aaso 2036,"Oct 13, 1980"
5 Aaso 2036,"Oct 14, 1980"
6 Aaso 2036,"Oct 15, 1980"
7 Aaso 2036,"Oct 16, 1980"
8 Aaso 2036,"Oct 17, 1980"
9 Aaso 2036,"Oct 18, 1980"
10 Aaso 2036,"Oct 19, 1980"
11 Aaso 2036,"Oct 20, 1980"
12 Aaso 2036,"Oct 21, 1980"
13 Aaso 2036,"Oct 22, 1980"
14 Aaso 2036,"Oct 23, 1980"
15 Aaso 2036,"Oct 24, 1980"
16 Aaso 2036,"Oct 25, 1980"
17 Aaso 2036,"Oct 26, 1980"
18 Aaso 2036,"Oct 27, 1980"
19 Aaso 2036,"Oct 28, 1980"
20 Aaso 2036,"Oct 29, 1980"
21 Aaso 2036,"Oct 30, 1980"
22 Aaso 2036,"Oct 31, 1980"
23 Aaso 2036,"Nov 01, 1980"
24 Aaso 2036,"Nov 02, 1980"
25 Aaso 2036,"Nov 03, 1980"
26 Aaso 2036,"Nov 04, 1980"
27 Aaso 2036,"Nov 05, 1980"
28 Aaso 2036,"Nov 06, 1980"
29 Aaso 2036,"Nov 07, 1980"
1 Kartak 2036,"Nov 08, 1980"
2 Kartak 2036,"Nov 09, 1980"
3 Kartak 2036,"Nov 10, 1980"
4 Kartak 2036,"Nov 11, 1980"
5 Kartak 2036,"Nov 12, 1980"
6 Kartak 2036,"Nov 13, 1980"
7 Kartak 2036,"Nov 14, 1980"
8 Kartak 2036,"Nov 15, 1980"
9 Kartak 2036,"Nov 16, 1980"
10 Kartak 2036,"Nov 17, 1980"
11 Kartak 2036,"Nov 18, 1980"
12 Kartak 2036,"Nov 19, 1980"
13 Kartak 2036,"Nov 20, 1980"
14 Kartak 2036,"Nov 21, 1980"
15 Kartak 2036,"Nov 22, 1980"
16 Kartak 2036,"Nov 23, 1980"
17 Kartak 2036,"Nov 24, 1980"
18 Kartak 2036,"Nov 25, 1980"
19 Kartak 2036,"Nov 26, 1980"
20 Kartak 2036,"Nov 27, 1980"
21 Kartak 2036,"Nov 28, 1980"
22 Kartak 2036,"Nov 29, 1980"
23 Kartak 2036,"Nov 30, 1980"
24 Kartak 2036,"Dec 01, 1980"
25 Kartak 2036,"Dec 02, 1980"
26 Kartak 2036,"Dec 03, 1980"
27 Kartak 2036,"Dec 04, 1980"
28 Kartak 2036,"Dec 05, 1980"
29 Kartak 2036,"Dec 06, 1980"
30 Kartak 2036,"Dec 07, 1980"
1 Magasar 2036,"Dec 08, 1980"
2 Magasar 2036,"Dec 09, 1980"
3 Magasar 2036,"Dec 10, 1980"
4 Magasar 2036,"Dec 11, 1980"
5 Magasar 2036,"Dec 12, 1980"
6 Magasar 2036,"Dec 13, 1980"
7 Magasar 2036,"Dec 14, 1980"
8 Magasar 2036,"Dec 15, 1980"
9 Magasar 2036,"Dec 16, 1980"
10 Magasar 2036,"Dec 17, 1980"
11 Magasar 2036,"Dec 18, 1980"
12 Magasar 2036,"Dec 19, 1980"
13 Magasar 2036,"Dec 20, 1980"
14 Magasar 2036,"Dec 21, 1980"
15 Magasar 2036,"Dec 22, 1980"
16 Magasar 2036,"Dec 23, 1980"
17 Magasar 2036,"Dec 24, 1980"
18 Magasar 2036,"Dec 25, 1980"
19 Magasar 2036,"Dec 26, 1980"
20 Magasar 2036,"Dec 27, 1980"
21 Magasar 2036,"Dec 28, 1980"
22 Magasar 2036,"Dec 29, 1980"
23 Magasar 2036,"Dec 30, 1980"
24 Magasar 2036,"Dec 31, 1980"
25 Magasar 2036,"Jan 01, 1981"
26 Magasar 2036,"Jan 02, 1981"
27 Magasar 2036,"Jan 03, 1981"
28 Magasar 2036,"Jan 04, 1981"
29 Magasar 2036,"Jan 05, 1981"
30 Magasar 2036,"Jan 06, 1981"
1 Posh 2036,"Jan 07, 1981"
2 Posh 2036,"Jan 08, 1981"
3 Posh 2036,"Jan 09, 1981"
4 Posh 2036,"Jan 10, 1981"
5 Posh 2036,"Jan 11, 1981"
6 Posh 2036,"Jan 12, 1981"
7 Posh 2036,"Jan 13, 1981"
8 Posh 2036,"Jan 14, 1981"
9 Posh 2036,"Jan 15, 1981"
10 Posh 2036,"Jan 16, 1981"
11 Posh 2036,"Jan 17, 1981"
12 Posh 2036,"Jan 18, 1981"
13 Posh 2036,"Jan 19, 1981"
14 Posh 2036,"Jan 20, 1981"
15 Posh 2036,"Jan 21, 1981"
16 Posh 2036,"Jan 22, 1981"
17 Posh 2036,"Jan 23, 1981"
18 Posh 2036,"Jan 24, 1981"
19 Posh 2036,"Jan 25, 1981"
20 Posh 2036,"Jan 26, 1981"
21 Posh 2036,"Jan 27, 1981"
22 Posh 2036,"Jan 28, 1981"
23 Posh 2036,"Jan 29, 1981"
24 Posh 2036,"Jan 30, 1981"
25 Posh 2036,"Jan 31, 1981"
26 Posh 2036,"Feb 01, 1981"
27 Posh 2036,"Feb 02, 1981"
28 Posh 2036,"Feb 03, 1981"
29 Posh 2036,"Feb 04, 1981"
1 Maha 2037,"Feb 05, 1981"
2 Maha 2037,"Feb 06, 1981"
3 Maha 2037,"Feb 07, 1981"
4 Maha 2037,"Feb 08, 1981"
5 Maha 2037,"Feb 09, 1981"
6 Maha 2037,"Feb 10, 1981"
7 Maha 2037,"Feb 11, 1981"
8 Maha 2037,"Feb 12, 1981"
9 Maha 2037,"Feb 13, 1981"
10 Maha 2037,"Feb 14, 1981"
11 Maha 2037,"Feb 15, 1981"
12 Maha 2037,"Feb 16, 1981"
13 Maha 2037,"Feb 17, 1981"
14 Maha 2037,"Feb 18, 1981"
15 Maha 2037,"Feb 19, 1981"
16 Maha 2037,"Feb 20, 1981"
17 Maha 2037,"Feb 21, 1981"
18 Maha 2037,"Feb 22, 1981"
19 Maha 2037,"Feb 23, 1981"
20 Maha 2037,"Feb 24, 1981"
21 Maha 2037,"Feb 25, 1981"
22 Maha 2037,"Feb 26, 1981"
23 Maha 2037,"Feb 27, 1981"
24 Maha 2037,"Feb 28, 1981"
25 Maha 2037,"Mar 01, 1981"
26 Maha 2037,"Mar 02, 1981"
27 Maha 2037,"Mar 03, 1981"
28 Maha 2037,"Mar 04, 1981"
29 Maha 2037,"Mar 05, 1981"
30 Maha 2037,"Mar 06, 1981"
1 Phaguna 2037,"Mar 07, 1981"
2 Phaguna 2037,"Mar 08, 1981"
3 Phaguna 2037,"Mar 09, 1981"
4 Phaguna 2037,"Mar 10, 1981"
5 Phaguna 2037,"Mar 11, 1981"
6 Phaguna 2037,"Mar 12, 1981"
7 Phaguna 2037,"Mar 13, 1981"
8 Phaguna 2037,"Mar 14, 1981"
9 Phaguna 2037,"Mar 15, 1981"
10 Phaguna 2037,"Mar 16, 1981"
11 Phaguna 2037,"Mar 17, 1981"
12 Phaguna 2037,"Mar 18, 1981"
13 Phaguna 2037,"Mar 19, 1981"
14 Phaguna 2037,"Mar 20, 1981"
15 Phaguna 2037,"Mar 21, 1981"
16 Phaguna 2037,"Mar 22, 1981"
17 Phaguna 2037,"Mar 23, 1981"
18 Phaguna 2037,"Mar 24, 1981"
19 Phaguna 2037,"Mar 25, 1981"
20 Phaguna 2037,"Mar 26, 1981"
21 Phaguna 2037,"Mar 27, 1981"
22 Phaguna 2037,"Mar 28, 1981"
23 Phaguna 2037,"Mar 29, 1981"
24 Phaguna 2037,"Mar 30, 1981"
25 Phaguna 2037,"Mar 31, 1981"
26 Phaguna 2037,"Apr 01, 1981"
27 Phaguna 2037,"Apr 02, 1981"
28 Phaguna 2037,"Apr 03, 1981"
29 Phaguna 2037,"Apr 04, 1981"
1 Chaitra 2037,"Apr 05, 1981"
2 Chaitra 2037,"Apr 06, 1981"
3 Chaitra 2037,"Apr 07, 1981"
4 Chaitra 2037,"Apr 08, 1981"
5 Chaitra 2037,"Apr 09, 1981"
6 Chaitra 2037,"Apr 10, 1981"
7 Chaitra 2037,"Apr 11, 1981"
8 Chaitra 2037,"Apr 12, 1981"
9 Chaitra 2037,"Apr 13, 1981"
10 Chaitra 2037,"Apr 14, 1981"
11 Chaitra 2037,"Apr 15, 1981"
12 Chaitra 2037,"Apr 16, 1981"
13 Chaitra 2037,"Apr 17, 1981"
14 Chaitra 2037,"Apr 18, 1981"
15 Chaitra 2037,"Apr 19, 1981"
16 Chaitra 2037,"Apr 20, 1981"
17 Chaitra 2037,"Apr 21, 1981"
18 Chaitra 2037,"Apr 22, 1981"
19 Chaitra 2037,"Apr 23, 1981"
20 Chaitra 2037,"Apr 24, 1981"
21 Chaitra 2037,"Apr 25, 1981"
22 Chaitra 2037,"Apr 26, 1981"
23 Chaitra 2037,"Apr 27, 1981"
24 Chaitra 2037,"Apr 28, 1981"
25 Chaitra 2037,"Apr 29, 1981"
26 Chaitra 2037,"Apr 30, 1981"
27 Chaitra 2037,"May 01, 1981"
28 Chaitra 2037,"May 02, 1981"
29 Chaitra 2037,"May 03, 1981"
30 Chaitra 2037,"May 04, 1981"
1 Vaishakha 2037,"May 05, 1981"
2 Vaishakha 2037,"May 06, 1981"
3 Vaishakha 2037,"May 07, 1981"
4 Vaishakha 2037,"May 08, 1981"
5 Vaishakha 2037,"May 09, 1981"
6 Vaishakha 2037,"May 10, 1981"
7 Vaishakha 2037,"May 11, 1981"
8 Vaishakha 2037,"May 12, 1981"
9 Vaishakha 2037,"May 13, 1981"
10 Vaishakha 2037,"May 14, 1981"
11 Vaishakha 2037,"May 15, 1981"
12 Vaishakha 2037,"May 16, 1981"
13 Vaishakha 2037,"May 17, 1981"
14 Vaishakha 2037,"May 18, 1981"
15 Vaishakha 2037,"May 19, 1981"
16 Vaishakha 2037,"May 20, 1981"
17 Vaishakha 2037,"May 21, 1981"
18 Vaishakha 2037,"May 22, 1981"
19 Vaishakha 2037,"May 23, 1981"
20 Vaishakha 2037,"May 24, 1981"
21 Vaishakha 2037,"May 25, 1981"
22 Vaishakha 2037,"May 26, 1981"
23 Vaishakha 2037,"May 27, 1981"
24 Vaishakha 2037,"May 28, 1981"
25 Vaishakha 2037,"May 29, 1981"
26 Vaishakha 2037,"May 30, 1981"
27 Vaishakha 2037,"May 31, 1981"
28 Vaishakha 2037,"Jun 01, 1981"
29 Vaishakha 2037,"Jun 02, 1981"
1 Jyeshta 2037,"Jun 03, 1981"
2 Jyeshta 2037,"Jun 04, 1981"
3 Jyeshta 2037,"Jun 05, 1981"
4 Jyeshta 2037,"Jun 06, 1981"
5 Jyeshta 2037,"Jun 07, 1981"
6 Jyeshta 2037,"Jun 08, 1981"
7 Jyeshta 2037,"Jun 09, 1981"
8 Jyeshta 2037,"Jun 10, 1981"
9 Jyeshta 2037,"Jun 11, 1981"
10 Jyeshta 2037,"Jun 12, 1981"
11 Jyeshta 2037,"Jun 13, 1981"
12 Jyeshta 2037,"Jun 14, 1981"
13 Jyeshta 2037,"Jun 15, 1981"
14 Jyeshta 2037,"Jun 16, 1981"
15 Jyeshta 2037,"Jun 17, 1981"
16 Jyeshta 2037,"Jun 18, 1981"
17 Jyeshta 2037,"Jun 19, 1981"
18 Jyeshta 2037,"Jun 20, 1981"
19 Jyeshta 2037,"Jun 21, 1981"
20 Jyeshta 2037,"Jun 22, 1981"
21 Jyeshta 2037,"Jun 23, 1981"
22 Jyeshta 2037,"Jun 24, 1981"
23 Jyeshta 2037,"Jun 25, 1981"
24 Jyeshta 2037,"Jun 26, 1981"
25 Jyeshta 2037,"Jun 27, 1981"
26 Jyeshta 2037,"Jun 28, 1981"
27 Jyeshta 2037,"Jun 29, 1981"
28 Jyeshta 2037,"Jun 30, 1981"
29 Jyeshta 2037,"Jul 01, 1981"
1 Ashadha 2037,"Jul 02, 1981"
2 Ashadha 2037,"Jul 03, 1981"
3 Ashadha 2037,"Jul 04, 1981"
4 Ashadha 2037,"Jul 05, 1981"
5 Ashadha 2037,"Jul 06, 1981"
6 Ashadha 2037,"Jul 07, 1981"
7 Ashadha 2037,"Jul 08, 1981"
8 Ashadha 2037,"Jul 09, 1981"
9 Ashadha 2037,"Jul 10, 1981"
10 Ashadha 2037,"Jul 11, 1981"
11 Ashadha 2037,"Jul 12, 1981"
12 Ashadha 2037,"Jul 13, 1981"
13 Ashadha 2037,"Jul 14, 1981"
14 Ashadha 2037,"Jul 15, 1981"
15 Ashadha 2037,"Jul 16, 1981"
16 Ashadha 2037,"Jul 17, 1981"
17 Ashadha 2037,"Jul 18, 1981"
18 Ashadha 2037,"Jul 19, 1981"
19 Ashadha 2037,"Jul 20, 1981"
20 Ashadha 2037,"Jul 21, 1981"
21 Ashadha 2037,"Jul 22, 1981"
22 Ashadha 2037,"Jul 23, 1981"
23 Ashadha 2037,"Jul 24, 1981"
24 Ashadha 2037,"Jul 25, 1981"
25 Ashadha 2037,"Jul 26, 1981"
26 Ashadha 2037,"Jul 27, 1981"
27 Ashadha 2037,"Jul 28, 1981"
28 Ashadha 2037,"Jul 29, 1981"
29 Ashadha 2037,"Jul 30, 1981"
30 Ashadha 2037,"Jul 31, 1981"
1 Shravana 2037,"Aug 01, 1981"
2 Shravana 2037,"Aug 02, 1981"
3 Shravana 2037,"Aug 03, 1981"
4 Shravana 2037,"Aug 04, 1981"
5 Shravana 2037,"Aug 05, 1981"
6 Shravana 2037,"Aug 06, 1981"
7 Shravana 2037,"Aug 07, 1981"
8 Shravana 2037,"Aug 08, 1981"
9 Shravana 2037,"Aug 09, 1981"
10 Shravana 2037,"Aug 10, 1981"
11 Shravana 2037,"Aug 11, 1981"
12 Shravana 2037,"Aug 12, 1981"
13 Shravana 2037,"Aug 13, 1981"
14 Shravana 2037,"Aug 14, 1981"
15 Shravana 2037,"Aug 15, 1981"
16 Shravana 2037,"Aug 16, 1981"
17 Shravana 2037,"Aug 17, 1981"
18 Shravana 2037,"Aug 18, 1981"
19 Shravana 2037,"Aug 19, 1981"
20 Shravana 2037,"Aug 20, 1981"
21 Shravana 2037,"Aug 21, 1981"
22 Shravana 2037,"Aug 22, 1981"
23 Shravana 2037,"Aug 23, 1981"
24 Shravana 2037,"Aug 24, 1981"
25 Shravana 2037,"Aug 25, 1981"
26 Shravana 2037,"Aug 26, 1981"
27 Shravana 2037,"Aug 27, 1981"
28 Shravana 2037,"Aug 28, 1981"
29 Shravana 2037,"Aug 29, 1981"
1 Bhadarvo 2037,"Aug 30, 1981"
2 Bhadarvo 2037,"Aug 31, 1981"
3 Bhadarvo 2037,"Sep 01, 1981"
4 Bhadarvo 2037,"Sep 02, 1981"
5 Bhadarvo 2037,"Sep 03, 1981"
6 Bhadarvo 2037,"Sep 04, 1981"
7 Bhadarvo 2037,"Sep 05, 1981"
8 Bhadarvo 2037,"Sep 06, 1981"
9 Bhadarvo 2037,"Sep 07, 1981"
10 Bhadarvo 2037,"Sep 08, 1981"
11 Bhadarvo 2037,"Sep 09, 1981"
12 Bhadarvo 2037,"Sep 10, 1981"
13 Bhadarvo 2037,"Sep 11, 1981"
14 Bhadarvo 2037,"Sep 12, 1981"
15 Bhadarvo 2037,"Sep 13, 1981"
16 Bhadarvo 2037,"Sep 14, 1981"
17 Bhadarvo 2037,"Sep 15, 1981"
18 Bhadarvo 2037,"Sep 16, 1981"
19 Bhadarvo 2037,"Sep 17, 1981"
20 Bhadarvo 2037,"Sep 18, 1981"
21 Bhadarvo 2037,"Sep 19, 1981"
22 Bhadarvo 2037,"Sep 20, 1981"
23 Bhadarvo 2037,"Sep 21, 1981"
24 Bhadarvo 2037,"Sep 22, 1981"
25 Bhadarvo 2037,"Sep 23, 1981"
26 Bhadarvo 2037,"Sep 24, 1981"
27 Bhadarvo 2037,"Sep 25, 1981"
28 Bhadarvo 2037,"Sep 26, 1981"
29 Bhadarvo 2037,"Sep 27, 1981"
30 Bhadarvo 2037,"Sep 28, 1981"
1 Aaso 2037,"Sep 29, 1981"
2 Aaso 2037,"Sep 30, 1981"
3 Aaso 2037,"Oct 01, 1981"
4 Aaso 2037,"Oct 02, 1981"
5 Aaso 2037,"Oct 03, 1981"
6 Aaso 2037,"Oct 04, 1981"
7 Aaso 2037,"Oct 05, 1981"
8 Aaso 2037,"Oct 06, 1981"
9 Aaso 2037,"Oct 07, 1981"
10 Aaso 2037,"Oct 08, 1981"
11 Aaso 2037,"Oct 09, 1981"
12 Aaso 2037,"Oct 10, 1981"
13 Aaso 2037,"Oct 11, 1981"
14 Aaso 2037,"Oct 12, 1981"
15 Aaso 2037,"Oct 13, 1981"
16 Aaso 2037,"Oct 14, 1981"
17 Aaso 2037,"Oct 15, 1981"
18 Aaso 2037,"Oct 16, 1981"
19 Aaso 2037,"Oct 17, 1981"
20 Aaso 2037,"Oct 18, 1981"
21 Aaso 2037,"Oct 19, 1981"
22 Aaso 2037,"Oct 20, 1981"
23 Aaso 2037,"Oct 21, 1981"
24 Aaso 2037,"Oct 22, 1981"
25 Aaso 2037,"Oct 23, 1981"
26 Aaso 2037,"Oct 24, 1981"
27 Aaso 2037,"Oct 25, 1981"
28 Aaso 2037,"Oct 26, 1981"
29 Aaso 2037,"Oct 27, 1981"
1 Kartak 2037,"Oct 28, 1981"
2 Kartak 2037,"Oct 29, 1981"
3 Kartak 2037,"Oct 30, 1981"
4 Kartak 2037,"Oct 31, 1981"
5 Kartak 2037,"Nov 01, 1981"
6 Kartak 2037,"Nov 02, 1981"
7 Kartak 2037,"Nov 03, 1981"
8 Kartak 2037,"Nov 04, 1981"
9 Kartak 2037,"Nov 05, 1981"
10 Kartak 2037,"Nov 06, 1981"
11 Kartak 2037,"Nov 07, 1981"
12 Kartak 2037,"Nov 08, 1981"
13 Kartak 2037,"Nov 09, 1981"
14 Kartak 2037,"Nov 10, 1981"
15 Kartak 2037,"Nov 11, 1981"
16 Kartak 2037,"Nov 12, 1981"
17 Kartak 2037,"Nov 13, 1981"
18 Kartak 2037,"Nov 14, 1981"
19 Kartak 2037,"Nov 15, 1981"
20 Kartak 2037,"Nov 16, 1981"
21 Kartak 2037,"Nov 17, 1981"
22 Kartak 2037,"Nov 18, 1981"
23 Kartak 2037,"Nov 19, 1981"
24 Kartak 2037,"Nov 20, 1981"
25 Kartak 2037,"Nov 21, 1981"
26 Kartak 2037,"Nov 22, 1981"
27 Kartak 2037,"Nov 23, 1981"
28 Kartak 2037,"Nov 24, 1981"
29 Kartak 2037,"Nov 25, 1981"
30 Kartak 2037,"Nov 26, 1981"
1 Magasar 2037,"Nov 27, 1981"
2 Magasar 2037,"Nov 28, 1981"
3 Magasar 2037,"Nov 29, 1981"
4 Magasar 2037,"Nov 30, 1981"
5 Magasar 2037,"Dec 01, 1981"
6 Magasar 2037,"Dec 02, 1981"
7 Magasar 2037,"Dec 03, 1981"
8 Magasar 2037,"Dec 04, 1981"
9 Magasar 2037,"Dec 05, 1981"
10 Magasar 2037,"Dec 06, 1981"
11 Magasar 2037,"Dec 07, 1981"
12 Magasar 2037,"Dec 08, 1981"
13 Magasar 2037,"Dec 09, 1981"
14 Magasar 2037,"Dec 10, 1981"
15 Magasar 2037,"Dec 11, 1981"
16 Magasar 2037,"Dec 12, 1981"
17 Magasar 2037,"Dec 13, 1981"
18 Magasar 2037,"Dec 14, 1981"
19 Magasar 2037,"Dec 15, 1981"
20 Magasar 2037,"Dec 16, 1981"
21 Magasar 2037,"Dec 17, 1981"
22 Magasar 2037,"Dec 18, 1981"
23 Magasar 2037,"Dec 19, 1981"
24 Magasar 2037,"Dec 20, 1981"
25 Magasar 2037,"Dec 21, 1981"
26 Magasar 2037,"Dec 22, 1981"
27 Magasar 2037,"Dec 23, 1981"
28 Magasar 2037,"Dec 24, 1981"
29 Magasar 2037,"Dec 25, 1981"
30 Magasar 2037,"Dec 26, 1981"
1 Posh 2037,"Dec 27, 1981"
2 Posh 2037,"Dec 28, 1981"
3 Posh 2037,"Dec 29, 1981"
4 Posh 2037,"Dec 30, 1981"
5 Posh 2037,"Dec 31, 1981"
6 Posh 2037,"Jan 01, 1982"
7 Posh 2037,"Jan 02, 1982"
8 Posh 2037,"Jan 03, 1982"
9 Posh 2037,"Jan 04, 1982"
10 Posh 2037,"Jan 05, 1982"
11 Posh 2037,"Jan 06, 1982"
12 Posh 2037,"Jan 07, 1982"
13 Posh 2037,"Jan 08, 1982"
14 Posh 2037,"Jan 09, 1982"
15 Posh 2037,"Jan 10, 1982"
16 Posh 2037,"Jan 11, 1982"
17 Posh 2037,"Jan 12, 1982"
18 Posh 2037,"Jan 13, 1982"
19 Posh 2037,"Jan 14, 1982"
20 Posh 2037,"Jan 15, 1982"
21 Posh 2037,"Jan 16, 1982"
22 Posh 2037,"Jan 17, 1982"
23 Posh 2037,"Jan 18, 1982"
24 Posh 2037,"Jan 19, 1982"
25 Posh 2037,"Jan 20, 1982"
26 Posh 2037,"Jan 21, 1982"
27 Posh 2037,"Jan 22, 1982"
28 Posh 2037,"Jan 23, 1982"
29 Posh 2037,"Jan 24, 1982"
30 Posh 2037,"Jan 25, 1982"
1 Maha 2038,"Jan 26, 1982"
2 Maha 2038,"Jan 27, 1982"
3 Maha 2038,"Jan 28, 1982"
4 Maha 2038,"Jan 29, 1982"
5 Maha 2038,"Jan 30, 1982"
6 Maha 2038,"Jan 31, 1982"
7 Maha 2038,"Feb 01, 1982"
8 Maha 2038,"Feb 02, 1982"
9 Maha 2038,"Feb 03, 1982"
10 Maha 2038,"Feb 04, 1982"
11 Maha 2038,"Feb 05, 1982"
12 Maha 2038,"Feb 06, 1982"
13 Maha 2038,"Feb 07, 1982"
14 Maha 2038,"Feb 08, 1982"
15 Maha 2038,"Feb 09, 1982"
16 Maha 2038,"Feb 10, 1982"
17 Maha 2038,"Feb 11, 1982"
18 Maha 2038,"Feb 12, 1982"
19 Maha 2038,"Feb 13, 1982"
20 Maha 2038,"Feb 14, 1982"
21 Maha 2038,"Feb 15, 1982"
22 Maha 2038,"Feb 16, 1982"
23 Maha 2038,"Feb 17, 1982"
24 Maha 2038,"Feb 18, 1982"
25 Maha 2038,"Feb 19, 1982"
26 Maha 2038,"Feb 20, 1982"
27 Maha 2038,"Feb 21, 1982"
28 Maha 2038,"Feb 22, 1982"
29 Maha 2038,"Feb 23, 1982"
1 Phaguna 2038,"Feb 24, 1982"
2 Phaguna 2038,"Feb 25, 1982"
3 Phaguna 2038,"Feb 26, 1982"
4 Phaguna 2038,"Feb 27, 1982"
5 Phaguna 2038,"Feb 28, 1982"
6 Phaguna 2038,"Mar 01, 1982"
7 Phaguna 2038,"Mar 02, 1982"
8 Phaguna 2038,"Mar 03, 1982"
9 Phaguna 2038,"Mar 04, 1982"
10 Phaguna 2038,"Mar 05, 1982"
11 Phaguna 2038,"Mar 06, 1982"
12 Phaguna 2038,"Mar 07, 1982"
13 Phaguna 2038,"Mar 08, 1982"
14 Phaguna 2038,"Mar 09, 1982"
15 Phaguna 2038,"Mar 10, 1982"
16 Phaguna 2038,"Mar 11, 1982"
17 Phaguna 2038,"Mar 12, 1982"
18 Phaguna 2038,"Mar 13, 1982"
19 Phaguna 2038,"Mar 14, 1982"
20 Phaguna 2038,"Mar 15, 1982"
21 Phaguna 2038,"Mar 16, 1982"
22 Phaguna 2038,"Mar 17, 1982"
23 Phaguna 2038,"Mar 18, 1982"
24 Phaguna 2038,"Mar 19, 1982"
25 Phaguna 2038,"Mar 20, 1982"
26 Phaguna 2038,"Mar 21, 1982"
27 Phaguna 2038,"Mar 22, 1982"
28 Phaguna 2038,"Mar 23, 1982"
29 Phaguna 2038,"Mar 24, 1982"
30 Phaguna 2038,"Mar 25, 1982"
1 Chaitra 2038,"Mar 26, 1982"
2 Chaitra 2038,"Mar 27, 1982"
3 Chaitra 2038,"Mar 28, 1982"
4 Chaitra 2038,"Mar 29, 1982"
5 Chaitra 2038,"Mar 30, 1982"
6 Chaitra 2038,"Mar 31, 1982"
7 Chaitra 2038,"Apr 01, 1982"
8 Chaitra 2038,"Apr 02, 1982"
9 Chaitra 2038,"Apr 03, 1982"
10 Chaitra 2038,"Apr 04, 1982"
11 Chaitra 2038,"Apr 05, 1982"
12 Chaitra 2038,"Apr 06, 1982"
13 Chaitra 2038,"Apr 07, 1982"
14 Chaitra 2038,"Apr 08, 1982"
15 Chaitra 2038,"Apr 09, 1982"
16 Chaitra 2038,"Apr 10, 1982"
17 Chaitra 2038,"Apr 11, 1982"
18 Chaitra 2038,"Apr 12, 1982"
19 Chaitra 2038,"Apr 13, 1982"
20 Chaitra 2038,"Apr 14, 1982"
21 Chaitra 2038,"Apr 15, 1982"
22 Chaitra 2038,"Apr 16, 1982"
23 Chaitra 2038,"Apr 17, 1982"
24 Chaitra 2038,"Apr 18, 1982"
25 Chaitra 2038,"Apr 19, 1982"
26 Chaitra 2038,"Apr 20, 1982"
27 Chaitra 2038,"Apr 21, 1982"
28 Chaitra 2038,"Apr 22, 1982"
29 Chaitra 2038,"Apr 23, 1982"
1 Vaishakha 2038,"Apr 24, 1982"
2 Vaishakha 2038,"Apr 25, 1982"
3 Vaishakha 2038,"Apr 26, 1982"
4 Vaishakha 2038,"Apr 27, 1982"
5 Vaishakha 2038,"Apr 28, 1982"
6 Vaishakha 2038,"Apr 29, 1982"
7 Vaishakha 2038,"Apr 30, 1982"
8 Vaishakha 2038,"May 01, 1982"
9 Vaishakha 2038,"May 02, 1982"
10 Vaishakha 2038,"May 03, 1982"
11 Vaishakha 2038,"May 04, 1982"
12 Vaishakha 2038,"May 05, 1982"
13 Vaishakha 2038,"May 06, 1982"
14 Vaishakha 2038,"May 07, 1982"
15 Vaishakha 2038,"May 08, 1982"
16 Vaishakha 2038,"May 09, 1982"
17 Vaishakha 2038,"May 10, 1982"
18 Vaishakha 2038,"May 11, 1982"
19 Vaishakha 2038,"May 12, 1982"
20 Vaishakha 2038,"May 13, 1982"
21 Vaishakha 2038,"May 14, 1982"
22 Vaishakha 2038,"May 15, 1982"
23 Vaishakha 2038,"May 16, 1982"
24 Vaishakha 2038,"May 17, 1982"
25 Vaishakha 2038,"May 18, 1982"
26 Vaishakha 2038,"May 19, 1982"
27 Vaishakha 2038,"May 20, 1982"
28 Vaishakha 2038,"May 21, 1982"
29 Vaishakha 2038,"May 22, 1982"
30 Vaishakha 2038,"May 23, 1982"
1 Jyeshta 2038,"May 24, 1982"
2 Jyeshta 2038,"May 25, 1982"
3 Jyeshta 2038,"May 26, 1982"
4 Jyeshta 2038,"May 27, 1982"
5 Jyeshta 2038,"May 28, 1982"
6 Jyeshta 2038,"May 29, 1982"
7 Jyeshta 2038,"May 30, 1982"
8 Jyeshta 2038,"May 31, 1982"
9 Jyeshta 2038,"Jun 01, 1982"
10 Jyeshta 2038,"Jun 02, 1982"
11 Jyeshta 2038,"Jun 03, 1982"
12 Jyeshta 2038,"Jun 04, 1982"
13 Jyeshta 2038,"Jun 05, 1982"
14 Jyeshta 2038,"Jun 06, 1982"
15 Jyeshta 2038,"Jun 07, 1982"
16 Jyeshta 2038,"Jun 08, 1982"
17 Jyeshta 2038,"Jun 09, 1982"
18 Jyeshta 2038,"Jun 10, 1982"
19 Jyeshta 2038,"Jun 11, 1982"
20 Jyeshta 2038,"Jun 12, 1982"
21 Jyeshta 2038,"Jun 13, 1982"
22 Jyeshta 2038,"Jun 14, 1982"
23 Jyeshta 2038,"Jun 15, 1982"
24 Jyeshta 2038,"Jun 16, 1982"
25 Jyeshta 2038,"Jun 17, 1982"
26 Jyeshta 2038,"Jun 18, 1982"
27 Jyeshta 2038,"Jun 19, 1982"
28 Jyeshta 2038,"Jun 20, 1982"
29 Jyeshta 2038,"Jun 21, 1982"
1 Ashadha 2038,"Jun 22, 1982"
2 Ashadha 2038,"Jun 23, 1982"
3 Ashadha 2038,"Jun 24, 1982"
4 Ashadha 2038,"Jun 25, 1982"
5 Ashadha 2038,"Jun 26, 1982"
6 Ashadha 2038,"Jun 27, 1982"
7 Ashadha 2038,"Jun 28, 1982"
8 Ashadha 2038,"Jun 29, 1982"
9 Ashadha 2038,"Jun 30, 1982"
10 Ashadha 2038,"Jul 01, 1982"
11 Ashadha 2038,"Jul 02, 1982"
12 Ashadha 2038,"Jul 03, 1982"
13 Ashadha 2038,"Jul 04, 1982"
14 Ashadha 2038,"Jul 05, 1982"
15 Ashadha 2038,"Jul 06, 1982"
16 Ashadha 2038,"Jul 07, 1982"
17 Ashadha 2038,"Jul 08, 1982"
18 Ashadha 2038,"Jul 09, 1982"
19 Ashadha 2038,"Jul 10, 1982"
20 Ashadha 2038,"Jul 11, 1982"
21 Ashadha 2038,"Jul 12, 1982"
22 Ashadha 2038,"Jul 13, 1982"
23 Ashadha 2038,"Jul 14, 1982"
24 Ashadha 2038,"Jul 15, 1982"
25 Ashadha 2038,"Jul 16, 1982"
26 Ashadha 2038,"Jul 17, 1982"
27 Ashadha 2038,"Jul 18, 1982"
28 Ashadha 2038,"Jul 19, 1982"
29 Ashadha 2038,"Jul 20, 1982"
1 Shravana 2038,"Jul 21, 1982"
2 Shravana 2038,"Jul 22, 1982"
3 Shravana 2038,"Jul 23, 1982"
4 Shravana 2038,"Jul 24, 1982"
5 Shravana 2038,"Jul 25, 1982"
6 Shravana 2038,"Jul 26, 1982"
7 Shravana 2038,"Jul 27, 1982"
8 Shravana 2038,"Jul 28, 1982"
9 Shravana 2038,"Jul 29, 1982"
10 Shravana 2038,"Jul 30, 1982"
11 Shravana 2038,"Jul 31, 1982"
12 Shravana 2038,"Aug 01, 1982"
13 Shravana 2038,"Aug 02, 1982"
14 Shravana 2038,"Aug 03, 1982"
15 Shravana 2038,"Aug 04, 1982"
16 Shravana 2038,"Aug 05, 1982"
17 Shravana 2038,"Aug 06, 1982"
18 Shravana 2038,"Aug 07, 1982"
19 Shravana 2038,"Aug 08, 1982"
20 Shravana 2038,"Aug 09, 1982"
21 Shravana 2038,"Aug 10, 1982"
22 Shravana 2038,"Aug 11, 1982"
23 Shravana 2038,"Aug 12, 1982"
24 Shravana 2038,"Aug 13, 1982"
25 Shravana 2038,"Aug 14, 1982"
26 Shravana 2038,"Aug 15, 1982"
27 Shravana 2038,"Aug 16, 1982"
28 Shravana 2038,"Aug 17, 1982"
29 Shravana 2038,"Aug 18, 1982"
30 Shravana 2038,"Aug 19, 1982"
1 Bhadarvo 2038,"Aug 20, 1982"
2 Bhadarvo 2038,"Aug 21, 1982"
3 Bhadarvo 2038,"Aug 22, 1982"
4 Bhadarvo 2038,"Aug 23, 1982"
5 Bhadarvo 2038,"Aug 24, 1982"
6 Bhadarvo 2038,"Aug 25, 1982"
7 Bhadarvo 2038,"Aug 26, 1982"
8 Bhadarvo 2038,"Aug 27, 1982"
9 Bhadarvo 2038,"Aug 28, 1982"
10 Bhadarvo 2038,"Aug 29, 1982"
11 Bhadarvo 2038,"Aug 30, 1982"
12 Bhadarvo 2038,"Aug 31, 1982"
13 Bhadarvo 2038,"Sep 01, 1982"
14 Bhadarvo 2038,"Sep 02, 1982"
15 Bhadarvo 2038,"Sep 03, 1982"
16 Bhadarvo 2038,"Sep 04, 1982"
17 Bhadarvo 2038,"Sep 05, 1982"
18 Bhadarvo 2038,"Sep 06, 1982"
19 Bhadarvo 2038,"Sep 07, 1982"
20 Bhadarvo 2038,"Sep 08, 1982"
21 Bhadarvo 2038,"Sep 09, 1982"
22 Bhadarvo 2038,"Sep 10, 1982"
23 Bhadarvo 2038,"Sep 11, 1982"
24 Bhadarvo 2038,"Sep 12, 1982"
25 Bhadarvo 2038,"Sep 13, 1982"
26 Bhadarvo 2038,"Sep 14, 1982"
27 Bhadarvo 2038,"Sep 15, 1982"
28 Bhadarvo 2038,"Sep 16, 1982"
29 Bhadarvo 2038,"Sep 17, 1982"
1 Aaso_Adhik 2038,"Sep 18, 1982"
2 Aaso_Adhik 2038,"Sep 19, 1982"
3 Aaso_Adhik 2038,"Sep 20, 1982"
4 Aaso_Adhik 2038,"Sep 21, 1982"
5 Aaso_Adhik 2038,"Sep 22, 1982"
6 Aaso_Adhik 2038,"Sep 23, 1982"
7 Aaso_Adhik 2038,"Sep 24, 1982"
8 Aaso_Adhik 2038,"Sep 25, 1982"
9 Aaso_Adhik 2038,"Sep 26, 1982"
10 Aaso_Adhik 2038,"Sep 27, 1982"
11 Aaso_Adhik 2038,"Sep 28, 1982"
12 Aaso_Adhik 2038,"Sep 29, 1982"
13 Aaso_Adhik 2038,"Sep 30, 1982"
14 Aaso_Adhik 2038,"Oct 01, 1982"
15 Aaso_Adhik 2038,"Oct 02, 1982"
16 Aaso_Adhik 2038,"Oct 03, 1982"
17 Aaso_Adhik 2038,"Oct 04, 1982"
18 Aaso_Adhik 2038,"Oct 05, 1982"
19 Aaso_Adhik 2038,"Oct 06, 1982"
20 Aaso_Adhik 2038,"Oct 07, 1982"
21 Aaso_Adhik 2038,"Oct 08, 1982"
22 Aaso_Adhik 2038,"Oct 09, 1982"
23 Aaso_Adhik 2038,"Oct 10, 1982"
24 Aaso_Adhik 2038,"Oct 11, 1982"
25 Aaso_Adhik 2038,"Oct 12, 1982"
26 Aaso_Adhik 2038,"Oct 13, 1982"
27 Aaso_Adhik 2038,"Oct 14, 1982"
28 Aaso_Adhik 2038,"Oct 15, 1982"
29 Aaso_Adhik 2038,"Oct 16, 1982"
1 Aaso 2038,"Oct 17, 1982"
2 Aaso 2038,"Oct 18, 1982"
3 Aaso 2038,"Oct 19, 1982"
4 Aaso 2038,"Oct 20, 1982"
5 Aaso 2038,"Oct 21, 1982"
6 Aaso 2038,"Oct 22, 1982"
7 Aaso 2038,"Oct 23, 1982"
8 Aaso 2038,"Oct 24, 1982"
9 Aaso 2038,"Oct 25, 1982"
10 Aaso 2038,"Oct 26, 1982"
11 Aaso 2038,"Oct 27, 1982"
12 Aaso 2038,"Oct 28, 1982"
13 Aaso 2038,"Oct 29, 1982"
14 Aaso 2038,"Oct 30, 1982"
15 Aaso 2038,"Oct 31, 1982"
16 Aaso 2038,"Nov 01, 1982"
17 Aaso 2038,"Nov 02, 1982"
18 Aaso 2038,"Nov 03, 1982"
19 Aaso 2038,"Nov 04, 1982"
20 Aaso 2038,"Nov 05, 1982"
21 Aaso 2038,"Nov 06, 1982"
22 Aaso 2038,"Nov 07, 1982"
23 Aaso 2038,"Nov 08, 1982"
24 Aaso 2038,"Nov 09, 1982"
25 Aaso 2038,"Nov 10, 1982"
26 Aaso 2038,"Nov 11, 1982"
27 Aaso 2038,"Nov 12, 1982"
28 Aaso 2038,"Nov 13, 1982"
29 Aaso 2038,"Nov 14, 1982"
30 Aaso 2038,"Nov 15, 1982"
1 Kartak 2038,"Nov 16, 1982"
2 Kartak 2038,"Nov 17, 1982"
3 Kartak 2038,"Nov 18, 1982"
4 Kartak 2038,"Nov 19, 1982"
5 Kartak 2038,"Nov 20, 1982"
6 Kartak 2038,"Nov 21, 1982"
7 Kartak 2038,"Nov 22, 1982"
8 Kartak 2038,"Nov 23, 1982"
9 Kartak 2038,"Nov 24, 1982"
10 Kartak 2038,"Nov 25, 1982"
11 Kartak 2038,"Nov 26, 1982"
12 Kartak 2038,"Nov 27, 1982"
13 Kartak 2038,"Nov 28, 1982"
14 Kartak 2038,"Nov 29, 1982"
15 Kartak 2038,"Nov 30, 1982"
16 Kartak 2038,"Dec 01, 1982"
17 Kartak 2038,"Dec 02, 1982"
18 Kartak 2038,"Dec 03, 1982"
19 Kartak 2038,"Dec 04, 1982"
20 Kartak 2038,"Dec 05, 1982"
21 Kartak 2038,"Dec 06, 1982"
22 Kartak 2038,"Dec 07, 1982"
23 Kartak 2038,"Dec 08, 1982"
24 Kartak 2038,"Dec 09, 1982"
25 Kartak 2038,"Dec 10, 1982"
26 Kartak 2038,"Dec 11, 1982"
27 Kartak 2038,"Dec 12, 1982"
28 Kartak 2038,"Dec 13, 1982"
29 Kartak 2038,"Dec 14, 1982"
30 Kartak 2038,"Dec 15, 1982"
1 Magasar 2038,"Dec 16, 1982"
2 Magasar 2038,"Dec 17, 1982"
3 Magasar 2038,"Dec 18, 1982"
4 Magasar 2038,"Dec 19, 1982"
5 Magasar 2038,"Dec 20, 1982"
6 Magasar 2038,"Dec 21, 1982"
7 Magasar 2038,"Dec 22, 1982"
8 Magasar 2038,"Dec 23, 1982"
9 Magasar 2038,"Dec 24, 1982"
10 Magasar 2038,"Dec 25, 1982"
11 Magasar 2038,"Dec 26, 1982"
12 Magasar 2038,"Dec 27, 1982"
13 Magasar 2038,"Dec 28, 1982"
14 Magasar 2038,"Dec 29, 1982"
15 Magasar 2038,"Dec 30, 1982"
16 Magasar 2038,"Dec 31, 1982"
17 Magasar 2038,"Jan 01, 1983"
18 Magasar 2038,"Jan 02, 1983"
19 Magasar 2038,"Jan 03, 1983"
20 Magasar 2038,"Jan 04, 1983"
21 Magasar 2038,"Jan 05, 1983"
22 Magasar 2038,"Jan 06, 1983"
23 Magasar 2038,"Jan 07, 1983"
24 Magasar 2038,"Jan 08, 1983"
25 Magasar 2038,"Jan 09, 1983"
26 Magasar 2038,"Jan 10, 1983"
27 Magasar 2038,"Jan 11, 1983"
28 Magasar 2038,"Jan 12, 1983"
29 Magasar 2038,"Jan 13, 1983"
30 Magasar 2038,"Jan 14, 1983"
1 Posh 2039,"Jan 15, 1983"
2 Posh 2039,"Jan 16, 1983"
3 Posh 2039,"Jan 17, 1983"
4 Posh 2039,"Jan 18, 1983"
5 Posh 2039,"Jan 19, 1983"
6 Posh 2039,"Jan 20, 1983"
7 Posh 2039,"Jan 21, 1983"
8 Posh 2039,"Jan 22, 1983"
9 Posh 2039,"Jan 23, 1983"
10 Posh 2039,"Jan 24, 1983"
11 Posh 2039,"Jan 25, 1983"
12 Posh 2039,"Jan 26, 1983"
13 Posh 2039,"Jan 27, 1983"
14 Posh 2039,"Jan 28, 1983"
15 Posh 2039,"Jan 29, 1983"
16 Posh 2039,"Jan 30, 1983"
17 Posh 2039,"Jan 31, 1983"
18 Posh 2039,"Feb 01, 1983"
19 Posh 2039,"Feb 02, 1983"
20 Posh 2039,"Feb 03, 1983"
21 Posh 2039,"Feb 04, 1983"
22 Posh 2039,"Feb 05, 1983"
23 Posh 2039,"Feb 06, 1983"
24 Posh 2039,"Feb 07, 1983"
25 Posh 2039,"Feb 08, 1983"
26 Posh 2039,"Feb 09, 1983"
27 Posh 2039,"Feb 10, 1983"
28 Posh 2039,"Feb 11, 1983"
29 Posh 2039,"Feb 12, 1983"
1 Phaguna_Adhik 2039,"Feb 13, 1983"
2 Phaguna_Adhik 2039,"Feb 14, 1983"
3 Phaguna_Adhik 2039,"Feb 15, 1983"
4 Phaguna_Adhik 2039,"Feb 16, 1983"
5 Phaguna_Adhik 2039,"Feb 17, 1983"
6 Phaguna_Adhik 2039,"Feb 18, 1983"
7 Phaguna_Adhik 2039,"Feb 19, 1983"
8 Phaguna_Adhik 2039,"Feb 20, 1983"
9 Phaguna_Adhik 2039,"Feb 21, 1983"
10 Phaguna_Adhik 2039,"Feb 22, 1983"
11 Phaguna_Adhik 2039,"Feb 23, 1983"
12 Phaguna_Adhik 2039,"Feb 24, 1983"
13 Phaguna_Adhik 2039,"Feb 25, 1983"
14 Phaguna_Adhik 2039,"Feb 26, 1983"
15 Phaguna_Adhik 2039,"Feb 27, 1983"
16 Phaguna_Adhik 2039,"Feb 28, 1983"
17 Phaguna_Adhik 2039,"Mar 01, 1983"
18 Phaguna_Adhik 2039,"Mar 02, 1983"
19 Phaguna_Adhik 2039,"Mar 03, 1983"
20 Phaguna_Adhik 2039,"Mar 04, 1983"
21 Phaguna_Adhik 2039,"Mar 05, 1983"
22 Phaguna_Adhik 2039,"Mar 06, 1983"
23 Phaguna_Adhik 2039,"Mar 07, 1983"
24 Phaguna_Adhik 2039,"Mar 08, 1983"
25 Phaguna_Adhik 2039,"Mar 09, 1983"
26 Phaguna_Adhik 2039,"Mar 10, 1983"
27 Phaguna_Adhik 2039,"Mar 11, 1983"
28 Phaguna_Adhik 2039,"Mar 12, 1983"
29 Phaguna_Adhik 2039,"Mar 13, 1983"
30 Phaguna_Adhik 2039,"Mar 14, 1983"
1 Phaguna 2039,"Mar 15, 1983"
2 Phaguna 2039,"Mar 16, 1983"
3 Phaguna 2039,"Mar 17, 1983"
4 Phaguna 2039,"Mar 18, 1983"
5 Phaguna 2039,"Mar 19, 1983"
6 Phaguna 2039,"Mar 20, 1983"
7 Phaguna 2039,"Mar 21, 1983"
8 Phaguna 2039,"Mar 22, 1983"
9 Phaguna 2039,"Mar 23, 1983"
10 Phaguna 2039,"Mar 24, 1983"
11 Phaguna 2039,"Mar 25, 1983"
12 Phaguna 2039,"Mar 26, 1983"
13 Phaguna 2039,"Mar 27, 1983"
14 Phaguna 2039,"Mar 28, 1983"
15 Phaguna 2039,"Mar 29, 1983"
16 Phaguna 2039,"Mar 30, 1983"
17 Phaguna 2039,"Mar 31, 1983"
18 Phaguna 2039,"Apr 01, 1983"
19 Phaguna 2039,"Apr 02, 1983"
20 Phaguna 2039,"Apr 03, 1983"
21 Phaguna 2039,"Apr 04, 1983"
22 Phaguna 2039,"Apr 05, 1983"
23 Phaguna 2039,"Apr 06, 1983"
24 Phaguna 2039,"Apr 07, 1983"
25 Phaguna 2039,"Apr 08, 1983"
26 Phaguna 2039,"Apr 09, 1983"
27 Phaguna 2039,"Apr 10, 1983"
28 Phaguna 2039,"Apr 11, 1983"
29 Phaguna 2039,"Apr 12, 1983"
30 Phaguna 2039,"Apr 13, 1983"
1 Chaitra 2039,"Apr 14, 1983"
2 Chaitra 2039,"Apr 15, 1983"
3 Chaitra 2039,"Apr 16, 1983"
4 Chaitra 2039,"Apr 17, 1983"
5 Chaitra 2039,"Apr 18, 1983"
6 Chaitra 2039,"Apr 19, 1983"
7 Chaitra 2039,"Apr 20, 1983"
8 Chaitra 2039,"Apr 21, 1983"
9 Chaitra 2039,"Apr 22, 1983"
10 Chaitra 2039,"Apr 23, 1983"
11 Chaitra 2039,"Apr 24, 1983"
12 Chaitra 2039,"Apr 25, 1983"
13 Chaitra 2039,"Apr 26, 1983"
14 Chaitra 2039,"Apr 27, 1983"
15 Chaitra 2039,"Apr 28, 1983"
16 Chaitra 2039,"Apr 29, 1983"
17 Chaitra 2039,"Apr 30, 1983"
18 Chaitra 2039,"May 01, 1983"
19 Chaitra 2039,"May 02, 1983"
20 Chaitra 2039,"May 03, 1983"
21 Chaitra 2039,"May 04, 1983"
22 Chaitra 2039,"May 05, 1983"
23 Chaitra 2039,"May 06, 1983"
24 Chaitra 2039,"May 07, 1983"
25 Chaitra 2039,"May 08, 1983"
26 Chaitra 2039,"May 09, 1983"
27 Chaitra 2039,"May 10, 1983"
28 Chaitra 2039,"May 11, 1983"
29 Chaitra 2039,"May 12, 1983"
1 Vaishakha 2039,"May 13, 1983"
2 Vaishakha 2039,"May 14, 1983"
3 Vaishakha 2039,"May 15, 1983"
4 Vaishakha 2039,"May 16, 1983"
5 Vaishakha 2039,"May 17, 1983"
6 Vaishakha 2039,"May 18, 1983"
7 Vaishakha 2039,"May 19, 1983"
8 Vaishakha 2039,"May 20, 1983"
9 Vaishakha 2039,"May 21, 1983"
10 Vaishakha 2039,"May 22, 1983"
11 Vaishakha 2039,"May 23, 1983"
12 Vaishakha 2039,"May 24, 1983"
13 Vaishakha 2039,"May 25, 1983"
14 Vaishakha 2039,"May 26, 1983"
15 Vaishakha 2039,"May 27, 1983"
16 Vaishakha 2039,"May 28, 1983"
17 Vaishakha 2039,"May 29, 1983"
18 Vaishakha 2039,"May 30, 1983"
19 Vaishakha 2039,"May 31, 1983"
20 Vaishakha 2039,"Jun 01, 1983"
21 Vaishakha 2039,"Jun 02, 1983"
22 Vaishakha 2039,"Jun 03, 1983"
23 Vaishakha 2039,"Jun 04, 1983"
24 Vaishakha 2039,"Jun 05, 1983"
25 Vaishakha 2039,"Jun 06, 1983"
26 Vaishakha 2039,"Jun 07, 1983"
27 Vaishakha 2039,"Jun 08, 1983"
28 Vaishakha 2039,"Jun 09, 1983"
29 Vaishakha 2039,"Jun 10, 1983"
30 Vaishakha 2039,"Jun 11, 1983"
1 Jyeshta 2039,"Jun 12, 1983"
2 Jyeshta 2039,"Jun 13, 1983"
3 Jyeshta 2039,"Jun 14, 1983"
4 Jyeshta 2039,"Jun 15, 1983"
5 Jyeshta 2039,"Jun 16, 1983"
6 Jyeshta 2039,"Jun 17, 1983"
7 Jyeshta 2039,"Jun 18, 1983"
8 Jyeshta 2039,"Jun 19, 1983"
9 Jyeshta 2039,"Jun 20, 1983"
10 Jyeshta 2039,"Jun 21, 1983"
11 Jyeshta 2039,"Jun 22, 1983"
12 Jyeshta 2039,"Jun 23, 1983"
13 Jyeshta 2039,"Jun 24, 1983"
14 Jyeshta 2039,"Jun 25, 1983"
15 Jyeshta 2039,"Jun 26, 1983"
16 Jyeshta 2039,"Jun 27, 1983"
17 Jyeshta 2039,"Jun 28, 1983"
18 Jyeshta 2039,"Jun 29, 1983"
19 Jyeshta 2039,"Jun 30, 1983"
20 Jyeshta 2039,"Jul 01, 1983"
21 Jyeshta 2039,"Jul 02, 1983"
22 Jyeshta 2039,"Jul 03, 1983"
23 Jyeshta 2039,"Jul 04, 1983"
24 Jyeshta 2039,"Jul 05, 1983"
25 Jyeshta 2039,"Jul 06, 1983"
26 Jyeshta 2039,"Jul 07, 1983"
27 Jyeshta 2039,"Jul 08, 1983"
28 Jyeshta 2039,"Jul 09, 1983"
29 Jyeshta 2039,"Jul 10, 1983"
1 Ashadha 2039,"Jul 11, 1983"
2 Ashadha 2039,"Jul 12, 1983"
3 Ashadha 2039,"Jul 13, 1983"
4 Ashadha 2039,"Jul 14, 1983"
5 Ashadha 2039,"Jul 15, 1983"
6 Ashadha 2039,"Jul 16, 1983"
7 Ashadha 2039,"Jul 17, 1983"
8 Ashadha 2039,"Jul 18, 1983"
9 Ashadha 2039,"Jul 19, 1983"
10 Ashadha 2039,"Jul 20, 1983"
11 Ashadha 2039,"Jul 21, 1983"
12 Ashadha 2039,"Jul 22, 1983"
13 Ashadha 2039,"Jul 23, 1983"
14 Ashadha 2039,"Jul 24, 1983"
15 Ashadha 2039,"Jul 25, 1983"
16 Ashadha 2039,"Jul 26, 1983"
17 Ashadha 2039,"Jul 27, 1983"
18 Ashadha 2039,"Jul 28, 1983"
19 Ashadha 2039,"Jul 29, 1983"
20 Ashadha 2039,"Jul 30, 1983"
21 Ashadha 2039,"Jul 31, 1983"
22 Ashadha 2039,"Aug 01, 1983"
23 Ashadha 2039,"Aug 02, 1983"
24 Ashadha 2039,"Aug 03, 1983"
25 Ashadha 2039,"Aug 04, 1983"
26 Ashadha 2039,"Aug 05, 1983"
27 Ashadha 2039,"Aug 06, 1983"
28 Ashadha 2039,"Aug 07, 1983"
29 Ashadha 2039,"Aug 08, 1983"
1 Shravana 2039,"Aug 09, 1983"
2 Shravana 2039,"Aug 10, 1983"
3 Shravana 2039,"Aug 11, 1983"
4 Shravana 2039,"Aug 12, 1983"
5 Shravana 2039,"Aug 13, 1983"
6 Shravana 2039,"Aug 14, 1983"
7 Shravana 2039,"Aug 15, 1983"
8 Shravana 2039,"Aug 16, 1983"
9 Shravana 2039,"Aug 17, 1983"
10 Shravana 2039,"Aug 18, 1983"
11 Shravana 2039,"Aug 19, 1983"
12 Shravana 2039,"Aug 20, 1983"
13 Shravana 2039,"Aug 21, 1983"
14 Shravana 2039,"Aug 22, 1983"
15 Shravana 2039,"Aug 23, 1983"
16 Shravana 2039,"Aug 24, 1983"
17 Shravana 2039,"Aug 25, 1983"
18 Shravana 2039,"Aug 26, 1983"
19 Shravana 2039,"Aug 27, 1983"
20 Shravana 2039,"Aug 28, 1983"
21 Shravana 2039,"Aug 29, 1983"
22 Shravana 2039,"Aug 30, 1983"
23 Shravana 2039,"Aug 31, 1983"
24 Shravana 2039,"Sep 01, 1983"
25 Shravana 2039,"Sep 02, 1983"
26 Shravana 2039,"Sep 03, 1983"
27 Shravana 2039,"Sep 04, 1983"
28 Shravana 2039,"Sep 05, 1983"
29 Shravana 2039,"Sep 06, 1983"
30 Shravana 2039,"Sep 07, 1983"
1 Bhadarvo 2039,"Sep 08, 1983"
2 Bhadarvo 2039,"Sep 09, 1983"
3 Bhadarvo 2039,"Sep 10, 1983"
4 Bhadarvo 2039,"Sep 11, 1983"
5 Bhadarvo 2039,"Sep 12, 1983"
6 Bhadarvo 2039,"Sep 13, 1983"
7 Bhadarvo 2039,"Sep 14, 1983"
8 Bhadarvo 2039,"Sep 15, 1983"
9 Bhadarvo 2039,"Sep 16, 1983"
10 Bhadarvo 2039,"Sep 17, 1983"
11 Bhadarvo 2039,"Sep 18, 1983"
12 Bhadarvo 2039,"Sep 19, 1983"
13 Bhadarvo 2039,"Sep 20, 1983"
14 Bhadarvo 2039,"Sep 21, 1983"
15 Bhadarvo 2039,"Sep 22, 1983"
16 Bhadarvo 2039,"Sep 23, 1983"
17 Bhadarvo 2039,"Sep 24, 1983"
18 Bhadarvo 2039,"Sep 25, 1983"
19 Bhadarvo 2039,"Sep 26, 1983"
20 Bhadarvo 2039,"Sep 27, 1983"
21 Bhadarvo 2039,"Sep 28, 1983"
22 Bhadarvo 2039,"Sep 29, 1983"
23 Bhadarvo 2039,"Sep 30, 1983"
24 Bhadarvo 2039,"Oct 01, 1983"
25 Bhadarvo 2039,"Oct 02, 1983"
26 Bhadarvo 2039,"Oct 03, 1983"
27 Bhadarvo 2039,"Oct 04, 1983"
28 Bhadarvo 2039,"Oct 05, 1983"
29 Bhadarvo 2039,"Oct 06, 1983"
1 Aaso 2039,"Oct 07, 1983"
2 Aaso 2039,"Oct 08, 1983"
3 Aaso 2039,"Oct 09, 1983"
4 Aaso 2039,"Oct 10, 1983"
5 Aaso 2039,"Oct 11, 1983"
6 Aaso 2039,"Oct 12, 1983"
7 Aaso 2039,"Oct 13, 1983"
8 Aaso 2039,"Oct 14, 1983"
9 Aaso 2039,"Oct 15, 1983"
10 Aaso 2039,"Oct 16, 1983"
11 Aaso 2039,"Oct 17, 1983"
12 Aaso 2039,"Oct 18, 1983"
13 Aaso 2039,"Oct 19, 1983"
14 Aaso 2039,"Oct 20, 1983"
15 Aaso 2039,"Oct 21, 1983"
16 Aaso 2039,"Oct 22, 1983"
17 Aaso 2039,"Oct 23, 1983"
18 Aaso 2039,"Oct 24, 1983"
19 Aaso 2039,"Oct 25, 1983"
20 Aaso 2039,"Oct 26, 1983"
21 Aaso 2039,"Oct 27, 1983"
22 Aaso 2039,"Oct 28, 1983"
23 Aaso 2039,"Oct 29, 1983"
24 Aaso 2039,"Oct 30, 1983"
25 Aaso 2039,"Oct 31, 1983"
26 Aaso 2039,"Nov 01, 1983"
27 Aaso 2039,"Nov 02, 1983"
28 Aaso 2039,"Nov 03, 1983"
29 Aaso 2039,"Nov 04, 1983"
1 Kartak 2039,"Nov 05, 1983"
2 Kartak 2039,"Nov 06, 1983"
3 Kartak 2039,"Nov 07, 1983"
4 Kartak 2039,"Nov 08, 1983"
5 Kartak 2039,"Nov 09, 1983"
6 Kartak 2039,"Nov 10, 1983"
7 Kartak 2039,"Nov 11, 1983"
8 Kartak 2039,"Nov 12, 1983"
9 Kartak 2039,"Nov 13, 1983"
10 Kartak 2039,"Nov 14, 1983"
11 Kartak 2039,"Nov 15, 1983"
12 Kartak 2039,"Nov 16, 1983"
13 Kartak 2039,"Nov 17, 1983"
14 Kartak 2039,"Nov 18, 1983"
15 Kartak 2039,"Nov 19, 1983"
16 Kartak 2039,"Nov 20, 1983"
17 Kartak 2039,"Nov 21, 1983"
18 Kartak 2039,"Nov 22, 1983"
19 Kartak 2039,"Nov 23, 1983"
20 Kartak 2039,"Nov 24, 1983"
21 Kartak 2039,"Nov 25, 1983"
22 Kartak 2039,"Nov 26, 1983"
23 Kartak 2039,"Nov 27, 1983"
24 Kartak 2039,"Nov 28, 1983"
25 Kartak 2039,"Nov 29, 1983"
26 Kartak 2039,"Nov 30, 1983"
27 Kartak 2039,"Dec 01, 1983"
28 Kartak 2039,"Dec 02, 1983"
29 Kartak 2039,"Dec 03, 1983"
30 Kartak 2039,"Dec 04, 1983"
1 Magasar 2039,"Dec 05, 1983"
2 Magasar 2039,"Dec 06, 1983"
3 Magasar 2039,"Dec 07, 1983"
4 Magasar 2039,"Dec 08, 1983"
5 Magasar 2039,"Dec 09, 1983"
6 Magasar 2039,"Dec 10, 1983"
7 Magasar 2039,"Dec 11, 1983"
8 Magasar 2039,"Dec 12, 1983"
9 Magasar 2039,"Dec 13, 1983"
10 Magasar 2039,"Dec 14, 1983"
11 Magasar 2039,"Dec 15, 1983"
12 Magasar 2039,"Dec 16, 1983"
13 Magasar 2039,"Dec 17, 1983"
14 Magasar 2039,"Dec 18, 1983"
15 Magasar 2039,"Dec 19, 1983"
16 Magasar 2039,"Dec 20, 1983"
17 Magasar 2039,"Dec 21, 1983"
18 Magasar 2039,"Dec 22, 1983"
19 Magasar 2039,"Dec 23, 1983"
20 Magasar 2039,"Dec 24, 1983"
21 Magasar 2039,"Dec 25, 1983"
22 Magasar 2039,"Dec 26, 1983"
23 Magasar 2039,"Dec 27, 1983"
24 Magasar 2039,"Dec 28, 1983"
25 Magasar 2039,"Dec 29, 1983"
26 Magasar 2039,"Dec 30, 1983"
27 Magasar 2039,"Dec 31, 1983"
28 Magasar 2039,"Jan 01, 1984"
29 Magasar 2039,"Jan 02, 1984"
30 Magasar 2039,"Jan 03, 1984"
1 Posh 2039,"Jan 04, 1984"
2 Posh 2039,"Jan 05, 1984"
3 Posh 2039,"Jan 06, 1984"
4 Posh 2039,"Jan 07, 1984"
5 Posh 2039,"Jan 08, 1984"
6 Posh 2039,"Jan 09, 1984"
7 Posh 2039,"Jan 10, 1984"
8 Posh 2039,"Jan 11, 1984"
9 Posh 2039,"Jan 12, 1984"
10 Posh 2039,"Jan 13, 1984"
11 Posh 2039,"Jan 14, 1984"
12 Posh 2039,"Jan 15, 1984"
13 Posh 2039,"Jan 16, 1984"
14 Posh 2039,"Jan 17, 1984"
15 Posh 2039,"Jan 18, 1984"
16 Posh 2039,"Jan 19, 1984"
17 Posh 2039,"Jan 20, 1984"
18 Posh 2039,"Jan 21, 1984"
19 Posh 2039,"Jan 22, 1984"
20 Posh 2039,"Jan 23, 1984"
21 Posh 2039,"Jan 24, 1984"
22 Posh 2039,"Jan 25, 1984"
23 Posh 2039,"Jan 26, 1984"
24 Posh 2039,"Jan 27, 1984"
25 Posh 2039,"Jan 28, 1984"
26 Posh 2039,"Jan 29, 1984"
27 Posh 2039,"Jan 30, 1984"
28 Posh 2039,"Jan 31, 1984"
29 Posh 2039,"Feb 01, 1984"
30 Posh 2039,"Feb 02, 1984"
1 Maha 2040,"Feb 03, 1984"
2 Maha 2040,"Feb 04, 1984"
3 Maha 2040,"Feb 05, 1984"
4 Maha 2040,"Feb 06, 1984"
5 Maha 2040,"Feb 07, 1984"
6 Maha 2040,"Feb 08, 1984"
7 Maha 2040,"Feb 09, 1984"
8 Maha 2040,"Feb 10, 1984"
9 Maha 2040,"Feb 11, 1984"
10 Maha 2040,"Feb 12, 1984"
11 Maha 2040,"Feb 13, 1984"
12 Maha 2040,"Feb 14, 1984"
13 Maha 2040,"Feb 15, 1984"
14 Maha 2040,"Feb 16, 1984"
15 Maha 2040,"Feb 17, 1984"
16 Maha 2040,"Feb 18, 1984"
17 Maha 2040,"Feb 19, 1984"
18 Maha 2040,"Feb 20, 1984"
19 Maha 2040,"Feb 21, 1984"
20 Maha 2040,"Feb 22, 1984"
21 Maha 2040,"Feb 23, 1984"
22 Maha 2040,"Feb 24, 1984"
23 Maha 2040,"Feb 25, 1984"
24 Maha 2040,"Feb 26, 1984"
25 Maha 2040,"Feb 27, 1984"
26 Maha 2040,"Feb 28, 1984"
27 Maha 2040,"Feb 29, 1984"
28 Maha 2040,"Mar 01, 1984"
29 Maha 2040,"Mar 02, 1984"
1 Phaguna 2040,"Mar 03, 1984"
2 Phaguna 2040,"Mar 04, 1984"
3 Phaguna 2040,"Mar 05, 1984"
4 Phaguna 2040,"Mar 06, 1984"
5 Phaguna 2040,"Mar 07, 1984"
6 Phaguna 2040,"Mar 08, 1984"
7 Phaguna 2040,"Mar 09, 1984"
8 Phaguna 2040,"Mar 10, 1984"
9 Phaguna 2040,"Mar 11, 1984"
10 Phaguna 2040,"Mar 12, 1984"
11 Phaguna 2040,"Mar 13, 1984"
12 Phaguna 2040,"Mar 14, 1984"
13 Phaguna 2040,"Mar 15, 1984"
14 Phaguna 2040,"Mar 16, 1984"
15 Phaguna 2040,"Mar 17, 1984"
16 Phaguna 2040,"Mar 18, 1984"
17 Phaguna 2040,"Mar 19, 1984"
18 Phaguna 2040,"Mar 20, 1984"
19 Phaguna 2040,"Mar 21, 1984"
20 Phaguna 2040,"Mar 22, 1984"
21 Phaguna 2040,"Mar 23, 1984"
22 Phaguna 2040,"Mar 24, 1984"
23 Phaguna 2040,"Mar 25, 1984"
24 Phaguna 2040,"Mar 26, 1984"
25 Phaguna 2040,"Mar 27, 1984"
26 Phaguna 2040,"Mar 28, 1984"
27 Phaguna 2040,"Mar 29, 1984"
28 Phaguna 2040,"Mar 30, 1984"
29 Phaguna 2040,"Mar 31, 1984"
30 Phaguna 2040,"Apr 01, 1984"
1 Chaitra 2040,"Apr 02, 1984"
2 Chaitra 2040,"Apr 03, 1984"
3 Chaitra 2040,"Apr 04, 1984"
4 Chaitra 2040,"Apr 05, 1984"
5 Chaitra 2040,"Apr 06, 1984"
6 Chaitra 2040,"Apr 07, 1984"
7 Chaitra 2040,"Apr 08, 1984"
8 Chaitra 2040,"Apr 09, 1984"
9 Chaitra 2040,"Apr 10, 1984"
10 Chaitra 2040,"Apr 11, 1984"
11 Chaitra 2040,"Apr 12, 1984"
12 Chaitra 2040,"Apr 13, 1984"
13 Chaitra 2040,"Apr 14, 1984"
14 Chaitra 2040,"Apr 15, 1984"
15 Chaitra 2040,"Apr 16, 1984"
16 Chaitra 2040,"Apr 17, 1984"
17 Chaitra 2040,"Apr 18, 1984"
18 Chaitra 2040,"Apr 19, 1984"
19 Chaitra 2040,"Apr 20, 1984"
20 Chaitra 2040,"Apr 21, 1984"
21 Chaitra 2040,"Apr 22, 1984"
22 Chaitra 2040,"Apr 23, 1984"
23 Chaitra 2040,"Apr 24, 1984"
24 Chaitra 2040,"Apr 25, 1984"
25 Chaitra 2040,"Apr 26, 1984"
26 Chaitra 2040,"Apr 27, 1984"
27 Chaitra 2040,"Apr 28, 1984"
28 Chaitra 2040,"Apr 29, 1984"
29 Chaitra 2040,"Apr 30, 1984"
30 Chaitra 2040,"May 01, 1984"
1 Vaishakha 2040,"May 02, 1984"
2 Vaishakha 2040,"May 03, 1984"
3 Vaishakha 2040,"May 04, 1984"
4 Vaishakha 2040,"May 05, 1984"
5 Vaishakha 2040,"May 06, 1984"
6 Vaishakha 2040,"May 07, 1984"
7 Vaishakha 2040,"May 08, 1984"
8 Vaishakha 2040,"May 09, 1984"
9 Vaishakha 2040,"May 10, 1984"
10 Vaishakha 2040,"May 11, 1984"
11 Vaishakha 2040,"May 12, 1984"
12 Vaishakha 2040,"May 13, 1984"
13 Vaishakha 2040,"May 14, 1984"
14 Vaishakha 2040,"May 15, 1984"
15 Vaishakha 2040,"May 16, 1984"
16 Vaishakha 2040,"May 17, 1984"
17 Vaishakha 2040,"May 18, 1984"
18 Vaishakha 2040,"May 19, 1984"
19 Vaishakha 2040,"May 20, 1984"
20 Vaishakha 2040,"May 21, 1984"
21 Vaishakha 2040,"May 22, 1984"
22 Vaishakha 2040,"May 23, 1984"
23 Vaishakha 2040,"May 24, 1984"
24 Vaishakha 2040,"May 25, 1984"
25 Vaishakha 2040,"May 26, 1984"
26 Vaishakha 2040,"May 27, 1984"
27 Vaishakha 2040,"May 28, 1984"
28 Vaishakha 2040,"May 29, 1984"
29 Vaishakha 2040,"May 30, 1984"
1 Jyeshta 2040,"May 31, 1984"
2 Jyeshta 2040,"Jun 01, 1984"
3 Jyeshta 2040,"Jun 02, 1984"
4 Jyeshta 2040,"Jun 03, 1984"
5 Jyeshta 2040,"Jun 04, 1984"
6 Jyeshta 2040,"Jun 05, 1984"
7 Jyeshta 2040,"Jun 06, 1984"
8 Jyeshta 2040,"Jun 07, 1984"
9 Jyeshta 2040,"Jun 08, 1984"
10 Jyeshta 2040,"Jun 09, 1984"
11 Jyeshta 2040,"Jun 10, 1984"
12 Jyeshta 2040,"Jun 11, 1984"
13 Jyeshta 2040,"Jun 12, 1984"
14 Jyeshta 2040,"Jun 13, 1984"
15 Jyeshta 2040,"Jun 14, 1984"
16 Jyeshta 2040,"Jun 15, 1984"
17 Jyeshta 2040,"Jun 16, 1984"
18 Jyeshta 2040,"Jun 17, 1984"
19 Jyeshta 2040,"Jun 18, 1984"
20 Jyeshta 2040,"Jun 19, 1984"
21 Jyeshta 2040,"Jun 20, 1984"
22 Jyeshta 2040,"Jun 21, 1984"
23 Jyeshta 2040,"Jun 22, 1984"
24 Jyeshta 2040,"Jun 23, 1984"
25 Jyeshta 2040,"Jun 24, 1984"
26 Jyeshta 2040,"Jun 25, 1984"
27 Jyeshta 2040,"Jun 26, 1984"
28 Jyeshta 2040,"Jun 27, 1984"
29 Jyeshta 2040,"Jun 28, 1984"
30 Jyeshta 2040,"Jun 29, 1984"
1 Ashadha 2040,"Jun 30, 1984"
2 Ashadha 2040,"Jul 01, 1984"
3 Ashadha 2040,"Jul 02, 1984"
4 Ashadha 2040,"Jul 03, 1984"
5 Ashadha 2040,"Jul 04, 1984"
6 Ashadha 2040,"Jul 05, 1984"
7 Ashadha 2040,"Jul 06, 1984"
8 Ashadha 2040,"Jul 07, 1984"
9 Ashadha 2040,"Jul 08, 1984"
10 Ashadha 2040,"Jul 09, 1984"
11 Ashadha 2040,"Jul 10, 1984"
12 Ashadha 2040,"Jul 11, 1984"
13 Ashadha 2040,"Jul 12, 1984"
14 Ashadha 2040,"Jul 13, 1984"
15 Ashadha 2040,"Jul 14, 1984"
16 Ashadha 2040,"Jul 15, 1984"
17 Ashadha 2040,"Jul 16, 1984"
18 Ashadha 2040,"Jul 17, 1984"
19 Ashadha 2040,"Jul 18, 1984"
20 Ashadha 2040,"Jul 19, 1984"
21 Ashadha 2040,"Jul 20, 1984"
22 Ashadha 2040,"Jul 21, 1984"
23 Ashadha 2040,"Jul 22, 1984"
24 Ashadha 2040,"Jul 23, 1984"
25 Ashadha 2040,"Jul 24, 1984"
26 Ashadha 2040,"Jul 25, 1984"
27 Ashadha 2040,"Jul 26, 1984"
28 Ashadha 2040,"Jul 27, 1984"
29 Ashadha 2040,"Jul 28, 1984"
1 Shravana 2040,"Jul 29, 1984"
2 Shravana 2040,"Jul 30, 1984"
3 Shravana 2040,"Jul 31, 1984"
4 Shravana 2040,"Aug 01, 1984"
5 Shravana 2040,"Aug 02, 1984"
6 Shravana 2040,"Aug 03, 1984"
7 Shravana 2040,"Aug 04, 1984"
8 Shravana 2040,"Aug 05, 1984"
9 Shravana 2040,"Aug 06, 1984"
10 Shravana 2040,"Aug 07, 1984"
11 Shravana 2040,"Aug 08, 1984"
12 Shravana 2040,"Aug 09, 1984"
13 Shravana 2040,"Aug 10, 1984"
14 Shravana 2040,"Aug 11, 1984"
15 Shravana 2040,"Aug 12, 1984"
16 Shravana 2040,"Aug 13, 1984"
17 Shravana 2040,"Aug 14, 1984"
18 Shravana 2040,"Aug 15, 1984"
19 Shravana 2040,"Aug 16, 1984"
20 Shravana 2040,"Aug 17, 1984"
21 Shravana 2040,"Aug 18, 1984"
22 Shravana 2040,"Aug 19, 1984"
23 Shravana 2040,"Aug 20, 1984"
24 Shravana 2040,"Aug 21, 1984"
25 Shravana 2040,"Aug 22, 1984"
26 Shravana 2040,"Aug 23, 1984"
27 Shravana 2040,"Aug 24, 1984"
28 Shravana 2040,"Aug 25, 1984"
29 Shravana 2040,"Aug 26, 1984"
1 Bhadarvo 2040,"Aug 27, 1984"
2 Bhadarvo 2040,"Aug 28, 1984"
3 Bhadarvo 2040,"Aug 29, 1984"
4 Bhadarvo 2040,"Aug 30, 1984"
5 Bhadarvo 2040,"Aug 31, 1984"
6 Bhadarvo 2040,"Sep 01, 1984"
7 Bhadarvo 2040,"Sep 02, 1984"
8 Bhadarvo 2040,"Sep 03, 1984"
9 Bhadarvo 2040,"Sep 04, 1984"
10 Bhadarvo 2040,"Sep 05, 1984"
11 Bhadarvo 2040,"Sep 06, 1984"
12 Bhadarvo 2040,"Sep 07, 1984"
13 Bhadarvo 2040,"Sep 08, 1984"
14 Bhadarvo 2040,"Sep 09, 1984"
15 Bhadarvo 2040,"Sep 10, 1984"
16 Bhadarvo 2040,"Sep 11, 1984"
17 Bhadarvo 2040,"Sep 12, 1984"
18 Bhadarvo 2040,"Sep 13, 1984"
19 Bhadarvo 2040,"Sep 14, 1984"
20 Bhadarvo 2040,"Sep 15, 1984"
21 Bhadarvo 2040,"Sep 16, 1984"
22 Bhadarvo 2040,"Sep 17, 1984"
23 Bhadarvo 2040,"Sep 18, 1984"
24 Bhadarvo 2040,"Sep 19, 1984"
25 Bhadarvo 2040,"Sep 20, 1984"
26 Bhadarvo 2040,"Sep 21, 1984"
27 Bhadarvo 2040,"Sep 22, 1984"
28 Bhadarvo 2040,"Sep 23, 1984"
29 Bhadarvo 2040,"Sep 24, 1984"
30 Bhadarvo 2040,"Sep 25, 1984"
1 Aaso 2040,"Sep 26, 1984"
2 Aaso 2040,"Sep 27, 1984"
3 Aaso 2040,"Sep 28, 1984"
4 Aaso 2040,"Sep 29, 1984"
5 Aaso 2040,"Sep 30, 1984"
6 Aaso 2040,"Oct 01, 1984"
7 Aaso 2040,"Oct 02, 1984"
8 Aaso 2040,"Oct 03, 1984"
9 Aaso 2040,"Oct 04, 1984"
10 Aaso 2040,"Oct 05, 1984"
11 Aaso 2040,"Oct 06, 1984"
12 Aaso 2040,"Oct 07, 1984"
13 Aaso 2040,"Oct 08, 1984"
14 Aaso 2040,"Oct 09, 1984"
15 Aaso 2040,"Oct 10, 1984"
16 Aaso 2040,"Oct 11, 1984"
17 Aaso 2040,"Oct 12, 1984"
18 Aaso 2040,"Oct 13, 1984"
19 Aaso 2040,"Oct 14, 1984"
20 Aaso 2040,"Oct 15, 1984"
21 Aaso 2040,"Oct 16, 1984"
22 Aaso 2040,"Oct 17, 1984"
23 Aaso 2040,"Oct 18, 1984"
24 Aaso 2040,"Oct 19, 1984"
25 Aaso 2040,"Oct 20, 1984"
26 Aaso 2040,"Oct 21, 1984"
27 Aaso 2040,"Oct 22, 1984"
28 Aaso 2040,"Oct 23, 1984"
29 Aaso 2040,"Oct 24, 1984"
1 Kartak 2040,"Oct 25, 1984"
2 Kartak 2040,"Oct 26, 1984"
3 Kartak 2040,"Oct 27, 1984"
4 Kartak 2040,"Oct 28, 1984"
5 Kartak 2040,"Oct 29, 1984"
6 Kartak 2040,"Oct 30, 1984"
7 Kartak 2040,"Oct 31, 1984"
8 Kartak 2040,"Nov 01, 1984"
9 Kartak 2040,"Nov 02, 1984"
10 Kartak 2040,"Nov 03, 1984"
11 Kartak 2040,"Nov 04, 1984"
12 Kartak 2040,"Nov 05, 1984"
13 Kartak 2040,"Nov 06, 1984"
14 Kartak 2040,"Nov 07, 1984"
15 Kartak 2040,"Nov 08, 1984"
16 Kartak 2040,"Nov 09, 1984"
17 Kartak 2040,"Nov 10, 1984"
18 Kartak 2040,"Nov 11, 1984"
19 Kartak 2040,"Nov 12, 1984"
20 Kartak 2040,"Nov 13, 1984"
21 Kartak 2040,"Nov 14, 1984"
22 Kartak 2040,"Nov 15, 1984"
23 Kartak 2040,"Nov 16, 1984"
24 Kartak 2040,"Nov 17, 1984"
25 Kartak 2040,"Nov 18, 1984"
26 Kartak 2040,"Nov 19, 1984"
27 Kartak 2040,"Nov 20, 1984"
28 Kartak 2040,"Nov 21, 1984"
29 Kartak 2040,"Nov 22, 1984"
1 Magasar 2040,"Nov 23, 1984"
2 Magasar 2040,"Nov 24, 1984"
3 Magasar 2040,"Nov 25, 1984"
4 Magasar 2040,"Nov 26, 1984"
5 Magasar 2040,"Nov 27, 1984"
6 Magasar 2040,"Nov 28, 1984"
7 Magasar 2040,"Nov 29, 1984"
8 Magasar 2040,"Nov 30, 1984"
9 Magasar 2040,"Dec 01, 1984"
10 Magasar 2040,"Dec 02, 1984"
11 Magasar 2040,"Dec 03, 1984"
12 Magasar 2040,"Dec 04, 1984"
13 Magasar 2040,"Dec 05, 1984"
14 Magasar 2040,"Dec 06, 1984"
15 Magasar 2040,"Dec 07, 1984"
16 Magasar 2040,"Dec 08, 1984"
17 Magasar 2040,"Dec 09, 1984"
18 Magasar 2040,"Dec 10, 1984"
19 Magasar 2040,"Dec 11, 1984"
20 Magasar 2040,"Dec 12, 1984"
21 Magasar 2040,"Dec 13, 1984"
22 Magasar 2040,"Dec 14, 1984"
23 Magasar 2040,"Dec 15, 1984"
24 Magasar 2040,"Dec 16, 1984"
25 Magasar 2040,"Dec 17, 1984"
26 Magasar 2040,"Dec 18, 1984"
27 Magasar 2040,"Dec 19, 1984"
28 Magasar 2040,"Dec 20, 1984"
29 Magasar 2040,"Dec 21, 1984"
30 Magasar 2040,"Dec 22, 1984"
1 Posh 2040,"Dec 23, 1984"
2 Posh 2040,"Dec 24, 1984"
3 Posh 2040,"Dec 25, 1984"
4 Posh 2040,"Dec 26, 1984"
5 Posh 2040,"Dec 27, 1984"
6 Posh 2040,"Dec 28, 1984"
7 Posh 2040,"Dec 29, 1984"
8 Posh 2040,"Dec 30, 1984"
9 Posh 2040,"Dec 31, 1984"
10 Posh 2040,"Jan 01, 1985"
11 Posh 2040,"Jan 02, 1985"
12 Posh 2040,"Jan 03, 1985"
13 Posh 2040,"Jan 04, 1985"
14 Posh 2040,"Jan 05, 1985"
15 Posh 2040,"Jan 06, 1985"
16 Posh 2040,"Jan 07, 1985"
17 Posh 2040,"Jan 08, 1985"
18 Posh 2040,"Jan 09, 1985"
19 Posh 2040,"Jan 10, 1985"
20 Posh 2040,"Jan 11, 1985"
21 Posh 2040,"Jan 12, 1985"
22 Posh 2040,"Jan 13, 1985"
23 Posh 2040,"Jan 14, 1985"
24 Posh 2040,"Jan 15, 1985"
25 Posh 2040,"Jan 16, 1985"
26 Posh 2040,"Jan 17, 1985"
27 Posh 2040,"Jan 18, 1985"
28 Posh 2040,"Jan 19, 1985"
29 Posh 2040,"Jan 20, 1985"
30 Posh 2040,"Jan 21, 1985"
1 Maha 2041,"Jan 22, 1985"
2 Maha 2041,"Jan 23, 1985"
3 Maha 2041,"Jan 24, 1985"
4 Maha 2041,"Jan 25, 1985"
5 Maha 2041,"Jan 26, 1985"
6 Maha 2041,"Jan 27, 1985"
7 Maha 2041,"Jan 28, 1985"
8 Maha 2041,"Jan 29, 1985"
9 Maha 2041,"Jan 30, 1985"
10 Maha 2041,"Jan 31, 1985"
11 Maha 2041,"Feb 01, 1985"
12 Maha 2041,"Feb 02, 1985"
13 Maha 2041,"Feb 03, 1985"
14 Maha 2041,"Feb 04, 1985"
15 Maha 2041,"Feb 05, 1985"
16 Maha 2041,"Feb 06, 1985"
17 Maha 2041,"Feb 07, 1985"
18 Maha 2041,"Feb 08, 1985"
19 Maha 2041,"Feb 09, 1985"
20 Maha 2041,"Feb 10, 1985"
21 Maha 2041,"Feb 11, 1985"
22 Maha 2041,"Feb 12, 1985"
23 Maha 2041,"Feb 13, 1985"
24 Maha 2041,"Feb 14, 1985"
25 Maha 2041,"Feb 15, 1985"
26 Maha 2041,"Feb 16, 1985"
27 Maha 2041,"Feb 17, 1985"
28 Maha 2041,"Feb 18, 1985"
29 Maha 2041,"Feb 19, 1985"
1 Phaguna 2041,"Feb 20, 1985"
2 Phaguna 2041,"Feb 21, 1985"
3 Phaguna 2041,"Feb 22, 1985"
4 Phaguna 2041,"Feb 23, 1985"
5 Phaguna 2041,"Feb 24, 1985"
6 Phaguna 2041,"Feb 25, 1985"
7 Phaguna 2041,"Feb 26, 1985"
8 Phaguna 2041,"Feb 27, 1985"
9 Phaguna 2041,"Feb 28, 1985"
10 Phaguna 2041,"Mar 01, 1985"
11 Phaguna 2041,"Mar 02, 1985"
12 Phaguna 2041,"Mar 03, 1985"
13 Phaguna 2041,"Mar 04, 1985"
14 Phaguna 2041,"Mar 05, 1985"
15 Phaguna 2041,"Mar 06, 1985"
16 Phaguna 2041,"Mar 07, 1985"
17 Phaguna 2041,"Mar 08, 1985"
18 Phaguna 2041,"Mar 09, 1985"
19 Phaguna 2041,"Mar 10, 1985"
20 Phaguna 2041,"Mar 11, 1985"
21 Phaguna 2041,"Mar 12, 1985"
22 Phaguna 2041,"Mar 13, 1985"
23 Phaguna 2041,"Mar 14, 1985"
24 Phaguna 2041,"Mar 15, 1985"
25 Phaguna 2041,"Mar 16, 1985"
26 Phaguna 2041,"Mar 17, 1985"
27 Phaguna 2041,"Mar 18, 1985"
28 Phaguna 2041,"Mar 19, 1985"
29 Phaguna 2041,"Mar 20, 1985"
30 Phaguna 2041,"Mar 21, 1985"
1 Chaitra 2041,"Mar 22, 1985"
2 Chaitra 2041,"Mar 23, 1985"
3 Chaitra 2041,"Mar 24, 1985"
4 Chaitra 2041,"Mar 25, 1985"
5 Chaitra 2041,"Mar 26, 1985"
6 Chaitra 2041,"Mar 27, 1985"
7 Chaitra 2041,"Mar 28, 1985"
8 Chaitra 2041,"Mar 29, 1985"
9 Chaitra 2041,"Mar 30, 1985"
10 Chaitra 2041,"Mar 31, 1985"
11 Chaitra 2041,"Apr 01, 1985"
12 Chaitra 2041,"Apr 02, 1985"
13 Chaitra 2041,"Apr 03, 1985"
14 Chaitra 2041,"Apr 04, 1985"
15 Chaitra 2041,"Apr 05, 1985"
16 Chaitra 2041,"Apr 06, 1985"
17 Chaitra 2041,"Apr 07, 1985"
18 Chaitra 2041,"Apr 08, 1985"
19 Chaitra 2041,"Apr 09, 1985"
20 Chaitra 2041,"Apr 10, 1985"
21 Chaitra 2041,"Apr 11, 1985"
22 Chaitra 2041,"Apr 12, 1985"
23 Chaitra 2041,"Apr 13, 1985"
24 Chaitra 2041,"Apr 14, 1985"
25 Chaitra 2041,"Apr 15, 1985"
26 Chaitra 2041,"Apr 16, 1985"
27 Chaitra 2041,"Apr 17, 1985"
28 Chaitra 2041,"Apr 18, 1985"
29 Chaitra 2041,"Apr 19, 1985"
30 Chaitra 2041,"Apr 20, 1985"
1 Vaishakha 2041,"Apr 21, 1985"
2 Vaishakha 2041,"Apr 22, 1985"
3 Vaishakha 2041,"Apr 23, 1985"
4 Vaishakha 2041,"Apr 24, 1985"
5 Vaishakha 2041,"Apr 25, 1985"
6 Vaishakha 2041,"Apr 26, 1985"
7 Vaishakha 2041,"Apr 27, 1985"
8 Vaishakha 2041,"Apr 28, 1985"
9 Vaishakha 2041,"Apr 29, 1985"
10 Vaishakha 2041,"Apr 30, 1985"
11 Vaishakha 2041,"May 01, 1985"
12 Vaishakha 2041,"May 02, 1985"
13 Vaishakha 2041,"May 03, 1985"
14 Vaishakha 2041,"May 04, 1985"
15 Vaishakha 2041,"May 05, 1985"
16 Vaishakha 2041,"May 06, 1985"
17 Vaishakha 2041,"May 07, 1985"
18 Vaishakha 2041,"May 08, 1985"
19 Vaishakha 2041,"May 09, 1985"
20 Vaishakha 2041,"May 10, 1985"
21 Vaishakha 2041,"May 11, 1985"
22 Vaishakha 2041,"May 12, 1985"
23 Vaishakha 2041,"May 13, 1985"
24 Vaishakha 2041,"May 14, 1985"
25 Vaishakha 2041,"May 15, 1985"
26 Vaishakha 2041,"May 16, 1985"
27 Vaishakha 2041,"May 17, 1985"
28 Vaishakha 2041,"May 18, 1985"
29 Vaishakha 2041,"May 19, 1985"
1 Jyeshta 2041,"May 20, 1985"
2 Jyeshta 2041,"May 21, 1985"
3 Jyeshta 2041,"May 22, 1985"
4 Jyeshta 2041,"May 23, 1985"
5 Jyeshta 2041,"May 24, 1985"
6 Jyeshta 2041,"May 25, 1985"
7 Jyeshta 2041,"May 26, 1985"
8 Jyeshta 2041,"May 27, 1985"
9 Jyeshta 2041,"May 28, 1985"
10 Jyeshta 2041,"May 29, 1985"
11 Jyeshta 2041,"May 30, 1985"
12 Jyeshta 2041,"May 31, 1985"
13 Jyeshta 2041,"Jun 01, 1985"
14 Jyeshta 2041,"Jun 02, 1985"
15 Jyeshta 2041,"Jun 03, 1985"
16 Jyeshta 2041,"Jun 04, 1985"
17 Jyeshta 2041,"Jun 05, 1985"
18 Jyeshta 2041,"Jun 06, 1985"
19 Jyeshta 2041,"Jun 07, 1985"
20 Jyeshta 2041,"Jun 08, 1985"
21 Jyeshta 2041,"Jun 09, 1985"
22 Jyeshta 2041,"Jun 10, 1985"
23 Jyeshta 2041,"Jun 11, 1985"
24 Jyeshta 2041,"Jun 12, 1985"
25 Jyeshta 2041,"Jun 13, 1985"
26 Jyeshta 2041,"Jun 14, 1985"
27 Jyeshta 2041,"Jun 15, 1985"
28 Jyeshta 2041,"Jun 16, 1985"
29 Jyeshta 2041,"Jun 17, 1985"
30 Jyeshta 2041,"Jun 18, 1985"
1 Ashadha 2041,"Jun 19, 1985"
2 Ashadha 2041,"Jun 20, 1985"
3 Ashadha 2041,"Jun 21, 1985"
4 Ashadha 2041,"Jun 22, 1985"
5 Ashadha 2041,"Jun 23, 1985"
6 Ashadha 2041,"Jun 24, 1985"
7 Ashadha 2041,"Jun 25, 1985"
8 Ashadha 2041,"Jun 26, 1985"
9 Ashadha 2041,"Jun 27, 1985"
10 Ashadha 2041,"Jun 28, 1985"
11 Ashadha 2041,"Jun 29, 1985"
12 Ashadha 2041,"Jun 30, 1985"
13 Ashadha 2041,"Jul 01, 1985"
14 Ashadha 2041,"Jul 02, 1985"
15 Ashadha 2041,"Jul 03, 1985"
16 Ashadha 2041,"Jul 04, 1985"
17 Ashadha 2041,"Jul 05, 1985"
18 Ashadha 2041,"Jul 06, 1985"
19 Ashadha 2041,"Jul 07, 1985"
20 Ashadha 2041,"Jul 08, 1985"
21 Ashadha 2041,"Jul 09, 1985"
22 Ashadha 2041,"Jul 10, 1985"
23 Ashadha 2041,"Jul 11, 1985"
24 Ashadha 2041,"Jul 12, 1985"
25 Ashadha 2041,"Jul 13, 1985"
26 Ashadha 2041,"Jul 14, 1985"
27 Ashadha 2041,"Jul 15, 1985"
28 Ashadha 2041,"Jul 16, 1985"
29 Ashadha 2041,"Jul 17, 1985"
30 Ashadha 2041,"Jul 18, 1985"
1 Shravana_Adhik 2041,"Jul 19, 1985"
2 Shravana_Adhik 2041,"Jul 20, 1985"
3 Shravana_Adhik 2041,"Jul 21, 1985"
4 Shravana_Adhik 2041,"Jul 22, 1985"
5 Shravana_Adhik 2041,"Jul 23, 1985"
6 Shravana_Adhik 2041,"Jul 24, 1985"
7 Shravana_Adhik 2041,"Jul 25, 1985"
8 Shravana_Adhik 2041,"Jul 26, 1985"
9 Shravana_Adhik 2041,"Jul 27, 1985"
10 Shravana_Adhik 2041,"Jul 28, 1985"
11 Shravana_Adhik 2041,"Jul 29, 1985"
12 Shravana_Adhik 2041,"Jul 30, 1985"
13 Shravana_Adhik 2041,"Jul 31, 1985"
14 Shravana_Adhik 2041,"Aug 01, 1985"
15 Shravana_Adhik 2041,"Aug 02, 1985"
16 Shravana_Adhik 2041,"Aug 03, 1985"
17 Shravana_Adhik 2041,"Aug 04, 1985"
18 Shravana_Adhik 2041,"Aug 05, 1985"
19 Shravana_Adhik 2041,"Aug 06, 1985"
20 Shravana_Adhik 2041,"Aug 07, 1985"
21 Shravana_Adhik 2041,"Aug 08, 1985"
22 Shravana_Adhik 2041,"Aug 09, 1985"
23 Shravana_Adhik 2041,"Aug 10, 1985"
24 Shravana_Adhik 2041,"Aug 11, 1985"
25 Shravana_Adhik 2041,"Aug 12, 1985"
26 Shravana_Adhik 2041,"Aug 13, 1985"
27 Shravana_Adhik 2041,"Aug 14, 1985"
28 Shravana_Adhik 2041,"Aug 15, 1985"
29 Shravana_Adhik 2041,"Aug 16, 1985"
1 Shravana 2041,"Aug 17, 1985"
2 Shravana 2041,"Aug 18, 1985"
3 Shravana 2041,"Aug 19, 1985"
4 Shravana 2041,"Aug 20, 1985"
5 Shravana 2041,"Aug 21, 1985"
6 Shravana 2041,"Aug 22, 1985"
7 Shravana 2041,"Aug 23, 1985"
8 Shravana 2041,"Aug 24, 1985"
9 Shravana 2041,"Aug 25, 1985"
10 Shravana 2041,"Aug 26, 1985"
11 Shravana 2041,"Aug 27, 1985"
12 Shravana 2041,"Aug 28, 1985"
13 Shravana 2041,"Aug 29, 1985"
14 Shravana 2041,"Aug 30, 1985"
15 Shravana 2041,"Aug 31, 1985"
16 Shravana 2041,"Sep 01, 1985"
17 Shravana 2041,"Sep 02, 1985"
18 Shravana 2041,"Sep 03, 1985"
19 Shravana 2041,"Sep 04, 1985"
20 Shravana 2041,"Sep 05, 1985"
21 Shravana 2041,"Sep 06, 1985"
22 Shravana 2041,"Sep 07, 1985"
23 Shravana 2041,"Sep 08, 1985"
24 Shravana 2041,"Sep 09, 1985"
25 Shravana 2041,"Sep 10, 1985"
26 Shravana 2041,"Sep 11, 1985"
27 Shravana 2041,"Sep 12, 1985"
28 Shravana 2041,"Sep 13, 1985"
29 Shravana 2041,"Sep 14, 1985"
1 Bhadarvo 2041,"Sep 15, 1985"
2 Bhadarvo 2041,"Sep 16, 1985"
3 Bhadarvo 2041,"Sep 17, 1985"
4 Bhadarvo 2041,"Sep 18, 1985"
5 Bhadarvo 2041,"Sep 19, 1985"
6 Bhadarvo 2041,"Sep 20, 1985"
7 Bhadarvo 2041,"Sep 21, 1985"
8 Bhadarvo 2041,"Sep 22, 1985"
9 Bhadarvo 2041,"Sep 23, 1985"
10 Bhadarvo 2041,"Sep 24, 1985"
11 Bhadarvo 2041,"Sep 25, 1985"
12 Bhadarvo 2041,"Sep 26, 1985"
13 Bhadarvo 2041,"Sep 27, 1985"
14 Bhadarvo 2041,"Sep 28, 1985"
15 Bhadarvo 2041,"Sep 29, 1985"
16 Bhadarvo 2041,"Sep 30, 1985"
17 Bhadarvo 2041,"Oct 01, 1985"
18 Bhadarvo 2041,"Oct 02, 1985"
19 Bhadarvo 2041,"Oct 03, 1985"
20 Bhadarvo 2041,"Oct 04, 1985"
21 Bhadarvo 2041,"Oct 05, 1985"
22 Bhadarvo 2041,"Oct 06, 1985"
23 Bhadarvo 2041,"Oct 07, 1985"
24 Bhadarvo 2041,"Oct 08, 1985"
25 Bhadarvo 2041,"Oct 09, 1985"
26 Bhadarvo 2041,"Oct 10, 1985"
27 Bhadarvo 2041,"Oct 11, 1985"
28 Bhadarvo 2041,"Oct 12, 1985"
29 Bhadarvo 2041,"Oct 13, 1985"
30 Bhadarvo 2041,"Oct 14, 1985"
1 Aaso 2041,"Oct 15, 1985"
2 Aaso 2041,"Oct 16, 1985"
3 Aaso 2041,"Oct 17, 1985"
4 Aaso 2041,"Oct 18, 1985"
5 Aaso 2041,"Oct 19, 1985"
6 Aaso 2041,"Oct 20, 1985"
7 Aaso 2041,"Oct 21, 1985"
8 Aaso 2041,"Oct 22, 1985"
9 Aaso 2041,"Oct 23, 1985"
10 Aaso 2041,"Oct 24, 1985"
11 Aaso 2041,"Oct 25, 1985"
12 Aaso 2041,"Oct 26, 1985"
13 Aaso 2041,"Oct 27, 1985"
14 Aaso 2041,"Oct 28, 1985"
15 Aaso 2041,"Oct 29, 1985"
16 Aaso 2041,"Oct 30, 1985"
17 Aaso 2041,"Oct 31, 1985"
18 Aaso 2041,"Nov 01, 1985"
19 Aaso 2041,"Nov 02, 1985"
20 Aaso 2041,"Nov 03, 1985"
21 Aaso 2041,"Nov 04, 1985"
22 Aaso 2041,"Nov 05, 1985"
23 Aaso 2041,"Nov 06, 1985"
24 Aaso 2041,"Nov 07, 1985"
25 Aaso 2041,"Nov 08, 1985"
26 Aaso 2041,"Nov 09, 1985"
27 Aaso 2041,"Nov 10, 1985"
28 Aaso 2041,"Nov 11, 1985"
29 Aaso 2041,"Nov 12, 1985"
1 Kartak 2041,"Nov 13, 1985"
2 Kartak 2041,"Nov 14, 1985"
3 Kartak 2041,"Nov 15, 1985"
4 Kartak 2041,"Nov 16, 1985"
5 Kartak 2041,"Nov 17, 1985"
6 Kartak 2041,"Nov 18, 1985"
7 Kartak 2041,"Nov 19, 1985"
8 Kartak 2041,"Nov 20, 1985"
9 Kartak 2041,"Nov 21, 1985"
10 Kartak 2041,"Nov 22, 1985"
11 Kartak 2041,"Nov 23, 1985"
12 Kartak 2041,"Nov 24, 1985"
13 Kartak 2041,"Nov 25, 1985"
14 Kartak 2041,"Nov 26, 1985"
15 Kartak 2041,"Nov 27, 1985"
16 Kartak 2041,"Nov 28, 1985"
17 Kartak 2041,"Nov 29, 1985"
18 Kartak 2041,"Nov 30, 1985"
19 Kartak 2041,"Dec 01, 1985"
20 Kartak 2041,"Dec 02, 1985"
21 Kartak 2041,"Dec 03, 1985"
22 Kartak 2041,"Dec 04, 1985"
23 Kartak 2041,"Dec 05, 1985"
24 Kartak 2041,"Dec 06, 1985"
25 Kartak 2041,"Dec 07, 1985"
26 Kartak 2041,"Dec 08, 1985"
27 Kartak 2041,"Dec 09, 1985"
28 Kartak 2041,"Dec 10, 1985"
29 Kartak 2041,"Dec 11, 1985"
1 Magasar 2041,"Dec 12, 1985"
2 Magasar 2041,"Dec 13, 1985"
3 Magasar 2041,"Dec 14, 1985"
4 Magasar 2041,"Dec 15, 1985"
5 Magasar 2041,"Dec 16, 1985"
6 Magasar 2041,"Dec 17, 1985"
7 Magasar 2041,"Dec 18, 1985"
8 Magasar 2041,"Dec 19, 1985"
9 Magasar 2041,"Dec 20, 1985"
10 Magasar 2041,"Dec 21, 1985"
11 Magasar 2041,"Dec 22, 1985"
12 Magasar 2041,"Dec 23, 1985"
13 Magasar 2041,"Dec 24, 1985"
14 Magasar 2041,"Dec 25, 1985"
15 Magasar 2041,"Dec 26, 1985"
16 Magasar 2041,"Dec 27, 1985"
17 Magasar 2041,"Dec 28, 1985"
18 Magasar 2041,"Dec 29, 1985"
19 Magasar 2041,"Dec 30, 1985"
20 Magasar 2041,"Dec 31, 1985"
21 Magasar 2041,"Jan 01, 1986"
22 Magasar 2041,"Jan 02, 1986"
23 Magasar 2041,"Jan 03, 1986"
24 Magasar 2041,"Jan 04, 1986"
25 Magasar 2041,"Jan 05, 1986"
26 Magasar 2041,"Jan 06, 1986"
27 Magasar 2041,"Jan 07, 1986"
28 Magasar 2041,"Jan 08, 1986"
29 Magasar 2041,"Jan 09, 1986"
30 Magasar 2041,"Jan 10, 1986"
1 Posh 2042,"Jan 11, 1986"
2 Posh 2042,"Jan 12, 1986"
3 Posh 2042,"Jan 13, 1986"
4 Posh 2042,"Jan 14, 1986"
5 Posh 2042,"Jan 15, 1986"
6 Posh 2042,"Jan 16, 1986"
7 Posh 2042,"Jan 17, 1986"
8 Posh 2042,"Jan 18, 1986"
9 Posh 2042,"Jan 19, 1986"
10 Posh 2042,"Jan 20, 1986"
11 Posh 2042,"Jan 21, 1986"
12 Posh 2042,"Jan 22, 1986"
13 Posh 2042,"Jan 23, 1986"
14 Posh 2042,"Jan 24, 1986"
15 Posh 2042,"Jan 25, 1986"
16 Posh 2042,"Jan 26, 1986"
17 Posh 2042,"Jan 27, 1986"
18 Posh 2042,"Jan 28, 1986"
19 Posh 2042,"Jan 29, 1986"
20 Posh 2042,"Jan 30, 1986"
21 Posh 2042,"Jan 31, 1986"
22 Posh 2042,"Feb 01, 1986"
23 Posh 2042,"Feb 02, 1986"
24 Posh 2042,"Feb 03, 1986"
25 Posh 2042,"Feb 04, 1986"
26 Posh 2042,"Feb 05, 1986"
27 Posh 2042,"Feb 06, 1986"
28 Posh 2042,"Feb 07, 1986"
29 Posh 2042,"Feb 08, 1986"
1 Maha 2042,"Feb 09, 1986"
2 Maha 2042,"Feb 10, 1986"
3 Maha 2042,"Feb 11, 1986"
4 Maha 2042,"Feb 12, 1986"
5 Maha 2042,"Feb 13, 1986"
6 Maha 2042,"Feb 14, 1986"
7 Maha 2042,"Feb 15, 1986"
8 Maha 2042,"Feb 16, 1986"
9 Maha 2042,"Feb 17, 1986"
10 Maha 2042,"Feb 18, 1986"
11 Maha 2042,"Feb 19, 1986"
12 Maha 2042,"Feb 20, 1986"
13 Maha 2042,"Feb 21, 1986"
14 Maha 2042,"Feb 22, 1986"
15 Maha 2042,"Feb 23, 1986"
16 Maha 2042,"Feb 24, 1986"
17 Maha 2042,"Feb 25, 1986"
18 Maha 2042,"Feb 26, 1986"
19 Maha 2042,"Feb 27, 1986"
20 Maha 2042,"Feb 28, 1986"
21 Maha 2042,"Mar 01, 1986"
22 Maha 2042,"Mar 02, 1986"
23 Maha 2042,"Mar 03, 1986"
24 Maha 2042,"Mar 04, 1986"
25 Maha 2042,"Mar 05, 1986"
26 Maha 2042,"Mar 06, 1986"
27 Maha 2042,"Mar 07, 1986"
28 Maha 2042,"Mar 08, 1986"
29 Maha 2042,"Mar 09, 1986"
30 Maha 2042,"Mar 10, 1986"
1 Phaguna 2042,"Mar 11, 1986"
2 Phaguna 2042,"Mar 12, 1986"
3 Phaguna 2042,"Mar 13, 1986"
4 Phaguna 2042,"Mar 14, 1986"
5 Phaguna 2042,"Mar 15, 1986"
6 Phaguna 2042,"Mar 16, 1986"
7 Phaguna 2042,"Mar 17, 1986"
8 Phaguna 2042,"Mar 18, 1986"
9 Phaguna 2042,"Mar 19, 1986"
10 Phaguna 2042,"Mar 20, 1986"
11 Phaguna 2042,"Mar 21, 1986"
12 Phaguna 2042,"Mar 22, 1986"
13 Phaguna 2042,"Mar 23, 1986"
14 Phaguna 2042,"Mar 24, 1986"
15 Phaguna 2042,"Mar 25, 1986"
16 Phaguna 2042,"Mar 26, 1986"
17 Phaguna 2042,"Mar 27, 1986"
18 Phaguna 2042,"Mar 28, 1986"
19 Phaguna 2042,"Mar 29, 1986"
20 Phaguna 2042,"Mar 30, 1986"
21 Phaguna 2042,"Mar 31, 1986"
22 Phaguna 2042,"Apr 01, 1986"
23 Phaguna 2042,"Apr 02, 1986"
24 Phaguna 2042,"Apr 03, 1986"
25 Phaguna 2042,"Apr 04, 1986"
26 Phaguna 2042,"Apr 05, 1986"
27 Phaguna 2042,"Apr 06, 1986"
28 Phaguna 2042,"Apr 07, 1986"
29 Phaguna 2042,"Apr 08, 1986"
30 Phaguna 2042,"Apr 09, 1986"
1 Chaitra 2042,"Apr 10, 1986"
2 Chaitra 2042,"Apr 11, 1986"
3 Chaitra 2042,"Apr 12, 1986"
4 Chaitra 2042,"Apr 13, 1986"
5 Chaitra 2042,"Apr 14, 1986"
6 Chaitra 2042,"Apr 15, 1986"
7 Chaitra 2042,"Apr 16, 1986"
8 Chaitra 2042,"Apr 17, 1986"
9 Chaitra 2042,"Apr 18, 1986"
10 Chaitra 2042,"Apr 19, 1986"
11 Chaitra 2042,"Apr 20, 1986"
12 Chaitra 2042,"Apr 21, 1986"
13 Chaitra 2042,"Apr 22, 1986"
14 Chaitra 2042,"Apr 23, 1986"
15 Chaitra 2042,"Apr 24, 1986"
16 Chaitra 2042,"Apr 25, 1986"
17 Chaitra 2042,"Apr 26, 1986"
18 Chaitra 2042,"Apr 27, 1986"
19 Chaitra 2042,"Apr 28, 1986"
20 Chaitra 2042,"Apr 29, 1986"
21 Chaitra 2042,"Apr 30, 1986"
22 Chaitra 2042,"May 01, 1986"
23 Chaitra 2042,"May 02, 1986"
24 Chaitra 2042,"May 03, 1986"
25 Chaitra 2042,"May 04, 1986"
26 Chaitra 2042,"May 05, 1986"
27 Chaitra 2042,"May 06, 1986"
28 Chaitra 2042,"May 07, 1986"
29 Chaitra 2042,"May 08, 1986"
1 Vaishakha 2042,"May 09, 1986"
2 Vaishakha 2042,"May 10, 1986"
3 Vaishakha 2042,"May 11, 1986"
4 Vaishakha 2042,"May 12, 1986"
5 Vaishakha 2042,"May 13, 1986"
6 Vaishakha 2042,"May 14, 1986"
7 Vaishakha 2042,"May 15, 1986"
8 Vaishakha 2042,"May 16, 1986"
9 Vaishakha 2042,"May 17, 1986"
10 Vaishakha 2042,"May 18, 1986"
11 Vaishakha 2042,"May 19, 1986"
12 Vaishakha 2042,"May 20, 1986"
13 Vaishakha 2042,"May 21, 1986"
14 Vaishakha 2042,"May 22, 1986"
15 Vaishakha 2042,"May 23, 1986"
16 Vaishakha 2042,"May 24, 1986"
17 Vaishakha 2042,"May 25, 1986"
18 Vaishakha 2042,"May 26, 1986"
19 Vaishakha 2042,"May 27, 1986"
20 Vaishakha 2042,"May 28, 1986"
21 Vaishakha 2042,"May 29, 1986"
22 Vaishakha 2042,"May 30, 1986"
23 Vaishakha 2042,"May 31, 1986"
24 Vaishakha 2042,"Jun 01, 1986"
25 Vaishakha 2042,"Jun 02, 1986"
26 Vaishakha 2042,"Jun 03, 1986"
27 Vaishakha 2042,"Jun 04, 1986"
28 Vaishakha 2042,"Jun 05, 1986"
29 Vaishakha 2042,"Jun 06, 1986"
30 Vaishakha 2042,"Jun 07, 1986"
1 Jyeshta 2042,"Jun 08, 1986"
2 Jyeshta 2042,"Jun 09, 1986"
3 Jyeshta 2042,"Jun 10, 1986"
4 Jyeshta 2042,"Jun 11, 1986"
5 Jyeshta 2042,"Jun 12, 1986"
6 Jyeshta 2042,"Jun 13, 1986"
7 Jyeshta 2042,"Jun 14, 1986"
8 Jyeshta 2042,"Jun 15, 1986"
9 Jyeshta 2042,"Jun 16, 1986"
10 Jyeshta 2042,"Jun 17, 1986"
11 Jyeshta 2042,"Jun 18, 1986"
12 Jyeshta 2042,"Jun 19, 1986"
13 Jyeshta 2042,"Jun 20, 1986"
14 Jyeshta 2042,"Jun 21, 1986"
15 Jyeshta 2042,"Jun 22, 1986"
16 Jyeshta 2042,"Jun 23, 1986"
17 Jyeshta 2042,"Jun 24, 1986"
18 Jyeshta 2042,"Jun 25, 1986"
19 Jyeshta 2042,"Jun 26, 1986"
20 Jyeshta 2042,"Jun 27, 1986"
21 Jyeshta 2042,"Jun 28, 1986"
22 Jyeshta 2042,"Jun 29, 1986"
23 Jyeshta 2042,"Jun 30, 1986"
24 Jyeshta 2042,"Jul 01, 1986"
25 Jyeshta 2042,"Jul 02, 1986"
26 Jyeshta 2042,"Jul 03, 1986"
27 Jyeshta 2042,"Jul 04, 1986"
28 Jyeshta 2042,"Jul 05, 1986"
29 Jyeshta 2042,"Jul 06, 1986"
30 Jyeshta 2042,"Jul 07, 1986"
1 Ashadha 2042,"Jul 08, 1986"
2 Ashadha 2042,"Jul 09, 1986"
3 Ashadha 2042,"Jul 10, 1986"
4 Ashadha 2042,"Jul 11, 1986"
5 Ashadha 2042,"Jul 12, 1986"
6 Ashadha 2042,"Jul 13, 1986"
7 Ashadha 2042,"Jul 14, 1986"
8 Ashadha 2042,"Jul 15, 1986"
9 Ashadha 2042,"Jul 16, 1986"
10 Ashadha 2042,"Jul 17, 1986"
11 Ashadha 2042,"Jul 18, 1986"
12 Ashadha 2042,"Jul 19, 1986"
13 Ashadha 2042,"Jul 20, 1986"
14 Ashadha 2042,"Jul 21, 1986"
15 Ashadha 2042,"Jul 22, 1986"
16 Ashadha 2042,"Jul 23, 1986"
17 Ashadha 2042,"Jul 24, 1986"
18 Ashadha 2042,"Jul 25, 1986"
19 Ashadha 2042,"Jul 26, 1986"
20 Ashadha 2042,"Jul 27, 1986"
21 Ashadha 2042,"Jul 28, 1986"
22 Ashadha 2042,"Jul 29, 1986"
23 Ashadha 2042,"Jul 30, 1986"
24 Ashadha 2042,"Jul 31, 1986"
25 Ashadha 2042,"Aug 01, 1986"
26 Ashadha 2042,"Aug 02, 1986"
27 Ashadha 2042,"Aug 03, 1986"
28 Ashadha 2042,"Aug 04, 1986"
29 Ashadha 2042,"Aug 05, 1986"
1 Shravana 2042,"Aug 06, 1986"
2 Shravana 2042,"Aug 07, 1986"
3 Shravana 2042,"Aug 08, 1986"
4 Shravana 2042,"Aug 09, 1986"
5 Shravana 2042,"Aug 10, 1986"
6 Shravana 2042,"Aug 11, 1986"
7 Shravana 2042,"Aug 12, 1986"
8 Shravana 2042,"Aug 13, 1986"
9 Shravana 2042,"Aug 14, 1986"
10 Shravana 2042,"Aug 15, 1986"
11 Shravana 2042,"Aug 16, 1986"
12 Shravana 2042,"Aug 17, 1986"
13 Shravana 2042,"Aug 18, 1986"
14 Shravana 2042,"Aug 19, 1986"
15 Shravana 2042,"Aug 20, 1986"
16 Shravana 2042,"Aug 21, 1986"
17 Shravana 2042,"Aug 22, 1986"
18 Shravana 2042,"Aug 23, 1986"
19 Shravana 2042,"Aug 24, 1986"
20 Shravana 2042,"Aug 25, 1986"
21 Shravana 2042,"Aug 26, 1986"
22 Shravana 2042,"Aug 27, 1986"
23 Shravana 2042,"Aug 28, 1986"
24 Shravana 2042,"Aug 29, 1986"
25 Shravana 2042,"Aug 30, 1986"
26 Shravana 2042,"Aug 31, 1986"
27 Shravana 2042,"Sep 01, 1986"
28 Shravana 2042,"Sep 02, 1986"
29 Shravana 2042,"Sep 03, 1986"
30 Shravana 2042,"Sep 04, 1986"
1 Bhadarvo 2042,"Sep 05, 1986"
2 Bhadarvo 2042,"Sep 06, 1986"
3 Bhadarvo 2042,"Sep 07, 1986"
4 Bhadarvo 2042,"Sep 08, 1986"
5 Bhadarvo 2042,"Sep 09, 1986"
6 Bhadarvo 2042,"Sep 10, 1986"
7 Bhadarvo 2042,"Sep 11, 1986"
8 Bhadarvo 2042,"Sep 12, 1986"
9 Bhadarvo 2042,"Sep 13, 1986"
10 Bhadarvo 2042,"Sep 14, 1986"
11 Bhadarvo 2042,"Sep 15, 1986"
12 Bhadarvo 2042,"Sep 16, 1986"
13 Bhadarvo 2042,"Sep 17, 1986"
14 Bhadarvo 2042,"Sep 18, 1986"
15 Bhadarvo 2042,"Sep 19, 1986"
16 Bhadarvo 2042,"Sep 20, 1986"
17 Bhadarvo 2042,"Sep 21, 1986"
18 Bhadarvo 2042,"Sep 22, 1986"
19 Bhadarvo 2042,"Sep 23, 1986"
20 Bhadarvo 2042,"Sep 24, 1986"
21 Bhadarvo 2042,"Sep 25, 1986"
22 Bhadarvo 2042,"Sep 26, 1986"
23 Bhadarvo 2042,"Sep 27, 1986"
24 Bhadarvo 2042,"Sep 28, 1986"
25 Bhadarvo 2042,"Sep 29, 1986"
26 Bhadarvo 2042,"Sep 30, 1986"
27 Bhadarvo 2042,"Oct 01, 1986"
28 Bhadarvo 2042,"Oct 02, 1986"
29 Bhadarvo 2042,"Oct 03, 1986"
1 Aaso 2042,"Oct 04, 1986"
2 Aaso 2042,"Oct 05, 1986"
3 Aaso 2042,"Oct 06, 1986"
4 Aaso 2042,"Oct 07, 1986"
5 Aaso 2042,"Oct 08, 1986"
6 Aaso 2042,"Oct 09, 1986"
7 Aaso 2042,"Oct 10, 1986"
8 Aaso 2042,"Oct 11, 1986"
9 Aaso 2042,"Oct 12, 1986"
10 Aaso 2042,"Oct 13, 1986"
11 Aaso 2042,"Oct 14, 1986"
12 Aaso 2042,"Oct 15, 1986"
13 Aaso 2042,"Oct 16, 1986"
14 Aaso 2042,"Oct 17, 1986"
15 Aaso 2042,"Oct 18, 1986"
16 Aaso 2042,"Oct 19, 1986"
17 Aaso 2042,"Oct 20, 1986"
18 Aaso 2042,"Oct 21, 1986"
19 Aaso 2042,"Oct 22, 1986"
20 Aaso 2042,"Oct 23, 1986"
21 Aaso 2042,"Oct 24, 1986"
22 Aaso 2042,"Oct 25, 1986"
23 Aaso 2042,"Oct 26, 1986"
24 Aaso 2042,"Oct 27, 1986"
25 Aaso 2042,"Oct 28, 1986"
26 Aaso 2042,"Oct 29, 1986"
27 Aaso 2042,"Oct 30, 1986"
28 Aaso 2042,"Oct 31, 1986"
29 Aaso 2042,"Nov 01, 1986"
30 Aaso 2042,"Nov 02, 1986"
1 Kartak 2042,"Nov 03, 1986"
2 Kartak 2042,"Nov 04, 1986"
3 Kartak 2042,"Nov 05, 1986"
4 Kartak 2042,"Nov 06, 1986"
5 Kartak 2042,"Nov 07, 1986"
6 Kartak 2042,"Nov 08, 1986"
7 Kartak 2042,"Nov 09, 1986"
8 Kartak 2042,"Nov 10, 1986"
9 Kartak 2042,"Nov 11, 1986"
10 Kartak 2042,"Nov 12, 1986"
11 Kartak 2042,"Nov 13, 1986"
12 Kartak 2042,"Nov 14, 1986"
13 Kartak 2042,"Nov 15, 1986"
14 Kartak 2042,"Nov 16, 1986"
15 Kartak 2042,"Nov 17, 1986"
16 Kartak 2042,"Nov 18, 1986"
17 Kartak 2042,"Nov 19, 1986"
18 Kartak 2042,"Nov 20, 1986"
19 Kartak 2042,"Nov 21, 1986"
20 Kartak 2042,"Nov 22, 1986"
21 Kartak 2042,"Nov 23, 1986"
22 Kartak 2042,"Nov 24, 1986"
23 Kartak 2042,"Nov 25, 1986"
24 Kartak 2042,"Nov 26, 1986"
25 Kartak 2042,"Nov 27, 1986"
26 Kartak 2042,"Nov 28, 1986"
27 Kartak 2042,"Nov 29, 1986"
28 Kartak 2042,"Nov 30, 1986"
29 Kartak 2042,"Dec 01, 1986"
1 Magasar 2042,"Dec 02, 1986"
2 Magasar 2042,"Dec 03, 1986"
3 Magasar 2042,"Dec 04, 1986"
4 Magasar 2042,"Dec 05, 1986"
5 Magasar 2042,"Dec 06, 1986"
6 Magasar 2042,"Dec 07, 1986"
7 Magasar 2042,"Dec 08, 1986"
8 Magasar 2042,"Dec 09, 1986"
9 Magasar 2042,"Dec 10, 1986"
10 Magasar 2042,"Dec 11, 1986"
11 Magasar 2042,"Dec 12, 1986"
12 Magasar 2042,"Dec 13, 1986"
13 Magasar 2042,"Dec 14, 1986"
14 Magasar 2042,"Dec 15, 1986"
15 Magasar 2042,"Dec 16, 1986"
16 Magasar 2042,"Dec 17, 1986"
17 Magasar 2042,"Dec 18, 1986"
18 Magasar 2042,"Dec 19, 1986"
19 Magasar 2042,"Dec 20, 1986"
20 Magasar 2042,"Dec 21, 1986"
21 Magasar 2042,"Dec 22, 1986"
22 Magasar 2042,"Dec 23, 1986"
23 Magasar 2042,"Dec 24, 1986"
24 Magasar 2042,"Dec 25, 1986"
25 Magasar 2042,"Dec 26, 1986"
26 Magasar 2042,"Dec 27, 1986"
27 Magasar 2042,"Dec 28, 1986"
28 Magasar 2042,"Dec 29, 1986"
29 Magasar 2042,"Dec 30, 1986"
30 Magasar 2042,"Dec 31, 1986"
1 Posh 2043,"Jan 01, 1987"
2 Posh 2043,"Jan 02, 1987"
3 Posh 2043,"Jan 03, 1987"
4 Posh 2043,"Jan 04, 1987"
5 Posh 2043,"Jan 05, 1987"
6 Posh 2043,"Jan 06, 1987"
7 Posh 2043,"Jan 07, 1987"
8 Posh 2043,"Jan 08, 1987"
9 Posh 2043,"Jan 09, 1987"
10 Posh 2043,"Jan 10, 1987"
11 Posh 2043,"Jan 11, 1987"
12 Posh 2043,"Jan 12, 1987"
13 Posh 2043,"Jan 13, 1987"
14 Posh 2043,"Jan 14, 1987"
15 Posh 2043,"Jan 15, 1987"
16 Posh 2043,"Jan 16, 1987"
17 Posh 2043,"Jan 17, 1987"
18 Posh 2043,"Jan 18, 1987"
19 Posh 2043,"Jan 19, 1987"
20 Posh 2043,"Jan 20, 1987"
21 Posh 2043,"Jan 21, 1987"
22 Posh 2043,"Jan 22, 1987"
23 Posh 2043,"Jan 23, 1987"
24 Posh 2043,"Jan 24, 1987"
25 Posh 2043,"Jan 25, 1987"
26 Posh 2043,"Jan 26, 1987"
27 Posh 2043,"Jan 27, 1987"
28 Posh 2043,"Jan 28, 1987"
29 Posh 2043,"Jan 29, 1987"
1 Maha 2043,"Jan 30, 1987"
2 Maha 2043,"Jan 31, 1987"
3 Maha 2043,"Feb 01, 1987"
4 Maha 2043,"Feb 02, 1987"
5 Maha 2043,"Feb 03, 1987"
6 Maha 2043,"Feb 04, 1987"
7 Maha 2043,"Feb 05, 1987"
8 Maha 2043,"Feb 06, 1987"
9 Maha 2043,"Feb 07, 1987"
10 Maha 2043,"Feb 08, 1987"
11 Maha 2043,"Feb 09, 1987"
12 Maha 2043,"Feb 10, 1987"
13 Maha 2043,"Feb 11, 1987"
14 Maha 2043,"Feb 12, 1987"
15 Maha 2043,"Feb 13, 1987"
16 Maha 2043,"Feb 14, 1987"
17 Maha 2043,"Feb 15, 1987"
18 Maha 2043,"Feb 16, 1987"
19 Maha 2043,"Feb 17, 1987"
20 Maha 2043,"Feb 18, 1987"
21 Maha 2043,"Feb 19, 1987"
22 Maha 2043,"Feb 20, 1987"
23 Maha 2043,"Feb 21, 1987"
24 Maha 2043,"Feb 22, 1987"
25 Maha 2043,"Feb 23, 1987"
26 Maha 2043,"Feb 24, 1987"
27 Maha 2043,"Feb 25, 1987"
28 Maha 2043,"Feb 26, 1987"
29 Maha 2043,"Feb 27, 1987"
1 Phaguna 2043,"Feb 28, 1987"
2 Phaguna 2043,"Mar 01, 1987"
3 Phaguna 2043,"Mar 02, 1987"
4 Phaguna 2043,"Mar 03, 1987"
5 Phaguna 2043,"Mar 04, 1987"
6 Phaguna 2043,"Mar 05, 1987"
7 Phaguna 2043,"Mar 06, 1987"
8 Phaguna 2043,"Mar 07, 1987"
9 Phaguna 2043,"Mar 08, 1987"
10 Phaguna 2043,"Mar 09, 1987"
11 Phaguna 2043,"Mar 10, 1987"
12 Phaguna 2043,"Mar 11, 1987"
13 Phaguna 2043,"Mar 12, 1987"
14 Phaguna 2043,"Mar 13, 1987"
15 Phaguna 2043,"Mar 14, 1987"
16 Phaguna 2043,"Mar 15, 1987"
17 Phaguna 2043,"Mar 16, 1987"
18 Phaguna 2043,"Mar 17, 1987"
19 Phaguna 2043,"Mar 18, 1987"
20 Phaguna 2043,"Mar 19, 1987"
21 Phaguna 2043,"Mar 20, 1987"
22 Phaguna 2043,"Mar 21, 1987"
23 Phaguna 2043,"Mar 22, 1987"
24 Phaguna 2043,"Mar 23, 1987"
25 Phaguna 2043,"Mar 24, 1987"
26 Phaguna 2043,"Mar 25, 1987"
27 Phaguna 2043,"Mar 26, 1987"
28 Phaguna 2043,"Mar 27, 1987"
29 Phaguna 2043,"Mar 28, 1987"
30 Phaguna 2043,"Mar 29, 1987"
1 Chaitra 2043,"Mar 30, 1987"
2 Chaitra 2043,"Mar 31, 1987"
3 Chaitra 2043,"Apr 01, 1987"
4 Chaitra 2043,"Apr 02, 1987"
5 Chaitra 2043,"Apr 03, 1987"
6 Chaitra 2043,"Apr 04, 1987"
7 Chaitra 2043,"Apr 05, 1987"
8 Chaitra 2043,"Apr 06, 1987"
9 Chaitra 2043,"Apr 07, 1987"
10 Chaitra 2043,"Apr 08, 1987"
11 Chaitra 2043,"Apr 09, 1987"
12 Chaitra 2043,"Apr 10, 1987"
13 Chaitra 2043,"Apr 11, 1987"
14 Chaitra 2043,"Apr 12, 1987"
15 Chaitra 2043,"Apr 13, 1987"
16 Chaitra 2043,"Apr 14, 1987"
17 Chaitra 2043,"Apr 15, 1987"
18 Chaitra 2043,"Apr 16, 1987"
19 Chaitra 2043,"Apr 17, 1987"
20 Chaitra 2043,"Apr 18, 1987"
21 Chaitra 2043,"Apr 19, 1987"
22 Chaitra 2043,"Apr 20, 1987"
23 Chaitra 2043,"Apr 21, 1987"
24 Chaitra 2043,"Apr 22, 1987"
25 Chaitra 2043,"Apr 23, 1987"
26 Chaitra 2043,"Apr 24, 1987"
27 Chaitra 2043,"Apr 25, 1987"
28 Chaitra 2043,"Apr 26, 1987"
29 Chaitra 2043,"Apr 27, 1987"
30 Chaitra 2043,"Apr 28, 1987"
1 Vaishakha 2043,"Apr 29, 1987"
2 Vaishakha 2043,"Apr 30, 1987"
3 Vaishakha 2043,"May 01, 1987"
4 Vaishakha 2043,"May 02, 1987"
5 Vaishakha 2043,"May 03, 1987"
6 Vaishakha 2043,"May 04, 1987"
7 Vaishakha 2043,"May 05, 1987"
8 Vaishakha 2043,"May 06, 1987"
9 Vaishakha 2043,"May 07, 1987"
10 Vaishakha 2043,"May 08, 1987"
11 Vaishakha 2043,"May 09, 1987"
12 Vaishakha 2043,"May 10, 1987"
13 Vaishakha 2043,"May 11, 1987"
14 Vaishakha 2043,"May 12, 1987"
15 Vaishakha 2043,"May 13, 1987"
16 Vaishakha 2043,"May 14, 1987"
17 Vaishakha 2043,"May 15, 1987"
18 Vaishakha 2043,"May 16, 1987"
19 Vaishakha 2043,"May 17, 1987"
20 Vaishakha 2043,"May 18, 1987"
21 Vaishakha 2043,"May 19, 1987"
22 Vaishakha 2043,"May 20, 1987"
23 Vaishakha 2043,"May 21, 1987"
24 Vaishakha 2043,"May 22, 1987"
25 Vaishakha 2043,"May 23, 1987"
26 Vaishakha 2043,"May 24, 1987"
27 Vaishakha 2043,"May 25, 1987"
28 Vaishakha 2043,"May 26, 1987"
29 Vaishakha 2043,"May 27, 1987"
1 Jyeshta 2043,"May 28, 1987"
2 Jyeshta 2043,"May 29, 1987"
3 Jyeshta 2043,"May 30, 1987"
4 Jyeshta 2043,"May 31, 1987"
5 Jyeshta 2043,"Jun 01, 1987"
6 Jyeshta 2043,"Jun 02, 1987"
7 Jyeshta 2043,"Jun 03, 1987"
8 Jyeshta 2043,"Jun 04, 1987"
9 Jyeshta 2043,"Jun 05, 1987"
10 Jyeshta 2043,"Jun 06, 1987"
11 Jyeshta 2043,"Jun 07, 1987"
12 Jyeshta 2043,"Jun 08, 1987"
13 Jyeshta 2043,"Jun 09, 1987"
14 Jyeshta 2043,"Jun 10, 1987"
15 Jyeshta 2043,"Jun 11, 1987"
16 Jyeshta 2043,"Jun 12, 1987"
17 Jyeshta 2043,"Jun 13, 1987"
18 Jyeshta 2043,"Jun 14, 1987"
19 Jyeshta 2043,"Jun 15, 1987"
20 Jyeshta 2043,"Jun 16, 1987"
21 Jyeshta 2043,"Jun 17, 1987"
22 Jyeshta 2043,"Jun 18, 1987"
23 Jyeshta 2043,"Jun 19, 1987"
24 Jyeshta 2043,"Jun 20, 1987"
25 Jyeshta 2043,"Jun 21, 1987"
26 Jyeshta 2043,"Jun 22, 1987"
27 Jyeshta 2043,"Jun 23, 1987"
28 Jyeshta 2043,"Jun 24, 1987"
29 Jyeshta 2043,"Jun 25, 1987"
30 Jyeshta 2043,"Jun 26, 1987"
1 Ashadha 2043,"Jun 27, 1987"
2 Ashadha 2043,"Jun 28, 1987"
3 Ashadha 2043,"Jun 29, 1987"
4 Ashadha 2043,"Jun 30, 1987"
5 Ashadha 2043,"Jul 01, 1987"
6 Ashadha 2043,"Jul 02, 1987"
7 Ashadha 2043,"Jul 03, 1987"
8 Ashadha 2043,"Jul 04, 1987"
9 Ashadha 2043,"Jul 05, 1987"
10 Ashadha 2043,"Jul 06, 1987"
11 Ashadha 2043,"Jul 07, 1987"
12 Ashadha 2043,"Jul 08, 1987"
13 Ashadha 2043,"Jul 09, 1987"
14 Ashadha 2043,"Jul 10, 1987"
15 Ashadha 2043,"Jul 11, 1987"
16 Ashadha 2043,"Jul 12, 1987"
17 Ashadha 2043,"Jul 13, 1987"
18 Ashadha 2043,"Jul 14, 1987"
19 Ashadha 2043,"Jul 15, 1987"
20 Ashadha 2043,"Jul 16, 1987"
21 Ashadha 2043,"Jul 17, 1987"
22 Ashadha 2043,"Jul 18, 1987"
23 Ashadha 2043,"Jul 19, 1987"
24 Ashadha 2043,"Jul 20, 1987"
25 Ashadha 2043,"Jul 21, 1987"
26 Ashadha 2043,"Jul 22, 1987"
27 Ashadha 2043,"Jul 23, 1987"
28 Ashadha 2043,"Jul 24, 1987"
29 Ashadha 2043,"Jul 25, 1987"
1 Shravana 2043,"Jul 26, 1987"
2 Shravana 2043,"Jul 27, 1987"
3 Shravana 2043,"Jul 28, 1987"
4 Shravana 2043,"Jul 29, 1987"
5 Shravana 2043,"Jul 30, 1987"
6 Shravana 2043,"Jul 31, 1987"
7 Shravana 2043,"Aug 01, 1987"
8 Shravana 2043,"Aug 02, 1987"
9 Shravana 2043,"Aug 03, 1987"
10 Shravana 2043,"Aug 04, 1987"
11 Shravana 2043,"Aug 05, 1987"
12 Shravana 2043,"Aug 06, 1987"
13 Shravana 2043,"Aug 07, 1987"
14 Shravana 2043,"Aug 08, 1987"
15 Shravana 2043,"Aug 09, 1987"
16 Shravana 2043,"Aug 10, 1987"
17 Shravana 2043,"Aug 11, 1987"
18 Shravana 2043,"Aug 12, 1987"
19 Shravana 2043,"Aug 13, 1987"
20 Shravana 2043,"Aug 14, 1987"
21 Shravana 2043,"Aug 15, 1987"
22 Shravana 2043,"Aug 16, 1987"
23 Shravana 2043,"Aug 17, 1987"
24 Shravana 2043,"Aug 18, 1987"
25 Shravana 2043,"Aug 19, 1987"
26 Shravana 2043,"Aug 20, 1987"
27 Shravana 2043,"Aug 21, 1987"
28 Shravana 2043,"Aug 22, 1987"
29 Shravana 2043,"Aug 23, 1987"
30 Shravana 2043,"Aug 24, 1987"
1 Bhadarvo 2043,"Aug 25, 1987"
2 Bhadarvo 2043,"Aug 26, 1987"
3 Bhadarvo 2043,"Aug 27, 1987"
4 Bhadarvo 2043,"Aug 28, 1987"
5 Bhadarvo 2043,"Aug 29, 1987"
6 Bhadarvo 2043,"Aug 30, 1987"
7 Bhadarvo 2043,"Aug 31, 1987"
8 Bhadarvo 2043,"Sep 01, 1987"
9 Bhadarvo 2043,"Sep 02, 1987"
10 Bhadarvo 2043,"Sep 03, 1987"
11 Bhadarvo 2043,"Sep 04, 1987"
12 Bhadarvo 2043,"Sep 05, 1987"
13 Bhadarvo 2043,"Sep 06, 1987"
14 Bhadarvo 2043,"Sep 07, 1987"
15 Bhadarvo 2043,"Sep 08, 1987"
16 Bhadarvo 2043,"Sep 09, 1987"
17 Bhadarvo 2043,"Sep 10, 1987"
18 Bhadarvo 2043,"Sep 11, 1987"
19 Bhadarvo 2043,"Sep 12, 1987"
20 Bhadarvo 2043,"Sep 13, 1987"
21 Bhadarvo 2043,"Sep 14, 1987"
22 Bhadarvo 2043,"Sep 15, 1987"
23 Bhadarvo 2043,"Sep 16, 1987"
24 Bhadarvo 2043,"Sep 17, 1987"
25 Bhadarvo 2043,"Sep 18, 1987"
26 Bhadarvo 2043,"Sep 19, 1987"
27 Bhadarvo 2043,"Sep 20, 1987"
28 Bhadarvo 2043,"Sep 21, 1987"
29 Bhadarvo 2043,"Sep 22, 1987"
30 Bhadarvo 2043,"Sep 23, 1987"
1 Aaso 2043,"Sep 24, 1987"
2 Aaso 2043,"Sep 25, 1987"
3 Aaso 2043,"Sep 26, 1987"
4 Aaso 2043,"Sep 27, 1987"
5 Aaso 2043,"Sep 28, 1987"
6 Aaso 2043,"Sep 29, 1987"
7 Aaso 2043,"Sep 30, 1987"
8 Aaso 2043,"Oct 01, 1987"
9 Aaso 2043,"Oct 02, 1987"
10 Aaso 2043,"Oct 03, 1987"
11 Aaso 2043,"Oct 04, 1987"
12 Aaso 2043,"Oct 05, 1987"
13 Aaso 2043,"Oct 06, 1987"
14 Aaso 2043,"Oct 07, 1987"
15 Aaso 2043,"Oct 08, 1987"
16 Aaso 2043,"Oct 09, 1987"
17 Aaso 2043,"Oct 10, 1987"
18 Aaso 2043,"Oct 11, 1987"
19 Aaso 2043,"Oct 12, 1987"
20 Aaso 2043,"Oct 13, 1987"
21 Aaso 2043,"Oct 14, 1987"
22 Aaso 2043,"Oct 15, 1987"
23 Aaso 2043,"Oct 16, 1987"
24 Aaso 2043,"Oct 17, 1987"
25 Aaso 2043,"Oct 18, 1987"
26 Aaso 2043,"Oct 19, 1987"
27 Aaso 2043,"Oct 20, 1987"
28 Aaso 2043,"Oct 21, 1987"
29 Aaso 2043,"Oct 22, 1987"
1 Kartak 2043,"Oct 23, 1987"
2 Kartak 2043,"Oct 24, 1987"
3 Kartak 2043,"Oct 25, 1987"
4 Kartak 2043,"Oct 26, 1987"
5 Kartak 2043,"Oct 27, 1987"
6 Kartak 2043,"Oct 28, 1987"
7 Kartak 2043,"Oct 29, 1987"
8 Kartak 2043,"Oct 30, 1987"
9 Kartak 2043,"Oct 31, 1987"
10 Kartak 2043,"Nov 01, 1987"
11 Kartak 2043,"Nov 02, 1987"
12 Kartak 2043,"Nov 03, 1987"
13 Kartak 2043,"Nov 04, 1987"
14 Kartak 2043,"Nov 05, 1987"
15 Kartak 2043,"Nov 06, 1987"
16 Kartak 2043,"Nov 07, 1987"
17 Kartak 2043,"Nov 08, 1987"
18 Kartak 2043,"Nov 09, 1987"
19 Kartak 2043,"Nov 10, 1987"
20 Kartak 2043,"Nov 11, 1987"
21 Kartak 2043,"Nov 12, 1987"
22 Kartak 2043,"Nov 13, 1987"
23 Kartak 2043,"Nov 14, 1987"
24 Kartak 2043,"Nov 15, 1987"
25 Kartak 2043,"Nov 16, 1987"
26 Kartak 2043,"Nov 17, 1987"
27 Kartak 2043,"Nov 18, 1987"
28 Kartak 2043,"Nov 19, 1987"
29 Kartak 2043,"Nov 20, 1987"
30 Kartak 2043,"Nov 21, 1987"
1 Magasar 2043,"Nov 22, 1987"
2 Magasar 2043,"Nov 23, 1987"
3 Magasar 2043,"Nov 24, 1987"
4 Magasar 2043,"Nov 25, 1987"
5 Magasar 2043,"Nov 26, 1987"
6 Magasar 2043,"Nov 27, 1987"
7 Magasar 2043,"Nov 28, 1987"
8 Magasar 2043,"Nov 29, 1987"
9 Magasar 2043,"Nov 30, 1987"
10 Magasar 2043,"Dec 01, 1987"
11 Magasar 2043,"Dec 02, 1987"
12 Magasar 2043,"Dec 03, 1987"
13 Magasar 2043,"Dec 04, 1987"
14 Magasar 2043,"Dec 05, 1987"
15 Magasar 2043,"Dec 06, 1987"
16 Magasar 2043,"Dec 07, 1987"
17 Magasar 2043,"Dec 08, 1987"
18 Magasar 2043,"Dec 09, 1987"
19 Magasar 2043,"Dec 10, 1987"
20 Magasar 2043,"Dec 11, 1987"
21 Magasar 2043,"Dec 12, 1987"
22 Magasar 2043,"Dec 13, 1987"
23 Magasar 2043,"Dec 14, 1987"
24 Magasar 2043,"Dec 15, 1987"
25 Magasar 2043,"Dec 16, 1987"
26 Magasar 2043,"Dec 17, 1987"
27 Magasar 2043,"Dec 18, 1987"
28 Magasar 2043,"Dec 19, 1987"
29 Magasar 2043,"Dec 20, 1987"
1 Posh 2043,"Dec 21, 1987"
2 Posh 2043,"Dec 22, 1987"
3 Posh 2043,"Dec 23, 1987"
4 Posh 2043,"Dec 24, 1987"
5 Posh 2043,"Dec 25, 1987"
6 Posh 2043,"Dec 26, 1987"
7 Posh 2043,"Dec 27, 1987"
8 Posh 2043,"Dec 28, 1987"
9 Posh 2043,"Dec 29, 1987"
10 Posh 2043,"Dec 30, 1987"
11 Posh 2043,"Dec 31, 1987"
12 Posh 2043,"Jan 01, 1988"
13 Posh 2043,"Jan 02, 1988"
14 Posh 2043,"Jan 03, 1988"
15 Posh 2043,"Jan 04, 1988"
16 Posh 2043,"Jan 05, 1988"
17 Posh 2043,"Jan 06, 1988"
18 Posh 2043,"Jan 07, 1988"
19 Posh 2043,"Jan 08, 1988"
20 Posh 2043,"Jan 09, 1988"
21 Posh 2043,"Jan 10, 1988"
22 Posh 2043,"Jan 11, 1988"
23 Posh 2043,"Jan 12, 1988"
24 Posh 2043,"Jan 13, 1988"
25 Posh 2043,"Jan 14, 1988"
26 Posh 2043,"Jan 15, 1988"
27 Posh 2043,"Jan 16, 1988"
28 Posh 2043,"Jan 17, 1988"
29 Posh 2043,"Jan 18, 1988"
30 Posh 2043,"Jan 19, 1988"
1 Maha 2044,"Jan 20, 1988"
2 Maha 2044,"Jan 21, 1988"
3 Maha 2044,"Jan 22, 1988"
4 Maha 2044,"Jan 23, 1988"
5 Maha 2044,"Jan 24, 1988"
6 Maha 2044,"Jan 25, 1988"
7 Maha 2044,"Jan 26, 1988"
8 Maha 2044,"Jan 27, 1988"
9 Maha 2044,"Jan 28, 1988"
10 Maha 2044,"Jan 29, 1988"
11 Maha 2044,"Jan 30, 1988"
12 Maha 2044,"Jan 31, 1988"
13 Maha 2044,"Feb 01, 1988"
14 Maha 2044,"Feb 02, 1988"
15 Maha 2044,"Feb 03, 1988"
16 Maha 2044,"Feb 04, 1988"
17 Maha 2044,"Feb 05, 1988"
18 Maha 2044,"Feb 06, 1988"
19 Maha 2044,"Feb 07, 1988"
20 Maha 2044,"Feb 08, 1988"
21 Maha 2044,"Feb 09, 1988"
22 Maha 2044,"Feb 10, 1988"
23 Maha 2044,"Feb 11, 1988"
24 Maha 2044,"Feb 12, 1988"
25 Maha 2044,"Feb 13, 1988"
26 Maha 2044,"Feb 14, 1988"
27 Maha 2044,"Feb 15, 1988"
28 Maha 2044,"Feb 16, 1988"
29 Maha 2044,"Feb 17, 1988"
1 Phaguna 2044,"Feb 18, 1988"
2 Phaguna 2044,"Feb 19, 1988"
3 Phaguna 2044,"Feb 20, 1988"
4 Phaguna 2044,"Feb 21, 1988"
5 Phaguna 2044,"Feb 22, 1988"
6 Phaguna 2044,"Feb 23, 1988"
7 Phaguna 2044,"Feb 24, 1988"
8 Phaguna 2044,"Feb 25, 1988"
9 Phaguna 2044,"Feb 26, 1988"
10 Phaguna 2044,"Feb 27, 1988"
11 Phaguna 2044,"Feb 28, 1988"
12 Phaguna 2044,"Feb 29, 1988"
13 Phaguna 2044,"Mar 01, 1988"
14 Phaguna 2044,"Mar 02, 1988"
15 Phaguna 2044,"Mar 03, 1988"
16 Phaguna 2044,"Mar 04, 1988"
17 Phaguna 2044,"Mar 05, 1988"
18 Phaguna 2044,"Mar 06, 1988"
19 Phaguna 2044,"Mar 07, 1988"
20 Phaguna 2044,"Mar 08, 1988"
21 Phaguna 2044,"Mar 09, 1988"
22 Phaguna 2044,"Mar 10, 1988"
23 Phaguna 2044,"Mar 11, 1988"
24 Phaguna 2044,"Mar 12, 1988"
25 Phaguna 2044,"Mar 13, 1988"
26 Phaguna 2044,"Mar 14, 1988"
27 Phaguna 2044,"Mar 15, 1988"
28 Phaguna 2044,"Mar 16, 1988"
29 Phaguna 2044,"Mar 17, 1988"
30 Phaguna 2044,"Mar 18, 1988"
1 Chaitra 2044,"Mar 19, 1988"
2 Chaitra 2044,"Mar 20, 1988"
3 Chaitra 2044,"Mar 21, 1988"
4 Chaitra 2044,"Mar 22, 1988"
5 Chaitra 2044,"Mar 23, 1988"
6 Chaitra 2044,"Mar 24, 1988"
7 Chaitra 2044,"Mar 25, 1988"
8 Chaitra 2044,"Mar 26, 1988"
9 Chaitra 2044,"Mar 27, 1988"
10 Chaitra 2044,"Mar 28, 1988"
11 Chaitra 2044,"Mar 29, 1988"
12 Chaitra 2044,"Mar 30, 1988"
13 Chaitra 2044,"Mar 31, 1988"
14 Chaitra 2044,"Apr 01, 1988"
15 Chaitra 2044,"Apr 02, 1988"
16 Chaitra 2044,"Apr 03, 1988"
17 Chaitra 2044,"Apr 04, 1988"
18 Chaitra 2044,"Apr 05, 1988"
19 Chaitra 2044,"Apr 06, 1988"
20 Chaitra 2044,"Apr 07, 1988"
21 Chaitra 2044,"Apr 08, 1988"
22 Chaitra 2044,"Apr 09, 1988"
23 Chaitra 2044,"Apr 10, 1988"
24 Chaitra 2044,"Apr 11, 1988"
25 Chaitra 2044,"Apr 12, 1988"
26 Chaitra 2044,"Apr 13, 1988"
27 Chaitra 2044,"Apr 14, 1988"
28 Chaitra 2044,"Apr 15, 1988"
29 Chaitra 2044,"Apr 16, 1988"
1 Vaishakha 2044,"Apr 17, 1988"
2 Vaishakha 2044,"Apr 18, 1988"
3 Vaishakha 2044,"Apr 19, 1988"
4 Vaishakha 2044,"Apr 20, 1988"
5 Vaishakha 2044,"Apr 21, 1988"
6 Vaishakha 2044,"Apr 22, 1988"
7 Vaishakha 2044,"Apr 23, 1988"
8 Vaishakha 2044,"Apr 24, 1988"
9 Vaishakha 2044,"Apr 25, 1988"
10 Vaishakha 2044,"Apr 26, 1988"
11 Vaishakha 2044,"Apr 27, 1988"
12 Vaishakha 2044,"Apr 28, 1988"
13 Vaishakha 2044,"Apr 29, 1988"
14 Vaishakha 2044,"Apr 30, 1988"
15 Vaishakha 2044,"May 01, 1988"
16 Vaishakha 2044,"May 02, 1988"
17 Vaishakha 2044,"May 03, 1988"
18 Vaishakha 2044,"May 04, 1988"
19 Vaishakha 2044,"May 05, 1988"
20 Vaishakha 2044,"May 06, 1988"
21 Vaishakha 2044,"May 07, 1988"
22 Vaishakha 2044,"May 08, 1988"
23 Vaishakha 2044,"May 09, 1988"
24 Vaishakha 2044,"May 10, 1988"
25 Vaishakha 2044,"May 11, 1988"
26 Vaishakha 2044,"May 12, 1988"
27 Vaishakha 2044,"May 13, 1988"
28 Vaishakha 2044,"May 14, 1988"
29 Vaishakha 2044,"May 15, 1988"
1 Jyeshta_Adhik 2044,"May 16, 1988"
2 Jyeshta_Adhik 2044,"May 17, 1988"
3 Jyeshta_Adhik 2044,"May 18, 1988"
4 Jyeshta_Adhik 2044,"May 19, 1988"
5 Jyeshta_Adhik 2044,"May 20, 1988"
6 Jyeshta_Adhik 2044,"May 21, 1988"
7 Jyeshta_Adhik 2044,"May 22, 1988"
8 Jyeshta_Adhik 2044,"May 23, 1988"
9 Jyeshta_Adhik 2044,"May 24, 1988"
10 Jyeshta_Adhik 2044,"May 25, 1988"
11 Jyeshta_Adhik 2044,"May 26, 1988"
12 Jyeshta_Adhik 2044,"May 27, 1988"
13 Jyeshta_Adhik 2044,"May 28, 1988"
14 Jyeshta_Adhik 2044,"May 29, 1988"
15 Jyeshta_Adhik 2044,"May 30, 1988"
16 Jyeshta_Adhik 2044,"May 31, 1988"
17 Jyeshta_Adhik 2044,"Jun 01, 1988"
18 Jyeshta_Adhik 2044,"Jun 02, 1988"
19 Jyeshta_Adhik 2044,"Jun 03, 1988"
20 Jyeshta_Adhik 2044,"Jun 04, 1988"
21 Jyeshta_Adhik 2044,"Jun 05, 1988"
22 Jyeshta_Adhik 2044,"Jun 06, 1988"
23 Jyeshta_Adhik 2044,"Jun 07, 1988"
24 Jyeshta_Adhik 2044,"Jun 08, 1988"
25 Jyeshta_Adhik 2044,"Jun 09, 1988"
26 Jyeshta_Adhik 2044,"Jun 10, 1988"
27 Jyeshta_Adhik 2044,"Jun 11, 1988"
28 Jyeshta_Adhik 2044,"Jun 12, 1988"
29 Jyeshta_Adhik 2044,"Jun 13, 1988"
30 Jyeshta_Adhik 2044,"Jun 14, 1988"
1 Jyeshta 2044,"Jun 15, 1988"
2 Jyeshta 2044,"Jun 16, 1988"
3 Jyeshta 2044,"Jun 17, 1988"
4 Jyeshta 2044,"Jun 18, 1988"
5 Jyeshta 2044,"Jun 19, 1988"
6 Jyeshta 2044,"Jun 20, 1988"
7 Jyeshta 2044,"Jun 21, 1988"
8 Jyeshta 2044,"Jun 22, 1988"
9 Jyeshta 2044,"Jun 23, 1988"
10 Jyeshta 2044,"Jun 24, 1988"
11 Jyeshta 2044,"Jun 25, 1988"
12 Jyeshta 2044,"Jun 26, 1988"
13 Jyeshta 2044,"Jun 27, 1988"
14 Jyeshta 2044,"Jun 28, 1988"
15 Jyeshta 2044,"Jun 29, 1988"
16 Jyeshta 2044,"Jun 30, 1988"
17 Jyeshta 2044,"Jul 01, 1988"
18 Jyeshta 2044,"Jul 02, 1988"
19 Jyeshta 2044,"Jul 03, 1988"
20 Jyeshta 2044,"Jul 04, 1988"
21 Jyeshta 2044,"Jul 05, 1988"
22 Jyeshta 2044,"Jul 06, 1988"
23 Jyeshta 2044,"Jul 07, 1988"
24 Jyeshta 2044,"Jul 08, 1988"
25 Jyeshta 2044,"Jul 09, 1988"
26 Jyeshta 2044,"Jul 10, 1988"
27 Jyeshta 2044,"Jul 11, 1988"
28 Jyeshta 2044,"Jul 12, 1988"
29 Jyeshta 2044,"Jul 13, 1988"
1 Ashadha 2044,"Jul 14, 1988"
2 Ashadha 2044,"Jul 15, 1988"
3 Ashadha 2044,"Jul 16, 1988"
4 Ashadha 2044,"Jul 17, 1988"
5 Ashadha 2044,"Jul 18, 1988"
6 Ashadha 2044,"Jul 19, 1988"
7 Ashadha 2044,"Jul 20, 1988"
8 Ashadha 2044,"Jul 21, 1988"
9 Ashadha 2044,"Jul 22, 1988"
10 Ashadha 2044,"Jul 23, 1988"
11 Ashadha 2044,"Jul 24, 1988"
12 Ashadha 2044,"Jul 25, 1988"
13 Ashadha 2044,"Jul 26, 1988"
14 Ashadha 2044,"Jul 27, 1988"
15 Ashadha 2044,"Jul 28, 1988"
16 Ashadha 2044,"Jul 29, 1988"
17 Ashadha 2044,"Jul 30, 1988"
18 Ashadha 2044,"Jul 31, 1988"
19 Ashadha 2044,"Aug 01, 1988"
20 Ashadha 2044,"Aug 02, 1988"
21 Ashadha 2044,"Aug 03, 1988"
22 Ashadha 2044,"Aug 04, 1988"
23 Ashadha 2044,"Aug 05, 1988"
24 Ashadha 2044,"Aug 06, 1988"
25 Ashadha 2044,"Aug 07, 1988"
26 Ashadha 2044,"Aug 08, 1988"
27 Ashadha 2044,"Aug 09, 1988"
28 Ashadha 2044,"Aug 10, 1988"
29 Ashadha 2044,"Aug 11, 1988"
30 Ashadha 2044,"Aug 12, 1988"
1 Shravana 2044,"Aug 13, 1988"
2 Shravana 2044,"Aug 14, 1988"
3 Shravana 2044,"Aug 15, 1988"
4 Shravana 2044,"Aug 16, 1988"
5 Shravana 2044,"Aug 17, 1988"
6 Shravana 2044,"Aug 18, 1988"
7 Shravana 2044,"Aug 19, 1988"
8 Shravana 2044,"Aug 20, 1988"
9 Shravana 2044,"Aug 21, 1988"
10 Shravana 2044,"Aug 22, 1988"
11 Shravana 2044,"Aug 23, 1988"
12 Shravana 2044,"Aug 24, 1988"
13 Shravana 2044,"Aug 25, 1988"
14 Shravana 2044,"Aug 26, 1988"
15 Shravana 2044,"Aug 27, 1988"
16 Shravana 2044,"Aug 28, 1988"
17 Shravana 2044,"Aug 29, 1988"
18 Shravana 2044,"Aug 30, 1988"
19 Shravana 2044,"Aug 31, 1988"
20 Shravana 2044,"Sep 01, 1988"
21 Shravana 2044,"Sep 02, 1988"
22 Shravana 2044,"Sep 03, 1988"
23 Shravana 2044,"Sep 04, 1988"
24 Shravana 2044,"Sep 05, 1988"
25 Shravana 2044,"Sep 06, 1988"
26 Shravana 2044,"Sep 07, 1988"
27 Shravana 2044,"Sep 08, 1988"
28 Shravana 2044,"Sep 09, 1988"
29 Shravana 2044,"Sep 10, 1988"
30 Shravana 2044,"Sep 11, 1988"
1 Bhadarvo 2044,"Sep 12, 1988"
2 Bhadarvo 2044,"Sep 13, 1988"
3 Bhadarvo 2044,"Sep 14, 1988"
4 Bhadarvo 2044,"Sep 15, 1988"
5 Bhadarvo 2044,"Sep 16, 1988"
6 Bhadarvo 2044,"Sep 17, 1988"
7 Bhadarvo 2044,"Sep 18, 1988"
8 Bhadarvo 2044,"Sep 19, 1988"
9 Bhadarvo 2044,"Sep 20, 1988"
10 Bhadarvo 2044,"Sep 21, 1988"
11 Bhadarvo 2044,"Sep 22, 1988"
12 Bhadarvo 2044,"Sep 23, 1988"
13 Bhadarvo 2044,"Sep 24, 1988"
14 Bhadarvo 2044,"Sep 25, 1988"
15 Bhadarvo 2044,"Sep 26, 1988"
16 Bhadarvo 2044,"Sep 27, 1988"
17 Bhadarvo 2044,"Sep 28, 1988"
18 Bhadarvo 2044,"Sep 29, 1988"
19 Bhadarvo 2044,"Sep 30, 1988"
20 Bhadarvo 2044,"Oct 01, 1988"
21 Bhadarvo 2044,"Oct 02, 1988"
22 Bhadarvo 2044,"Oct 03, 1988"
23 Bhadarvo 2044,"Oct 04, 1988"
24 Bhadarvo 2044,"Oct 05, 1988"
25 Bhadarvo 2044,"Oct 06, 1988"
26 Bhadarvo 2044,"Oct 07, 1988"
27 Bhadarvo 2044,"Oct 08, 1988"
28 Bhadarvo 2044,"Oct 09, 1988"
29 Bhadarvo 2044,"Oct 10, 1988"
1 Aaso 2044,"Oct 11, 1988"
2 Aaso 2044,"Oct 12, 1988"
3 Aaso 2044,"Oct 13, 1988"
4 Aaso 2044,"Oct 14, 1988"
5 Aaso 2044,"Oct 15, 1988"
6 Aaso 2044,"Oct 16, 1988"
7 Aaso 2044,"Oct 17, 1988"
8 Aaso 2044,"Oct 18, 1988"
9 Aaso 2044,"Oct 19, 1988"
10 Aaso 2044,"Oct 20, 1988"
11 Aaso 2044,"Oct 21, 1988"
12 Aaso 2044,"Oct 22, 1988"
13 Aaso 2044,"Oct 23, 1988"
14 Aaso 2044,"Oct 24, 1988"
15 Aaso 2044,"Oct 25, 1988"
16 Aaso 2044,"Oct 26, 1988"
17 Aaso 2044,"Oct 27, 1988"
18 Aaso 2044,"Oct 28, 1988"
19 Aaso 2044,"Oct 29, 1988"
20 Aaso 2044,"Oct 30, 1988"
21 Aaso 2044,"Oct 31, 1988"
22 Aaso 2044,"Nov 01, 1988"
23 Aaso 2044,"Nov 02, 1988"
24 Aaso 2044,"Nov 03, 1988"
25 Aaso 2044,"Nov 04, 1988"
26 Aaso 2044,"Nov 05, 1988"
27 Aaso 2044,"Nov 06, 1988"
28 Aaso 2044,"Nov 07, 1988"
29 Aaso 2044,"Nov 08, 1988"
30 Aaso 2044,"Nov 09, 1988"
1 Kartak 2044,"Nov 10, 1988"
2 Kartak 2044,"Nov 11, 1988"
3 Kartak 2044,"Nov 12, 1988"
4 Kartak 2044,"Nov 13, 1988"
5 Kartak 2044,"Nov 14, 1988"
6 Kartak 2044,"Nov 15, 1988"
7 Kartak 2044,"Nov 16, 1988"
8 Kartak 2044,"Nov 17, 1988"
9 Kartak 2044,"Nov 18, 1988"
10 Kartak 2044,"Nov 19, 1988"
11 Kartak 2044,"Nov 20, 1988"
12 Kartak 2044,"Nov 21, 1988"
13 Kartak 2044,"Nov 22, 1988"
14 Kartak 2044,"Nov 23, 1988"
15 Kartak 2044,"Nov 24, 1988"
16 Kartak 2044,"Nov 25, 1988"
17 Kartak 2044,"Nov 26, 1988"
18 Kartak 2044,"Nov 27, 1988"
19 Kartak 2044,"Nov 28, 1988"
20 Kartak 2044,"Nov 29, 1988"
21 Kartak 2044,"Nov 30, 1988"
22 Kartak 2044,"Dec 01, 1988"
23 Kartak 2044,"Dec 02, 1988"
24 Kartak 2044,"Dec 03, 1988"
25 Kartak 2044,"Dec 04, 1988"
26 Kartak 2044,"Dec 05, 1988"
27 Kartak 2044,"Dec 06, 1988"
28 Kartak 2044,"Dec 07, 1988"
29 Kartak 2044,"Dec 08, 1988"
30 Kartak 2044,"Dec 09, 1988"
1 Magasar 2044,"Dec 10, 1988"
2 Magasar 2044,"Dec 11, 1988"
3 Magasar 2044,"Dec 12, 1988"
4 Magasar 2044,"Dec 13, 1988"
5 Magasar 2044,"Dec 14, 1988"
6 Magasar 2044,"Dec 15, 1988"
7 Magasar 2044,"Dec 16, 1988"
8 Magasar 2044,"Dec 17, 1988"
9 Magasar 2044,"Dec 18, 1988"
10 Magasar 2044,"Dec 19, 1988"
11 Magasar 2044,"Dec 20, 1988"
12 Magasar 2044,"Dec 21, 1988"
13 Magasar 2044,"Dec 22, 1988"
14 Magasar 2044,"Dec 23, 1988"
15 Magasar 2044,"Dec 24, 1988"
16 Magasar 2044,"Dec 25, 1988"
17 Magasar 2044,"Dec 26, 1988"
18 Magasar 2044,"Dec 27, 1988"
19 Magasar 2044,"Dec 28, 1988"
20 Magasar 2044,"Dec 29, 1988"
21 Magasar 2044,"Dec 30, 1988"
22 Magasar 2044,"Dec 31, 1988"
23 Magasar 2044,"Jan 01, 1989"
24 Magasar 2044,"Jan 02, 1989"
25 Magasar 2044,"Jan 03, 1989"
26 Magasar 2044,"Jan 04, 1989"
27 Magasar 2044,"Jan 05, 1989"
28 Magasar 2044,"Jan 06, 1989"
29 Magasar 2044,"Jan 07, 1989"
1 Posh 2045,"Jan 08, 1989"
2 Posh 2045,"Jan 09, 1989"
3 Posh 2045,"Jan 10, 1989"
4 Posh 2045,"Jan 11, 1989"
5 Posh 2045,"Jan 12, 1989"
6 Posh 2045,"Jan 13, 1989"
7 Posh 2045,"Jan 14, 1989"
8 Posh 2045,"Jan 15, 1989"
9 Posh 2045,"Jan 16, 1989"
10 Posh 2045,"Jan 17, 1989"
11 Posh 2045,"Jan 18, 1989"
12 Posh 2045,"Jan 19, 1989"
13 Posh 2045,"Jan 20, 1989"
14 Posh 2045,"Jan 21, 1989"
15 Posh 2045,"Jan 22, 1989"
16 Posh 2045,"Jan 23, 1989"
17 Posh 2045,"Jan 24, 1989"
18 Posh 2045,"Jan 25, 1989"
19 Posh 2045,"Jan 26, 1989"
20 Posh 2045,"Jan 27, 1989"
21 Posh 2045,"Jan 28, 1989"
22 Posh 2045,"Jan 29, 1989"
23 Posh 2045,"Jan 30, 1989"
24 Posh 2045,"Jan 31, 1989"
25 Posh 2045,"Feb 01, 1989"
26 Posh 2045,"Feb 02, 1989"
27 Posh 2045,"Feb 03, 1989"
28 Posh 2045,"Feb 04, 1989"
29 Posh 2045,"Feb 05, 1989"
30 Posh 2045,"Feb 06, 1989"
1 Maha 2045,"Feb 07, 1989"
2 Maha 2045,"Feb 08, 1989"
3 Maha 2045,"Feb 09, 1989"
4 Maha 2045,"Feb 10, 1989"
5 Maha 2045,"Feb 11, 1989"
6 Maha 2045,"Feb 12, 1989"
7 Maha 2045,"Feb 13, 1989"
8 Maha 2045,"Feb 14, 1989"
9 Maha 2045,"Feb 15, 1989"
10 Maha 2045,"Feb 16, 1989"
11 Maha 2045,"Feb 17, 1989"
12 Maha 2045,"Feb 18, 1989"
13 Maha 2045,"Feb 19, 1989"
14 Maha 2045,"Feb 20, 1989"
15 Maha 2045,"Feb 21, 1989"
16 Maha 2045,"Feb 22, 1989"
17 Maha 2045,"Feb 23, 1989"
18 Maha 2045,"Feb 24, 1989"
19 Maha 2045,"Feb 25, 1989"
20 Maha 2045,"Feb 26, 1989"
21 Maha 2045,"Feb 27, 1989"
22 Maha 2045,"Feb 28, 1989"
23 Maha 2045,"Mar 01, 1989"
24 Maha 2045,"Mar 02, 1989"
25 Maha 2045,"Mar 03, 1989"
26 Maha 2045,"Mar 04, 1989"
27 Maha 2045,"Mar 05, 1989"
28 Maha 2045,"Mar 06, 1989"
29 Maha 2045,"Mar 07, 1989"
1 Phaguna 2045,"Mar 08, 1989"
2 Phaguna 2045,"Mar 09, 1989"
3 Phaguna 2045,"Mar 10, 1989"
4 Phaguna 2045,"Mar 11, 1989"
5 Phaguna 2045,"Mar 12, 1989"
6 Phaguna 2045,"Mar 13, 1989"
7 Phaguna 2045,"Mar 14, 1989"
8 Phaguna 2045,"Mar 15, 1989"
9 Phaguna 2045,"Mar 16, 1989"
10 Phaguna 2045,"Mar 17, 1989"
11 Phaguna 2045,"Mar 18, 1989"
12 Phaguna 2045,"Mar 19, 1989"
13 Phaguna 2045,"Mar 20, 1989"
14 Phaguna 2045,"Mar 21, 1989"
15 Phaguna 2045,"Mar 22, 1989"
16 Phaguna 2045,"Mar 23, 1989"
17 Phaguna 2045,"Mar 24, 1989"
18 Phaguna 2045,"Mar 25, 1989"
19 Phaguna 2045,"Mar 26, 1989"
20 Phaguna 2045,"Mar 27, 1989"
21 Phaguna 2045,"Mar 28, 1989"
22 Phaguna 2045,"Mar 29, 1989"
23 Phaguna 2045,"Mar 30, 1989"
24 Phaguna 2045,"Mar 31, 1989"
25 Phaguna 2045,"Apr 01, 1989"
26 Phaguna 2045,"Apr 02, 1989"
27 Phaguna 2045,"Apr 03, 1989"
28 Phaguna 2045,"Apr 04, 1989"
29 Phaguna 2045,"Apr 05, 1989"
30 Phaguna 2045,"Apr 06, 1989"
1 Chaitra 2045,"Apr 07, 1989"
2 Chaitra 2045,"Apr 08, 1989"
3 Chaitra 2045,"Apr 09, 1989"
4 Chaitra 2045,"Apr 10, 1989"
5 Chaitra 2045,"Apr 11, 1989"
6 Chaitra 2045,"Apr 12, 1989"
7 Chaitra 2045,"Apr 13, 1989"
8 Chaitra 2045,"Apr 14, 1989"
9 Chaitra 2045,"Apr 15, 1989"
10 Chaitra 2045,"Apr 16, 1989"
11 Chaitra 2045,"Apr 17, 1989"
12 Chaitra 2045,"Apr 18, 1989"
13 Chaitra 2045,"Apr 19, 1989"
14 Chaitra 2045,"Apr 20, 1989"
15 Chaitra 2045,"Apr 21, 1989"
16 Chaitra 2045,"Apr 22, 1989"
17 Chaitra 2045,"Apr 23, 1989"
18 Chaitra 2045,"Apr 24, 1989"
19 Chaitra 2045,"Apr 25, 1989"
20 Chaitra 2045,"Apr 26, 1989"
21 Chaitra 2045,"Apr 27, 1989"
22 Chaitra 2045,"Apr 28, 1989"
23 Chaitra 2045,"Apr 29, 1989"
24 Chaitra 2045,"Apr 30, 1989"
25 Chaitra 2045,"May 01, 1989"
26 Chaitra 2045,"May 02, 1989"
27 Chaitra 2045,"May 03, 1989"
28 Chaitra 2045,"May 04, 1989"
29 Chaitra 2045,"May 05, 1989"
1 Vaishakha 2045,"May 06, 1989"
2 Vaishakha 2045,"May 07, 1989"
3 Vaishakha 2045,"May 08, 1989"
4 Vaishakha 2045,"May 09, 1989"
5 Vaishakha 2045,"May 10, 1989"
6 Vaishakha 2045,"May 11, 1989"
7 Vaishakha 2045,"May 12, 1989"
8 Vaishakha 2045,"May 13, 1989"
9 Vaishakha 2045,"May 14, 1989"
10 Vaishakha 2045,"May 15, 1989"
11 Vaishakha 2045,"May 16, 1989"
12 Vaishakha 2045,"May 17, 1989"
13 Vaishakha 2045,"May 18, 1989"
14 Vaishakha 2045,"May 19, 1989"
15 Vaishakha 2045,"May 20, 1989"
16 Vaishakha 2045,"May 21, 1989"
17 Vaishakha 2045,"May 22, 1989"
18 Vaishakha 2045,"May 23, 1989"
19 Vaishakha 2045,"May 24, 1989"
20 Vaishakha 2045,"May 25, 1989"
21 Vaishakha 2045,"May 26, 1989"
22 Vaishakha 2045,"May 27, 1989"
23 Vaishakha 2045,"May 28, 1989"
24 Vaishakha 2045,"May 29, 1989"
25 Vaishakha 2045,"May 30, 1989"
26 Vaishakha 2045,"May 31, 1989"
27 Vaishakha 2045,"Jun 01, 1989"
28 Vaishakha 2045,"Jun 02, 1989"
29 Vaishakha 2045,"Jun 03, 1989"
1 Jyeshta 2045,"Jun 04, 1989"
2 Jyeshta 2045,"Jun 05, 1989"
3 Jyeshta 2045,"Jun 06, 1989"
4 Jyeshta 2045,"Jun 07, 1989"
5 Jyeshta 2045,"Jun 08, 1989"
6 Jyeshta 2045,"Jun 09, 1989"
7 Jyeshta 2045,"Jun 10, 1989"
8 Jyeshta 2045,"Jun 11, 1989"
9 Jyeshta 2045,"Jun 12, 1989"
10 Jyeshta 2045,"Jun 13, 1989"
11 Jyeshta 2045,"Jun 14, 1989"
12 Jyeshta 2045,"Jun 15, 1989"
13 Jyeshta 2045,"Jun 16, 1989"
14 Jyeshta 2045,"Jun 17, 1989"
15 Jyeshta 2045,"Jun 18, 1989"
16 Jyeshta 2045,"Jun 19, 1989"
17 Jyeshta 2045,"Jun 20, 1989"
18 Jyeshta 2045,"Jun 21, 1989"
19 Jyeshta 2045,"Jun 22, 1989"
20 Jyeshta 2045,"Jun 23, 1989"
21 Jyeshta 2045,"Jun 24, 1989"
22 Jyeshta 2045,"Jun 25, 1989"
23 Jyeshta 2045,"Jun 26, 1989"
24 Jyeshta 2045,"Jun 27, 1989"
25 Jyeshta 2045,"Jun 28, 1989"
26 Jyeshta 2045,"Jun 29, 1989"
27 Jyeshta 2045,"Jun 30, 1989"
28 Jyeshta 2045,"Jul 01, 1989"
29 Jyeshta 2045,"Jul 02, 1989"
30 Jyeshta 2045,"Jul 03, 1989"
1 Ashadha 2045,"Jul 04, 1989"
2 Ashadha 2045,"Jul 05, 1989"
3 Ashadha 2045,"Jul 06, 1989"
4 Ashadha 2045,"Jul 07, 1989"
5 Ashadha 2045,"Jul 08, 1989"
6 Ashadha 2045,"Jul 09, 1989"
7 Ashadha 2045,"Jul 10, 1989"
8 Ashadha 2045,"Jul 11, 1989"
9 Ashadha 2045,"Jul 12, 1989"
10 Ashadha 2045,"Jul 13, 1989"
11 Ashadha 2045,"Jul 14, 1989"
12 Ashadha 2045,"Jul 15, 1989"
13 Ashadha 2045,"Jul 16, 1989"
14 Ashadha 2045,"Jul 17, 1989"
15 Ashadha 2045,"Jul 18, 1989"
16 Ashadha 2045,"Jul 19, 1989"
17 Ashadha 2045,"Jul 20, 1989"
18 Ashadha 2045,"Jul 21, 1989"
19 Ashadha 2045,"Jul 22, 1989"
20 Ashadha 2045,"Jul 23, 1989"
21 Ashadha 2045,"Jul 24, 1989"
22 Ashadha 2045,"Jul 25, 1989"
23 Ashadha 2045,"Jul 26, 1989"
24 Ashadha 2045,"Jul 27, 1989"
25 Ashadha 2045,"Jul 28, 1989"
26 Ashadha 2045,"Jul 29, 1989"
27 Ashadha 2045,"Jul 30, 1989"
28 Ashadha 2045,"Jul 31, 1989"
29 Ashadha 2045,"Aug 01, 1989"
1 Shravana 2045,"Aug 02, 1989"
2 Shravana 2045,"Aug 03, 1989"
3 Shravana 2045,"Aug 04, 1989"
4 Shravana 2045,"Aug 05, 1989"
5 Shravana 2045,"Aug 06, 1989"
6 Shravana 2045,"Aug 07, 1989"
7 Shravana 2045,"Aug 08, 1989"
8 Shravana 2045,"Aug 09, 1989"
9 Shravana 2045,"Aug 10, 1989"
10 Shravana 2045,"Aug 11, 1989"
11 Shravana 2045,"Aug 12, 1989"
12 Shravana 2045,"Aug 13, 1989"
13 Shravana 2045,"Aug 14, 1989"
14 Shravana 2045,"Aug 15, 1989"
15 Shravana 2045,"Aug 16, 1989"
16 Shravana 2045,"Aug 17, 1989"
17 Shravana 2045,"Aug 18, 1989"
18 Shravana 2045,"Aug 19, 1989"
19 Shravana 2045,"Aug 20, 1989"
20 Shravana 2045,"Aug 21, 1989"
21 Shravana 2045,"Aug 22, 1989"
22 Shravana 2045,"Aug 23, 1989"
23 Shravana 2045,"Aug 24, 1989"
24 Shravana 2045,"Aug 25, 1989"
25 Shravana 2045,"Aug 26, 1989"
26 Shravana 2045,"Aug 27, 1989"
27 Shravana 2045,"Aug 28, 1989"
28 Shravana 2045,"Aug 29, 1989"
29 Shravana 2045,"Aug 30, 1989"
30 Shravana 2045,"Aug 31, 1989"
1 Bhadarvo 2045,"Sep 01, 1989"
2 Bhadarvo 2045,"Sep 02, 1989"
3 Bhadarvo 2045,"Sep 03, 1989"
4 Bhadarvo 2045,"Sep 04, 1989"
5 Bhadarvo 2045,"Sep 05, 1989"
6 Bhadarvo 2045,"Sep 06, 1989"
7 Bhadarvo 2045,"Sep 07, 1989"
8 Bhadarvo 2045,"Sep 08, 1989"
9 Bhadarvo 2045,"Sep 09, 1989"
10 Bhadarvo 2045,"Sep 10, 1989"
11 Bhadarvo 2045,"Sep 11, 1989"
12 Bhadarvo 2045,"Sep 12, 1989"
13 Bhadarvo 2045,"Sep 13, 1989"
14 Bhadarvo 2045,"Sep 14, 1989"
15 Bhadarvo 2045,"Sep 15, 1989"
16 Bhadarvo 2045,"Sep 16, 1989"
17 Bhadarvo 2045,"Sep 17, 1989"
18 Bhadarvo 2045,"Sep 18, 1989"
19 Bhadarvo 2045,"Sep 19, 1989"
20 Bhadarvo 2045,"Sep 20, 1989"
21 Bhadarvo 2045,"Sep 21, 1989"
22 Bhadarvo 2045,"Sep 22, 1989"
23 Bhadarvo 2045,"Sep 23, 1989"
24 Bhadarvo 2045,"Sep 24, 1989"
25 Bhadarvo 2045,"Sep 25, 1989"
26 Bhadarvo 2045,"Sep 26, 1989"
27 Bhadarvo 2045,"Sep 27, 1989"
28 Bhadarvo 2045,"Sep 28, 1989"
29 Bhadarvo 2045,"Sep 29, 1989"
1 Aaso 2045,"Sep 30, 1989"
2 Aaso 2045,"Oct 01, 1989"
3 Aaso 2045,"Oct 02, 1989"
4 Aaso 2045,"Oct 03, 1989"
5 Aaso 2045,"Oct 04, 1989"
6 Aaso 2045,"Oct 05, 1989"
7 Aaso 2045,"Oct 06, 1989"
8 Aaso 2045,"Oct 07, 1989"
9 Aaso 2045,"Oct 08, 1989"
10 Aaso 2045,"Oct 09, 1989"
11 Aaso 2045,"Oct 10, 1989"
12 Aaso 2045,"Oct 11, 1989"
13 Aaso 2045,"Oct 12, 1989"
14 Aaso 2045,"Oct 13, 1989"
15 Aaso 2045,"Oct 14, 1989"
16 Aaso 2045,"Oct 15, 1989"
17 Aaso 2045,"Oct 16, 1989"
18 Aaso 2045,"Oct 17, 1989"
19 Aaso 2045,"Oct 18, 1989"
20 Aaso 2045,"Oct 19, 1989"
21 Aaso 2045,"Oct 20, 1989"
22 Aaso 2045,"Oct 21, 1989"
23 Aaso 2045,"Oct 22, 1989"
24 Aaso 2045,"Oct 23, 1989"
25 Aaso 2045,"Oct 24, 1989"
26 Aaso 2045,"Oct 25, 1989"
27 Aaso 2045,"Oct 26, 1989"
28 Aaso 2045,"Oct 27, 1989"
29 Aaso 2045,"Oct 28, 1989"
30 Aaso 2045,"Oct 29, 1989"
1 Kartak 2045,"Oct 30, 1989"
2 Kartak 2045,"Oct 31, 1989"
3 Kartak 2045,"Nov 01, 1989"
4 Kartak 2045,"Nov 02, 1989"
5 Kartak 2045,"Nov 03, 1989"
6 Kartak 2045,"Nov 04, 1989"
7 Kartak 2045,"Nov 05, 1989"
8 Kartak 2045,"Nov 06, 1989"
9 Kartak 2045,"Nov 07, 1989"
10 Kartak 2045,"Nov 08, 1989"
11 Kartak 2045,"Nov 09, 1989"
12 Kartak 2045,"Nov 10, 1989"
13 Kartak 2045,"Nov 11, 1989"
14 Kartak 2045,"Nov 12, 1989"
15 Kartak 2045,"Nov 13, 1989"
16 Kartak 2045,"Nov 14, 1989"
17 Kartak 2045,"Nov 15, 1989"
18 Kartak 2045,"Nov 16, 1989"
19 Kartak 2045,"Nov 17, 1989"
20 Kartak 2045,"Nov 18, 1989"
21 Kartak 2045,"Nov 19, 1989"
22 Kartak 2045,"Nov 20, 1989"
23 Kartak 2045,"Nov 21, 1989"
24 Kartak 2045,"Nov 22, 1989"
25 Kartak 2045,"Nov 23, 1989"
26 Kartak 2045,"Nov 24, 1989"
27 Kartak 2045,"Nov 25, 1989"
28 Kartak 2045,"Nov 26, 1989"
29 Kartak 2045,"Nov 27, 1989"
30 Kartak 2045,"Nov 28, 1989"
1 Magasar 2045,"Nov 29, 1989"
2 Magasar 2045,"Nov 30, 1989"
3 Magasar 2045,"Dec 01, 1989"
4 Magasar 2045,"Dec 02, 1989"
5 Magasar 2045,"Dec 03, 1989"
6 Magasar 2045,"Dec 04, 1989"
7 Magasar 2045,"Dec 05, 1989"
8 Magasar 2045,"Dec 06, 1989"
9 Magasar 2045,"Dec 07, 1989"
10 Magasar 2045,"Dec 08, 1989"
11 Magasar 2045,"Dec 09, 1989"
12 Magasar 2045,"Dec 10, 1989"
13 Magasar 2045,"Dec 11, 1989"
14 Magasar 2045,"Dec 12, 1989"
15 Magasar 2045,"Dec 13, 1989"
16 Magasar 2045,"Dec 14, 1989"
17 Magasar 2045,"Dec 15, 1989"
18 Magasar 2045,"Dec 16, 1989"
19 Magasar 2045,"Dec 17, 1989"
20 Magasar 2045,"Dec 18, 1989"
21 Magasar 2045,"Dec 19, 1989"
22 Magasar 2045,"Dec 20, 1989"
23 Magasar 2045,"Dec 21, 1989"
24 Magasar 2045,"Dec 22, 1989"
25 Magasar 2045,"Dec 23, 1989"
26 Magasar 2045,"Dec 24, 1989"
27 Magasar 2045,"Dec 25, 1989"
28 Magasar 2045,"Dec 26, 1989"
29 Magasar 2045,"Dec 27, 1989"
30 Magasar 2045,"Dec 28, 1989"
1 Posh 2045,"Dec 29, 1989"
2 Posh 2045,"Dec 30, 1989"
3 Posh 2045,"Dec 31, 1989"
4 Posh 2045,"Jan 01, 1990"
5 Posh 2045,"Jan 02, 1990"
6 Posh 2045,"Jan 03, 1990"
7 Posh 2045,"Jan 04, 1990"
8 Posh 2045,"Jan 05, 1990"
9 Posh 2045,"Jan 06, 1990"
10 Posh 2045,"Jan 07, 1990"
11 Posh 2045,"Jan 08, 1990"
12 Posh 2045,"Jan 09, 1990"
13 Posh 2045,"Jan 10, 1990"
14 Posh 2045,"Jan 11, 1990"
15 Posh 2045,"Jan 12, 1990"
16 Posh 2045,"Jan 13, 1990"
17 Posh 2045,"Jan 14, 1990"
18 Posh 2045,"Jan 15, 1990"
19 Posh 2045,"Jan 16, 1990"
20 Posh 2045,"Jan 17, 1990"
21 Posh 2045,"Jan 18, 1990"
22 Posh 2045,"Jan 19, 1990"
23 Posh 2045,"Jan 20, 1990"
24 Posh 2045,"Jan 21, 1990"
25 Posh 2045,"Jan 22, 1990"
26 Posh 2045,"Jan 23, 1990"
27 Posh 2045,"Jan 24, 1990"
28 Posh 2045,"Jan 25, 1990"
29 Posh 2045,"Jan 26, 1990"
1 Maha 2046,"Jan 27, 1990"
2 Maha 2046,"Jan 28, 1990"
3 Maha 2046,"Jan 29, 1990"
4 Maha 2046,"Jan 30, 1990"
5 Maha 2046,"Jan 31, 1990"
6 Maha 2046,"Feb 01, 1990"
7 Maha 2046,"Feb 02, 1990"
8 Maha 2046,"Feb 03, 1990"
9 Maha 2046,"Feb 04, 1990"
10 Maha 2046,"Feb 05, 1990"
11 Maha 2046,"Feb 06, 1990"
12 Maha 2046,"Feb 07, 1990"
13 Maha 2046,"Feb 08, 1990"
14 Maha 2046,"Feb 09, 1990"
15 Maha 2046,"Feb 10, 1990"
16 Maha 2046,"Feb 11, 1990"
17 Maha 2046,"Feb 12, 1990"
18 Maha 2046,"Feb 13, 1990"
19 Maha 2046,"Feb 14, 1990"
20 Maha 2046,"Feb 15, 1990"
21 Maha 2046,"Feb 16, 1990"
22 Maha 2046,"Feb 17, 1990"
23 Maha 2046,"Feb 18, 1990"
24 Maha 2046,"Feb 19, 1990"
25 Maha 2046,"Feb 20, 1990"
26 Maha 2046,"Feb 21, 1990"
27 Maha 2046,"Feb 22, 1990"
28 Maha 2046,"Feb 23, 1990"
29 Maha 2046,"Feb 24, 1990"
30 Maha 2046,"Feb 25, 1990"
1 Phaguna 2046,"Feb 26, 1990"
2 Phaguna 2046,"Feb 27, 1990"
3 Phaguna 2046,"Feb 28, 1990"
4 Phaguna 2046,"Mar 01, 1990"
5 Phaguna 2046,"Mar 02, 1990"
6 Phaguna 2046,"Mar 03, 1990"
7 Phaguna 2046,"Mar 04, 1990"
8 Phaguna 2046,"Mar 05, 1990"
9 Phaguna 2046,"Mar 06, 1990"
10 Phaguna 2046,"Mar 07, 1990"
11 Phaguna 2046,"Mar 08, 1990"
12 Phaguna 2046,"Mar 09, 1990"
13 Phaguna 2046,"Mar 10, 1990"
14 Phaguna 2046,"Mar 11, 1990"
15 Phaguna 2046,"Mar 12, 1990"
16 Phaguna 2046,"Mar 13, 1990"
17 Phaguna 2046,"Mar 14, 1990"
18 Phaguna 2046,"Mar 15, 1990"
19 Phaguna 2046,"Mar 16, 1990"
20 Phaguna 2046,"Mar 17, 1990"
21 Phaguna 2046,"Mar 18, 1990"
22 Phaguna 2046,"Mar 19, 1990"
23 Phaguna 2046,"Mar 20, 1990"
24 Phaguna 2046,"Mar 21, 1990"
25 Phaguna 2046,"Mar 22, 1990"
26 Phaguna 2046,"Mar 23, 1990"
27 Phaguna 2046,"Mar 24, 1990"
28 Phaguna 2046,"Mar 25, 1990"
29 Phaguna 2046,"Mar 26, 1990"
1 Chaitra 2046,"Mar 27, 1990"
2 Chaitra 2046,"Mar 28, 1990"
3 Chaitra 2046,"Mar 29, 1990"
4 Chaitra 2046,"Mar 30, 1990"
5 Chaitra 2046,"Mar 31, 1990"
6 Chaitra 2046,"Apr 01, 1990"
7 Chaitra 2046,"Apr 02, 1990"
8 Chaitra 2046,"Apr 03, 1990"
9 Chaitra 2046,"Apr 04, 1990"
10 Chaitra 2046,"Apr 05, 1990"
11 Chaitra 2046,"Apr 06, 1990"
12 Chaitra 2046,"Apr 07, 1990"
13 Chaitra 2046,"Apr 08, 1990"
14 Chaitra 2046,"Apr 09, 1990"
15 Chaitra 2046,"Apr 10, 1990"
16 Chaitra 2046,"Apr 11, 1990"
17 Chaitra 2046,"Apr 12, 1990"
18 Chaitra 2046,"Apr 13, 1990"
19 Chaitra 2046,"Apr 14, 1990"
20 Chaitra 2046,"Apr 15, 1990"
21 Chaitra 2046,"Apr 16, 1990"
22 Chaitra 2046,"Apr 17, 1990"
23 Chaitra 2046,"Apr 18, 1990"
24 Chaitra 2046,"Apr 19, 1990"
25 Chaitra 2046,"Apr 20, 1990"
26 Chaitra 2046,"Apr 21, 1990"
27 Chaitra 2046,"Apr 22, 1990"
28 Chaitra 2046,"Apr 23, 1990"
29 Chaitra 2046,"Apr 24, 1990"
30 Chaitra 2046,"Apr 25, 1990"
1 Vaishakha 2046,"Apr 26, 1990"
2 Vaishakha 2046,"Apr 27, 1990"
3 Vaishakha 2046,"Apr 28, 1990"
4 Vaishakha 2046,"Apr 29, 1990"
5 Vaishakha 2046,"Apr 30, 1990"
6 Vaishakha 2046,"May 01, 1990"
7 Vaishakha 2046,"May 02, 1990"
8 Vaishakha 2046,"May 03, 1990"
9 Vaishakha 2046,"May 04, 1990"
10 Vaishakha 2046,"May 05, 1990"
11 Vaishakha 2046,"May 06, 1990"
12 Vaishakha 2046,"May 07, 1990"
13 Vaishakha 2046,"May 08, 1990"
14 Vaishakha 2046,"May 09, 1990"
15 Vaishakha 2046,"May 10, 1990"
16 Vaishakha 2046,"May 11, 1990"
17 Vaishakha 2046,"May 12, 1990"
18 Vaishakha 2046,"May 13, 1990"
19 Vaishakha 2046,"May 14, 1990"
20 Vaishakha 2046,"May 15, 1990"
21 Vaishakha 2046,"May 16, 1990"
22 Vaishakha 2046,"May 17, 1990"
23 Vaishakha 2046,"May 18, 1990"
24 Vaishakha 2046,"May 19, 1990"
25 Vaishakha 2046,"May 20, 1990"
26 Vaishakha 2046,"May 21, 1990"
27 Vaishakha 2046,"May 22, 1990"
28 Vaishakha 2046,"May 23, 1990"
29 Vaishakha 2046,"May 24, 1990"
1 Jyeshta 2046,"May 25, 1990"
2 Jyeshta 2046,"May 26, 1990"
3 Jyeshta 2046,"May 27, 1990"
4 Jyeshta 2046,"May 28, 1990"
5 Jyeshta 2046,"May 29, 1990"
6 Jyeshta 2046,"May 30, 1990"
7 Jyeshta 2046,"May 31, 1990"
8 Jyeshta 2046,"Jun 01, 1990"
9 Jyeshta 2046,"Jun 02, 1990"
10 Jyeshta 2046,"Jun 03, 1990"
11 Jyeshta 2046,"Jun 04, 1990"
12 Jyeshta 2046,"Jun 05, 1990"
13 Jyeshta 2046,"Jun 06, 1990"
14 Jyeshta 2046,"Jun 07, 1990"
15 Jyeshta 2046,"Jun 08, 1990"
16 Jyeshta 2046,"Jun 09, 1990"
17 Jyeshta 2046,"Jun 10, 1990"
18 Jyeshta 2046,"Jun 11, 1990"
19 Jyeshta 2046,"Jun 12, 1990"
20 Jyeshta 2046,"Jun 13, 1990"
21 Jyeshta 2046,"Jun 14, 1990"
22 Jyeshta 2046,"Jun 15, 1990"
23 Jyeshta 2046,"Jun 16, 1990"
24 Jyeshta 2046,"Jun 17, 1990"
25 Jyeshta 2046,"Jun 18, 1990"
26 Jyeshta 2046,"Jun 19, 1990"
27 Jyeshta 2046,"Jun 20, 1990"
28 Jyeshta 2046,"Jun 21, 1990"
29 Jyeshta 2046,"Jun 22, 1990"
1 Ashadha 2046,"Jun 23, 1990"
2 Ashadha 2046,"Jun 24, 1990"
3 Ashadha 2046,"Jun 25, 1990"
4 Ashadha 2046,"Jun 26, 1990"
5 Ashadha 2046,"Jun 27, 1990"
6 Ashadha 2046,"Jun 28, 1990"
7 Ashadha 2046,"Jun 29, 1990"
8 Ashadha 2046,"Jun 30, 1990"
9 Ashadha 2046,"Jul 01, 1990"
10 Ashadha 2046,"Jul 02, 1990"
11 Ashadha 2046,"Jul 03, 1990"
12 Ashadha 2046,"Jul 04, 1990"
13 Ashadha 2046,"Jul 05, 1990"
14 Ashadha 2046,"Jul 06, 1990"
15 Ashadha 2046,"Jul 07, 1990"
16 Ashadha 2046,"Jul 08, 1990"
17 Ashadha 2046,"Jul 09, 1990"
18 Ashadha 2046,"Jul 10, 1990"
19 Ashadha 2046,"Jul 11, 1990"
20 Ashadha 2046,"Jul 12, 1990"
21 Ashadha 2046,"Jul 13, 1990"
22 Ashadha 2046,"Jul 14, 1990"
23 Ashadha 2046,"Jul 15, 1990"
24 Ashadha 2046,"Jul 16, 1990"
25 Ashadha 2046,"Jul 17, 1990"
26 Ashadha 2046,"Jul 18, 1990"
27 Ashadha 2046,"Jul 19, 1990"
28 Ashadha 2046,"Jul 20, 1990"
29 Ashadha 2046,"Jul 21, 1990"
30 Ashadha 2046,"Jul 22, 1990"
1 Shravana 2046,"Jul 23, 1990"
2 Shravana 2046,"Jul 24, 1990"
3 Shravana 2046,"Jul 25, 1990"
4 Shravana 2046,"Jul 26, 1990"
5 Shravana 2046,"Jul 27, 1990"
6 Shravana 2046,"Jul 28, 1990"
7 Shravana 2046,"Jul 29, 1990"
8 Shravana 2046,"Jul 30, 1990"
9 Shravana 2046,"Jul 31, 1990"
10 Shravana 2046,"Aug 01, 1990"
11 Shravana 2046,"Aug 02, 1990"
12 Shravana 2046,"Aug 03, 1990"
13 Shravana 2046,"Aug 04, 1990"
14 Shravana 2046,"Aug 05, 1990"
15 Shravana 2046,"Aug 06, 1990"
16 Shravana 2046,"Aug 07, 1990"
17 Shravana 2046,"Aug 08, 1990"
18 Shravana 2046,"Aug 09, 1990"
19 Shravana 2046,"Aug 10, 1990"
20 Shravana 2046,"Aug 11, 1990"
21 Shravana 2046,"Aug 12, 1990"
22 Shravana 2046,"Aug 13, 1990"
23 Shravana 2046,"Aug 14, 1990"
24 Shravana 2046,"Aug 15, 1990"
25 Shravana 2046,"Aug 16, 1990"
26 Shravana 2046,"Aug 17, 1990"
27 Shravana 2046,"Aug 18, 1990"
28 Shravana 2046,"Aug 19, 1990"
29 Shravana 2046,"Aug 20, 1990"
1 Bhadarvo 2046,"Aug 21, 1990"
2 Bhadarvo 2046,"Aug 22, 1990"
3 Bhadarvo 2046,"Aug 23, 1990"
4 Bhadarvo 2046,"Aug 24, 1990"
5 Bhadarvo 2046,"Aug 25, 1990"
6 Bhadarvo 2046,"Aug 26, 1990"
7 Bhadarvo 2046,"Aug 27, 1990"
8 Bhadarvo 2046,"Aug 28, 1990"
9 Bhadarvo 2046,"Aug 29, 1990"
10 Bhadarvo 2046,"Aug 30, 1990"
11 Bhadarvo 2046,"Aug 31, 1990"
12 Bhadarvo 2046,"Sep 01, 1990"
13 Bhadarvo 2046,"Sep 02, 1990"
14 Bhadarvo 2046,"Sep 03, 1990"
15 Bhadarvo 2046,"Sep 04, 1990"
16 Bhadarvo 2046,"Sep 05, 1990"
17 Bhadarvo 2046,"Sep 06, 1990"
18 Bhadarvo 2046,"Sep 07, 1990"
19 Bhadarvo 2046,"Sep 08, 1990"
20 Bhadarvo 2046,"Sep 09, 1990"
21 Bhadarvo 2046,"Sep 10, 1990"
22 Bhadarvo 2046,"Sep 11, 1990"
23 Bhadarvo 2046,"Sep 12, 1990"
24 Bhadarvo 2046,"Sep 13, 1990"
25 Bhadarvo 2046,"Sep 14, 1990"
26 Bhadarvo 2046,"Sep 15, 1990"
27 Bhadarvo 2046,"Sep 16, 1990"
28 Bhadarvo 2046,"Sep 17, 1990"
29 Bhadarvo 2046,"Sep 18, 1990"
1 Aaso 2046,"Sep 19, 1990"
2 Aaso 2046,"Sep 20, 1990"
3 Aaso 2046,"Sep 21, 1990"
4 Aaso 2046,"Sep 22, 1990"
5 Aaso 2046,"Sep 23, 1990"
6 Aaso 2046,"Sep 24, 1990"
7 Aaso 2046,"Sep 25, 1990"
8 Aaso 2046,"Sep 26, 1990"
9 Aaso 2046,"Sep 27, 1990"
10 Aaso 2046,"Sep 28, 1990"
11 Aaso 2046,"Sep 29, 1990"
12 Aaso 2046,"Sep 30, 1990"
13 Aaso 2046,"Oct 01, 1990"
14 Aaso 2046,"Oct 02, 1990"
15 Aaso 2046,"Oct 03, 1990"
16 Aaso 2046,"Oct 04, 1990"
17 Aaso 2046,"Oct 05, 1990"
18 Aaso 2046,"Oct 06, 1990"
19 Aaso 2046,"Oct 07, 1990"
20 Aaso 2046,"Oct 08, 1990"
21 Aaso 2046,"Oct 09, 1990"
22 Aaso 2046,"Oct 10, 1990"
23 Aaso 2046,"Oct 11, 1990"
24 Aaso 2046,"Oct 12, 1990"
25 Aaso 2046,"Oct 13, 1990"
26 Aaso 2046,"Oct 14, 1990"
27 Aaso 2046,"Oct 15, 1990"
28 Aaso 2046,"Oct 16, 1990"
29 Aaso 2046,"Oct 17, 1990"
30 Aaso 2046,"Oct 18, 1990"
1 Kartak 2046,"Oct 19, 1990"
2 Kartak 2046,"Oct 20, 1990"
3 Kartak 2046,"Oct 21, 1990"
4 Kartak 2046,"Oct 22, 1990"
5 Kartak 2046,"Oct 23, 1990"
6 Kartak 2046,"Oct 24, 1990"
7 Kartak 2046,"Oct 25, 1990"
8 Kartak 2046,"Oct 26, 1990"
9 Kartak 2046,"Oct 27, 1990"
10 Kartak 2046,"Oct 28, 1990"
11 Kartak 2046,"Oct 29, 1990"
12 Kartak 2046,"Oct 30, 1990"
13 Kartak 2046,"Oct 31, 1990"
14 Kartak 2046,"Nov 01, 1990"
15 Kartak 2046,"Nov 02, 1990"
16 Kartak 2046,"Nov 03, 1990"
17 Kartak 2046,"Nov 04, 1990"
18 Kartak 2046,"Nov 05, 1990"
19 Kartak 2046,"Nov 06, 1990"
20 Kartak 2046,"Nov 07, 1990"
21 Kartak 2046,"Nov 08, 1990"
22 Kartak 2046,"Nov 09, 1990"
23 Kartak 2046,"Nov 10, 1990"
24 Kartak 2046,"Nov 11, 1990"
25 Kartak 2046,"Nov 12, 1990"
26 Kartak 2046,"Nov 13, 1990"
27 Kartak 2046,"Nov 14, 1990"
28 Kartak 2046,"Nov 15, 1990"
29 Kartak 2046,"Nov 16, 1990"
30 Kartak 2046,"Nov 17, 1990"
1 Magasar 2046,"Nov 18, 1990"
2 Magasar 2046,"Nov 19, 1990"
3 Magasar 2046,"Nov 20, 1990"
4 Magasar 2046,"Nov 21, 1990"
5 Magasar 2046,"Nov 22, 1990"
6 Magasar 2046,"Nov 23, 1990"
7 Magasar 2046,"Nov 24, 1990"
8 Magasar 2046,"Nov 25, 1990"
9 Magasar 2046,"Nov 26, 1990"
10 Magasar 2046,"Nov 27, 1990"
11 Magasar 2046,"Nov 28, 1990"
12 Magasar 2046,"Nov 29, 1990"
13 Magasar 2046,"Nov 30, 1990"
14 Magasar 2046,"Dec 01, 1990"
15 Magasar 2046,"Dec 02, 1990"
16 Magasar 2046,"Dec 03, 1990"
17 Magasar 2046,"Dec 04, 1990"
18 Magasar 2046,"Dec 05, 1990"
19 Magasar 2046,"Dec 06, 1990"
20 Magasar 2046,"Dec 07, 1990"
21 Magasar 2046,"Dec 08, 1990"
22 Magasar 2046,"Dec 09, 1990"
23 Magasar 2046,"Dec 10, 1990"
24 Magasar 2046,"Dec 11, 1990"
25 Magasar 2046,"Dec 12, 1990"
26 Magasar 2046,"Dec 13, 1990"
27 Magasar 2046,"Dec 14, 1990"
28 Magasar 2046,"Dec 15, 1990"
29 Magasar 2046,"Dec 16, 1990"
30 Magasar 2046,"Dec 17, 1990"
1 Posh 2046,"Dec 18, 1990"
2 Posh 2046,"Dec 19, 1990"
3 Posh 2046,"Dec 20, 1990"
4 Posh 2046,"Dec 21, 1990"
5 Posh 2046,"Dec 22, 1990"
6 Posh 2046,"Dec 23, 1990"
7 Posh 2046,"Dec 24, 1990"
8 Posh 2046,"Dec 25, 1990"
9 Posh 2046,"Dec 26, 1990"
10 Posh 2046,"Dec 27, 1990"
11 Posh 2046,"Dec 28, 1990"
12 Posh 2046,"Dec 29, 1990"
13 Posh 2046,"Dec 30, 1990"
14 Posh 2046,"Dec 31, 1990"
15 Posh 2046,"Jan 01, 1991"
16 Posh 2046,"Jan 02, 1991"
17 Posh 2046,"Jan 03, 1991"
18 Posh 2046,"Jan 04, 1991"
19 Posh 2046,"Jan 05, 1991"
20 Posh 2046,"Jan 06, 1991"
21 Posh 2046,"Jan 07, 1991"
22 Posh 2046,"Jan 08, 1991"
23 Posh 2046,"Jan 09, 1991"
24 Posh 2046,"Jan 10, 1991"
25 Posh 2046,"Jan 11, 1991"
26 Posh 2046,"Jan 12, 1991"
27 Posh 2046,"Jan 13, 1991"
28 Posh 2046,"Jan 14, 1991"
29 Posh 2046,"Jan 15, 1991"
1 Maha 2047,"Jan 16, 1991"
2 Maha 2047,"Jan 17, 1991"
3 Maha 2047,"Jan 18, 1991"
4 Maha 2047,"Jan 19, 1991"
5 Maha 2047,"Jan 20, 1991"
6 Maha 2047,"Jan 21, 1991"
7 Maha 2047,"Jan 22, 1991"
8 Maha 2047,"Jan 23, 1991"
9 Maha 2047,"Jan 24, 1991"
10 Maha 2047,"Jan 25, 1991"
11 Maha 2047,"Jan 26, 1991"
12 Maha 2047,"Jan 27, 1991"
13 Maha 2047,"Jan 28, 1991"
14 Maha 2047,"Jan 29, 1991"
15 Maha 2047,"Jan 30, 1991"
16 Maha 2047,"Jan 31, 1991"
17 Maha 2047,"Feb 01, 1991"
18 Maha 2047,"Feb 02, 1991"
19 Maha 2047,"Feb 03, 1991"
20 Maha 2047,"Feb 04, 1991"
21 Maha 2047,"Feb 05, 1991"
22 Maha 2047,"Feb 06, 1991"
23 Maha 2047,"Feb 07, 1991"
24 Maha 2047,"Feb 08, 1991"
25 Maha 2047,"Feb 09, 1991"
26 Maha 2047,"Feb 10, 1991"
27 Maha 2047,"Feb 11, 1991"
28 Maha 2047,"Feb 12, 1991"
29 Maha 2047,"Feb 13, 1991"
30 Maha 2047,"Feb 14, 1991"
1 Phaguna 2047,"Feb 15, 1991"
2 Phaguna 2047,"Feb 16, 1991"
3 Phaguna 2047,"Feb 17, 1991"
4 Phaguna 2047,"Feb 18, 1991"
5 Phaguna 2047,"Feb 19, 1991"
6 Phaguna 2047,"Feb 20, 1991"
7 Phaguna 2047,"Feb 21, 1991"
8 Phaguna 2047,"Feb 22, 1991"
9 Phaguna 2047,"Feb 23, 1991"
10 Phaguna 2047,"Feb 24, 1991"
11 Phaguna 2047,"Feb 25, 1991"
12 Phaguna 2047,"Feb 26, 1991"
13 Phaguna 2047,"Feb 27, 1991"
14 Phaguna 2047,"Feb 28, 1991"
15 Phaguna 2047,"Mar 01, 1991"
16 Phaguna 2047,"Mar 02, 1991"
17 Phaguna 2047,"Mar 03, 1991"
18 Phaguna 2047,"Mar 04, 1991"
19 Phaguna 2047,"Mar 05, 1991"
20 Phaguna 2047,"Mar 06, 1991"
21 Phaguna 2047,"Mar 07, 1991"
22 Phaguna 2047,"Mar 08, 1991"
23 Phaguna 2047,"Mar 09, 1991"
24 Phaguna 2047,"Mar 10, 1991"
25 Phaguna 2047,"Mar 11, 1991"
26 Phaguna 2047,"Mar 12, 1991"
27 Phaguna 2047,"Mar 13, 1991"
28 Phaguna 2047,"Mar 14, 1991"
29 Phaguna 2047,"Mar 15, 1991"
30 Phaguna 2047,"Mar 16, 1991"
1 Chaitra 2047,"Mar 17, 1991"
2 Chaitra 2047,"Mar 18, 1991"
3 Chaitra 2047,"Mar 19, 1991"
4 Chaitra 2047,"Mar 20, 1991"
5 Chaitra 2047,"Mar 21, 1991"
6 Chaitra 2047,"Mar 22, 1991"
7 Chaitra 2047,"Mar 23, 1991"
8 Chaitra 2047,"Mar 24, 1991"
9 Chaitra 2047,"Mar 25, 1991"
10 Chaitra 2047,"Mar 26, 1991"
11 Chaitra 2047,"Mar 27, 1991"
12 Chaitra 2047,"Mar 28, 1991"
13 Chaitra 2047,"Mar 29, 1991"
14 Chaitra 2047,"Mar 30, 1991"
15 Chaitra 2047,"Mar 31, 1991"
16 Chaitra 2047,"Apr 01, 1991"
17 Chaitra 2047,"Apr 02, 1991"
18 Chaitra 2047,"Apr 03, 1991"
19 Chaitra 2047,"Apr 04, 1991"
20 Chaitra 2047,"Apr 05, 1991"
21 Chaitra 2047,"Apr 06, 1991"
22 Chaitra 2047,"Apr 07, 1991"
23 Chaitra 2047,"Apr 08, 1991"
24 Chaitra 2047,"Apr 09, 1991"
25 Chaitra 2047,"Apr 10, 1991"
26 Chaitra 2047,"Apr 11, 1991"
27 Chaitra 2047,"Apr 12, 1991"
28 Chaitra 2047,"Apr 13, 1991"
29 Chaitra 2047,"Apr 14, 1991"
1 Vaishakha_Adhik 2047,"Apr 15, 1991"
2 Vaishakha_Adhik 2047,"Apr 16, 1991"
3 Vaishakha_Adhik 2047,"Apr 17, 1991"
4 Vaishakha_Adhik 2047,"Apr 18, 1991"
5 Vaishakha_Adhik 2047,"Apr 19, 1991"
6 Vaishakha_Adhik 2047,"Apr 20, 1991"
7 Vaishakha_Adhik 2047,"Apr 21, 1991"
8 Vaishakha_Adhik 2047,"Apr 22, 1991"
9 Vaishakha_Adhik 2047,"Apr 23, 1991"
10 Vaishakha_Adhik 2047,"Apr 24, 1991"
11 Vaishakha_Adhik 2047,"Apr 25, 1991"
12 Vaishakha_Adhik 2047,"Apr 26, 1991"
13 Vaishakha_Adhik 2047,"Apr 27, 1991"
14 Vaishakha_Adhik 2047,"Apr 28, 1991"
15 Vaishakha_Adhik 2047,"Apr 29, 1991"
16 Vaishakha_Adhik 2047,"Apr 30, 1991"
17 Vaishakha_Adhik 2047,"May 01, 1991"
18 Vaishakha_Adhik 2047,"May 02, 1991"
19 Vaishakha_Adhik 2047,"May 03, 1991"
20 Vaishakha_Adhik 2047,"May 04, 1991"
21 Vaishakha_Adhik 2047,"May 05, 1991"
22 Vaishakha_Adhik 2047,"May 06, 1991"
23 Vaishakha_Adhik 2047,"May 07, 1991"
24 Vaishakha_Adhik 2047,"May 08, 1991"
25 Vaishakha_Adhik 2047,"May 09, 1991"
26 Vaishakha_Adhik 2047,"May 10, 1991"
27 Vaishakha_Adhik 2047,"May 11, 1991"
28 Vaishakha_Adhik 2047,"May 12, 1991"
29 Vaishakha_Adhik 2047,"May 13, 1991"
30 Vaishakha_Adhik 2047,"May 14, 1991"
1 Vaishakha 2047,"May 15, 1991"
2 Vaishakha 2047,"May 16, 1991"
3 Vaishakha 2047,"May 17, 1991"
4 Vaishakha 2047,"May 18, 1991"
5 Vaishakha 2047,"May 19, 1991"
6 Vaishakha 2047,"May 20, 1991"
7 Vaishakha 2047,"May 21, 1991"
8 Vaishakha 2047,"May 22, 1991"
9 Vaishakha 2047,"May 23, 1991"
10 Vaishakha 2047,"May 24, 1991"
11 Vaishakha 2047,"May 25, 1991"
12 Vaishakha 2047,"May 26, 1991"
13 Vaishakha 2047,"May 27, 1991"
14 Vaishakha 2047,"May 28, 1991"
15 Vaishakha 2047,"May 29, 1991"
16 Vaishakha 2047,"May 30, 1991"
17 Vaishakha 2047,"May 31, 1991"
18 Vaishakha 2047,"Jun 01, 1991"
19 Vaishakha 2047,"Jun 02, 1991"
20 Vaishakha 2047,"Jun 03, 1991"
21 Vaishakha 2047,"Jun 04, 1991"
22 Vaishakha 2047,"Jun 05, 1991"
23 Vaishakha 2047,"Jun 06, 1991"
24 Vaishakha 2047,"Jun 07, 1991"
25 Vaishakha 2047,"Jun 08, 1991"
26 Vaishakha 2047,"Jun 09, 1991"
27 Vaishakha 2047,"Jun 10, 1991"
28 Vaishakha 2047,"Jun 11, 1991"
29 Vaishakha 2047,"Jun 12, 1991"
1 Jyeshta 2047,"Jun 13, 1991"
2 Jyeshta 2047,"Jun 14, 1991"
3 Jyeshta 2047,"Jun 15, 1991"
4 Jyeshta 2047,"Jun 16, 1991"
5 Jyeshta 2047,"Jun 17, 1991"
6 Jyeshta 2047,"Jun 18, 1991"
7 Jyeshta 2047,"Jun 19, 1991"
8 Jyeshta 2047,"Jun 20, 1991"
9 Jyeshta 2047,"Jun 21, 1991"
10 Jyeshta 2047,"Jun 22, 1991"
11 Jyeshta 2047,"Jun 23, 1991"
12 Jyeshta 2047,"Jun 24, 1991"
13 Jyeshta 2047,"Jun 25, 1991"
14 Jyeshta 2047,"Jun 26, 1991"
15 Jyeshta 2047,"Jun 27, 1991"
16 Jyeshta 2047,"Jun 28, 1991"
17 Jyeshta 2047,"Jun 29, 1991"
18 Jyeshta 2047,"Jun 30, 1991"
19 Jyeshta 2047,"Jul 01, 1991"
20 Jyeshta 2047,"Jul 02, 1991"
21 Jyeshta 2047,"Jul 03, 1991"
22 Jyeshta 2047,"Jul 04, 1991"
23 Jyeshta 2047,"Jul 05, 1991"
24 Jyeshta 2047,"Jul 06, 1991"
25 Jyeshta 2047,"Jul 07, 1991"
26 Jyeshta 2047,"Jul 08, 1991"
27 Jyeshta 2047,"Jul 09, 1991"
28 Jyeshta 2047,"Jul 10, 1991"
29 Jyeshta 2047,"Jul 11, 1991"
1 Ashadha 2047,"Jul 12, 1991"
2 Ashadha 2047,"Jul 13, 1991"
3 Ashadha 2047,"Jul 14, 1991"
4 Ashadha 2047,"Jul 15, 1991"
5 Ashadha 2047,"Jul 16, 1991"
6 Ashadha 2047,"Jul 17, 1991"
7 Ashadha 2047,"Jul 18, 1991"
8 Ashadha 2047,"Jul 19, 1991"
9 Ashadha 2047,"Jul 20, 1991"
10 Ashadha 2047,"Jul 21, 1991"
11 Ashadha 2047,"Jul 22, 1991"
12 Ashadha 2047,"Jul 23, 1991"
13 Ashadha 2047,"Jul 24, 1991"
14 Ashadha 2047,"Jul 25, 1991"
15 Ashadha 2047,"Jul 26, 1991"
16 Ashadha 2047,"Jul 27, 1991"
17 Ashadha 2047,"Jul 28, 1991"
18 Ashadha 2047,"Jul 29, 1991"
19 Ashadha 2047,"Jul 30, 1991"
20 Ashadha 2047,"Jul 31, 1991"
21 Ashadha 2047,"Aug 01, 1991"
22 Ashadha 2047,"Aug 02, 1991"
23 Ashadha 2047,"Aug 03, 1991"
24 Ashadha 2047,"Aug 04, 1991"
25 Ashadha 2047,"Aug 05, 1991"
26 Ashadha 2047,"Aug 06, 1991"
27 Ashadha 2047,"Aug 07, 1991"
28 Ashadha 2047,"Aug 08, 1991"
29 Ashadha 2047,"Aug 09, 1991"
30 Ashadha 2047,"Aug 10, 1991"
1 Shravana 2047,"Aug 11, 1991"
2 Shravana 2047,"Aug 12, 1991"
3 Shravana 2047,"Aug 13, 1991"
4 Shravana 2047,"Aug 14, 1991"
5 Shravana 2047,"Aug 15, 1991"
6 Shravana 2047,"Aug 16, 1991"
7 Shravana 2047,"Aug 17, 1991"
8 Shravana 2047,"Aug 18, 1991"
9 Shravana 2047,"Aug 19, 1991"
10 Shravana 2047,"Aug 20, 1991"
11 Shravana 2047,"Aug 21, 1991"
12 Shravana 2047,"Aug 22, 1991"
13 Shravana 2047,"Aug 23, 1991"
14 Shravana 2047,"Aug 24, 1991"
15 Shravana 2047,"Aug 25, 1991"
16 Shravana 2047,"Aug 26, 1991"
17 Shravana 2047,"Aug 27, 1991"
18 Shravana 2047,"Aug 28, 1991"
19 Shravana 2047,"Aug 29, 1991"
20 Shravana 2047,"Aug 30, 1991"
21 Shravana 2047,"Aug 31, 1991"
22 Shravana 2047,"Sep 01, 1991"
23 Shravana 2047,"Sep 02, 1991"
24 Shravana 2047,"Sep 03, 1991"
25 Shravana 2047,"Sep 04, 1991"
26 Shravana 2047,"Sep 05, 1991"
27 Shravana 2047,"Sep 06, 1991"
28 Shravana 2047,"Sep 07, 1991"
29 Shravana 2047,"Sep 08, 1991"
1 Bhadarvo 2047,"Sep 09, 1991"
2 Bhadarvo 2047,"Sep 10, 1991"
3 Bhadarvo 2047,"Sep 11, 1991"
4 Bhadarvo 2047,"Sep 12, 1991"
5 Bhadarvo 2047,"Sep 13, 1991"
6 Bhadarvo 2047,"Sep 14, 1991"
7 Bhadarvo 2047,"Sep 15, 1991"
8 Bhadarvo 2047,"Sep 16, 1991"
9 Bhadarvo 2047,"Sep 17, 1991"
10 Bhadarvo 2047,"Sep 18, 1991"
11 Bhadarvo 2047,"Sep 19, 1991"
12 Bhadarvo 2047,"Sep 20, 1991"
13 Bhadarvo 2047,"Sep 21, 1991"
14 Bhadarvo 2047,"Sep 22, 1991"
15 Bhadarvo 2047,"Sep 23, 1991"
16 Bhadarvo 2047,"Sep 24, 1991"
17 Bhadarvo 2047,"Sep 25, 1991"
18 Bhadarvo 2047,"Sep 26, 1991"
19 Bhadarvo 2047,"Sep 27, 1991"
20 Bhadarvo 2047,"Sep 28, 1991"
21 Bhadarvo 2047,"Sep 29, 1991"
22 Bhadarvo 2047,"Sep 30, 1991"
23 Bhadarvo 2047,"Oct 01, 1991"
24 Bhadarvo 2047,"Oct 02, 1991"
25 Bhadarvo 2047,"Oct 03, 1991"
26 Bhadarvo 2047,"Oct 04, 1991"
27 Bhadarvo 2047,"Oct 05, 1991"
28 Bhadarvo 2047,"Oct 06, 1991"
29 Bhadarvo 2047,"Oct 07, 1991"
1 Aaso 2047,"Oct 08, 1991"
2 Aaso 2047,"Oct 09, 1991"
3 Aaso 2047,"Oct 10, 1991"
4 Aaso 2047,"Oct 11, 1991"
5 Aaso 2047,"Oct 12, 1991"
6 Aaso 2047,"Oct 13, 1991"
7 Aaso 2047,"Oct 14, 1991"
8 Aaso 2047,"Oct 15, 1991"
9 Aaso 2047,"Oct 16, 1991"
10 Aaso 2047,"Oct 17, 1991"
11 Aaso 2047,"Oct 18, 1991"
12 Aaso 2047,"Oct 19, 1991"
13 Aaso 2047,"Oct 20, 1991"
14 Aaso 2047,"Oct 21, 1991"
15 Aaso 2047,"Oct 22, 1991"
16 Aaso 2047,"Oct 23, 1991"
17 Aaso 2047,"Oct 24, 1991"
18 Aaso 2047,"Oct 25, 1991"
19 Aaso 2047,"Oct 26, 1991"
20 Aaso 2047,"Oct 27, 1991"
21 Aaso 2047,"Oct 28, 1991"
22 Aaso 2047,"Oct 29, 1991"
23 Aaso 2047,"Oct 30, 1991"
24 Aaso 2047,"Oct 31, 1991"
25 Aaso 2047,"Nov 01, 1991"
26 Aaso 2047,"Nov 02, 1991"
27 Aaso 2047,"Nov 03, 1991"
28 Aaso 2047,"Nov 04, 1991"
29 Aaso 2047,"Nov 05, 1991"
30 Aaso 2047,"Nov 06, 1991"
1 Kartak 2047,"Nov 07, 1991"
2 Kartak 2047,"Nov 08, 1991"
3 Kartak 2047,"Nov 09, 1991"
4 Kartak 2047,"Nov 10, 1991"
5 Kartak 2047,"Nov 11, 1991"
6 Kartak 2047,"Nov 12, 1991"
7 Kartak 2047,"Nov 13, 1991"
8 Kartak 2047,"Nov 14, 1991"
9 Kartak 2047,"Nov 15, 1991"
10 Kartak 2047,"Nov 16, 1991"
11 Kartak 2047,"Nov 17, 1991"
12 Kartak 2047,"Nov 18, 1991"
13 Kartak 2047,"Nov 19, 1991"
14 Kartak 2047,"Nov 20, 1991"
15 Kartak 2047,"Nov 21, 1991"
16 Kartak 2047,"Nov 22, 1991"
17 Kartak 2047,"Nov 23, 1991"
18 Kartak 2047,"Nov 24, 1991"
19 Kartak 2047,"Nov 25, 1991"
20 Kartak 2047,"Nov 26, 1991"
21 Kartak 2047,"Nov 27, 1991"
22 Kartak 2047,"Nov 28, 1991"
23 Kartak 2047,"Nov 29, 1991"
24 Kartak 2047,"Nov 30, 1991"
25 Kartak 2047,"Dec 01, 1991"
26 Kartak 2047,"Dec 02, 1991"
27 Kartak 2047,"Dec 03, 1991"
28 Kartak 2047,"Dec 04, 1991"
29 Kartak 2047,"Dec 05, 1991"
30 Kartak 2047,"Dec 06, 1991"
1 Magasar 2047,"Dec 07, 1991"
2 Magasar 2047,"Dec 08, 1991"
3 Magasar 2047,"Dec 09, 1991"
4 Magasar 2047,"Dec 10, 1991"
5 Magasar 2047,"Dec 11, 1991"
6 Magasar 2047,"Dec 12, 1991"
7 Magasar 2047,"Dec 13, 1991"
8 Magasar 2047,"Dec 14, 1991"
9 Magasar 2047,"Dec 15, 1991"
10 Magasar 2047,"Dec 16, 1991"
11 Magasar 2047,"Dec 17, 1991"
12 Magasar 2047,"Dec 18, 1991"
13 Magasar 2047,"Dec 19, 1991"
14 Magasar 2047,"Dec 20, 1991"
15 Magasar 2047,"Dec 21, 1991"
16 Magasar 2047,"Dec 22, 1991"
17 Magasar 2047,"Dec 23, 1991"
18 Magasar 2047,"Dec 24, 1991"
19 Magasar 2047,"Dec 25, 1991"
20 Magasar 2047,"Dec 26, 1991"
21 Magasar 2047,"Dec 27, 1991"
22 Magasar 2047,"Dec 28, 1991"
23 Magasar 2047,"Dec 29, 1991"
24 Magasar 2047,"Dec 30, 1991"
25 Magasar 2047,"Dec 31, 1991"
26 Magasar 2047,"Jan 01, 1992"
27 Magasar 2047,"Jan 02, 1992"
28 Magasar 2047,"Jan 03, 1992"
29 Magasar 2047,"Jan 04, 1992"
1 Posh 2048,"Jan 05, 1992"
2 Posh 2048,"Jan 06, 1992"
3 Posh 2048,"Jan 07, 1992"
4 Posh 2048,"Jan 08, 1992"
5 Posh 2048,"Jan 09, 1992"
6 Posh 2048,"Jan 10, 1992"
7 Posh 2048,"Jan 11, 1992"
8 Posh 2048,"Jan 12, 1992"
9 Posh 2048,"Jan 13, 1992"
10 Posh 2048,"Jan 14, 1992"
11 Posh 2048,"Jan 15, 1992"
12 Posh 2048,"Jan 16, 1992"
13 Posh 2048,"Jan 17, 1992"
14 Posh 2048,"Jan 18, 1992"
15 Posh 2048,"Jan 19, 1992"
16 Posh 2048,"Jan 20, 1992"
17 Posh 2048,"Jan 21, 1992"
18 Posh 2048,"Jan 22, 1992"
19 Posh 2048,"Jan 23, 1992"
20 Posh 2048,"Jan 24, 1992"
21 Posh 2048,"Jan 25, 1992"
22 Posh 2048,"Jan 26, 1992"
23 Posh 2048,"Jan 27, 1992"
24 Posh 2048,"Jan 28, 1992"
25 Posh 2048,"Jan 29, 1992"
26 Posh 2048,"Jan 30, 1992"
27 Posh 2048,"Jan 31, 1992"
28 Posh 2048,"Feb 01, 1992"
29 Posh 2048,"Feb 02, 1992"
30 Posh 2048,"Feb 03, 1992"
1 Maha 2048,"Feb 04, 1992"
2 Maha 2048,"Feb 05, 1992"
3 Maha 2048,"Feb 06, 1992"
4 Maha 2048,"Feb 07, 1992"
5 Maha 2048,"Feb 08, 1992"
6 Maha 2048,"Feb 09, 1992"
7 Maha 2048,"Feb 10, 1992"
8 Maha 2048,"Feb 11, 1992"
9 Maha 2048,"Feb 12, 1992"
10 Maha 2048,"Feb 13, 1992"
11 Maha 2048,"Feb 14, 1992"
12 Maha 2048,"Feb 15, 1992"
13 Maha 2048,"Feb 16, 1992"
14 Maha 2048,"Feb 17, 1992"
15 Maha 2048,"Feb 18, 1992"
16 Maha 2048,"Feb 19, 1992"
17 Maha 2048,"Feb 20, 1992"
18 Maha 2048,"Feb 21, 1992"
19 Maha 2048,"Feb 22, 1992"
20 Maha 2048,"Feb 23, 1992"
21 Maha 2048,"Feb 24, 1992"
22 Maha 2048,"Feb 25, 1992"
23 Maha 2048,"Feb 26, 1992"
24 Maha 2048,"Feb 27, 1992"
25 Maha 2048,"Feb 28, 1992"
26 Maha 2048,"Feb 29, 1992"
27 Maha 2048,"Mar 01, 1992"
28 Maha 2048,"Mar 02, 1992"
29 Maha 2048,"Mar 03, 1992"
30 Maha 2048,"Mar 04, 1992"
1 Phaguna 2048,"Mar 05, 1992"
2 Phaguna 2048,"Mar 06, 1992"
3 Phaguna 2048,"Mar 07, 1992"
4 Phaguna 2048,"Mar 08, 1992"
5 Phaguna 2048,"Mar 09, 1992"
6 Phaguna 2048,"Mar 10, 1992"
7 Phaguna 2048,"Mar 11, 1992"
8 Phaguna 2048,"Mar 12, 1992"
9 Phaguna 2048,"Mar 13, 1992"
10 Phaguna 2048,"Mar 14, 1992"
11 Phaguna 2048,"Mar 15, 1992"
12 Phaguna 2048,"Mar 16, 1992"
13 Phaguna 2048,"Mar 17, 1992"
14 Phaguna 2048,"Mar 18, 1992"
15 Phaguna 2048,"Mar 19, 1992"
16 Phaguna 2048,"Mar 20, 1992"
17 Phaguna 2048,"Mar 21, 1992"
18 Phaguna 2048,"Mar 22, 1992"
19 Phaguna 2048,"Mar 23, 1992"
20 Phaguna 2048,"Mar 24, 1992"
21 Phaguna 2048,"Mar 25, 1992"
22 Phaguna 2048,"Mar 26, 1992"
23 Phaguna 2048,"Mar 27, 1992"
24 Phaguna 2048,"Mar 28, 1992"
25 Phaguna 2048,"Mar 29, 1992"
26 Phaguna 2048,"Mar 30, 1992"
27 Phaguna 2048,"Mar 31, 1992"
28 Phaguna 2048,"Apr 01, 1992"
29 Phaguna 2048,"Apr 02, 1992"
30 Phaguna 2048,"Apr 03, 1992"
1 Chaitra 2048,"Apr 04, 1992"
2 Chaitra 2048,"Apr 05, 1992"
3 Chaitra 2048,"Apr 06, 1992"
4 Chaitra 2048,"Apr 07, 1992"
5 Chaitra 2048,"Apr 08, 1992"
6 Chaitra 2048,"Apr 09, 1992"
7 Chaitra 2048,"Apr 10, 1992"
8 Chaitra 2048,"Apr 11, 1992"
9 Chaitra 2048,"Apr 12, 1992"
10 Chaitra 2048,"Apr 13, 1992"
11 Chaitra 2048,"Apr 14, 1992"
12 Chaitra 2048,"Apr 15, 1992"
13 Chaitra 2048,"Apr 16, 1992"
14 Chaitra 2048,"Apr 17, 1992"
15 Chaitra 2048,"Apr 18, 1992"
16 Chaitra 2048,"Apr 19, 1992"
17 Chaitra 2048,"Apr 20, 1992"
18 Chaitra 2048,"Apr 21, 1992"
19 Chaitra 2048,"Apr 22, 1992"
20 Chaitra 2048,"Apr 23, 1992"
21 Chaitra 2048,"Apr 24, 1992"
22 Chaitra 2048,"Apr 25, 1992"
23 Chaitra 2048,"Apr 26, 1992"
24 Chaitra 2048,"Apr 27, 1992"
25 Chaitra 2048,"Apr 28, 1992"
26 Chaitra 2048,"Apr 29, 1992"
27 Chaitra 2048,"Apr 30, 1992"
28 Chaitra 2048,"May 01, 1992"
29 Chaitra 2048,"May 02, 1992"
1 Vaishakha 2048,"May 03, 1992"
2 Vaishakha 2048,"May 04, 1992"
3 Vaishakha 2048,"May 05, 1992"
4 Vaishakha 2048,"May 06, 1992"
5 Vaishakha 2048,"May 07, 1992"
6 Vaishakha 2048,"May 08, 1992"
7 Vaishakha 2048,"May 09, 1992"
8 Vaishakha 2048,"May 10, 1992"
9 Vaishakha 2048,"May 11, 1992"
10 Vaishakha 2048,"May 12, 1992"
11 Vaishakha 2048,"May 13, 1992"
12 Vaishakha 2048,"May 14, 1992"
13 Vaishakha 2048,"May 15, 1992"
14 Vaishakha 2048,"May 16, 1992"
15 Vaishakha 2048,"May 17, 1992"
16 Vaishakha 2048,"May 18, 1992"
17 Vaishakha 2048,"May 19, 1992"
18 Vaishakha 2048,"May 20, 1992"
19 Vaishakha 2048,"May 21, 1992"
20 Vaishakha 2048,"May 22, 1992"
21 Vaishakha 2048,"May 23, 1992"
22 Vaishakha 2048,"May 24, 1992"
23 Vaishakha 2048,"May 25, 1992"
24 Vaishakha 2048,"May 26, 1992"
25 Vaishakha 2048,"May 27, 1992"
26 Vaishakha 2048,"May 28, 1992"
27 Vaishakha 2048,"May 29, 1992"
28 Vaishakha 2048,"May 30, 1992"
29 Vaishakha 2048,"May 31, 1992"
30 Vaishakha 2048,"Jun 01, 1992"
1 Jyeshta 2048,"Jun 02, 1992"
2 Jyeshta 2048,"Jun 03, 1992"
3 Jyeshta 2048,"Jun 04, 1992"
4 Jyeshta 2048,"Jun 05, 1992"
5 Jyeshta 2048,"Jun 06, 1992"
6 Jyeshta 2048,"Jun 07, 1992"
7 Jyeshta 2048,"Jun 08, 1992"
8 Jyeshta 2048,"Jun 09, 1992"
9 Jyeshta 2048,"Jun 10, 1992"
10 Jyeshta 2048,"Jun 11, 1992"
11 Jyeshta 2048,"Jun 12, 1992"
12 Jyeshta 2048,"Jun 13, 1992"
13 Jyeshta 2048,"Jun 14, 1992"
14 Jyeshta 2048,"Jun 15, 1992"
15 Jyeshta 2048,"Jun 16, 1992"
16 Jyeshta 2048,"Jun 17, 1992"
17 Jyeshta 2048,"Jun 18, 1992"
18 Jyeshta 2048,"Jun 19, 1992"
19 Jyeshta 2048,"Jun 20, 1992"
20 Jyeshta 2048,"Jun 21, 1992"
21 Jyeshta 2048,"Jun 22, 1992"
22 Jyeshta 2048,"Jun 23, 1992"
23 Jyeshta 2048,"Jun 24, 1992"
24 Jyeshta 2048,"Jun 25, 1992"
25 Jyeshta 2048,"Jun 26, 1992"
26 Jyeshta 2048,"Jun 27, 1992"
27 Jyeshta 2048,"Jun 28, 1992"
28 Jyeshta 2048,"Jun 29, 1992"
29 Jyeshta 2048,"Jun 30, 1992"
1 Ashadha 2048,"Jul 01, 1992"
2 Ashadha 2048,"Jul 02, 1992"
3 Ashadha 2048,"Jul 03, 1992"
4 Ashadha 2048,"Jul 04, 1992"
5 Ashadha 2048,"Jul 05, 1992"
6 Ashadha 2048,"Jul 06, 1992"
7 Ashadha 2048,"Jul 07, 1992"
8 Ashadha 2048,"Jul 08, 1992"
9 Ashadha 2048,"Jul 09, 1992"
10 Ashadha 2048,"Jul 10, 1992"
11 Ashadha 2048,"Jul 11, 1992"
12 Ashadha 2048,"Jul 12, 1992"
13 Ashadha 2048,"Jul 13, 1992"
14 Ashadha 2048,"Jul 14, 1992"
15 Ashadha 2048,"Jul 15, 1992"
16 Ashadha 2048,"Jul 16, 1992"
17 Ashadha 2048,"Jul 17, 1992"
18 Ashadha 2048,"Jul 18, 1992"
19 Ashadha 2048,"Jul 19, 1992"
20 Ashadha 2048,"Jul 20, 1992"
21 Ashadha 2048,"Jul 21, 1992"
22 Ashadha 2048,"Jul 22, 1992"
23 Ashadha 2048,"Jul 23, 1992"
24 Ashadha 2048,"Jul 24, 1992"
25 Ashadha 2048,"Jul 25, 1992"
26 Ashadha 2048,"Jul 26, 1992"
27 Ashadha 2048,"Jul 27, 1992"
28 Ashadha 2048,"Jul 28, 1992"
29 Ashadha 2048,"Jul 29, 1992"
1 Shravana 2048,"Jul 30, 1992"
2 Shravana 2048,"Jul 31, 1992"
3 Shravana 2048,"Aug 01, 1992"
4 Shravana 2048,"Aug 02, 1992"
5 Shravana 2048,"Aug 03, 1992"
6 Shravana 2048,"Aug 04, 1992"
7 Shravana 2048,"Aug 05, 1992"
8 Shravana 2048,"Aug 06, 1992"
9 Shravana 2048,"Aug 07, 1992"
10 Shravana 2048,"Aug 08, 1992"
11 Shravana 2048,"Aug 09, 1992"
12 Shravana 2048,"Aug 10, 1992"
13 Shravana 2048,"Aug 11, 1992"
14 Shravana 2048,"Aug 12, 1992"
15 Shravana 2048,"Aug 13, 1992"
16 Shravana 2048,"Aug 14, 1992"
17 Shravana 2048,"Aug 15, 1992"
18 Shravana 2048,"Aug 16, 1992"
19 Shravana 2048,"Aug 17, 1992"
20 Shravana 2048,"Aug 18, 1992"
21 Shravana 2048,"Aug 19, 1992"
22 Shravana 2048,"Aug 20, 1992"
23 Shravana 2048,"Aug 21, 1992"
24 Shravana 2048,"Aug 22, 1992"
25 Shravana 2048,"Aug 23, 1992"
26 Shravana 2048,"Aug 24, 1992"
27 Shravana 2048,"Aug 25, 1992"
28 Shravana 2048,"Aug 26, 1992"
29 Shravana 2048,"Aug 27, 1992"
30 Shravana 2048,"Aug 28, 1992"
1 Bhadarvo 2048,"Aug 29, 1992"
2 Bhadarvo 2048,"Aug 30, 1992"
3 Bhadarvo 2048,"Aug 31, 1992"
4 Bhadarvo 2048,"Sep 01, 1992"
5 Bhadarvo 2048,"Sep 02, 1992"
6 Bhadarvo 2048,"Sep 03, 1992"
7 Bhadarvo 2048,"Sep 04, 1992"
8 Bhadarvo 2048,"Sep 05, 1992"
9 Bhadarvo 2048,"Sep 06, 1992"
10 Bhadarvo 2048,"Sep 07, 1992"
11 Bhadarvo 2048,"Sep 08, 1992"
12 Bhadarvo 2048,"Sep 09, 1992"
13 Bhadarvo 2048,"Sep 10, 1992"
14 Bhadarvo 2048,"Sep 11, 1992"
15 Bhadarvo 2048,"Sep 12, 1992"
16 Bhadarvo 2048,"Sep 13, 1992"
17 Bhadarvo 2048,"Sep 14, 1992"
18 Bhadarvo 2048,"Sep 15, 1992"
19 Bhadarvo 2048,"Sep 16, 1992"
20 Bhadarvo 2048,"Sep 17, 1992"
21 Bhadarvo 2048,"Sep 18, 1992"
22 Bhadarvo 2048,"Sep 19, 1992"
23 Bhadarvo 2048,"Sep 20, 1992"
24 Bhadarvo 2048,"Sep 21, 1992"
25 Bhadarvo 2048,"Sep 22, 1992"
26 Bhadarvo 2048,"Sep 23, 1992"
27 Bhadarvo 2048,"Sep 24, 1992"
28 Bhadarvo 2048,"Sep 25, 1992"
29 Bhadarvo 2048,"Sep 26, 1992"
1 Aaso 2048,"Sep 27, 1992"
2 Aaso 2048,"Sep 28, 1992"
3 Aaso 2048,"Sep 29, 1992"
4 Aaso 2048,"Sep 30, 1992"
5 Aaso 2048,"Oct 01, 1992"
6 Aaso 2048,"Oct 02, 1992"
7 Aaso 2048,"Oct 03, 1992"
8 Aaso 2048,"Oct 04, 1992"
9 Aaso 2048,"Oct 05, 1992"
10 Aaso 2048,"Oct 06, 1992"
11 Aaso 2048,"Oct 07, 1992"
12 Aaso 2048,"Oct 08, 1992"
13 Aaso 2048,"Oct 09, 1992"
14 Aaso 2048,"Oct 10, 1992"
15 Aaso 2048,"Oct 11, 1992"
16 Aaso 2048,"Oct 12, 1992"
17 Aaso 2048,"Oct 13, 1992"
18 Aaso 2048,"Oct 14, 1992"
19 Aaso 2048,"Oct 15, 1992"
20 Aaso 2048,"Oct 16, 1992"
21 Aaso 2048,"Oct 17, 1992"
22 Aaso 2048,"Oct 18, 1992"
23 Aaso 2048,"Oct 19, 1992"
24 Aaso 2048,"Oct 20, 1992"
25 Aaso 2048,"Oct 21, 1992"
26 Aaso 2048,"Oct 22, 1992"
27 Aaso 2048,"Oct 23, 1992"
28 Aaso 2048,"Oct 24, 1992"
29 Aaso 2048,"Oct 25, 1992"
1 Kartak 2048,"Oct 26, 1992"
2 Kartak 2048,"Oct 27, 1992"
3 Kartak 2048,"Oct 28, 1992"
4 Kartak 2048,"Oct 29, 1992"
5 Kartak 2048,"Oct 30, 1992"
6 Kartak 2048,"Oct 31, 1992"
7 Kartak 2048,"Nov 01, 1992"
8 Kartak 2048,"Nov 02, 1992"
9 Kartak 2048,"Nov 03, 1992"
10 Kartak 2048,"Nov 04, 1992"
11 Kartak 2048,"Nov 05, 1992"
12 Kartak 2048,"Nov 06, 1992"
13 Kartak 2048,"Nov 07, 1992"
14 Kartak 2048,"Nov 08, 1992"
15 Kartak 2048,"Nov 09, 1992"
16 Kartak 2048,"Nov 10, 1992"
17 Kartak 2048,"Nov 11, 1992"
18 Kartak 2048,"Nov 12, 1992"
19 Kartak 2048,"Nov 13, 1992"
20 Kartak 2048,"Nov 14, 1992"
21 Kartak 2048,"Nov 15, 1992"
22 Kartak 2048,"Nov 16, 1992"
23 Kartak 2048,"Nov 17, 1992"
24 Kartak 2048,"Nov 18, 1992"
25 Kartak 2048,"Nov 19, 1992"
26 Kartak 2048,"Nov 20, 1992"
27 Kartak 2048,"Nov 21, 1992"
28 Kartak 2048,"Nov 22, 1992"
29 Kartak 2048,"Nov 23, 1992"
30 Kartak 2048,"Nov 24, 1992"
1 Magasar 2048,"Nov 25, 1992"
2 Magasar 2048,"Nov 26, 1992"
3 Magasar 2048,"Nov 27, 1992"
4 Magasar 2048,"Nov 28, 1992"
5 Magasar 2048,"Nov 29, 1992"
6 Magasar 2048,"Nov 30, 1992"
7 Magasar 2048,"Dec 01, 1992"
8 Magasar 2048,"Dec 02, 1992"
9 Magasar 2048,"Dec 03, 1992"
10 Magasar 2048,"Dec 04, 1992"
11 Magasar 2048,"Dec 05, 1992"
12 Magasar 2048,"Dec 06, 1992"
13 Magasar 2048,"Dec 07, 1992"
14 Magasar 2048,"Dec 08, 1992"
15 Magasar 2048,"Dec 09, 1992"
16 Magasar 2048,"Dec 10, 1992"
17 Magasar 2048,"Dec 11, 1992"
18 Magasar 2048,"Dec 12, 1992"
19 Magasar 2048,"Dec 13, 1992"
20 Magasar 2048,"Dec 14, 1992"
21 Magasar 2048,"Dec 15, 1992"
22 Magasar 2048,"Dec 16, 1992"
23 Magasar 2048,"Dec 17, 1992"
24 Magasar 2048,"Dec 18, 1992"
25 Magasar 2048,"Dec 19, 1992"
26 Magasar 2048,"Dec 20, 1992"
27 Magasar 2048,"Dec 21, 1992"
28 Magasar 2048,"Dec 22, 1992"
29 Magasar 2048,"Dec 23, 1992"
1 Posh 2048,"Dec 24, 1992"
2 Posh 2048,"Dec 25, 1992"
3 Posh 2048,"Dec 26, 1992"
4 Posh 2048,"Dec 27, 1992"
5 Posh 2048,"Dec 28, 1992"
6 Posh 2048,"Dec 29, 1992"
7 Posh 2048,"Dec 30, 1992"
8 Posh 2048,"Dec 31, 1992"
9 Posh 2048,"Jan 01, 1993"
10 Posh 2048,"Jan 02, 1993"
11 Posh 2048,"Jan 03, 1993"
12 Posh 2048,"Jan 04, 1993"
13 Posh 2048,"Jan 05, 1993"
14 Posh 2048,"Jan 06, 1993"
15 Posh 2048,"Jan 07, 1993"
16 Posh 2048,"Jan 08, 1993"
17 Posh 2048,"Jan 09, 1993"
18 Posh 2048,"Jan 10, 1993"
19 Posh 2048,"Jan 11, 1993"
20 Posh 2048,"Jan 12, 1993"
21 Posh 2048,"Jan 13, 1993"
22 Posh 2048,"Jan 14, 1993"
23 Posh 2048,"Jan 15, 1993"
24 Posh 2048,"Jan 16, 1993"
25 Posh 2048,"Jan 17, 1993"
26 Posh 2048,"Jan 18, 1993"
27 Posh 2048,"Jan 19, 1993"
28 Posh 2048,"Jan 20, 1993"
29 Posh 2048,"Jan 21, 1993"
30 Posh 2048,"Jan 22, 1993"
1 Maha 2049,"Jan 23, 1993"
2 Maha 2049,"Jan 24, 1993"
3 Maha 2049,"Jan 25, 1993"
4 Maha 2049,"Jan 26, 1993"
5 Maha 2049,"Jan 27, 1993"
6 Maha 2049,"Jan 28, 1993"
7 Maha 2049,"Jan 29, 1993"
8 Maha 2049,"Jan 30, 1993"
9 Maha 2049,"Jan 31, 1993"
10 Maha 2049,"Feb 01, 1993"
11 Maha 2049,"Feb 02, 1993"
12 Maha 2049,"Feb 03, 1993"
13 Maha 2049,"Feb 04, 1993"
14 Maha 2049,"Feb 05, 1993"
15 Maha 2049,"Feb 06, 1993"
16 Maha 2049,"Feb 07, 1993"
17 Maha 2049,"Feb 08, 1993"
18 Maha 2049,"Feb 09, 1993"
19 Maha 2049,"Feb 10, 1993"
20 Maha 2049,"Feb 11, 1993"
21 Maha 2049,"Feb 12, 1993"
22 Maha 2049,"Feb 13, 1993"
23 Maha 2049,"Feb 14, 1993"
24 Maha 2049,"Feb 15, 1993"
25 Maha 2049,"Feb 16, 1993"
26 Maha 2049,"Feb 17, 1993"
27 Maha 2049,"Feb 18, 1993"
28 Maha 2049,"Feb 19, 1993"
29 Maha 2049,"Feb 20, 1993"
30 Maha 2049,"Feb 21, 1993"
1 Phaguna 2049,"Feb 22, 1993"
2 Phaguna 2049,"Feb 23, 1993"
3 Phaguna 2049,"Feb 24, 1993"
4 Phaguna 2049,"Feb 25, 1993"
5 Phaguna 2049,"Feb 26, 1993"
6 Phaguna 2049,"Feb 27, 1993"
7 Phaguna 2049,"Feb 28, 1993"
8 Phaguna 2049,"Mar 01, 1993"
9 Phaguna 2049,"Mar 02, 1993"
10 Phaguna 2049,"Mar 03, 1993"
11 Phaguna 2049,"Mar 04, 1993"
12 Phaguna 2049,"Mar 05, 1993"
13 Phaguna 2049,"Mar 06, 1993"
14 Phaguna 2049,"Mar 07, 1993"
15 Phaguna 2049,"Mar 08, 1993"
16 Phaguna 2049,"Mar 09, 1993"
17 Phaguna 2049,"Mar 10, 1993"
18 Phaguna 2049,"Mar 11, 1993"
19 Phaguna 2049,"Mar 12, 1993"
20 Phaguna 2049,"Mar 13, 1993"
21 Phaguna 2049,"Mar 14, 1993"
22 Phaguna 2049,"Mar 15, 1993"
23 Phaguna 2049,"Mar 16, 1993"
24 Phaguna 2049,"Mar 17, 1993"
25 Phaguna 2049,"Mar 18, 1993"
26 Phaguna 2049,"Mar 19, 1993"
27 Phaguna 2049,"Mar 20, 1993"
28 Phaguna 2049,"Mar 21, 1993"
29 Phaguna 2049,"Mar 22, 1993"
30 Phaguna 2049,"Mar 23, 1993"
1 Chaitra 2049,"Mar 24, 1993"
2 Chaitra 2049,"Mar 25, 1993"
3 Chaitra 2049,"Mar 26, 1993"
4 Chaitra 2049,"Mar 27, 1993"
5 Chaitra 2049,"Mar 28, 1993"
6 Chaitra 2049,"Mar 29, 1993"
7 Chaitra 2049,"Mar 30, 1993"
8 Chaitra 2049,"Mar 31, 1993"
9 Chaitra 2049,"Apr 01, 1993"
10 Chaitra 2049,"Apr 02, 1993"
11 Chaitra 2049,"Apr 03, 1993"
12 Chaitra 2049,"Apr 04, 1993"
13 Chaitra 2049,"Apr 05, 1993"
14 Chaitra 2049,"Apr 06, 1993"
15 Chaitra 2049,"Apr 07, 1993"
16 Chaitra 2049,"Apr 08, 1993"
17 Chaitra 2049,"Apr 09, 1993"
18 Chaitra 2049,"Apr 10, 1993"
19 Chaitra 2049,"Apr 11, 1993"
20 Chaitra 2049,"Apr 12, 1993"
21 Chaitra 2049,"Apr 13, 1993"
22 Chaitra 2049,"Apr 14, 1993"
23 Chaitra 2049,"Apr 15, 1993"
24 Chaitra 2049,"Apr 16, 1993"
25 Chaitra 2049,"Apr 17, 1993"
26 Chaitra 2049,"Apr 18, 1993"
27 Chaitra 2049,"Apr 19, 1993"
28 Chaitra 2049,"Apr 20, 1993"
29 Chaitra 2049,"Apr 21, 1993"
1 Vaishakha 2049,"Apr 22, 1993"
2 Vaishakha 2049,"Apr 23, 1993"
3 Vaishakha 2049,"Apr 24, 1993"
4 Vaishakha 2049,"Apr 25, 1993"
5 Vaishakha 2049,"Apr 26, 1993"
6 Vaishakha 2049,"Apr 27, 1993"
7 Vaishakha 2049,"Apr 28, 1993"
8 Vaishakha 2049,"Apr 29, 1993"
9 Vaishakha 2049,"Apr 30, 1993"
10 Vaishakha 2049,"May 01, 1993"
11 Vaishakha 2049,"May 02, 1993"
12 Vaishakha 2049,"May 03, 1993"
13 Vaishakha 2049,"May 04, 1993"
14 Vaishakha 2049,"May 05, 1993"
15 Vaishakha 2049,"May 06, 1993"
16 Vaishakha 2049,"May 07, 1993"
17 Vaishakha 2049,"May 08, 1993"
18 Vaishakha 2049,"May 09, 1993"
19 Vaishakha 2049,"May 10, 1993"
20 Vaishakha 2049,"May 11, 1993"
21 Vaishakha 2049,"May 12, 1993"
22 Vaishakha 2049,"May 13, 1993"
23 Vaishakha 2049,"May 14, 1993"
24 Vaishakha 2049,"May 15, 1993"
25 Vaishakha 2049,"May 16, 1993"
26 Vaishakha 2049,"May 17, 1993"
27 Vaishakha 2049,"May 18, 1993"
28 Vaishakha 2049,"May 19, 1993"
29 Vaishakha 2049,"May 20, 1993"
30 Vaishakha 2049,"May 21, 1993"
1 Jyeshta 2049,"May 22, 1993"
2 Jyeshta 2049,"May 23, 1993"
3 Jyeshta 2049,"May 24, 1993"
4 Jyeshta 2049,"May 25, 1993"
5 Jyeshta 2049,"May 26, 1993"
6 Jyeshta 2049,"May 27, 1993"
7 Jyeshta 2049,"May 28, 1993"
8 Jyeshta 2049,"May 29, 1993"
9 Jyeshta 2049,"May 30, 1993"
10 Jyeshta 2049,"May 31, 1993"
11 Jyeshta 2049,"Jun 01, 1993"
12 Jyeshta 2049,"Jun 02, 1993"
13 Jyeshta 2049,"Jun 03, 1993"
14 Jyeshta 2049,"Jun 04, 1993"
15 Jyeshta 2049,"Jun 05, 1993"
16 Jyeshta 2049,"Jun 06, 1993"
17 Jyeshta 2049,"Jun 07, 1993"
18 Jyeshta 2049,"Jun 08, 1993"
19 Jyeshta 2049,"Jun 09, 1993"
20 Jyeshta 2049,"Jun 10, 1993"
21 Jyeshta 2049,"Jun 11, 1993"
22 Jyeshta 2049,"Jun 12, 1993"
23 Jyeshta 2049,"Jun 13, 1993"
24 Jyeshta 2049,"Jun 14, 1993"
25 Jyeshta 2049,"Jun 15, 1993"
26 Jyeshta 2049,"Jun 16, 1993"
27 Jyeshta 2049,"Jun 17, 1993"
28 Jyeshta 2049,"Jun 18, 1993"
29 Jyeshta 2049,"Jun 19, 1993"
30 Jyeshta 2049,"Jun 20, 1993"
1 Ashadha 2049,"Jun 21, 1993"
2 Ashadha 2049,"Jun 22, 1993"
3 Ashadha 2049,"Jun 23, 1993"
4 Ashadha 2049,"Jun 24, 1993"
5 Ashadha 2049,"Jun 25, 1993"
6 Ashadha 2049,"Jun 26, 1993"
7 Ashadha 2049,"Jun 27, 1993"
8 Ashadha 2049,"Jun 28, 1993"
9 Ashadha 2049,"Jun 29, 1993"
10 Ashadha 2049,"Jun 30, 1993"
11 Ashadha 2049,"Jul 01, 1993"
12 Ashadha 2049,"Jul 02, 1993"
13 Ashadha 2049,"Jul 03, 1993"
14 Ashadha 2049,"Jul 04, 1993"
15 Ashadha 2049,"Jul 05, 1993"
16 Ashadha 2049,"Jul 06, 1993"
17 Ashadha 2049,"Jul 07, 1993"
18 Ashadha 2049,"Jul 08, 1993"
19 Ashadha 2049,"Jul 09, 1993"
20 Ashadha 2049,"Jul 10, 1993"
21 Ashadha 2049,"Jul 11, 1993"
22 Ashadha 2049,"Jul 12, 1993"
23 Ashadha 2049,"Jul 13, 1993"
24 Ashadha 2049,"Jul 14, 1993"
25 Ashadha 2049,"Jul 15, 1993"
26 Ashadha 2049,"Jul 16, 1993"
27 Ashadha 2049,"Jul 17, 1993"
28 Ashadha 2049,"Jul 18, 1993"
29 Ashadha 2049,"Jul 19, 1993"
1 Shravana 2049,"Jul 20, 1993"
2 Shravana 2049,"Jul 21, 1993"
3 Shravana 2049,"Jul 22, 1993"
4 Shravana 2049,"Jul 23, 1993"
5 Shravana 2049,"Jul 24, 1993"
6 Shravana 2049,"Jul 25, 1993"
7 Shravana 2049,"Jul 26, 1993"
8 Shravana 2049,"Jul 27, 1993"
9 Shravana 2049,"Jul 28, 1993"
10 Shravana 2049,"Jul 29, 1993"
11 Shravana 2049,"Jul 30, 1993"
12 Shravana 2049,"Jul 31, 1993"
13 Shravana 2049,"Aug 01, 1993"
14 Shravana 2049,"Aug 02, 1993"
15 Shravana 2049,"Aug 03, 1993"
16 Shravana 2049,"Aug 04, 1993"
17 Shravana 2049,"Aug 05, 1993"
18 Shravana 2049,"Aug 06, 1993"
19 Shravana 2049,"Aug 07, 1993"
20 Shravana 2049,"Aug 08, 1993"
21 Shravana 2049,"Aug 09, 1993"
22 Shravana 2049,"Aug 10, 1993"
23 Shravana 2049,"Aug 11, 1993"
24 Shravana 2049,"Aug 12, 1993"
25 Shravana 2049,"Aug 13, 1993"
26 Shravana 2049,"Aug 14, 1993"
27 Shravana 2049,"Aug 15, 1993"
28 Shravana 2049,"Aug 16, 1993"
29 Shravana 2049,"Aug 17, 1993"
1 Bhadarvo_Adhik 2049,"Aug 18, 1993"
2 Bhadarvo_Adhik 2049,"Aug 19, 1993"
3 Bhadarvo_Adhik 2049,"Aug 20, 1993"
4 Bhadarvo_Adhik 2049,"Aug 21, 1993"
5 Bhadarvo_Adhik 2049,"Aug 22, 1993"
6 Bhadarvo_Adhik 2049,"Aug 23, 1993"
7 Bhadarvo_Adhik 2049,"Aug 24, 1993"
8 Bhadarvo_Adhik 2049,"Aug 25, 1993"
9 Bhadarvo_Adhik 2049,"Aug 26, 1993"
10 Bhadarvo_Adhik 2049,"Aug 27, 1993"
11 Bhadarvo_Adhik 2049,"Aug 28, 1993"
12 Bhadarvo_Adhik 2049,"Aug 29, 1993"
13 Bhadarvo_Adhik 2049,"Aug 30, 1993"
14 Bhadarvo_Adhik 2049,"Aug 31, 1993"
15 Bhadarvo_Adhik 2049,"Sep 01, 1993"
16 Bhadarvo_Adhik 2049,"Sep 02, 1993"
17 Bhadarvo_Adhik 2049,"Sep 03, 1993"
18 Bhadarvo_Adhik 2049,"Sep 04, 1993"
19 Bhadarvo_Adhik 2049,"Sep 05, 1993"
20 Bhadarvo_Adhik 2049,"Sep 06, 1993"
21 Bhadarvo_Adhik 2049,"Sep 07, 1993"
22 Bhadarvo_Adhik 2049,"Sep 08, 1993"
23 Bhadarvo_Adhik 2049,"Sep 09, 1993"
24 Bhadarvo_Adhik 2049,"Sep 10, 1993"
25 Bhadarvo_Adhik 2049,"Sep 11, 1993"
26 Bhadarvo_Adhik 2049,"Sep 12, 1993"
27 Bhadarvo_Adhik 2049,"Sep 13, 1993"
28 Bhadarvo_Adhik 2049,"Sep 14, 1993"
29 Bhadarvo_Adhik 2049,"Sep 15, 1993"
30 Bhadarvo_Adhik 2049,"Sep 16, 1993"
1 Bhadarvo 2049,"Sep 17, 1993"
2 Bhadarvo 2049,"Sep 18, 1993"
3 Bhadarvo 2049,"Sep 19, 1993"
4 Bhadarvo 2049,"Sep 20, 1993"
5 Bhadarvo 2049,"Sep 21, 1993"
6 Bhadarvo 2049,"Sep 22, 1993"
7 Bhadarvo 2049,"Sep 23, 1993"
8 Bhadarvo 2049,"Sep 24, 1993"
9 Bhadarvo 2049,"Sep 25, 1993"
10 Bhadarvo 2049,"Sep 26, 1993"
11 Bhadarvo 2049,"Sep 27, 1993"
12 Bhadarvo 2049,"Sep 28, 1993"
13 Bhadarvo 2049,"Sep 29, 1993"
14 Bhadarvo 2049,"Sep 30, 1993"
15 Bhadarvo 2049,"Oct 01, 1993"
16 Bhadarvo 2049,"Oct 02, 1993"
17 Bhadarvo 2049,"Oct 03, 1993"
18 Bhadarvo 2049,"Oct 04, 1993"
19 Bhadarvo 2049,"Oct 05, 1993"
20 Bhadarvo 2049,"Oct 06, 1993"
21 Bhadarvo 2049,"Oct 07, 1993"
22 Bhadarvo 2049,"Oct 08, 1993"
23 Bhadarvo 2049,"Oct 09, 1993"
24 Bhadarvo 2049,"Oct 10, 1993"
25 Bhadarvo 2049,"Oct 11, 1993"
26 Bhadarvo 2049,"Oct 12, 1993"
27 Bhadarvo 2049,"Oct 13, 1993"
28 Bhadarvo 2049,"Oct 14, 1993"
29 Bhadarvo 2049,"Oct 15, 1993"
1 Aaso 2049,"Oct 16, 1993"
2 Aaso 2049,"Oct 17, 1993"
3 Aaso 2049,"Oct 18, 1993"
4 Aaso 2049,"Oct 19, 1993"
5 Aaso 2049,"Oct 20, 1993"
6 Aaso 2049,"Oct 21, 1993"
7 Aaso 2049,"Oct 22, 1993"
8 Aaso 2049,"Oct 23, 1993"
9 Aaso 2049,"Oct 24, 1993"
10 Aaso 2049,"Oct 25, 1993"
11 Aaso 2049,"Oct 26, 1993"
12 Aaso 2049,"Oct 27, 1993"
13 Aaso 2049,"Oct 28, 1993"
14 Aaso 2049,"Oct 29, 1993"
15 Aaso 2049,"Oct 30, 1993"
16 Aaso 2049,"Oct 31, 1993"
17 Aaso 2049,"Nov 01, 1993"
18 Aaso 2049,"Nov 02, 1993"
19 Aaso 2049,"Nov 03, 1993"
20 Aaso 2049,"Nov 04, 1993"
21 Aaso 2049,"Nov 05, 1993"
22 Aaso 2049,"Nov 06, 1993"
23 Aaso 2049,"Nov 07, 1993"
24 Aaso 2049,"Nov 08, 1993"
25 Aaso 2049,"Nov 09, 1993"
26 Aaso 2049,"Nov 10, 1993"
27 Aaso 2049,"Nov 11, 1993"
28 Aaso 2049,"Nov 12, 1993"
29 Aaso 2049,"Nov 13, 1993"
1 Kartak 2049,"Nov 14, 1993"
2 Kartak 2049,"Nov 15, 1993"
3 Kartak 2049,"Nov 16, 1993"
4 Kartak 2049,"Nov 17, 1993"
5 Kartak 2049,"Nov 18, 1993"
6 Kartak 2049,"Nov 19, 1993"
7 Kartak 2049,"Nov 20, 1993"
8 Kartak 2049,"Nov 21, 1993"
9 Kartak 2049,"Nov 22, 1993"
10 Kartak 2049,"Nov 23, 1993"
11 Kartak 2049,"Nov 24, 1993"
12 Kartak 2049,"Nov 25, 1993"
13 Kartak 2049,"Nov 26, 1993"
14 Kartak 2049,"Nov 27, 1993"
15 Kartak 2049,"Nov 28, 1993"
16 Kartak 2049,"Nov 29, 1993"
17 Kartak 2049,"Nov 30, 1993"
18 Kartak 2049,"Dec 01, 1993"
19 Kartak 2049,"Dec 02, 1993"
20 Kartak 2049,"Dec 03, 1993"
21 Kartak 2049,"Dec 04, 1993"
22 Kartak 2049,"Dec 05, 1993"
23 Kartak 2049,"Dec 06, 1993"
24 Kartak 2049,"Dec 07, 1993"
25 Kartak 2049,"Dec 08, 1993"
26 Kartak 2049,"Dec 09, 1993"
27 Kartak 2049,"Dec 10, 1993"
28 Kartak 2049,"Dec 11, 1993"
29 Kartak 2049,"Dec 12, 1993"
30 Kartak 2049,"Dec 13, 1993"
1 Magasar 2049,"Dec 14, 1993"
2 Magasar 2049,"Dec 15, 1993"
3 Magasar 2049,"Dec 16, 1993"
4 Magasar 2049,"Dec 17, 1993"
5 Magasar 2049,"Dec 18, 1993"
6 Magasar 2049,"Dec 19, 1993"
7 Magasar 2049,"Dec 20, 1993"
8 Magasar 2049,"Dec 21, 1993"
9 Magasar 2049,"Dec 22, 1993"
10 Magasar 2049,"Dec 23, 1993"
11 Magasar 2049,"Dec 24, 1993"
12 Magasar 2049,"Dec 25, 1993"
13 Magasar 2049,"Dec 26, 1993"
14 Magasar 2049,"Dec 27, 1993"
15 Magasar 2049,"Dec 28, 1993"
16 Magasar 2049,"Dec 29, 1993"
17 Magasar 2049,"Dec 30, 1993"
18 Magasar 2049,"Dec 31, 1993"
19 Magasar 2049,"Jan 01, 1994"
20 Magasar 2049,"Jan 02, 1994"
21 Magasar 2049,"Jan 03, 1994"
22 Magasar 2049,"Jan 04, 1994"
23 Magasar 2049,"Jan 05, 1994"
24 Magasar 2049,"Jan 06, 1994"
25 Magasar 2049,"Jan 07, 1994"
26 Magasar 2049,"Jan 08, 1994"
27 Magasar 2049,"Jan 09, 1994"
28 Magasar 2049,"Jan 10, 1994"
29 Magasar 2049,"Jan 11, 1994"
1 Posh 2050,"Jan 12, 1994"
2 Posh 2050,"Jan 13, 1994"
3 Posh 2050,"Jan 14, 1994"
4 Posh 2050,"Jan 15, 1994"
5 Posh 2050,"Jan 16, 1994"
6 Posh 2050,"Jan 17, 1994"
7 Posh 2050,"Jan 18, 1994"
8 Posh 2050,"Jan 19, 1994"
9 Posh 2050,"Jan 20, 1994"
10 Posh 2050,"Jan 21, 1994"
11 Posh 2050,"Jan 22, 1994"
12 Posh 2050,"Jan 23, 1994"
13 Posh 2050,"Jan 24, 1994"
14 Posh 2050,"Jan 25, 1994"
15 Posh 2050,"Jan 26, 1994"
16 Posh 2050,"Jan 27, 1994"
17 Posh 2050,"Jan 28, 1994"
18 Posh 2050,"Jan 29, 1994"
19 Posh 2050,"Jan 30, 1994"
20 Posh 2050,"Jan 31, 1994"
21 Posh 2050,"Feb 01, 1994"
22 Posh 2050,"Feb 02, 1994"
23 Posh 2050,"Feb 03, 1994"
24 Posh 2050,"Feb 04, 1994"
25 Posh 2050,"Feb 05, 1994"
26 Posh 2050,"Feb 06, 1994"
27 Posh 2050,"Feb 07, 1994"
28 Posh 2050,"Feb 08, 1994"
29 Posh 2050,"Feb 09, 1994"
30 Posh 2050,"Feb 10, 1994"
1 Maha 2050,"Feb 11, 1994"
2 Maha 2050,"Feb 12, 1994"
3 Maha 2050,"Feb 13, 1994"
4 Maha 2050,"Feb 14, 1994"
5 Maha 2050,"Feb 15, 1994"
6 Maha 2050,"Feb 16, 1994"
7 Maha 2050,"Feb 17, 1994"
8 Maha 2050,"Feb 18, 1994"
9 Maha 2050,"Feb 19, 1994"
10 Maha 2050,"Feb 20, 1994"
11 Maha 2050,"Feb 21, 1994"
12 Maha 2050,"Feb 22, 1994"
13 Maha 2050,"Feb 23, 1994"
14 Maha 2050,"Feb 24, 1994"
15 Maha 2050,"Feb 25, 1994"
16 Maha 2050,"Feb 26, 1994"
17 Maha 2050,"Feb 27, 1994"
18 Maha 2050,"Feb 28, 1994"
19 Maha 2050,"Mar 01, 1994"
20 Maha 2050,"Mar 02, 1994"
21 Maha 2050,"Mar 03, 1994"
22 Maha 2050,"Mar 04, 1994"
23 Maha 2050,"Mar 05, 1994"
24 Maha 2050,"Mar 06, 1994"
25 Maha 2050,"Mar 07, 1994"
26 Maha 2050,"Mar 08, 1994"
27 Maha 2050,"Mar 09, 1994"
28 Maha 2050,"Mar 10, 1994"
29 Maha 2050,"Mar 11, 1994"
30 Maha 2050,"Mar 12, 1994"
1 Phaguna 2050,"Mar 13, 1994"
2 Phaguna 2050,"Mar 14, 1994"
3 Phaguna 2050,"Mar 15, 1994"
4 Phaguna 2050,"Mar 16, 1994"
5 Phaguna 2050,"Mar 17, 1994"
6 Phaguna 2050,"Mar 18, 1994"
7 Phaguna 2050,"Mar 19, 1994"
8 Phaguna 2050,"Mar 20, 1994"
9 Phaguna 2050,"Mar 21, 1994"
10 Phaguna 2050,"Mar 22, 1994"
11 Phaguna 2050,"Mar 23, 1994"
12 Phaguna 2050,"Mar 24, 1994"
13 Phaguna 2050,"Mar 25, 1994"
14 Phaguna 2050,"Mar 26, 1994"
15 Phaguna 2050,"Mar 27, 1994"
16 Phaguna 2050,"Mar 28, 1994"
17 Phaguna 2050,"Mar 29, 1994"
18 Phaguna 2050,"Mar 30, 1994"
19 Phaguna 2050,"Mar 31, 1994"
20 Phaguna 2050,"Apr 01, 1994"
21 Phaguna 2050,"Apr 02, 1994"
22 Phaguna 2050,"Apr 03, 1994"
23 Phaguna 2050,"Apr 04, 1994"
24 Phaguna 2050,"Apr 05, 1994"
25 Phaguna 2050,"Apr 06, 1994"
26 Phaguna 2050,"Apr 07, 1994"
27 Phaguna 2050,"Apr 08, 1994"
28 Phaguna 2050,"Apr 09, 1994"
29 Phaguna 2050,"Apr 10, 1994"
1 Chaitra 2050,"Apr 11, 1994"
2 Chaitra 2050,"Apr 12, 1994"
3 Chaitra 2050,"Apr 13, 1994"
4 Chaitra 2050,"Apr 14, 1994"
5 Chaitra 2050,"Apr 15, 1994"
6 Chaitra 2050,"Apr 16, 1994"
7 Chaitra 2050,"Apr 17, 1994"
8 Chaitra 2050,"Apr 18, 1994"
9 Chaitra 2050,"Apr 19, 1994"
10 Chaitra 2050,"Apr 20, 1994"
11 Chaitra 2050,"Apr 21, 1994"
12 Chaitra 2050,"Apr 22, 1994"
13 Chaitra 2050,"Apr 23, 1994"
14 Chaitra 2050,"Apr 24, 1994"
15 Chaitra 2050,"Apr 25, 1994"
16 Chaitra 2050,"Apr 26, 1994"
17 Chaitra 2050,"Apr 27, 1994"
18 Chaitra 2050,"Apr 28, 1994"
19 Chaitra 2050,"Apr 29, 1994"
20 Chaitra 2050,"Apr 30, 1994"
21 Chaitra 2050,"May 01, 1994"
22 Chaitra 2050,"May 02, 1994"
23 Chaitra 2050,"May 03, 1994"
24 Chaitra 2050,"May 04, 1994"
25 Chaitra 2050,"May 05, 1994"
26 Chaitra 2050,"May 06, 1994"
27 Chaitra 2050,"May 07, 1994"
28 Chaitra 2050,"May 08, 1994"
29 Chaitra 2050,"May 09, 1994"
30 Chaitra 2050,"May 10, 1994"
1 Vaishakha 2050,"May 11, 1994"
2 Vaishakha 2050,"May 12, 1994"
3 Vaishakha 2050,"May 13, 1994"
4 Vaishakha 2050,"May 14, 1994"
5 Vaishakha 2050,"May 15, 1994"
6 Vaishakha 2050,"May 16, 1994"
7 Vaishakha 2050,"May 17, 1994"
8 Vaishakha 2050,"May 18, 1994"
9 Vaishakha 2050,"May 19, 1994"
10 Vaishakha 2050,"May 20, 1994"
11 Vaishakha 2050,"May 21, 1994"
12 Vaishakha 2050,"May 22, 1994"
13 Vaishakha 2050,"May 23, 1994"
14 Vaishakha 2050,"May 24, 1994"
15 Vaishakha 2050,"May 25, 1994"
16 Vaishakha 2050,"May 26, 1994"
17 Vaishakha 2050,"May 27, 1994"
18 Vaishakha 2050,"May 28, 1994"
19 Vaishakha 2050,"May 29, 1994"
20 Vaishakha 2050,"May 30, 1994"
21 Vaishakha 2050,"May 31, 1994"
22 Vaishakha 2050,"Jun 01, 1994"
23 Vaishakha 2050,"Jun 02, 1994"
24 Vaishakha 2050,"Jun 03, 1994"
25 Vaishakha 2050,"Jun 04, 1994"
26 Vaishakha 2050,"Jun 05, 1994"
27 Vaishakha 2050,"Jun 06, 1994"
28 Vaishakha 2050,"Jun 07, 1994"
29 Vaishakha 2050,"Jun 08, 1994"
30 Vaishakha 2050,"Jun 09, 1994"
1 Jyeshta 2050,"Jun 10, 1994"
2 Jyeshta 2050,"Jun 11, 1994"
3 Jyeshta 2050,"Jun 12, 1994"
4 Jyeshta 2050,"Jun 13, 1994"
5 Jyeshta 2050,"Jun 14, 1994"
6 Jyeshta 2050,"Jun 15, 1994"
7 Jyeshta 2050,"Jun 16, 1994"
8 Jyeshta 2050,"Jun 17, 1994"
9 Jyeshta 2050,"Jun 18, 1994"
10 Jyeshta 2050,"Jun 19, 1994"
11 Jyeshta 2050,"Jun 20, 1994"
12 Jyeshta 2050,"Jun 21, 1994"
13 Jyeshta 2050,"Jun 22, 1994"
14 Jyeshta 2050,"Jun 23, 1994"
15 Jyeshta 2050,"Jun 24, 1994"
16 Jyeshta 2050,"Jun 25, 1994"
17 Jyeshta 2050,"Jun 26, 1994"
18 Jyeshta 2050,"Jun 27, 1994"
19 Jyeshta 2050,"Jun 28, 1994"
20 Jyeshta 2050,"Jun 29, 1994"
21 Jyeshta 2050,"Jun 30, 1994"
22 Jyeshta 2050,"Jul 01, 1994"
23 Jyeshta 2050,"Jul 02, 1994"
24 Jyeshta 2050,"Jul 03, 1994"
25 Jyeshta 2050,"Jul 04, 1994"
26 Jyeshta 2050,"Jul 05, 1994"
27 Jyeshta 2050,"Jul 06, 1994"
28 Jyeshta 2050,"Jul 07, 1994"
29 Jyeshta 2050,"Jul 08, 1994"
1 Ashadha 2050,"Jul 09, 1994"
2 Ashadha 2050,"Jul 10, 1994"
3 Ashadha 2050,"Jul 11, 1994"
4 Ashadha 2050,"Jul 12, 1994"
5 Ashadha 2050,"Jul 13, 1994"
6 Ashadha 2050,"Jul 14, 1994"
7 Ashadha 2050,"Jul 15, 1994"
8 Ashadha 2050,"Jul 16, 1994"
9 Ashadha 2050,"Jul 17, 1994"
10 Ashadha 2050,"Jul 18, 1994"
11 Ashadha 2050,"Jul 19, 1994"
12 Ashadha 2050,"Jul 20, 1994"
13 Ashadha 2050,"Jul 21, 1994"
14 Ashadha 2050,"Jul 22, 1994"
15 Ashadha 2050,"Jul 23, 1994"
16 Ashadha 2050,"Jul 24, 1994"
17 Ashadha 2050,"Jul 25, 1994"
18 Ashadha 2050,"Jul 26, 1994"
19 Ashadha 2050,"Jul 27, 1994"
20 Ashadha 2050,"Jul 28, 1994"
21 Ashadha 2050,"Jul 29, 1994"
22 Ashadha 2050,"Jul 30, 1994"
23 Ashadha 2050,"Jul 31, 1994"
24 Ashadha 2050,"Aug 01, 1994"
25 Ashadha 2050,"Aug 02, 1994"
26 Ashadha 2050,"Aug 03, 1994"
27 Ashadha 2050,"Aug 04, 1994"
28 Ashadha 2050,"Aug 05, 1994"
29 Ashadha 2050,"Aug 06, 1994"
30 Ashadha 2050,"Aug 07, 1994"
1 Shravana 2050,"Aug 08, 1994"
2 Shravana 2050,"Aug 09, 1994"
3 Shravana 2050,"Aug 10, 1994"
4 Shravana 2050,"Aug 11, 1994"
5 Shravana 2050,"Aug 12, 1994"
6 Shravana 2050,"Aug 13, 1994"
7 Shravana 2050,"Aug 14, 1994"
8 Shravana 2050,"Aug 15, 1994"
9 Shravana 2050,"Aug 16, 1994"
10 Shravana 2050,"Aug 17, 1994"
11 Shravana 2050,"Aug 18, 1994"
12 Shravana 2050,"Aug 19, 1994"
13 Shravana 2050,"Aug 20, 1994"
14 Shravana 2050,"Aug 21, 1994"
15 Shravana 2050,"Aug 22, 1994"
16 Shravana 2050,"Aug 23, 1994"
17 Shravana 2050,"Aug 24, 1994"
18 Shravana 2050,"Aug 25, 1994"
19 Shravana 2050,"Aug 26, 1994"
20 Shravana 2050,"Aug 27, 1994"
21 Shravana 2050,"Aug 28, 1994"
22 Shravana 2050,"Aug 29, 1994"
23 Shravana 2050,"Aug 30, 1994"
24 Shravana 2050,"Aug 31, 1994"
25 Shravana 2050,"Sep 01, 1994"
26 Shravana 2050,"Sep 02, 1994"
27 Shravana 2050,"Sep 03, 1994"
28 Shravana 2050,"Sep 04, 1994"
29 Shravana 2050,"Sep 05, 1994"
1 Bhadarvo 2050,"Sep 06, 1994"
2 Bhadarvo 2050,"Sep 07, 1994"
3 Bhadarvo 2050,"Sep 08, 1994"
4 Bhadarvo 2050,"Sep 09, 1994"
5 Bhadarvo 2050,"Sep 10, 1994"
6 Bhadarvo 2050,"Sep 11, 1994"
7 Bhadarvo 2050,"Sep 12, 1994"
8 Bhadarvo 2050,"Sep 13, 1994"
9 Bhadarvo 2050,"Sep 14, 1994"
10 Bhadarvo 2050,"Sep 15, 1994"
11 Bhadarvo 2050,"Sep 16, 1994"
12 Bhadarvo 2050,"Sep 17, 1994"
13 Bhadarvo 2050,"Sep 18, 1994"
14 Bhadarvo 2050,"Sep 19, 1994"
15 Bhadarvo 2050,"Sep 20, 1994"
16 Bhadarvo 2050,"Sep 21, 1994"
17 Bhadarvo 2050,"Sep 22, 1994"
18 Bhadarvo 2050,"Sep 23, 1994"
19 Bhadarvo 2050,"Sep 24, 1994"
20 Bhadarvo 2050,"Sep 25, 1994"
21 Bhadarvo 2050,"Sep 26, 1994"
22 Bhadarvo 2050,"Sep 27, 1994"
23 Bhadarvo 2050,"Sep 28, 1994"
24 Bhadarvo 2050,"Sep 29, 1994"
25 Bhadarvo 2050,"Sep 30, 1994"
26 Bhadarvo 2050,"Oct 01, 1994"
27 Bhadarvo 2050,"Oct 02, 1994"
28 Bhadarvo 2050,"Oct 03, 1994"
29 Bhadarvo 2050,"Oct 04, 1994"
30 Bhadarvo 2050,"Oct 05, 1994"
1 Aaso 2050,"Oct 06, 1994"
2 Aaso 2050,"Oct 07, 1994"
3 Aaso 2050,"Oct 08, 1994"
4 Aaso 2050,"Oct 09, 1994"
5 Aaso 2050,"Oct 10, 1994"
6 Aaso 2050,"Oct 11, 1994"
7 Aaso 2050,"Oct 12, 1994"
8 Aaso 2050,"Oct 13, 1994"
9 Aaso 2050,"Oct 14, 1994"
10 Aaso 2050,"Oct 15, 1994"
11 Aaso 2050,"Oct 16, 1994"
12 Aaso 2050,"Oct 17, 1994"
13 Aaso 2050,"Oct 18, 1994"
14 Aaso 2050,"Oct 19, 1994"
15 Aaso 2050,"Oct 20, 1994"
16 Aaso 2050,"Oct 21, 1994"
17 Aaso 2050,"Oct 22, 1994"
18 Aaso 2050,"Oct 23, 1994"
19 Aaso 2050,"Oct 24, 1994"
20 Aaso 2050,"Oct 25, 1994"
21 Aaso 2050,"Oct 26, 1994"
22 Aaso 2050,"Oct 27, 1994"
23 Aaso 2050,"Oct 28, 1994"
24 Aaso 2050,"Oct 29, 1994"
25 Aaso 2050,"Oct 30, 1994"
26 Aaso 2050,"Oct 31, 1994"
27 Aaso 2050,"Nov 01, 1994"
28 Aaso 2050,"Nov 02, 1994"
29 Aaso 2050,"Nov 03, 1994"
1 Kartak 2050,"Nov 04, 1994"
2 Kartak 2050,"Nov 05, 1994"
3 Kartak 2050,"Nov 06, 1994"
4 Kartak 2050,"Nov 07, 1994"
5 Kartak 2050,"Nov 08, 1994"
6 Kartak 2050,"Nov 09, 1994"
7 Kartak 2050,"Nov 10, 1994"
8 Kartak 2050,"Nov 11, 1994"
9 Kartak 2050,"Nov 12, 1994"
10 Kartak 2050,"Nov 13, 1994"
11 Kartak 2050,"Nov 14, 1994"
12 Kartak 2050,"Nov 15, 1994"
13 Kartak 2050,"Nov 16, 1994"
14 Kartak 2050,"Nov 17, 1994"
15 Kartak 2050,"Nov 18, 1994"
16 Kartak 2050,"Nov 19, 1994"
17 Kartak 2050,"Nov 20, 1994"
18 Kartak 2050,"Nov 21, 1994"
19 Kartak 2050,"Nov 22, 1994"
20 Kartak 2050,"Nov 23, 1994"
21 Kartak 2050,"Nov 24, 1994"
22 Kartak 2050,"Nov 25, 1994"
23 Kartak 2050,"Nov 26, 1994"
24 Kartak 2050,"Nov 27, 1994"
25 Kartak 2050,"Nov 28, 1994"
26 Kartak 2050,"Nov 29, 1994"
27 Kartak 2050,"Nov 30, 1994"
28 Kartak 2050,"Dec 01, 1994"
29 Kartak 2050,"Dec 02, 1994"
1 Magasar 2050,"Dec 03, 1994"
2 Magasar 2050,"Dec 04, 1994"
3 Magasar 2050,"Dec 05, 1994"
4 Magasar 2050,"Dec 06, 1994"
5 Magasar 2050,"Dec 07, 1994"
6 Magasar 2050,"Dec 08, 1994"
7 Magasar 2050,"Dec 09, 1994"
8 Magasar 2050,"Dec 10, 1994"
9 Magasar 2050,"Dec 11, 1994"
10 Magasar 2050,"Dec 12, 1994"
11 Magasar 2050,"Dec 13, 1994"
12 Magasar 2050,"Dec 14, 1994"
13 Magasar 2050,"Dec 15, 1994"
14 Magasar 2050,"Dec 16, 1994"
15 Magasar 2050,"Dec 17, 1994"
16 Magasar 2050,"Dec 18, 1994"
17 Magasar 2050,"Dec 19, 1994"
18 Magasar 2050,"Dec 20, 1994"
19 Magasar 2050,"Dec 21, 1994"
20 Magasar 2050,"Dec 22, 1994"
21 Magasar 2050,"Dec 23, 1994"
22 Magasar 2050,"Dec 24, 1994"
23 Magasar 2050,"Dec 25, 1994"
24 Magasar 2050,"Dec 26, 1994"
25 Magasar 2050,"Dec 27, 1994"
26 Magasar 2050,"Dec 28, 1994"
27 Magasar 2050,"Dec 29, 1994"
28 Magasar 2050,"Dec 30, 1994"
29 Magasar 2050,"Dec 31, 1994"
30 Magasar 2050,"Jan 01, 1995"
1 Posh 2051,"Jan 02, 1995"
2 Posh 2051,"Jan 03, 1995"
3 Posh 2051,"Jan 04, 1995"
4 Posh 2051,"Jan 05, 1995"
5 Posh 2051,"Jan 06, 1995"
6 Posh 2051,"Jan 07, 1995"
7 Posh 2051,"Jan 08, 1995"
8 Posh 2051,"Jan 09, 1995"
9 Posh 2051,"Jan 10, 1995"
10 Posh 2051,"Jan 11, 1995"
11 Posh 2051,"Jan 12, 1995"
12 Posh 2051,"Jan 13, 1995"
13 Posh 2051,"Jan 14, 1995"
14 Posh 2051,"Jan 15, 1995"
15 Posh 2051,"Jan 16, 1995"
16 Posh 2051,"Jan 17, 1995"
17 Posh 2051,"Jan 18, 1995"
18 Posh 2051,"Jan 19, 1995"
19 Posh 2051,"Jan 20, 1995"
20 Posh 2051,"Jan 21, 1995"
21 Posh 2051,"Jan 22, 1995"
22 Posh 2051,"Jan 23, 1995"
23 Posh 2051,"Jan 24, 1995"
24 Posh 2051,"Jan 25, 1995"
25 Posh 2051,"Jan 26, 1995"
26 Posh 2051,"Jan 27, 1995"
27 Posh 2051,"Jan 28, 1995"
28 Posh 2051,"Jan 29, 1995"
29 Posh 2051,"Jan 30, 1995"
1 Maha 2051,"Jan 31, 1995"
2 Maha 2051,"Feb 01, 1995"
3 Maha 2051,"Feb 02, 1995"
4 Maha 2051,"Feb 03, 1995"
5 Maha 2051,"Feb 04, 1995"
6 Maha 2051,"Feb 05, 1995"
7 Maha 2051,"Feb 06, 1995"
8 Maha 2051,"Feb 07, 1995"
9 Maha 2051,"Feb 08, 1995"
10 Maha 2051,"Feb 09, 1995"
11 Maha 2051,"Feb 10, 1995"
12 Maha 2051,"Feb 11, 1995"
13 Maha 2051,"Feb 12, 1995"
14 Maha 2051,"Feb 13, 1995"
15 Maha 2051,"Feb 14, 1995"
16 Maha 2051,"Feb 15, 1995"
17 Maha 2051,"Feb 16, 1995"
18 Maha 2051,"Feb 17, 1995"
19 Maha 2051,"Feb 18, 1995"
20 Maha 2051,"Feb 19, 1995"
21 Maha 2051,"Feb 20, 1995"
22 Maha 2051,"Feb 21, 1995"
23 Maha 2051,"Feb 22, 1995"
24 Maha 2051,"Feb 23, 1995"
25 Maha 2051,"Feb 24, 1995"
26 Maha 2051,"Feb 25, 1995"
27 Maha 2051,"Feb 26, 1995"
28 Maha 2051,"Feb 27, 1995"
29 Maha 2051,"Feb 28, 1995"
30 Maha 2051,"Mar 01, 1995"
1 Phaguna 2051,"Mar 02, 1995"
2 Phaguna 2051,"Mar 03, 1995"
3 Phaguna 2051,"Mar 04, 1995"
4 Phaguna 2051,"Mar 05, 1995"
5 Phaguna 2051,"Mar 06, 1995"
6 Phaguna 2051,"Mar 07, 1995"
7 Phaguna 2051,"Mar 08, 1995"
8 Phaguna 2051,"Mar 09, 1995"
9 Phaguna 2051,"Mar 10, 1995"
10 Phaguna 2051,"Mar 11, 1995"
11 Phaguna 2051,"Mar 12, 1995"
12 Phaguna 2051,"Mar 13, 1995"
13 Phaguna 2051,"Mar 14, 1995"
14 Phaguna 2051,"Mar 15, 1995"
15 Phaguna 2051,"Mar 16, 1995"
16 Phaguna 2051,"Mar 17, 1995"
17 Phaguna 2051,"Mar 18, 1995"
18 Phaguna 2051,"Mar 19, 1995"
19 Phaguna 2051,"Mar 20, 1995"
20 Phaguna 2051,"Mar 21, 1995"
21 Phaguna 2051,"Mar 22, 1995"
22 Phaguna 2051,"Mar 23, 1995"
23 Phaguna 2051,"Mar 24, 1995"
24 Phaguna 2051,"Mar 25, 1995"
25 Phaguna 2051,"Mar 26, 1995"
26 Phaguna 2051,"Mar 27, 1995"
27 Phaguna 2051,"Mar 28, 1995"
28 Phaguna 2051,"Mar 29, 1995"
29 Phaguna 2051,"Mar 30, 1995"
30 Phaguna 2051,"Mar 31, 1995"
1 Chaitra 2051,"Apr 01, 1995"
2 Chaitra 2051,"Apr 02, 1995"
3 Chaitra 2051,"Apr 03, 1995"
4 Chaitra 2051,"Apr 04, 1995"
5 Chaitra 2051,"Apr 05, 1995"
6 Chaitra 2051,"Apr 06, 1995"
7 Chaitra 2051,"Apr 07, 1995"
8 Chaitra 2051,"Apr 08, 1995"
9 Chaitra 2051,"Apr 09, 1995"
10 Chaitra 2051,"Apr 10, 1995"
11 Chaitra 2051,"Apr 11, 1995"
12 Chaitra 2051,"Apr 12, 1995"
13 Chaitra 2051,"Apr 13, 1995"
14 Chaitra 2051,"Apr 14, 1995"
15 Chaitra 2051,"Apr 15, 1995"
16 Chaitra 2051,"Apr 16, 1995"
17 Chaitra 2051,"Apr 17, 1995"
18 Chaitra 2051,"Apr 18, 1995"
19 Chaitra 2051,"Apr 19, 1995"
20 Chaitra 2051,"Apr 20, 1995"
21 Chaitra 2051,"Apr 21, 1995"
22 Chaitra 2051,"Apr 22, 1995"
23 Chaitra 2051,"Apr 23, 1995"
24 Chaitra 2051,"Apr 24, 1995"
25 Chaitra 2051,"Apr 25, 1995"
26 Chaitra 2051,"Apr 26, 1995"
27 Chaitra 2051,"Apr 27, 1995"
28 Chaitra 2051,"Apr 28, 1995"
29 Chaitra 2051,"Apr 29, 1995"
1 Vaishakha 2051,"Apr 30, 1995"
2 Vaishakha 2051,"May 01, 1995"
3 Vaishakha 2051,"May 02, 1995"
4 Vaishakha 2051,"May 03, 1995"
5 Vaishakha 2051,"May 04, 1995"
6 Vaishakha 2051,"May 05, 1995"
7 Vaishakha 2051,"May 06, 1995"
8 Vaishakha 2051,"May 07, 1995"
9 Vaishakha 2051,"May 08, 1995"
10 Vaishakha 2051,"May 09, 1995"
11 Vaishakha 2051,"May 10, 1995"
12 Vaishakha 2051,"May 11, 1995"
13 Vaishakha 2051,"May 12, 1995"
14 Vaishakha 2051,"May 13, 1995"
15 Vaishakha 2051,"May 14, 1995"
16 Vaishakha 2051,"May 15, 1995"
17 Vaishakha 2051,"May 16, 1995"
18 Vaishakha 2051,"May 17, 1995"
19 Vaishakha 2051,"May 18, 1995"
20 Vaishakha 2051,"May 19, 1995"
21 Vaishakha 2051,"May 20, 1995"
22 Vaishakha 2051,"May 21, 1995"
23 Vaishakha 2051,"May 22, 1995"
24 Vaishakha 2051,"May 23, 1995"
25 Vaishakha 2051,"May 24, 1995"
26 Vaishakha 2051,"May 25, 1995"
27 Vaishakha 2051,"May 26, 1995"
28 Vaishakha 2051,"May 27, 1995"
29 Vaishakha 2051,"May 28, 1995"
30 Vaishakha 2051,"May 29, 1995"
1 Jyeshta 2051,"May 30, 1995"
2 Jyeshta 2051,"May 31, 1995"
3 Jyeshta 2051,"Jun 01, 1995"
4 Jyeshta 2051,"Jun 02, 1995"
5 Jyeshta 2051,"Jun 03, 1995"
6 Jyeshta 2051,"Jun 04, 1995"
7 Jyeshta 2051,"Jun 05, 1995"
8 Jyeshta 2051,"Jun 06, 1995"
9 Jyeshta 2051,"Jun 07, 1995"
10 Jyeshta 2051,"Jun 08, 1995"
11 Jyeshta 2051,"Jun 09, 1995"
12 Jyeshta 2051,"Jun 10, 1995"
13 Jyeshta 2051,"Jun 11, 1995"
14 Jyeshta 2051,"Jun 12, 1995"
15 Jyeshta 2051,"Jun 13, 1995"
16 Jyeshta 2051,"Jun 14, 1995"
17 Jyeshta 2051,"Jun 15, 1995"
18 Jyeshta 2051,"Jun 16, 1995"
19 Jyeshta 2051,"Jun 17, 1995"
20 Jyeshta 2051,"Jun 18, 1995"
21 Jyeshta 2051,"Jun 19, 1995"
22 Jyeshta 2051,"Jun 20, 1995"
23 Jyeshta 2051,"Jun 21, 1995"
24 Jyeshta 2051,"Jun 22, 1995"
25 Jyeshta 2051,"Jun 23, 1995"
26 Jyeshta 2051,"Jun 24, 1995"
27 Jyeshta 2051,"Jun 25, 1995"
28 Jyeshta 2051,"Jun 26, 1995"
29 Jyeshta 2051,"Jun 27, 1995"
1 Ashadha 2051,"Jun 29, 1995"
2 Ashadha 2051,"Jun 30, 1995"
3 Ashadha 2051,"Jul 01, 1995"
4 Ashadha 2051,"Jul 02, 1995"
5 Ashadha 2051,"Jul 03, 1995"
6 Ashadha 2051,"Jul 04, 1995"
7 Ashadha 2051,"Jul 05, 1995"
8 Ashadha 2051,"Jul 06, 1995"
9 Ashadha 2051,"Jul 07, 1995"
10 Ashadha 2051,"Jul 08, 1995"
11 Ashadha 2051,"Jul 09, 1995"
12 Ashadha 2051,"Jul 10, 1995"
13 Ashadha 2051,"Jul 11, 1995"
14 Ashadha 2051,"Jul 12, 1995"
15 Ashadha 2051,"Jul 13, 1995"
16 Ashadha 2051,"Jul 14, 1995"
17 Ashadha 2051,"Jul 15, 1995"
18 Ashadha 2051,"Jul 16, 1995"
19 Ashadha 2051,"Jul 17, 1995"
20 Ashadha 2051,"Jul 18, 1995"
21 Ashadha 2051,"Jul 19, 1995"
22 Ashadha 2051,"Jul 20, 1995"
23 Ashadha 2051,"Jul 21, 1995"
24 Ashadha 2051,"Jul 22, 1995"
25 Ashadha 2051,"Jul 23, 1995"
26 Ashadha 2051,"Jul 24, 1995"
27 Ashadha 2051,"Jul 25, 1995"
28 Ashadha 2051,"Jul 26, 1995"
29 Ashadha 2051,"Jul 27, 1995"
1 Shravana 2051,"Jul 28, 1995"
2 Shravana 2051,"Jul 29, 1995"
3 Shravana 2051,"Jul 30, 1995"
4 Shravana 2051,"Jul 31, 1995"
5 Shravana 2051,"Aug 01, 1995"
6 Shravana 2051,"Aug 02, 1995"
7 Shravana 2051,"Aug 03, 1995"
8 Shravana 2051,"Aug 04, 1995"
9 Shravana 2051,"Aug 05, 1995"
10 Shravana 2051,"Aug 06, 1995"
11 Shravana 2051,"Aug 07, 1995"
12 Shravana 2051,"Aug 08, 1995"
13 Shravana 2051,"Aug 09, 1995"
14 Shravana 2051,"Aug 10, 1995"
15 Shravana 2051,"Aug 11, 1995"
16 Shravana 2051,"Aug 12, 1995"
17 Shravana 2051,"Aug 13, 1995"
18 Shravana 2051,"Aug 14, 1995"
19 Shravana 2051,"Aug 15, 1995"
20 Shravana 2051,"Aug 16, 1995"
21 Shravana 2051,"Aug 17, 1995"
22 Shravana 2051,"Aug 18, 1995"
23 Shravana 2051,"Aug 19, 1995"
24 Shravana 2051,"Aug 20, 1995"
25 Shravana 2051,"Aug 21, 1995"
26 Shravana 2051,"Aug 22, 1995"
27 Shravana 2051,"Aug 23, 1995"
28 Shravana 2051,"Aug 24, 1995"
29 Shravana 2051,"Aug 25, 1995"
30 Shravana 2051,"Aug 26, 1995"
1 Bhadarvo 2051,"Aug 27, 1995"
2 Bhadarvo 2051,"Aug 28, 1995"
3 Bhadarvo 2051,"Aug 29, 1995"
4 Bhadarvo 2051,"Aug 30, 1995"
5 Bhadarvo 2051,"Aug 31, 1995"
6 Bhadarvo 2051,"Sep 01, 1995"
7 Bhadarvo 2051,"Sep 02, 1995"
8 Bhadarvo 2051,"Sep 03, 1995"
9 Bhadarvo 2051,"Sep 04, 1995"
10 Bhadarvo 2051,"Sep 05, 1995"
11 Bhadarvo 2051,"Sep 06, 1995"
12 Bhadarvo 2051,"Sep 07, 1995"
13 Bhadarvo 2051,"Sep 08, 1995"
14 Bhadarvo 2051,"Sep 09, 1995"
15 Bhadarvo 2051,"Sep 10, 1995"
16 Bhadarvo 2051,"Sep 11, 1995"
17 Bhadarvo 2051,"Sep 12, 1995"
18 Bhadarvo 2051,"Sep 13, 1995"
19 Bhadarvo 2051,"Sep 14, 1995"
20 Bhadarvo 2051,"Sep 15, 1995"
21 Bhadarvo 2051,"Sep 16, 1995"
22 Bhadarvo 2051,"Sep 17, 1995"
23 Bhadarvo 2051,"Sep 18, 1995"
24 Bhadarvo 2051,"Sep 19, 1995"
25 Bhadarvo 2051,"Sep 20, 1995"
26 Bhadarvo 2051,"Sep 21, 1995"
27 Bhadarvo 2051,"Sep 22, 1995"
28 Bhadarvo 2051,"Sep 23, 1995"
29 Bhadarvo 2051,"Sep 24, 1995"
1 Aso 2051,"Sep 25, 1995"
2 Aso 2051,"Sep 26, 1995"
3 Aso 2051,"Sep 27, 1995"
4 Aso 2051,"Sep 28, 1995"
5 Aso 2051,"Sep 29, 1995"
6 Aso 2051,"Sep 30, 1995"
7 Aso 2051,"Oct 01, 1995"
8 Aso 2051,"Oct 02, 1995"
9 Aso 2051,"Oct 03, 1995"
10 Aso 2051,"Oct 04, 1995"
11 Aso 2051,"Oct 05, 1995"
12 Aso 2051,"Oct 06, 1995"
13 Aso 2051,"Oct 07, 1995"
14 Aso 2051,"Oct 08, 1995"
15 Aso 2051,"Oct 09, 1995"
16 Aso 2051,"Oct 10, 1995"
17 Aso 2051,"Oct 11, 1995"
18 Aso 2051,"Oct 12, 1995"
19 Aso 2051,"Oct 13, 1995"
20 Aso 2051,"Oct 14, 1995"
21 Aso 2051,"Oct 15, 1995"
22 Aso 2051,"Oct 16, 1995"
23 Aso 2051,"Oct 17, 1995"
24 Aso 2051,"Oct 18, 1995"
25 Aso 2051,"Oct 19, 1995"
26 Aso 2051,"Oct 20, 1995"
27 Aso 2051,"Oct 21, 1995"
28 Aso 2051,"Oct 22, 1995"
29 Aso 2051,"Oct 23, 1995"
30 Aso 2051,"Oct 24, 1995"
1 Kartak 2051,"Oct 25, 1995"
2 Kartak 2051,"Oct 26, 1995"
3 Kartak 2051,"Oct 27, 1995"
4 Kartak 2051,"Oct 28, 1995"
5 Kartak 2051,"Oct 29, 1995"
6 Kartak 2051,"Oct 30, 1995"
7 Kartak 2051,"Oct 31, 1995"
8 Kartak 2051,"Nov 01, 1995"
9 Kartak 2051,"Nov 02, 1995"
10 Kartak 2051,"Nov 03, 1995"
11 Kartak 2051,"Nov 04, 1995"
12 Kartak 2051,"Nov 05, 1995"
13 Kartak 2051,"Nov 06, 1995"
14 Kartak 2051,"Nov 07, 1995"
15 Kartak 2051,"Nov 08, 1995"
16 Kartak 2051,"Nov 09, 1995"
17 Kartak 2051,"Nov 10, 1995"
18 Kartak 2051,"Nov 11, 1995"
19 Kartak 2051,"Nov 12, 1995"
20 Kartak 2051,"Nov 13, 1995"
21 Kartak 2051,"Nov 14, 1995"
22 Kartak 2051,"Nov 15, 1995"
23 Kartak 2051,"Nov 16, 1995"
24 Kartak 2051,"Nov 17, 1995"
25 Kartak 2051,"Nov 18, 1995"
26 Kartak 2051,"Nov 19, 1995"
27 Kartak 2051,"Nov 20, 1995"
28 Kartak 2051,"Nov 21, 1995"
29 Kartak 2051,"Nov 22, 1995"
1 Magshar 2051,"Nov 23, 1995"
2 Magshar 2051,"Nov 24, 1995"
3 Magshar 2051,"Nov 25, 1995"
4 Magshar 2051,"Nov 26, 1995"
5 Magshar 2051,"Nov 27, 1995"
6 Magshar 2051,"Nov 28, 1995"
7 Magshar 2051,"Nov 29, 1995"
8 Magshar 2051,"Nov 30, 1995"
9 Magshar 2051,"Dec 01, 1995"
10 Magshar 2051,"Dec 02, 1995"
11 Magshar 2051,"Dec 03, 1995"
12 Magshar 2051,"Dec 04, 1995"
13 Magshar 2051,"Dec 05, 1995"
14 Magshar 2051,"Dec 06, 1995"
15 Magshar 2051,"Dec 07, 1995"
16 Magshar 2051,"Dec 08, 1995"
17 Magshar 2051,"Dec 09, 1995"
18 Magshar 2051,"Dec 10, 1995"
19 Magshar 2051,"Dec 11, 1995"
20 Magshar 2051,"Dec 12, 1995"
21 Magshar 2051,"Dec 13, 1995"
22 Magshar 2051,"Dec 14, 1995"
23 Magshar 2051,"Dec 15, 1995"
24 Magshar 2051,"Dec 16, 1995"
25 Magshar 2051,"Dec 17, 1995"
26 Magshar 2051,"Dec 18, 1995"
27 Magshar 2051,"Dec 19, 1995"
28 Magshar 2051,"Dec 20, 1995"
29 Magshar 2051,"Dec 21, 1995"
30 Magshar 2051,"Dec 22, 1995"
1 Posh 2051,"Dec 23, 1995"
2 Posh 2051,"Dec 24, 1995"
3 Posh 2051,"Dec 25, 1995"
4 Posh 2051,"Dec 26, 1995"
5 Posh 2051,"Dec 27, 1995"
6 Posh 2051,"Dec 28, 1995"
7 Posh 2051,"Dec 29, 1995"
8 Posh 2051,"Dec 30, 1995"
9 Posh 2051,"Dec 31, 1995"
10 Posh 2051,"Jan 01, 1996"
11 Posh 2051,"Jan 02, 1996"
12 Posh 2051,"Jan 03, 1996"
13 Posh 2051,"Jan 04, 1996"
14 Posh 2051,"Jan 05, 1996"
15 Posh 2051,"Jan 06, 1996"
16 Posh 2051,"Jan 07, 1996"
17 Posh 2051,"Jan 08, 1996"
18 Posh 2051,"Jan 09, 1996"
19 Posh 2051,"Jan 10, 1996"
20 Posh 2051,"Jan 11, 1996"
21 Posh 2051,"Jan 12, 1996"
22 Posh 2051,"Jan 13, 1996"
23 Posh 2051,"Jan 14, 1996"
24 Posh 2051,"Jan 15, 1996"
25 Posh 2051,"Jan 16, 1996"
26 Posh 2051,"Jan 17, 1996"
27 Posh 2051,"Jan 18, 1996"
28 Posh 2051,"Jan 19, 1996"
29 Posh 2051,"Jan 20, 1996"
1 Maha 2052,"Jan 21, 1996"
2 Maha 2052,"Jan 22, 1996"
3 Maha 2052,"Jan 23, 1996"
4 Maha 2052,"Jan 24, 1996"
5 Maha 2052,"Jan 25, 1996"
6 Maha 2052,"Jan 26, 1996"
7 Maha 2052,"Jan 27, 1996"
8 Maha 2052,"Jan 28, 1996"
9 Maha 2052,"Jan 29, 1996"
10 Maha 2052,"Jan 30, 1996"
11 Maha 2052,"Jan 31, 1996"
12 Maha 2052,"Feb 01, 1996"
13 Maha 2052,"Feb 02, 1996"
14 Maha 2052,"Feb 03, 1996"
15 Maha 2052,"Feb 04, 1996"
16 Maha 2052,"Feb 05, 1996"
17 Maha 2052,"Feb 06, 1996"
18 Maha 2052,"Feb 07, 1996"
19 Maha 2052,"Feb 08, 1996"
20 Maha 2052,"Feb 09, 1996"
21 Maha 2052,"Feb 10, 1996"
22 Maha 2052,"Feb 11, 1996"
23 Maha 2052,"Feb 12, 1996"
24 Maha 2052,"Feb 13, 1996"
25 Maha 2052,"Feb 14, 1996"
26 Maha 2052,"Feb 15, 1996"
27 Maha 2052,"Feb 16, 1996"
28 Maha 2052,"Feb 17, 1996"
29 Maha 2052,"Feb 18, 1996"
1 Phaguna 2052,"Feb 19, 1996"
2 Phaguna 2052,"Feb 20, 1996"
3 Phaguna 2052,"Feb 21, 1996"
4 Phaguna 2052,"Feb 22, 1996"
5 Phaguna 2052,"Feb 23, 1996"
6 Phaguna 2052,"Feb 24, 1996"
7 Phaguna 2052,"Feb 25, 1996"
8 Phaguna 2052,"Feb 26, 1996"
9 Phaguna 2052,"Feb 27, 1996"
10 Phaguna 2052,"Feb 28, 1996"
11 Phaguna 2052,"Feb 29, 1996"
12 Phaguna 2052,"Mar 01, 1996"
13 Phaguna 2052,"Mar 02, 1996"
14 Phaguna 2052,"Mar 03, 1996"
15 Phaguna 2052,"Mar 04, 1996"
16 Phaguna 2052,"Mar 05, 1996"
17 Phaguna 2052,"Mar 06, 1996"
18 Phaguna 2052,"Mar 07, 1996"
19 Phaguna 2052,"Mar 08, 1996"
20 Phaguna 2052,"Mar 09, 1996"
21 Phaguna 2052,"Mar 10, 1996"
22 Phaguna 2052,"Mar 11, 1996"
23 Phaguna 2052,"Mar 12, 1996"
24 Phaguna 2052,"Mar 13, 1996"
25 Phaguna 2052,"Mar 14, 1996"
26 Phaguna 2052,"Mar 15, 1996"
27 Phaguna 2052,"Mar 16, 1996"
28 Phaguna 2052,"Mar 17, 1996"
29 Phaguna 2052,"Mar 18, 1996"
30 Phaguna 2052,"Mar 19, 1996"
1 Chaitra 2052,"Mar 20, 1996"
2 Chaitra 2052,"Mar 21, 1996"
3 Chaitra 2052,"Mar 22, 1996"
4 Chaitra 2052,"Mar 23, 1996"
5 Chaitra 2052,"Mar 24, 1996"
6 Chaitra 2052,"Mar 25, 1996"
7 Chaitra 2052,"Mar 26, 1996"
8 Chaitra 2052,"Mar 27, 1996"
9 Chaitra 2052,"Mar 28, 1996"
10 Chaitra 2052,"Mar 29, 1996"
11 Chaitra 2052,"Mar 30, 1996"
12 Chaitra 2052,"Mar 31, 1996"
13 Chaitra 2052,"Apr 01, 1996"
14 Chaitra 2052,"Apr 02, 1996"
15 Chaitra 2052,"Apr 03, 1996"
16 Chaitra 2052,"Apr 04, 1996"
17 Chaitra 2052,"Apr 05, 1996"
18 Chaitra 2052,"Apr 06, 1996"
19 Chaitra 2052,"Apr 07, 1996"
20 Chaitra 2052,"Apr 08, 1996"
21 Chaitra 2052,"Apr 09, 1996"
22 Chaitra 2052,"Apr 10, 1996"
23 Chaitra 2052,"Apr 11, 1996"
24 Chaitra 2052,"Apr 12, 1996"
25 Chaitra 2052,"Apr 13, 1996"
26 Chaitra 2052,"Apr 14, 1996"
27 Chaitra 2052,"Apr 15, 1996"
28 Chaitra 2052,"Apr 16, 1996"
29 Chaitra 2052,"Apr 17, 1996"
1 Vaishakha 2052,"Apr 18, 1996"
2 Vaishakha 2052,"Apr 19, 1996"
3 Vaishakha 2052,"Apr 20, 1996"
4 Vaishakha 2052,"Apr 21, 1996"
5 Vaishakha 2052,"Apr 22, 1996"
6 Vaishakha 2052,"Apr 23, 1996"
7 Vaishakha 2052,"Apr 24, 1996"
8 Vaishakha 2052,"Apr 25, 1996"
9 Vaishakha 2052,"Apr 26, 1996"
10 Vaishakha 2052,"Apr 27, 1996"
11 Vaishakha 2052,"Apr 28, 1996"
12 Vaishakha 2052,"Apr 29, 1996"
13 Vaishakha 2052,"Apr 30, 1996"
14 Vaishakha 2052,"May 01, 1996"
15 Vaishakha 2052,"May 02, 1996"
16 Vaishakha 2052,"May 03, 1996"
17 Vaishakha 2052,"May 04, 1996"
18 Vaishakha 2052,"May 05, 1996"
19 Vaishakha 2052,"May 06, 1996"
20 Vaishakha 2052,"May 07, 1996"
21 Vaishakha 2052,"May 08, 1996"
22 Vaishakha 2052,"May 09, 1996"
23 Vaishakha 2052,"May 10, 1996"
24 Vaishakha 2052,"May 11, 1996"
25 Vaishakha 2052,"May 12, 1996"
26 Vaishakha 2052,"May 13, 1996"
27 Vaishakha 2052,"May 14, 1996"
28 Vaishakha 2052,"May 15, 1996"
29 Vaishakha 2052,"May 16, 1996"
30 Vaishakha 2052,"May 17, 1996"
1 Jyeshta 2052,"May 18, 1996"
2 Jyeshta 2052,"May 19, 1996"
3 Jyeshta 2052,"May 20, 1996"
4 Jyeshta 2052,"May 21, 1996"
5 Jyeshta 2052,"May 22, 1996"
6 Jyeshta 2052,"May 23, 1996"
7 Jyeshta 2052,"May 24, 1996"
8 Jyeshta 2052,"May 25, 1996"
9 Jyeshta 2052,"May 26, 1996"
10 Jyeshta 2052,"May 27, 1996"
11 Jyeshta 2052,"May 28, 1996"
12 Jyeshta 2052,"May 29, 1996"
13 Jyeshta 2052,"May 30, 1996"
14 Jyeshta 2052,"May 31, 1996"
15 Jyeshta 2052,"Jun 01, 1996"
16 Jyeshta 2052,"Jun 02, 1996"
17 Jyeshta 2052,"Jun 03, 1996"
18 Jyeshta 2052,"Jun 04, 1996"
19 Jyeshta 2052,"Jun 05, 1996"
20 Jyeshta 2052,"Jun 06, 1996"
21 Jyeshta 2052,"Jun 07, 1996"
22 Jyeshta 2052,"Jun 08, 1996"
23 Jyeshta 2052,"Jun 09, 1996"
24 Jyeshta 2052,"Jun 10, 1996"
25 Jyeshta 2052,"Jun 11, 1996"
26 Jyeshta 2052,"Jun 12, 1996"
27 Jyeshta 2052,"Jun 13, 1996"
28 Jyeshta 2052,"Jun 14, 1996"
29 Jyeshta 2052,"Jun 15, 1996"
30 Jyeshta 2052,"Jun 16, 1996"
1 Ashadha_Adhik 2052,"Jun 17, 1996"
2 Ashadha_Adhik 2052,"Jun 18, 1996"
3 Ashadha_Adhik 2052,"Jun 19, 1996"
4 Ashadha_Adhik 2052,"Jun 20, 1996"
5 Ashadha_Adhik 2052,"Jun 21, 1996"
6 Ashadha_Adhik 2052,"Jun 22, 1996"
7 Ashadha_Adhik 2052,"Jun 23, 1996"
8 Ashadha_Adhik 2052,"Jun 24, 1996"
9 Ashadha_Adhik 2052,"Jun 25, 1996"
10 Ashadha_Adhik 2052,"Jun 26, 1996"
11 Ashadha_Adhik 2052,"Jun 27, 1996"
12 Ashadha_Adhik 2052,"Jun 28, 1996"
13 Ashadha_Adhik 2052,"Jun 29, 1996"
14 Ashadha_Adhik 2052,"Jun 30, 1996"
15 Ashadha_Adhik 2052,"Jul 01, 1996"
16 Ashadha_Adhik 2052,"Jul 02, 1996"
17 Ashadha_Adhik 2052,"Jul 03, 1996"
18 Ashadha_Adhik 2052,"Jul 04, 1996"
19 Ashadha_Adhik 2052,"Jul 05, 1996"
20 Ashadha_Adhik 2052,"Jul 06, 1996"
21 Ashadha_Adhik 2052,"Jul 07, 1996"
22 Ashadha_Adhik 2052,"Jul 08, 1996"
23 Ashadha_Adhik 2052,"Jul 09, 1996"
24 Ashadha_Adhik 2052,"Jul 10, 1996"
25 Ashadha_Adhik 2052,"Jul 11, 1996"
26 Ashadha_Adhik 2052,"Jul 12, 1996"
27 Ashadha_Adhik 2052,"Jul 13, 1996"
28 Ashadha_Adhik 2052,"Jul 14, 1996"
29 Ashadha_Adhik 2052,"Jul 15, 1996"
1 Ashadha 2052,"Jul 16, 1996"
2 Ashadha 2052,"Jul 17, 1996"
3 Ashadha 2052,"Jul 18, 1996"
4 Ashadha 2052,"Jul 19, 1996"
5 Ashadha 2052,"Jul 20, 1996"
6 Ashadha 2052,"Jul 21, 1996"
7 Ashadha 2052,"Jul 22, 1996"
8 Ashadha 2052,"Jul 23, 1996"
9 Ashadha 2052,"Jul 24, 1996"
10 Ashadha 2052,"Jul 25, 1996"
11 Ashadha 2052,"Jul 26, 1996"
12 Ashadha 2052,"Jul 27, 1996"
13 Ashadha 2052,"Jul 28, 1996"
14 Ashadha 2052,"Jul 29, 1996"
15 Ashadha 2052,"Jul 30, 1996"
16 Ashadha 2052,"Jul 31, 1996"
17 Ashadha 2052,"Aug 01, 1996"
18 Ashadha 2052,"Aug 02, 1996"
19 Ashadha 2052,"Aug 03, 1996"
20 Ashadha 2052,"Aug 04, 1996"
21 Ashadha 2052,"Aug 05, 1996"
22 Ashadha 2052,"Aug 06, 1996"
23 Ashadha 2052,"Aug 07, 1996"
24 Ashadha 2052,"Aug 08, 1996"
25 Ashadha 2052,"Aug 09, 1996"
26 Ashadha 2052,"Aug 10, 1996"
27 Ashadha 2052,"Aug 11, 1996"
28 Ashadha 2052,"Aug 12, 1996"
29 Ashadha 2052,"Aug 13, 1996"
30 Ashadha 2052,"Aug 14, 1996"
1 Shravana 2052,"Aug 15, 1996"
2 Shravana 2052,"Aug 16, 1996"
3 Shravana 2052,"Aug 17, 1996"
4 Shravana 2052,"Aug 18, 1996"
5 Shravana 2052,"Aug 19, 1996"
6 Shravana 2052,"Aug 20, 1996"
7 Shravana 2052,"Aug 21, 1996"
8 Shravana 2052,"Aug 22, 1996"
9 Shravana 2052,"Aug 23, 1996"
10 Shravana 2052,"Aug 24, 1996"
11 Shravana 2052,"Aug 25, 1996"
12 Shravana 2052,"Aug 26, 1996"
13 Shravana 2052,"Aug 27, 1996"
14 Shravana 2052,"Aug 28, 1996"
15 Shravana 2052,"Aug 29, 1996"
16 Shravana 2052,"Aug 30, 1996"
17 Shravana 2052,"Aug 31, 1996"
18 Shravana 2052,"Sep 01, 1996"
19 Shravana 2052,"Sep 02, 1996"
20 Shravana 2052,"Sep 03, 1996"
21 Shravana 2052,"Sep 04, 1996"
22 Shravana 2052,"Sep 05, 1996"
23 Shravana 2052,"Sep 06, 1996"
24 Shravana 2052,"Sep 07, 1996"
25 Shravana 2052,"Sep 08, 1996"
26 Shravana 2052,"Sep 09, 1996"
27 Shravana 2052,"Sep 10, 1996"
28 Shravana 2052,"Sep 11, 1996"
29 Shravana 2052,"Sep 12, 1996"
1 Bhadarvo 2052,"Sep 13, 1996"
2 Bhadarvo 2052,"Sep 14, 1996"
3 Bhadarvo 2052,"Sep 15, 1996"
4 Bhadarvo 2052,"Sep 16, 1996"
5 Bhadarvo 2052,"Sep 17, 1996"
6 Bhadarvo 2052,"Sep 18, 1996"
7 Bhadarvo 2052,"Sep 19, 1996"
8 Bhadarvo 2052,"Sep 20, 1996"
9 Bhadarvo 2052,"Sep 21, 1996"
10 Bhadarvo 2052,"Sep 22, 1996"
11 Bhadarvo 2052,"Sep 23, 1996"
12 Bhadarvo 2052,"Sep 24, 1996"
13 Bhadarvo 2052,"Sep 25, 1996"
14 Bhadarvo 2052,"Sep 26, 1996"
15 Bhadarvo 2052,"Sep 27, 1996"
16 Bhadarvo 2052,"Sep 28, 1996"
17 Bhadarvo 2052,"Sep 29, 1996"
18 Bhadarvo 2052,"Sep 30, 1996"
19 Bhadarvo 2052,"Oct 01, 1996"
20 Bhadarvo 2052,"Oct 02, 1996"
21 Bhadarvo 2052,"Oct 03, 1996"
22 Bhadarvo 2052,"Oct 04, 1996"
23 Bhadarvo 2052,"Oct 05, 1996"
24 Bhadarvo 2052,"Oct 06, 1996"
25 Bhadarvo 2052,"Oct 07, 1996"
26 Bhadarvo 2052,"Oct 08, 1996"
27 Bhadarvo 2052,"Oct 09, 1996"
28 Bhadarvo 2052,"Oct 10, 1996"
29 Bhadarvo 2052,"Oct 11, 1996"
30 Bhadarvo 2052,"Oct 12, 1996"
1 Aso 2052,"Oct 13, 1996"
2 Aso 2052,"Oct 14, 1996"
3 Aso 2052,"Oct 15, 1996"
4 Aso 2052,"Oct 16, 1996"
5 Aso 2052,"Oct 17, 1996"
6 Aso 2052,"Oct 18, 1996"
7 Aso 2052,"Oct 19, 1996"
8 Aso 2052,"Oct 20, 1996"
9 Aso 2052,"Oct 21, 1996"
10 Aso 2052,"Oct 22, 1996"
11 Aso 2052,"Oct 23, 1996"
12 Aso 2052,"Oct 24, 1996"
13 Aso 2052,"Oct 25, 1996"
14 Aso 2052,"Oct 26, 1996"
15 Aso 2052,"Oct 27, 1996"
16 Aso 2052,"Oct 28, 1996"
17 Aso 2052,"Oct 29, 1996"
18 Aso 2052,"Oct 30, 1996"
19 Aso 2052,"Oct 31, 1996"
20 Aso 2052,"Nov 01, 1996"
21 Aso 2052,"Nov 02, 1996"
22 Aso 2052,"Nov 03, 1996"
23 Aso 2052,"Nov 04, 1996"
24 Aso 2052,"Nov 05, 1996"
25 Aso 2052,"Nov 06, 1996"
26 Aso 2052,"Nov 07, 1996"
27 Aso 2052,"Nov 08, 1996"
28 Aso 2052,"Nov 09, 1996"
29 Aso 2052,"Nov 10, 1996"
30 Aso 2052,"Nov 11, 1996"
1 Kartak 2052,"Nov 12, 1996"
2 Kartak 2052,"Nov 13, 1996"
3 Kartak 2052,"Nov 14, 1996"
4 Kartak 2052,"Nov 15, 1996"
5 Kartak 2052,"Nov 16, 1996"
6 Kartak 2052,"Nov 17, 1996"
7 Kartak 2052,"Nov 18, 1996"
8 Kartak 2052,"Nov 19, 1996"
9 Kartak 2052,"Nov 20, 1996"
10 Kartak 2052,"Nov 21, 1996"
11 Kartak 2052,"Nov 22, 1996"
12 Kartak 2052,"Nov 23, 1996"
13 Kartak 2052,"Nov 24, 1996"
14 Kartak 2052,"Nov 25, 1996"
15 Kartak 2052,"Nov 26, 1996"
16 Kartak 2052,"Nov 27, 1996"
17 Kartak 2052,"Nov 28, 1996"
18 Kartak 2052,"Nov 29, 1996"
19 Kartak 2052,"Nov 30, 1996"
20 Kartak 2052,"Dec 01, 1996"
21 Kartak 2052,"Dec 02, 1996"
22 Kartak 2052,"Dec 03, 1996"
23 Kartak 2052,"Dec 04, 1996"
24 Kartak 2052,"Dec 05, 1996"
25 Kartak 2052,"Dec 06, 1996"
26 Kartak 2052,"Dec 07, 1996"
27 Kartak 2052,"Dec 08, 1996"
28 Kartak 2052,"Dec 09, 1996"
29 Kartak 2052,"Dec 10, 1996"
1 Magshar 2052,"Dec 11, 1996"
2 Magshar 2052,"Dec 12, 1996"
3 Magshar 2052,"Dec 13, 1996"
4 Magshar 2052,"Dec 14, 1996"
5 Magshar 2052,"Dec 15, 1996"
6 Magshar 2052,"Dec 16, 1996"
7 Magshar 2052,"Dec 17, 1996"
8 Magshar 2052,"Dec 18, 1996"
9 Magshar 2052,"Dec 19, 1996"
10 Magshar 2052,"Dec 20, 1996"
11 Magshar 2052,"Dec 21, 1996"
12 Magshar 2052,"Dec 22, 1996"
13 Magshar 2052,"Dec 23, 1996"
14 Magshar 2052,"Dec 24, 1996"
15 Magshar 2052,"Dec 25, 1996"
16 Magshar 2052,"Dec 26, 1996"
17 Magshar 2052,"Dec 27, 1996"
18 Magshar 2052,"Dec 28, 1996"
19 Magshar 2052,"Dec 29, 1996"
20 Magshar 2052,"Dec 30, 1996"
21 Magshar 2052,"Dec 31, 1996"
22 Magshar 2052,"Jan 01, 1997"
23 Magshar 2052,"Jan 02, 1997"
24 Magshar 2052,"Jan 03, 1997"
25 Magshar 2052,"Jan 04, 1997"
26 Magshar 2052,"Jan 05, 1997"
27 Magshar 2052,"Jan 06, 1997"
28 Magshar 2052,"Jan 07, 1997"
29 Magshar 2052,"Jan 08, 1997"
30 Magshar 2052,"Jan 09, 1997"
1 Posh 2053,"Jan 10, 1997"
2 Posh 2053,"Jan 11, 1997"
3 Posh 2053,"Jan 12, 1997"
4 Posh 2053,"Jan 13, 1997"
5 Posh 2053,"Jan 14, 1997"
6 Posh 2053,"Jan 15, 1997"
7 Posh 2053,"Jan 16, 1997"
8 Posh 2053,"Jan 17, 1997"
9 Posh 2053,"Jan 18, 1997"
10 Posh 2053,"Jan 19, 1997"
11 Posh 2053,"Jan 20, 1997"
12 Posh 2053,"Jan 21, 1997"
13 Posh 2053,"Jan 22, 1997"
14 Posh 2053,"Jan 23, 1997"
15 Posh 2053,"Jan 24, 1997"
16 Posh 2053,"Jan 25, 1997"
17 Posh 2053,"Jan 26, 1997"
18 Posh 2053,"Jan 27, 1997"
19 Posh 2053,"Jan 28, 1997"
20 Posh 2053,"Jan 29, 1997"
21 Posh 2053,"Jan 30, 1997"
22 Posh 2053,"Jan 31, 1997"
23 Posh 2053,"Feb 01, 1997"
24 Posh 2053,"Feb 02, 1997"
25 Posh 2053,"Feb 03, 1997"
26 Posh 2053,"Feb 04, 1997"
27 Posh 2053,"Feb 05, 1997"
28 Posh 2053,"Feb 06, 1997"
29 Posh 2053,"Feb 07, 1997"
1 Maha 2053,"Feb 08, 1997"
2 Maha 2053,"Feb 09, 1997"
3 Maha 2053,"Feb 10, 1997"
4 Maha 2053,"Feb 11, 1997"
5 Maha 2053,"Feb 12, 1997"
6 Maha 2053,"Feb 13, 1997"
7 Maha 2053,"Feb 14, 1997"
8 Maha 2053,"Feb 15, 1997"
9 Maha 2053,"Feb 16, 1997"
10 Maha 2053,"Feb 17, 1997"
11 Maha 2053,"Feb 18, 1997"
12 Maha 2053,"Feb 19, 1997"
13 Maha 2053,"Feb 20, 1997"
14 Maha 2053,"Feb 21, 1997"
15 Maha 2053,"Feb 22, 1997"
16 Maha 2053,"Feb 23, 1997"
17 Maha 2053,"Feb 24, 1997"
18 Maha 2053,"Feb 25, 1997"
19 Maha 2053,"Feb 26, 1997"
20 Maha 2053,"Feb 27, 1997"
21 Maha 2053,"Feb 28, 1997"
22 Maha 2053,"Mar 01, 1997"
23 Maha 2053,"Mar 02, 1997"
24 Maha 2053,"Mar 03, 1997"
25 Maha 2053,"Mar 04, 1997"
26 Maha 2053,"Mar 05, 1997"
27 Maha 2053,"Mar 06, 1997"
28 Maha 2053,"Mar 07, 1997"
29 Maha 2053,"Mar 08, 1997"
1 Phaguna 2053,"Mar 09, 1997"
2 Phaguna 2053,"Mar 10, 1997"
3 Phaguna 2053,"Mar 11, 1997"
4 Phaguna 2053,"Mar 12, 1997"
5 Phaguna 2053,"Mar 13, 1997"
6 Phaguna 2053,"Mar 14, 1997"
7 Phaguna 2053,"Mar 15, 1997"
8 Phaguna 2053,"Mar 16, 1997"
9 Phaguna 2053,"Mar 17, 1997"
10 Phaguna 2053,"Mar 18, 1997"
11 Phaguna 2053,"Mar 19, 1997"
12 Phaguna 2053,"Mar 20, 1997"
13 Phaguna 2053,"Mar 21, 1997"
14 Phaguna 2053,"Mar 22, 1997"
15 Phaguna 2053,"Mar 23, 1997"
16 Phaguna 2053,"Mar 24, 1997"
17 Phaguna 2053,"Mar 25, 1997"
18 Phaguna 2053,"Mar 26, 1997"
19 Phaguna 2053,"Mar 27, 1997"
20 Phaguna 2053,"Mar 28, 1997"
21 Phaguna 2053,"Mar 29, 1997"
22 Phaguna 2053,"Mar 30, 1997"
23 Phaguna 2053,"Mar 31, 1997"
24 Phaguna 2053,"Apr 01, 1997"
25 Phaguna 2053,"Apr 02, 1997"
26 Phaguna 2053,"Apr 03, 1997"
27 Phaguna 2053,"Apr 04, 1997"
28 Phaguna 2053,"Apr 05, 1997"
29 Phaguna 2053,"Apr 06, 1997"
30 Phaguna 2053,"Apr 07, 1997"
1 Chaitra 2053,"Apr 08, 1997"
2 Chaitra 2053,"Apr 09, 1997"
3 Chaitra 2053,"Apr 10, 1997"
4 Chaitra 2053,"Apr 11, 1997"
5 Chaitra 2053,"Apr 12, 1997"
6 Chaitra 2053,"Apr 13, 1997"
7 Chaitra 2053,"Apr 14, 1997"
8 Chaitra 2053,"Apr 15, 1997"
9 Chaitra 2053,"Apr 16, 1997"
10 Chaitra 2053,"Apr 17, 1997"
11 Chaitra 2053,"Apr 18, 1997"
12 Chaitra 2053,"Apr 19, 1997"
13 Chaitra 2053,"Apr 20, 1997"
14 Chaitra 2053,"Apr 21, 1997"
15 Chaitra 2053,"Apr 22, 1997"
16 Chaitra 2053,"Apr 23, 1997"
17 Chaitra 2053,"Apr 24, 1997"
18 Chaitra 2053,"Apr 25, 1997"
19 Chaitra 2053,"Apr 26, 1997"
20 Chaitra 2053,"Apr 27, 1997"
21 Chaitra 2053,"Apr 28, 1997"
22 Chaitra 2053,"Apr 29, 1997"
23 Chaitra 2053,"Apr 30, 1997"
24 Chaitra 2053,"May 01, 1997"
25 Chaitra 2053,"May 02, 1997"
26 Chaitra 2053,"May 03, 1997"
27 Chaitra 2053,"May 04, 1997"
28 Chaitra 2053,"May 05, 1997"
29 Chaitra 2053,"May 06, 1997"
1 Vaishakha 2053,"May 07, 1997"
2 Vaishakha 2053,"May 08, 1997"
3 Vaishakha 2053,"May 09, 1997"
4 Vaishakha 2053,"May 10, 1997"
5 Vaishakha 2053,"May 11, 1997"
6 Vaishakha 2053,"May 12, 1997"
7 Vaishakha 2053,"May 13, 1997"
8 Vaishakha 2053,"May 14, 1997"
9 Vaishakha 2053,"May 15, 1997"
10 Vaishakha 2053,"May 16, 1997"
11 Vaishakha 2053,"May 17, 1997"
12 Vaishakha 2053,"May 18, 1997"
13 Vaishakha 2053,"May 19, 1997"
14 Vaishakha 2053,"May 20, 1997"
15 Vaishakha 2053,"May 21, 1997"
16 Vaishakha 2053,"May 22, 1997"
17 Vaishakha 2053,"May 23, 1997"
18 Vaishakha 2053,"May 24, 1997"
19 Vaishakha 2053,"May 25, 1997"
20 Vaishakha 2053,"May 26, 1997"
21 Vaishakha 2053,"May 27, 1997"
22 Vaishakha 2053,"May 28, 1997"
23 Vaishakha 2053,"May 29, 1997"
24 Vaishakha 2053,"May 30, 1997"
25 Vaishakha 2053,"May 31, 1997"
26 Vaishakha 2053,"Jun 01, 1997"
27 Vaishakha 2053,"Jun 02, 1997"
28 Vaishakha 2053,"Jun 03, 1997"
29 Vaishakha 2053,"Jun 04, 1997"
30 Vaishakha 2053,"Jun 05, 1997"
1 Jyeshta 2053,"Jun 06, 1997"
2 Jyeshta 2053,"Jun 07, 1997"
3 Jyeshta 2053,"Jun 08, 1997"
4 Jyeshta 2053,"Jun 09, 1997"
5 Jyeshta 2053,"Jun 10, 1997"
6 Jyeshta 2053,"Jun 11, 1997"
7 Jyeshta 2053,"Jun 12, 1997"
8 Jyeshta 2053,"Jun 13, 1997"
9 Jyeshta 2053,"Jun 14, 1997"
10 Jyeshta 2053,"Jun 15, 1997"
11 Jyeshta 2053,"Jun 16, 1997"
12 Jyeshta 2053,"Jun 17, 1997"
13 Jyeshta 2053,"Jun 18, 1997"
14 Jyeshta 2053,"Jun 19, 1997"
15 Jyeshta 2053,"Jun 20, 1997"
16 Jyeshta 2053,"Jun 21, 1997"
17 Jyeshta 2053,"Jun 22, 1997"
18 Jyeshta 2053,"Jun 23, 1997"
19 Jyeshta 2053,"Jun 24, 1997"
20 Jyeshta 2053,"Jun 25, 1997"
21 Jyeshta 2053,"Jun 26, 1997"
22 Jyeshta 2053,"Jun 27, 1997"
23 Jyeshta 2053,"Jun 28, 1997"
24 Jyeshta 2053,"Jun 29, 1997"
25 Jyeshta 2053,"Jun 30, 1997"
26 Jyeshta 2053,"Jul 01, 1997"
27 Jyeshta 2053,"Jul 02, 1997"
28 Jyeshta 2053,"Jul 03, 1997"
29 Jyeshta 2053,"Jul 04, 1997"
1 Ashadha 2053,"Jul 05, 1997"
2 Ashadha 2053,"Jul 06, 1997"
3 Ashadha 2053,"Jul 07, 1997"
4 Ashadha 2053,"Jul 08, 1997"
5 Ashadha 2053,"Jul 09, 1997"
6 Ashadha 2053,"Jul 10, 1997"
7 Ashadha 2053,"Jul 11, 1997"
8 Ashadha 2053,"Jul 12, 1997"
9 Ashadha 2053,"Jul 13, 1997"
10 Ashadha 2053,"Jul 14, 1997"
11 Ashadha 2053,"Jul 15, 1997"
12 Ashadha 2053,"Jul 16, 1997"
13 Ashadha 2053,"Jul 17, 1997"
14 Ashadha 2053,"Jul 18, 1997"
15 Ashadha 2053,"Jul 19, 1997"
16 Ashadha 2053,"Jul 20, 1997"
17 Ashadha 2053,"Jul 21, 1997"
18 Ashadha 2053,"Jul 22, 1997"
19 Ashadha 2053,"Jul 23, 1997"
20 Ashadha 2053,"Jul 24, 1997"
21 Ashadha 2053,"Jul 25, 1997"
22 Ashadha 2053,"Jul 26, 1997"
23 Ashadha 2053,"Jul 27, 1997"
24 Ashadha 2053,"Jul 28, 1997"
25 Ashadha 2053,"Jul 29, 1997"
26 Ashadha 2053,"Jul 30, 1997"
27 Ashadha 2053,"Jul 31, 1997"
28 Ashadha 2053,"Aug 01, 1997"
29 Ashadha 2053,"Aug 02, 1997"
30 Ashadha 2053,"Aug 03, 1997"
1 Shravana 2053,"Aug 04, 1997"
2 Shravana 2053,"Aug 05, 1997"
3 Shravana 2053,"Aug 06, 1997"
4 Shravana 2053,"Aug 07, 1997"
5 Shravana 2053,"Aug 08, 1997"
6 Shravana 2053,"Aug 09, 1997"
7 Shravana 2053,"Aug 10, 1997"
8 Shravana 2053,"Aug 11, 1997"
9 Shravana 2053,"Aug 12, 1997"
10 Shravana 2053,"Aug 13, 1997"
11 Shravana 2053,"Aug 14, 1997"
12 Shravana 2053,"Aug 15, 1997"
13 Shravana 2053,"Aug 16, 1997"
14 Shravana 2053,"Aug 17, 1997"
15 Shravana 2053,"Aug 18, 1997"
16 Shravana 2053,"Aug 19, 1997"
17 Shravana 2053,"Aug 20, 1997"
18 Shravana 2053,"Aug 21, 1997"
19 Shravana 2053,"Aug 22, 1997"
20 Shravana 2053,"Aug 23, 1997"
21 Shravana 2053,"Aug 24, 1997"
22 Shravana 2053,"Aug 25, 1997"
23 Shravana 2053,"Aug 26, 1997"
24 Shravana 2053,"Aug 27, 1997"
25 Shravana 2053,"Aug 28, 1997"
26 Shravana 2053,"Aug 29, 1997"
27 Shravana 2053,"Aug 30, 1997"
28 Shravana 2053,"Aug 31, 1997"
29 Shravana 2053,"Sep 01, 1997"
1 Bhadarvo 2053,"Sep 02, 1997"
2 Bhadarvo 2053,"Sep 03, 1997"
3 Bhadarvo 2053,"Sep 04, 1997"
4 Bhadarvo 2053,"Sep 05, 1997"
5 Bhadarvo 2053,"Sep 06, 1997"
6 Bhadarvo 2053,"Sep 07, 1997"
7 Bhadarvo 2053,"Sep 08, 1997"
8 Bhadarvo 2053,"Sep 09, 1997"
9 Bhadarvo 2053,"Sep 10, 1997"
10 Bhadarvo 2053,"Sep 11, 1997"
11 Bhadarvo 2053,"Sep 12, 1997"
12 Bhadarvo 2053,"Sep 13, 1997"
13 Bhadarvo 2053,"Sep 14, 1997"
14 Bhadarvo 2053,"Sep 15, 1997"
15 Bhadarvo 2053,"Sep 16, 1997"
16 Bhadarvo 2053,"Sep 17, 1997"
17 Bhadarvo 2053,"Sep 18, 1997"
18 Bhadarvo 2053,"Sep 19, 1997"
19 Bhadarvo 2053,"Sep 20, 1997"
20 Bhadarvo 2053,"Sep 21, 1997"
21 Bhadarvo 2053,"Sep 22, 1997"
22 Bhadarvo 2053,"Sep 23, 1997"
23 Bhadarvo 2053,"Sep 24, 1997"
24 Bhadarvo 2053,"Sep 25, 1997"
25 Bhadarvo 2053,"Sep 26, 1997"
26 Bhadarvo 2053,"Sep 27, 1997"
27 Bhadarvo 2053,"Sep 28, 1997"
28 Bhadarvo 2053,"Sep 29, 1997"
29 Bhadarvo 2053,"Sep 30, 1997"
30 Bhadarvo 2053,"Oct 01, 1997"
1 Aso 2053,"Oct 02, 1997"
2 Aso 2053,"Oct 03, 1997"
3 Aso 2053,"Oct 04, 1997"
4 Aso 2053,"Oct 05, 1997"
5 Aso 2053,"Oct 06, 1997"
6 Aso 2053,"Oct 07, 1997"
7 Aso 2053,"Oct 08, 1997"
8 Aso 2053,"Oct 09, 1997"
9 Aso 2053,"Oct 10, 1997"
10 Aso 2053,"Oct 11, 1997"
11 Aso 2053,"Oct 12, 1997"
12 Aso 2053,"Oct 13, 1997"
13 Aso 2053,"Oct 14, 1997"
14 Aso 2053,"Oct 15, 1997"
15 Aso 2053,"Oct 16, 1997"
16 Aso 2053,"Oct 17, 1997"
17 Aso 2053,"Oct 18, 1997"
18 Aso 2053,"Oct 19, 1997"
19 Aso 2053,"Oct 20, 1997"
20 Aso 2053,"Oct 21, 1997"
21 Aso 2053,"Oct 22, 1997"
22 Aso 2053,"Oct 23, 1997"
23 Aso 2053,"Oct 24, 1997"
24 Aso 2053,"Oct 25, 1997"
25 Aso 2053,"Oct 26, 1997"
26 Aso 2053,"Oct 27, 1997"
27 Aso 2053,"Oct 28, 1997"
28 Aso 2053,"Oct 29, 1997"
29 Aso 2053,"Oct 30, 1997"
30 Aso 2053,"Oct 31, 1997"
1 Kartak 2053,"Nov 01, 1997"
2 Kartak 2053,"Nov 02, 1997"
3 Kartak 2053,"Nov 03, 1997"
4 Kartak 2053,"Nov 04, 1997"
5 Kartak 2053,"Nov 05, 1997"
6 Kartak 2053,"Nov 06, 1997"
7 Kartak 2053,"Nov 07, 1997"
8 Kartak 2053,"Nov 08, 1997"
9 Kartak 2053,"Nov 09, 1997"
10 Kartak 2053,"Nov 10, 1997"
11 Kartak 2053,"Nov 11, 1997"
12 Kartak 2053,"Nov 12, 1997"
13 Kartak 2053,"Nov 13, 1997"
14 Kartak 2053,"Nov 14, 1997"
15 Kartak 2053,"Nov 15, 1997"
16 Kartak 2053,"Nov 16, 1997"
17 Kartak 2053,"Nov 17, 1997"
18 Kartak 2053,"Nov 18, 1997"
19 Kartak 2053,"Nov 19, 1997"
20 Kartak 2053,"Nov 20, 1997"
21 Kartak 2053,"Nov 21, 1997"
22 Kartak 2053,"Nov 22, 1997"
23 Kartak 2053,"Nov 23, 1997"
24 Kartak 2053,"Nov 24, 1997"
25 Kartak 2053,"Nov 25, 1997"
26 Kartak 2053,"Nov 26, 1997"
27 Kartak 2053,"Nov 27, 1997"
28 Kartak 2053,"Nov 28, 1997"
29 Kartak 2053,"Nov 29, 1997"
30 Kartak 2053,"Nov 30, 1997"
1 Magshar 2053,"Dec 01, 1997"
2 Magshar 2053,"Dec 02, 1997"
3 Magshar 2053,"Dec 03, 1997"
4 Magshar 2053,"Dec 04, 1997"
5 Magshar 2053,"Dec 05, 1997"
6 Magshar 2053,"Dec 06, 1997"
7 Magshar 2053,"Dec 07, 1997"
8 Magshar 2053,"Dec 08, 1997"
9 Magshar 2053,"Dec 09, 1997"
10 Magshar 2053,"Dec 10, 1997"
11 Magshar 2053,"Dec 11, 1997"
12 Magshar 2053,"Dec 12, 1997"
13 Magshar 2053,"Dec 13, 1997"
14 Magshar 2053,"Dec 14, 1997"
15 Magshar 2053,"Dec 15, 1997"
16 Magshar 2053,"Dec 16, 1997"
17 Magshar 2053,"Dec 17, 1997"
18 Magshar 2053,"Dec 18, 1997"
19 Magshar 2053,"Dec 19, 1997"
20 Magshar 2053,"Dec 20, 1997"
21 Magshar 2053,"Dec 21, 1997"
22 Magshar 2053,"Dec 22, 1997"
23 Magshar 2053,"Dec 23, 1997"
24 Magshar 2053,"Dec 24, 1997"
25 Magshar 2053,"Dec 25, 1997"
26 Magshar 2053,"Dec 26, 1997"
27 Magshar 2053,"Dec 27, 1997"
28 Magshar 2053,"Dec 28, 1997"
29 Magshar 2053,"Dec 29, 1997"
1 Posh 2053,"Dec 30, 1997"
2 Posh 2053,"Dec 31, 1997"
3 Posh 2053,"Jan 01, 1998"
4 Posh 2053,"Jan 02, 1998"
5 Posh 2053,"Jan 03, 1998"
6 Posh 2053,"Jan 04, 1998"
7 Posh 2053,"Jan 05, 1998"
8 Posh 2053,"Jan 06, 1998"
9 Posh 2053,"Jan 07, 1998"
10 Posh 2053,"Jan 08, 1998"
11 Posh 2053,"Jan 09, 1998"
12 Posh 2053,"Jan 10, 1998"
13 Posh 2053,"Jan 11, 1998"
14 Posh 2053,"Jan 12, 1998"
15 Posh 2053,"Jan 13, 1998"
16 Posh 2053,"Jan 14, 1998"
17 Posh 2053,"Jan 15, 1998"
18 Posh 2053,"Jan 16, 1998"
19 Posh 2053,"Jan 17, 1998"
20 Posh 2053,"Jan 18, 1998"
21 Posh 2053,"Jan 19, 1998"
22 Posh 2053,"Jan 20, 1998"
23 Posh 2053,"Jan 21, 1998"
24 Posh 2053,"Jan 22, 1998"
25 Posh 2053,"Jan 23, 1998"
26 Posh 2053,"Jan 24, 1998"
27 Posh 2053,"Jan 25, 1998"
28 Posh 2053,"Jan 26, 1998"
29 Posh 2053,"Jan 27, 1998"
30 Posh 2053,"Jan 28, 1998"
1 Maha 2054,"Jan 29, 1998"
2 Maha 2054,"Jan 30, 1998"
3 Maha 2054,"Jan 31, 1998"
4 Maha 2054,"Feb 01, 1998"
5 Maha 2054,"Feb 02, 1998"
6 Maha 2054,"Feb 03, 1998"
7 Maha 2054,"Feb 04, 1998"
8 Maha 2054,"Feb 05, 1998"
9 Maha 2054,"Feb 06, 1998"
10 Maha 2054,"Feb 07, 1998"
11 Maha 2054,"Feb 08, 1998"
12 Maha 2054,"Feb 09, 1998"
13 Maha 2054,"Feb 10, 1998"
14 Maha 2054,"Feb 11, 1998"
15 Maha 2054,"Feb 12, 1998"
16 Maha 2054,"Feb 13, 1998"
17 Maha 2054,"Feb 14, 1998"
18 Maha 2054,"Feb 15, 1998"
19 Maha 2054,"Feb 16, 1998"
20 Maha 2054,"Feb 17, 1998"
21 Maha 2054,"Feb 18, 1998"
22 Maha 2054,"Feb 19, 1998"
23 Maha 2054,"Feb 20, 1998"
24 Maha 2054,"Feb 21, 1998"
25 Maha 2054,"Feb 22, 1998"
26 Maha 2054,"Feb 23, 1998"
27 Maha 2054,"Feb 24, 1998"
28 Maha 2054,"Feb 25, 1998"
29 Maha 2054,"Feb 26, 1998"
1 Phaguna 2054,"Feb 27, 1998"
2 Phaguna 2054,"Feb 28, 1998"
3 Phaguna 2054,"Mar 01, 1998"
4 Phaguna 2054,"Mar 02, 1998"
5 Phaguna 2054,"Mar 03, 1998"
6 Phaguna 2054,"Mar 04, 1998"
7 Phaguna 2054,"Mar 05, 1998"
8 Phaguna 2054,"Mar 06, 1998"
9 Phaguna 2054,"Mar 07, 1998"
10 Phaguna 2054,"Mar 08, 1998"
11 Phaguna 2054,"Mar 09, 1998"
12 Phaguna 2054,"Mar 10, 1998"
13 Phaguna 2054,"Mar 11, 1998"
14 Phaguna 2054,"Mar 12, 1998"
15 Phaguna 2054,"Mar 13, 1998"
16 Phaguna 2054,"Mar 14, 1998"
17 Phaguna 2054,"Mar 15, 1998"
18 Phaguna 2054,"Mar 16, 1998"
19 Phaguna 2054,"Mar 17, 1998"
20 Phaguna 2054,"Mar 18, 1998"
21 Phaguna 2054,"Mar 19, 1998"
22 Phaguna 2054,"Mar 20, 1998"
23 Phaguna 2054,"Mar 21, 1998"
24 Phaguna 2054,"Mar 22, 1998"
25 Phaguna 2054,"Mar 23, 1998"
26 Phaguna 2054,"Mar 24, 1998"
27 Phaguna 2054,"Mar 25, 1998"
28 Phaguna 2054,"Mar 26, 1998"
29 Phaguna 2054,"Mar 27, 1998"
30 Phaguna 2054,"Mar 28, 1998"
1 Chaitra 2054,"Mar 29, 1998"
2 Chaitra 2054,"Mar 30, 1998"
3 Chaitra 2054,"Mar 31, 1998"
4 Chaitra 2054,"Apr 01, 1998"
5 Chaitra 2054,"Apr 02, 1998"
6 Chaitra 2054,"Apr 03, 1998"
7 Chaitra 2054,"Apr 04, 1998"
8 Chaitra 2054,"Apr 05, 1998"
9 Chaitra 2054,"Apr 06, 1998"
10 Chaitra 2054,"Apr 07, 1998"
11 Chaitra 2054,"Apr 08, 1998"
12 Chaitra 2054,"Apr 09, 1998"
13 Chaitra 2054,"Apr 10, 1998"
14 Chaitra 2054,"Apr 11, 1998"
15 Chaitra 2054,"Apr 12, 1998"
16 Chaitra 2054,"Apr 13, 1998"
17 Chaitra 2054,"Apr 14, 1998"
18 Chaitra 2054,"Apr 15, 1998"
19 Chaitra 2054,"Apr 16, 1998"
20 Chaitra 2054,"Apr 17, 1998"
21 Chaitra 2054,"Apr 18, 1998"
22 Chaitra 2054,"Apr 19, 1998"
23 Chaitra 2054,"Apr 20, 1998"
24 Chaitra 2054,"Apr 21, 1998"
25 Chaitra 2054,"Apr 22, 1998"
26 Chaitra 2054,"Apr 23, 1998"
27 Chaitra 2054,"Apr 24, 1998"
28 Chaitra 2054,"Apr 25, 1998"
29 Chaitra 2054,"Apr 26, 1998"
1 Vaishakha 2054,"Apr 27, 1998"
2 Vaishakha 2054,"Apr 28, 1998"
3 Vaishakha 2054,"Apr 29, 1998"
4 Vaishakha 2054,"Apr 30, 1998"
5 Vaishakha 2054,"May 01, 1998"
6 Vaishakha 2054,"May 02, 1998"
7 Vaishakha 2054,"May 03, 1998"
8 Vaishakha 2054,"May 04, 1998"
9 Vaishakha 2054,"May 05, 1998"
10 Vaishakha 2054,"May 06, 1998"
11 Vaishakha 2054,"May 07, 1998"
12 Vaishakha 2054,"May 08, 1998"
13 Vaishakha 2054,"May 09, 1998"
14 Vaishakha 2054,"May 10, 1998"
15 Vaishakha 2054,"May 11, 1998"
16 Vaishakha 2054,"May 12, 1998"
17 Vaishakha 2054,"May 13, 1998"
18 Vaishakha 2054,"May 14, 1998"
19 Vaishakha 2054,"May 15, 1998"
20 Vaishakha 2054,"May 16, 1998"
21 Vaishakha 2054,"May 17, 1998"
22 Vaishakha 2054,"May 18, 1998"
23 Vaishakha 2054,"May 19, 1998"
24 Vaishakha 2054,"May 20, 1998"
25 Vaishakha 2054,"May 21, 1998"
26 Vaishakha 2054,"May 22, 1998"
27 Vaishakha 2054,"May 23, 1998"
28 Vaishakha 2054,"May 24, 1998"
29 Vaishakha 2054,"May 25, 1998"
1 Jyeshta 2054,"May 26, 1998"
2 Jyeshta 2054,"May 27, 1998"
3 Jyeshta 2054,"May 28, 1998"
4 Jyeshta 2054,"May 29, 1998"
5 Jyeshta 2054,"May 30, 1998"
6 Jyeshta 2054,"May 31, 1998"
7 Jyeshta 2054,"Jun 01, 1998"
8 Jyeshta 2054,"Jun 02, 1998"
9 Jyeshta 2054,"Jun 03, 1998"
10 Jyeshta 2054,"Jun 04, 1998"
11 Jyeshta 2054,"Jun 05, 1998"
12 Jyeshta 2054,"Jun 06, 1998"
13 Jyeshta 2054,"Jun 07, 1998"
14 Jyeshta 2054,"Jun 08, 1998"
15 Jyeshta 2054,"Jun 09, 1998"
16 Jyeshta 2054,"Jun 10, 1998"
17 Jyeshta 2054,"Jun 11, 1998"
18 Jyeshta 2054,"Jun 12, 1998"
19 Jyeshta 2054,"Jun 13, 1998"
20 Jyeshta 2054,"Jun 14, 1998"
21 Jyeshta 2054,"Jun 15, 1998"
22 Jyeshta 2054,"Jun 16, 1998"
23 Jyeshta 2054,"Jun 17, 1998"
24 Jyeshta 2054,"Jun 18, 1998"
25 Jyeshta 2054,"Jun 19, 1998"
26 Jyeshta 2054,"Jun 20, 1998"
27 Jyeshta 2054,"Jun 21, 1998"
28 Jyeshta 2054,"Jun 22, 1998"
29 Jyeshta 2054,"Jun 23, 1998"
30 Jyeshta 2054,"Jun 24, 1998"
1 Ashadha 2054,"Jun 25, 1998"
2 Ashadha 2054,"Jun 26, 1998"
3 Ashadha 2054,"Jun 27, 1998"
4 Ashadha 2054,"Jun 28, 1998"
5 Ashadha 2054,"Jun 29, 1998"
6 Ashadha 2054,"Jun 30, 1998"
7 Ashadha 2054,"Jul 01, 1998"
8 Ashadha 2054,"Jul 02, 1998"
9 Ashadha 2054,"Jul 03, 1998"
10 Ashadha 2054,"Jul 04, 1998"
11 Ashadha 2054,"Jul 05, 1998"
12 Ashadha 2054,"Jul 06, 1998"
13 Ashadha 2054,"Jul 07, 1998"
14 Ashadha 2054,"Jul 08, 1998"
15 Ashadha 2054,"Jul 09, 1998"
16 Ashadha 2054,"Jul 10, 1998"
17 Ashadha 2054,"Jul 11, 1998"
18 Ashadha 2054,"Jul 12, 1998"
19 Ashadha 2054,"Jul 13, 1998"
20 Ashadha 2054,"Jul 14, 1998"
21 Ashadha 2054,"Jul 15, 1998"
22 Ashadha 2054,"Jul 16, 1998"
23 Ashadha 2054,"Jul 17, 1998"
24 Ashadha 2054,"Jul 18, 1998"
25 Ashadha 2054,"Jul 19, 1998"
26 Ashadha 2054,"Jul 20, 1998"
27 Ashadha 2054,"Jul 21, 1998"
28 Ashadha 2054,"Jul 22, 1998"
29 Ashadha 2054,"Jul 23, 1998"
1 Shravana 2054,"Jul 24, 1998"
2 Shravana 2054,"Jul 25, 1998"
3 Shravana 2054,"Jul 26, 1998"
4 Shravana 2054,"Jul 27, 1998"
5 Shravana 2054,"Jul 28, 1998"
6 Shravana 2054,"Jul 29, 1998"
7 Shravana 2054,"Jul 30, 1998"
8 Shravana 2054,"Jul 31, 1998"
9 Shravana 2054,"Aug 01, 1998"
10 Shravana 2054,"Aug 02, 1998"
11 Shravana 2054,"Aug 03, 1998"
12 Shravana 2054,"Aug 04, 1998"
13 Shravana 2054,"Aug 05, 1998"
14 Shravana 2054,"Aug 06, 1998"
15 Shravana 2054,"Aug 07, 1998"
16 Shravana 2054,"Aug 08, 1998"
17 Shravana 2054,"Aug 09, 1998"
18 Shravana 2054,"Aug 10, 1998"
19 Shravana 2054,"Aug 11, 1998"
20 Shravana 2054,"Aug 12, 1998"
21 Shravana 2054,"Aug 13, 1998"
22 Shravana 2054,"Aug 14, 1998"
23 Shravana 2054,"Aug 15, 1998"
24 Shravana 2054,"Aug 16, 1998"
25 Shravana 2054,"Aug 17, 1998"
26 Shravana 2054,"Aug 18, 1998"
27 Shravana 2054,"Aug 19, 1998"
28 Shravana 2054,"Aug 20, 1998"
29 Shravana 2054,"Aug 21, 1998"
30 Shravana 2054,"Aug 22, 1998"
1 Bhadarvo 2054,"Aug 23, 1998"
2 Bhadarvo 2054,"Aug 24, 1998"
3 Bhadarvo 2054,"Aug 25, 1998"
4 Bhadarvo 2054,"Aug 26, 1998"
5 Bhadarvo 2054,"Aug 27, 1998"
6 Bhadarvo 2054,"Aug 28, 1998"
7 Bhadarvo 2054,"Aug 29, 1998"
8 Bhadarvo 2054,"Aug 30, 1998"
9 Bhadarvo 2054,"Aug 31, 1998"
10 Bhadarvo 2054,"Sep 01, 1998"
11 Bhadarvo 2054,"Sep 02, 1998"
12 Bhadarvo 2054,"Sep 03, 1998"
13 Bhadarvo 2054,"Sep 04, 1998"
14 Bhadarvo 2054,"Sep 05, 1998"
15 Bhadarvo 2054,"Sep 06, 1998"
16 Bhadarvo 2054,"Sep 07, 1998"
17 Bhadarvo 2054,"Sep 08, 1998"
18 Bhadarvo 2054,"Sep 09, 1998"
19 Bhadarvo 2054,"Sep 10, 1998"
20 Bhadarvo 2054,"Sep 11, 1998"
21 Bhadarvo 2054,"Sep 12, 1998"
22 Bhadarvo 2054,"Sep 13, 1998"
23 Bhadarvo 2054,"Sep 14, 1998"
24 Bhadarvo 2054,"Sep 15, 1998"
25 Bhadarvo 2054,"Sep 16, 1998"
26 Bhadarvo 2054,"Sep 17, 1998"
27 Bhadarvo 2054,"Sep 18, 1998"
28 Bhadarvo 2054,"Sep 19, 1998"
29 Bhadarvo 2054,"Sep 20, 1998"
1 Aso 2054,"Sep 21, 1998"
2 Aso 2054,"Sep 22, 1998"
3 Aso 2054,"Sep 23, 1998"
4 Aso 2054,"Sep 24, 1998"
5 Aso 2054,"Sep 25, 1998"
6 Aso 2054,"Sep 26, 1998"
7 Aso 2054,"Sep 27, 1998"
8 Aso 2054,"Sep 28, 1998"
9 Aso 2054,"Sep 29, 1998"
10 Aso 2054,"Sep 30, 1998"
11 Aso 2054,"Oct 01, 1998"
12 Aso 2054,"Oct 02, 1998"
13 Aso 2054,"Oct 03, 1998"
14 Aso 2054,"Oct 04, 1998"
15 Aso 2054,"Oct 05, 1998"
16 Aso 2054,"Oct 06, 1998"
17 Aso 2054,"Oct 07, 1998"
18 Aso 2054,"Oct 08, 1998"
19 Aso 2054,"Oct 09, 1998"
20 Aso 2054,"Oct 10, 1998"
21 Aso 2054,"Oct 11, 1998"
22 Aso 2054,"Oct 12, 1998"
23 Aso 2054,"Oct 13, 1998"
24 Aso 2054,"Oct 14, 1998"
25 Aso 2054,"Oct 15, 1998"
26 Aso 2054,"Oct 16, 1998"
27 Aso 2054,"Oct 17, 1998"
28 Aso 2054,"Oct 18, 1998"
29 Aso 2054,"Oct 19, 1998"
30 Aso 2054,"Oct 20, 1998"
1 Kartak 2054,"Oct 21, 1998"
2 Kartak 2054,"Oct 22, 1998"
3 Kartak 2054,"Oct 23, 1998"
4 Kartak 2054,"Oct 24, 1998"
5 Kartak 2054,"Oct 25, 1998"
6 Kartak 2054,"Oct 26, 1998"
7 Kartak 2054,"Oct 27, 1998"
8 Kartak 2054,"Oct 28, 1998"
9 Kartak 2054,"Oct 29, 1998"
10 Kartak 2054,"Oct 30, 1998"
11 Kartak 2054,"Oct 31, 1998"
12 Kartak 2054,"Nov 01, 1998"
13 Kartak 2054,"Nov 02, 1998"
14 Kartak 2054,"Nov 03, 1998"
15 Kartak 2054,"Nov 04, 1998"
16 Kartak 2054,"Nov 05, 1998"
17 Kartak 2054,"Nov 06, 1998"
18 Kartak 2054,"Nov 07, 1998"
19 Kartak 2054,"Nov 08, 1998"
20 Kartak 2054,"Nov 09, 1998"
21 Kartak 2054,"Nov 10, 1998"
22 Kartak 2054,"Nov 11, 1998"
23 Kartak 2054,"Nov 12, 1998"
24 Kartak 2054,"Nov 13, 1998"
25 Kartak 2054,"Nov 14, 1998"
26 Kartak 2054,"Nov 15, 1998"
27 Kartak 2054,"Nov 16, 1998"
28 Kartak 2054,"Nov 17, 1998"
29 Kartak 2054,"Nov 18, 1998"
30 Kartak 2054,"Nov 19, 1998"
1 Magshar 2054,"Nov 20, 1998"
2 Magshar 2054,"Nov 21, 1998"
3 Magshar 2054,"Nov 22, 1998"
4 Magshar 2054,"Nov 23, 1998"
5 Magshar 2054,"Nov 24, 1998"
6 Magshar 2054,"Nov 25, 1998"
7 Magshar 2054,"Nov 26, 1998"
8 Magshar 2054,"Nov 27, 1998"
9 Magshar 2054,"Nov 28, 1998"
10 Magshar 2054,"Nov 29, 1998"
11 Magshar 2054,"Nov 30, 1998"
12 Magshar 2054,"Dec 01, 1998"
13 Magshar 2054,"Dec 02, 1998"
14 Magshar 2054,"Dec 03, 1998"
15 Magshar 2054,"Dec 04, 1998"
16 Magshar 2054,"Dec 05, 1998"
17 Magshar 2054,"Dec 06, 1998"
18 Magshar 2054,"Dec 07, 1998"
19 Magshar 2054,"Dec 08, 1998"
20 Magshar 2054,"Dec 09, 1998"
21 Magshar 2054,"Dec 10, 1998"
22 Magshar 2054,"Dec 11, 1998"
23 Magshar 2054,"Dec 12, 1998"
24 Magshar 2054,"Dec 13, 1998"
25 Magshar 2054,"Dec 14, 1998"
26 Magshar 2054,"Dec 15, 1998"
27 Magshar 2054,"Dec 16, 1998"
28 Magshar 2054,"Dec 17, 1998"
29 Magshar 2054,"Dec 18, 1998"
1 Posh 2054,"Dec 19, 1998"
2 Posh 2054,"Dec 20, 1998"
3 Posh 2054,"Dec 21, 1998"
4 Posh 2054,"Dec 22, 1998"
5 Posh 2054,"Dec 23, 1998"
6 Posh 2054,"Dec 24, 1998"
7 Posh 2054,"Dec 25, 1998"
8 Posh 2054,"Dec 26, 1998"
9 Posh 2054,"Dec 27, 1998"
10 Posh 2054,"Dec 28, 1998"
11 Posh 2054,"Dec 29, 1998"
12 Posh 2054,"Dec 30, 1998"
13 Posh 2054,"Dec 31, 1998"
14 Posh 2054,"Jan 01, 1999"
15 Posh 2054,"Jan 02, 1999"
16 Posh 2054,"Jan 03, 1999"
17 Posh 2054,"Jan 04, 1999"
18 Posh 2054,"Jan 05, 1999"
19 Posh 2054,"Jan 06, 1999"
20 Posh 2054,"Jan 07, 1999"
21 Posh 2054,"Jan 08, 1999"
22 Posh 2054,"Jan 09, 1999"
23 Posh 2054,"Jan 10, 1999"
24 Posh 2054,"Jan 11, 1999"
25 Posh 2054,"Jan 12, 1999"
26 Posh 2054,"Jan 13, 1999"
27 Posh 2054,"Jan 14, 1999"
28 Posh 2054,"Jan 15, 1999"
29 Posh 2054,"Jan 16, 1999"
30 Posh 2054,"Jan 17, 1999"
1 Maha 2055,"Jan 18, 1999"
2 Maha 2055,"Jan 19, 1999"
3 Maha 2055,"Jan 20, 1999"
4 Maha 2055,"Jan 21, 1999"
5 Maha 2055,"Jan 22, 1999"
6 Maha 2055,"Jan 23, 1999"
7 Maha 2055,"Jan 24, 1999"
8 Maha 2055,"Jan 25, 1999"
9 Maha 2055,"Jan 26, 1999"
10 Maha 2055,"Jan 27, 1999"
11 Maha 2055,"Jan 28, 1999"
12 Maha 2055,"Jan 29, 1999"
13 Maha 2055,"Jan 30, 1999"
14 Maha 2055,"Jan 31, 1999"
15 Maha 2055,"Feb 01, 1999"
16 Maha 2055,"Feb 02, 1999"
17 Maha 2055,"Feb 03, 1999"
18 Maha 2055,"Feb 04, 1999"
19 Maha 2055,"Feb 05, 1999"
20 Maha 2055,"Feb 06, 1999"
21 Maha 2055,"Feb 07, 1999"
22 Maha 2055,"Feb 08, 1999"
23 Maha 2055,"Feb 09, 1999"
24 Maha 2055,"Feb 10, 1999"
25 Maha 2055,"Feb 11, 1999"
26 Maha 2055,"Feb 12, 1999"
27 Maha 2055,"Feb 13, 1999"
28 Maha 2055,"Feb 14, 1999"
29 Maha 2055,"Feb 15, 1999"
30 Maha 2055,"Feb 16, 1999"
1 Phaguna 2055,"Feb 17, 1999"
2 Phaguna 2055,"Feb 18, 1999"
3 Phaguna 2055,"Feb 19, 1999"
4 Phaguna 2055,"Feb 20, 1999"
5 Phaguna 2055,"Feb 21, 1999"
6 Phaguna 2055,"Feb 22, 1999"
7 Phaguna 2055,"Feb 23, 1999"
8 Phaguna 2055,"Feb 24, 1999"
9 Phaguna 2055,"Feb 25, 1999"
10 Phaguna 2055,"Feb 26, 1999"
11 Phaguna 2055,"Feb 27, 1999"
12 Phaguna 2055,"Feb 28, 1999"
13 Phaguna 2055,"Mar 01, 1999"
14 Phaguna 2055,"Mar 02, 1999"
15 Phaguna 2055,"Mar 03, 1999"
16 Phaguna 2055,"Mar 04, 1999"
17 Phaguna 2055,"Mar 05, 1999"
18 Phaguna 2055,"Mar 06, 1999"
19 Phaguna 2055,"Mar 07, 1999"
20 Phaguna 2055,"Mar 08, 1999"
21 Phaguna 2055,"Mar 09, 1999"
22 Phaguna 2055,"Mar 10, 1999"
23 Phaguna 2055,"Mar 11, 1999"
24 Phaguna 2055,"Mar 12, 1999"
25 Phaguna 2055,"Mar 13, 1999"
26 Phaguna 2055,"Mar 14, 1999"
27 Phaguna 2055,"Mar 15, 1999"
28 Phaguna 2055,"Mar 16, 1999"
29 Phaguna 2055,"Mar 17, 1999"
1 Chaitra 2055,"Mar 18, 1999"
2 Chaitra 2055,"Mar 19, 1999"
3 Chaitra 2055,"Mar 20, 1999"
4 Chaitra 2055,"Mar 21, 1999"
5 Chaitra 2055,"Mar 22, 1999"
6 Chaitra 2055,"Mar 23, 1999"
7 Chaitra 2055,"Mar 24, 1999"
8 Chaitra 2055,"Mar 25, 1999"
9 Chaitra 2055,"Mar 26, 1999"
10 Chaitra 2055,"Mar 27, 1999"
11 Chaitra 2055,"Mar 28, 1999"
12 Chaitra 2055,"Mar 29, 1999"
13 Chaitra 2055,"Mar 30, 1999"
14 Chaitra 2055,"Mar 31, 1999"
15 Chaitra 2055,"Apr 01, 1999"
16 Chaitra 2055,"Apr 02, 1999"
17 Chaitra 2055,"Apr 03, 1999"
18 Chaitra 2055,"Apr 04, 1999"
19 Chaitra 2055,"Apr 05, 1999"
20 Chaitra 2055,"Apr 06, 1999"
21 Chaitra 2055,"Apr 07, 1999"
22 Chaitra 2055,"Apr 08, 1999"
23 Chaitra 2055,"Apr 09, 1999"
24 Chaitra 2055,"Apr 10, 1999"
25 Chaitra 2055,"Apr 11, 1999"
26 Chaitra 2055,"Apr 12, 1999"
27 Chaitra 2055,"Apr 13, 1999"
28 Chaitra 2055,"Apr 14, 1999"
29 Chaitra 2055,"Apr 15, 1999"
30 Chaitra 2055,"Apr 16, 1999"
1 Vaishakha 2055,"Apr 17, 1999"
2 Vaishakha 2055,"Apr 18, 1999"
3 Vaishakha 2055,"Apr 19, 1999"
4 Vaishakha 2055,"Apr 20, 1999"
5 Vaishakha 2055,"Apr 21, 1999"
6 Vaishakha 2055,"Apr 22, 1999"
7 Vaishakha 2055,"Apr 23, 1999"
8 Vaishakha 2055,"Apr 24, 1999"
9 Vaishakha 2055,"Apr 25, 1999"
10 Vaishakha 2055,"Apr 26, 1999"
11 Vaishakha 2055,"Apr 27, 1999"
12 Vaishakha 2055,"Apr 28, 1999"
13 Vaishakha 2055,"Apr 29, 1999"
14 Vaishakha 2055,"Apr 30, 1999"
15 Vaishakha 2055,"May 01, 1999"
16 Vaishakha 2055,"May 02, 1999"
17 Vaishakha 2055,"May 03, 1999"
18 Vaishakha 2055,"May 04, 1999"
19 Vaishakha 2055,"May 05, 1999"
20 Vaishakha 2055,"May 06, 1999"
21 Vaishakha 2055,"May 07, 1999"
22 Vaishakha 2055,"May 08, 1999"
23 Vaishakha 2055,"May 09, 1999"
24 Vaishakha 2055,"May 10, 1999"
25 Vaishakha 2055,"May 11, 1999"
26 Vaishakha 2055,"May 12, 1999"
27 Vaishakha 2055,"May 13, 1999"
28 Vaishakha 2055,"May 14, 1999"
29 Vaishakha 2055,"May 15, 1999"
1 Jyeshta_Adhik 2055,"May 16, 1999"
2 Jyeshta_Adhik 2055,"May 17, 1999"
3 Jyeshta_Adhik 2055,"May 18, 1999"
4 Jyeshta_Adhik 2055,"May 19, 1999"
5 Jyeshta_Adhik 2055,"May 20, 1999"
6 Jyeshta_Adhik 2055,"May 21, 1999"
7 Jyeshta_Adhik 2055,"May 22, 1999"
8 Jyeshta_Adhik 2055,"May 23, 1999"
9 Jyeshta_Adhik 2055,"May 24, 1999"
10 Jyeshta_Adhik 2055,"May 25, 1999"
11 Jyeshta_Adhik 2055,"May 26, 1999"
12 Jyeshta_Adhik 2055,"May 27, 1999"
13 Jyeshta_Adhik 2055,"May 28, 1999"
14 Jyeshta_Adhik 2055,"May 29, 1999"
15 Jyeshta_Adhik 2055,"May 30, 1999"
16 Jyeshta_Adhik 2055,"May 31, 1999"
17 Jyeshta_Adhik 2055,"Jun 01, 1999"
18 Jyeshta_Adhik 2055,"Jun 02, 1999"
19 Jyeshta_Adhik 2055,"Jun 03, 1999"
20 Jyeshta_Adhik 2055,"Jun 04, 1999"
21 Jyeshta_Adhik 2055,"Jun 05, 1999"
22 Jyeshta_Adhik 2055,"Jun 06, 1999"
23 Jyeshta_Adhik 2055,"Jun 07, 1999"
24 Jyeshta_Adhik 2055,"Jun 08, 1999"
25 Jyeshta_Adhik 2055,"Jun 09, 1999"
26 Jyeshta_Adhik 2055,"Jun 10, 1999"
27 Jyeshta_Adhik 2055,"Jun 11, 1999"
28 Jyeshta_Adhik 2055,"Jun 12, 1999"
29 Jyeshta_Adhik 2055,"Jun 13, 1999"
1 Ashadha 2055,"Jul 14, 1999"
2 Ashadha 2055,"Jul 15, 1999"
3 Ashadha 2055,"Jul 16, 1999"
4 Ashadha 2055,"Jul 17, 1999"
5 Ashadha 2055,"Jul 18, 1999"
6 Ashadha 2055,"Jul 19, 1999"
7 Ashadha 2055,"Jul 20, 1999"
8 Ashadha 2055,"Jul 21, 1999"
9 Ashadha 2055,"Jul 22, 1999"
10 Ashadha 2055,"Jul 23, 1999"
11 Ashadha 2055,"Jul 24, 1999"
12 Ashadha 2055,"Jul 25, 1999"
13 Ashadha 2055,"Jul 26, 1999"
14 Ashadha 2055,"Jul 27, 1999"
15 Ashadha 2055,"Jul 28, 1999"
16 Ashadha 2055,"Jul 29, 1999"
17 Ashadha 2055,"Jul 30, 1999"
18 Ashadha 2055,"Jul 31, 1999"
19 Ashadha 2055,"Aug 01, 1999"
20 Ashadha 2055,"Aug 02, 1999"
21 Ashadha 2055,"Aug 03, 1999"
22 Ashadha 2055,"Aug 04, 1999"
23 Ashadha 2055,"Aug 05, 1999"
24 Ashadha 2055,"Aug 06, 1999"
25 Ashadha 2055,"Aug 07, 1999"
26 Ashadha 2055,"Aug 08, 1999"
27 Ashadha 2055,"Aug 09, 1999"
28 Ashadha 2055,"Aug 10, 1999"
29 Ashadha 2055,"Aug 11, 1999"
1 Shravana 2055,"Aug 12, 1999"
2 Shravana 2055,"Aug 13, 1999"
3 Shravana 2055,"Aug 14, 1999"
4 Shravana 2055,"Aug 15, 1999"
5 Shravana 2055,"Aug 16, 1999"
6 Shravana 2055,"Aug 17, 1999"
7 Shravana 2055,"Aug 18, 1999"
8 Shravana 2055,"Aug 19, 1999"
9 Shravana 2055,"Aug 20, 1999"
10 Shravana 2055,"Aug 21, 1999"
11 Shravana 2055,"Aug 22, 1999"
12 Shravana 2055,"Aug 23, 1999"
13 Shravana 2055,"Aug 24, 1999"
14 Shravana 2055,"Aug 25, 1999"
15 Shravana 2055,"Aug 26, 1999"
16 Shravana 2055,"Aug 27, 1999"
17 Shravana 2055,"Aug 28, 1999"
18 Shravana 2055,"Aug 29, 1999"
19 Shravana 2055,"Aug 30, 1999"
20 Shravana 2055,"Aug 31, 1999"
21 Shravana 2055,"Sep 01, 1999"
22 Shravana 2055,"Sep 02, 1999"
23 Shravana 2055,"Sep 03, 1999"
24 Shravana 2055,"Sep 04, 1999"
25 Shravana 2055,"Sep 05, 1999"
26 Shravana 2055,"Sep 06, 1999"
27 Shravana 2055,"Sep 07, 1999"
28 Shravana 2055,"Sep 08, 1999"
29 Shravana 2055,"Sep 09, 1999"
1 Bhadarvo 2055,"Sep 10, 1999"
2 Bhadarvo 2055,"Sep 11, 1999"
3 Bhadarvo 2055,"Sep 12, 1999"
4 Bhadarvo 2055,"Sep 13, 1999"
5 Bhadarvo 2055,"Sep 14, 1999"
6 Bhadarvo 2055,"Sep 15, 1999"
7 Bhadarvo 2055,"Sep 16, 1999"
8 Bhadarvo 2055,"Sep 17, 1999"
9 Bhadarvo 2055,"Sep 18, 1999"
10 Bhadarvo 2055,"Sep 19, 1999"
11 Bhadarvo 2055,"Sep 20, 1999"
12 Bhadarvo 2055,"Sep 21, 1999"
13 Bhadarvo 2055,"Sep 22, 1999"
14 Bhadarvo 2055,"Sep 23, 1999"
15 Bhadarvo 2055,"Sep 24, 1999"
16 Bhadarvo 2055,"Sep 25, 1999"
17 Bhadarvo 2055,"Sep 26, 1999"
18 Bhadarvo 2055,"Sep 27, 1999"
19 Bhadarvo 2055,"Sep 28, 1999"
20 Bhadarvo 2055,"Sep 29, 1999"
21 Bhadarvo 2055,"Sep 30, 1999"
22 Bhadarvo 2055,"Oct 01, 1999"
23 Bhadarvo 2055,"Oct 02, 1999"
24 Bhadarvo 2055,"Oct 03, 1999"
25 Bhadarvo 2055,"Oct 04, 1999"
26 Bhadarvo 2055,"Oct 05, 1999"
27 Bhadarvo 2055,"Oct 06, 1999"
28 Bhadarvo 2055,"Oct 07, 1999"
29 Bhadarvo 2055,"Oct 08, 1999"
30 Bhadarvo 2055,"Oct 09, 1999"
1 Aso 2055,"Oct 10, 1999"
2 Aso 2055,"Oct 11, 1999"
3 Aso 2055,"Oct 12, 1999"
4 Aso 2055,"Oct 13, 1999"
5 Aso 2055,"Oct 14, 1999"
6 Aso 2055,"Oct 15, 1999"
7 Aso 2055,"Oct 16, 1999"
8 Aso 2055,"Oct 17, 1999"
9 Aso 2055,"Oct 18, 1999"
10 Aso 2055,"Oct 19, 1999"
11 Aso 2055,"Oct 20, 1999"
12 Aso 2055,"Oct 21, 1999"
13 Aso 2055,"Oct 22, 1999"
14 Aso 2055,"Oct 23, 1999"
15 Aso 2055,"Oct 24, 1999"
16 Aso 2055,"Oct 25, 1999"
17 Aso 2055,"Oct 26, 1999"
18 Aso 2055,"Oct 27, 1999"
19 Aso 2055,"Oct 28, 1999"
20 Aso 2055,"Oct 29, 1999"
21 Aso 2055,"Oct 30, 1999"
22 Aso 2055,"Oct 31, 1999"
23 Aso 2055,"Nov 01, 1999"
24 Aso 2055,"Nov 02, 1999"
25 Aso 2055,"Nov 03, 1999"
26 Aso 2055,"Nov 04, 1999"
27 Aso 2055,"Nov 05, 1999"
28 Aso 2055,"Nov 06, 1999"
29 Aso 2055,"Nov 07, 1999"
30 Aso 2055,"Nov 08, 1999"
1 Kartak 2055,"Nov 09, 1999"
2 Kartak 2055,"Nov 10, 1999"
3 Kartak 2055,"Nov 11, 1999"
4 Kartak 2055,"Nov 12, 1999"
5 Kartak 2055,"Nov 13, 1999"
6 Kartak 2055,"Nov 14, 1999"
7 Kartak 2055,"Nov 15, 1999"
8 Kartak 2055,"Nov 16, 1999"
9 Kartak 2055,"Nov 17, 1999"
10 Kartak 2055,"Nov 18, 1999"
11 Kartak 2055,"Nov 19, 1999"
12 Kartak 2055,"Nov 20, 1999"
13 Kartak 2055,"Nov 21, 1999"
14 Kartak 2055,"Nov 22, 1999"
15 Kartak 2055,"Nov 23, 1999"
16 Kartak 2055,"Nov 24, 1999"
17 Kartak 2055,"Nov 25, 1999"
18 Kartak 2055,"Nov 26, 1999"
19 Kartak 2055,"Nov 27, 1999"
20 Kartak 2055,"Nov 28, 1999"
21 Kartak 2055,"Nov 29, 1999"
22 Kartak 2055,"Nov 30, 1999"
23 Kartak 2055,"Dec 01, 1999"
24 Kartak 2055,"Dec 02, 1999"
25 Kartak 2055,"Dec 03, 1999"
26 Kartak 2055,"Dec 04, 1999"
27 Kartak 2055,"Dec 05, 1999"
28 Kartak 2055,"Dec 06, 1999"
29 Kartak 2055,"Dec 07, 1999"
1 Magshar 2055,"Dec 08, 1999"
2 Magshar 2055,"Dec 09, 1999"
3 Magshar 2055,"Dec 10, 1999"
4 Magshar 2055,"Dec 11, 1999"
5 Magshar 2055,"Dec 12, 1999"
6 Magshar 2055,"Dec 13, 1999"
7 Magshar 2055,"Dec 14, 1999"
8 Magshar 2055,"Dec 15, 1999"
9 Magshar 2055,"Dec 16, 1999"
10 Magshar 2055,"Dec 17, 1999"
11 Magshar 2055,"Dec 18, 1999"
12 Magshar 2055,"Dec 19, 1999"
13 Magshar 2055,"Dec 20, 1999"
14 Magshar 2055,"Dec 21, 1999"
15 Magshar 2055,"Dec 22, 1999"
16 Magshar 2055,"Dec 23, 1999"
17 Magshar 2055,"Dec 24, 1999"
18 Magshar 2055,"Dec 25, 1999"
19 Magshar 2055,"Dec 26, 1999"
20 Magshar 2055,"Dec 27, 1999"
21 Magshar 2055,"Dec 28, 1999"
22 Magshar 2055,"Dec 29, 1999"
23 Magshar 2055,"Dec 30, 1999"
24 Magshar 2055,"Dec 31, 1999"
25 Magshar 2055,"Jan 01, 2000"
26 Magshar 2055,"Jan 02, 2000"
27 Magshar 2055,"Jan 03, 2000"
28 Magshar 2055,"Jan 04, 2000"
29 Magshar 2055,"Jan 05, 2000"
30 Magshar 2055,"Jan 06, 2000"
1 Posh 2056,"Jan 07, 2000"
2 Posh 2056,"Jan 08, 2000"
3 Posh 2056,"Jan 09, 2000"
4 Posh 2056,"Jan 10, 2000"
5 Posh 2056,"Jan 11, 2000"
6 Posh 2056,"Jan 12, 2000"
7 Posh 2056,"Jan 13, 2000"
8 Posh 2056,"Jan 14, 2000"
9 Posh 2056,"Jan 15, 2000"
10 Posh 2056,"Jan 16, 2000"
11 Posh 2056,"Jan 17, 2000"
12 Posh 2056,"Jan 18, 2000"
13 Posh 2056,"Jan 19, 2000"
14 Posh 2056,"Jan 20, 2000"
15 Posh 2056,"Jan 21, 2000"
16 Posh 2056,"Jan 22, 2000"
17 Posh 2056,"Jan 23, 2000"
18 Posh 2056,"Jan 24, 2000"
19 Posh 2056,"Jan 25, 2000"
20 Posh 2056,"Jan 26, 2000"
21 Posh 2056,"Jan 27, 2000"
22 Posh 2056,"Jan 28, 2000"
23 Posh 2056,"Jan 29, 2000"
24 Posh 2056,"Jan 30, 2000"
25 Posh 2056,"Jan 31, 2000"
26 Posh 2056,"Feb 01, 2000"
27 Posh 2056,"Feb 02, 2000"
28 Posh 2056,"Feb 03, 2000"
29 Posh 2056,"Feb 04, 2000"
30 Posh 2056,"Feb 05, 2000"
1 Maha 2056,"Feb 06, 2000"
2 Maha 2056,"Feb 07, 2000"
3 Maha 2056,"Feb 08, 2000"
4 Maha 2056,"Feb 09, 2000"
5 Maha 2056,"Feb 10, 2000"
6 Maha 2056,"Feb 11, 2000"
7 Maha 2056,"Feb 12, 2000"
8 Maha 2056,"Feb 13, 2000"
9 Maha 2056,"Feb 14, 2000"
10 Maha 2056,"Feb 15, 2000"
11 Maha 2056,"Feb 16, 2000"
12 Maha 2056,"Feb 17, 2000"
13 Maha 2056,"Feb 18, 2000"
14 Maha 2056,"Feb 19, 2000"
15 Maha 2056,"Feb 20, 2000"
16 Maha 2056,"Feb 21, 2000"
17 Maha 2056,"Feb 22, 2000"
18 Maha 2056,"Feb 23, 2000"
19 Maha 2056,"Feb 24, 2000"
20 Maha 2056,"Feb 25, 2000"
21 Maha 2056,"Feb 26, 2000"
22 Maha 2056,"Feb 27, 2000"
23 Maha 2056,"Feb 28, 2000"
24 Maha 2056,"Feb 29, 2000"
25 Maha 2056,"Mar 01, 2000"
26 Maha 2056,"Mar 02, 2000"
27 Maha 2056,"Mar 03, 2000"
28 Maha 2056,"Mar 04, 2000"
29 Maha 2056,"Mar 05, 2000"
30 Maha 2056,"Mar 06, 2000"
1 Phaguna 2056,"Mar 07, 2000"
2 Phaguna 2056,"Mar 08, 2000"
3 Phaguna 2056,"Mar 09, 2000"
4 Phaguna 2056,"Mar 10, 2000"
5 Phaguna 2056,"Mar 11, 2000"
6 Phaguna 2056,"Mar 12, 2000"
7 Phaguna 2056,"Mar 13, 2000"
8 Phaguna 2056,"Mar 14, 2000"
9 Phaguna 2056,"Mar 15, 2000"
10 Phaguna 2056,"Mar 16, 2000"
11 Phaguna 2056,"Mar 17, 2000"
12 Phaguna 2056,"Mar 18, 2000"
13 Phaguna 2056,"Mar 19, 2000"
14 Phaguna 2056,"Mar 20, 2000"
15 Phaguna 2056,"Mar 21, 2000"
16 Phaguna 2056,"Mar 22, 2000"
17 Phaguna 2056,"Mar 23, 2000"
18 Phaguna 2056,"Mar 24, 2000"
19 Phaguna 2056,"Mar 25, 2000"
20 Phaguna 2056,"Mar 26, 2000"
21 Phaguna 2056,"Mar 27, 2000"
22 Phaguna 2056,"Mar 28, 2000"
23 Phaguna 2056,"Mar 29, 2000"
24 Phaguna 2056,"Mar 30, 2000"
25 Phaguna 2056,"Mar 31, 2000"
26 Phaguna 2056,"Apr 01, 2000"
27 Phaguna 2056,"Apr 02, 2000"
28 Phaguna 2056,"Apr 03, 2000"
29 Phaguna 2056,"Apr 04, 2000"
1 Chaitra 2056,"Apr 05, 2000"
2 Chaitra 2056,"Apr 06, 2000"
3 Chaitra 2056,"Apr 07, 2000"
4 Chaitra 2056,"Apr 08, 2000"
5 Chaitra 2056,"Apr 09, 2000"
6 Chaitra 2056,"Apr 10, 2000"
7 Chaitra 2056,"Apr 11, 2000"
8 Chaitra 2056,"Apr 12, 2000"
9 Chaitra 2056,"Apr 13, 2000"
10 Chaitra 2056,"Apr 14, 2000"
11 Chaitra 2056,"Apr 15, 2000"
12 Chaitra 2056,"Apr 16, 2000"
13 Chaitra 2056,"Apr 17, 2000"
14 Chaitra 2056,"Apr 18, 2000"
15 Chaitra 2056,"Apr 19, 2000"
16 Chaitra 2056,"Apr 20, 2000"
17 Chaitra 2056,"Apr 21, 2000"
18 Chaitra 2056,"Apr 22, 2000"
19 Chaitra 2056,"Apr 23, 2000"
20 Chaitra 2056,"Apr 24, 2000"
21 Chaitra 2056,"Apr 25, 2000"
22 Chaitra 2056,"Apr 26, 2000"
23 Chaitra 2056,"Apr 27, 2000"
24 Chaitra 2056,"Apr 28, 2000"
25 Chaitra 2056,"Apr 29, 2000"
26 Chaitra 2056,"Apr 30, 2000"
27 Chaitra 2056,"May 01, 2000"
28 Chaitra 2056,"May 02, 2000"
29 Chaitra 2056,"May 03, 2000"
30 Chaitra 2056,"May 04, 2000"
1 Vaishakha 2056,"May 05, 2000"
2 Vaishakha 2056,"May 06, 2000"
3 Vaishakha 2056,"May 07, 2000"
4 Vaishakha 2056,"May 08, 2000"
5 Vaishakha 2056,"May 09, 2000"
6 Vaishakha 2056,"May 10, 2000"
7 Vaishakha 2056,"May 11, 2000"
8 Vaishakha 2056,"May 12, 2000"
9 Vaishakha 2056,"May 13, 2000"
10 Vaishakha 2056,"May 14, 2000"
11 Vaishakha 2056,"May 15, 2000"
12 Vaishakha 2056,"May 16, 2000"
13 Vaishakha 2056,"May 17, 2000"
14 Vaishakha 2056,"May 18, 2000"
15 Vaishakha 2056,"May 19, 2000"
16 Vaishakha 2056,"May 20, 2000"
17 Vaishakha 2056,"May 21, 2000"
18 Vaishakha 2056,"May 22, 2000"
19 Vaishakha 2056,"May 23, 2000"
20 Vaishakha 2056,"May 24, 2000"
21 Vaishakha 2056,"May 25, 2000"
22 Vaishakha 2056,"May 26, 2000"
23 Vaishakha 2056,"May 27, 2000"
24 Vaishakha 2056,"May 28, 2000"
25 Vaishakha 2056,"May 29, 2000"
26 Vaishakha 2056,"May 30, 2000"
27 Vaishakha 2056,"May 31, 2000"
28 Vaishakha 2056,"Jun 01, 2000"
29 Vaishakha 2056,"Jun 02, 2000"
1 Jyeshta 2056,"Jun 03, 2000"
2 Jyeshta 2056,"Jun 04, 2000"
3 Jyeshta 2056,"Jun 05, 2000"
4 Jyeshta 2056,"Jun 06, 2000"
5 Jyeshta 2056,"Jun 07, 2000"
6 Jyeshta 2056,"Jun 08, 2000"
7 Jyeshta 2056,"Jun 09, 2000"
8 Jyeshta 2056,"Jun 10, 2000"
9 Jyeshta 2056,"Jun 11, 2000"
10 Jyeshta 2056,"Jun 12, 2000"
11 Jyeshta 2056,"Jun 13, 2000"
12 Jyeshta 2056,"Jun 14, 2000"
13 Jyeshta 2056,"Jun 15, 2000"
14 Jyeshta 2056,"Jun 16, 2000"
15 Jyeshta 2056,"Jun 17, 2000"
16 Jyeshta 2056,"Jun 18, 2000"
17 Jyeshta 2056,"Jun 19, 2000"
18 Jyeshta 2056,"Jun 20, 2000"
19 Jyeshta 2056,"Jun 21, 2000"
20 Jyeshta 2056,"Jun 22, 2000"
21 Jyeshta 2056,"Jun 23, 2000"
22 Jyeshta 2056,"Jun 24, 2000"
23 Jyeshta 2056,"Jun 25, 2000"
24 Jyeshta 2056,"Jun 26, 2000"
25 Jyeshta 2056,"Jun 27, 2000"
26 Jyeshta 2056,"Jun 28, 2000"
27 Jyeshta 2056,"Jun 29, 2000"
28 Jyeshta 2056,"Jun 30, 2000"
29 Jyeshta 2056,"Jul 01, 2000"
1 Ashadha 2056,"Jul 02, 2000"
2 Ashadha 2056,"Jul 03, 2000"
3 Ashadha 2056,"Jul 04, 2000"
4 Ashadha 2056,"Jul 05, 2000"
5 Ashadha 2056,"Jul 06, 2000"
6 Ashadha 2056,"Jul 07, 2000"
7 Ashadha 2056,"Jul 08, 2000"
8 Ashadha 2056,"Jul 09, 2000"
9 Ashadha 2056,"Jul 10, 2000"
10 Ashadha 2056,"Jul 11, 2000"
11 Ashadha 2056,"Jul 12, 2000"
12 Ashadha 2056,"Jul 13, 2000"
13 Ashadha 2056,"Jul 14, 2000"
14 Ashadha 2056,"Jul 15, 2000"
15 Ashadha 2056,"Jul 16, 2000"
16 Ashadha 2056,"Jul 17, 2000"
17 Ashadha 2056,"Jul 18, 2000"
18 Ashadha 2056,"Jul 19, 2000"
19 Ashadha 2056,"Jul 20, 2000"
20 Ashadha 2056,"Jul 21, 2000"
21 Ashadha 2056,"Jul 22, 2000"
22 Ashadha 2056,"Jul 23, 2000"
23 Ashadha 2056,"Jul 24, 2000"
24 Ashadha 2056,"Jul 25, 2000"
25 Ashadha 2056,"Jul 26, 2000"
26 Ashadha 2056,"Jul 27, 2000"
27 Ashadha 2056,"Jul 28, 2000"
28 Ashadha 2056,"Jul 29, 2000"
29 Ashadha 2056,"Jul 30, 2000"
30 Ashadha 2056,"Jul 31, 2000"
1 Shravana 2056,"Aug 01, 2000"
2 Shravana 2056,"Aug 02, 2000"
3 Shravana 2056,"Aug 03, 2000"
4 Shravana 2056,"Aug 04, 2000"
5 Shravana 2056,"Aug 05, 2000"
6 Shravana 2056,"Aug 06, 2000"
7 Shravana 2056,"Aug 07, 2000"
8 Shravana 2056,"Aug 08, 2000"
9 Shravana 2056,"Aug 09, 2000"
10 Shravana 2056,"Aug 10, 2000"
11 Shravana 2056,"Aug 11, 2000"
12 Shravana 2056,"Aug 12, 2000"
13 Shravana 2056,"Aug 13, 2000"
14 Shravana 2056,"Aug 14, 2000"
15 Shravana 2056,"Aug 15, 2000"
16 Shravana 2056,"Aug 16, 2000"
17 Shravana 2056,"Aug 17, 2000"
18 Shravana 2056,"Aug 18, 2000"
19 Shravana 2056,"Aug 19, 2000"
20 Shravana 2056,"Aug 20, 2000"
21 Shravana 2056,"Aug 21, 2000"
22 Shravana 2056,"Aug 22, 2000"
23 Shravana 2056,"Aug 23, 2000"
24 Shravana 2056,"Aug 24, 2000"
25 Shravana 2056,"Aug 25, 2000"
26 Shravana 2056,"Aug 26, 2000"
27 Shravana 2056,"Aug 27, 2000"
28 Shravana 2056,"Aug 28, 2000"
29 Shravana 2056,"Aug 29, 2000"
1 Bhadarvo 2056,"Aug 30, 2000"
2 Bhadarvo 2056,"Aug 31, 2000"
3 Bhadarvo 2056,"Sep 01, 2000"
4 Bhadarvo 2056,"Sep 02, 2000"
5 Bhadarvo 2056,"Sep 03, 2000"
6 Bhadarvo 2056,"Sep 04, 2000"
7 Bhadarvo 2056,"Sep 05, 2000"
8 Bhadarvo 2056,"Sep 06, 2000"
9 Bhadarvo 2056,"Sep 07, 2000"
10 Bhadarvo 2056,"Sep 08, 2000"
11 Bhadarvo 2056,"Sep 09, 2000"
12 Bhadarvo 2056,"Sep 10, 2000"
13 Bhadarvo 2056,"Sep 11, 2000"
14 Bhadarvo 2056,"Sep 12, 2000"
15 Bhadarvo 2056,"Sep 13, 2000"
16 Bhadarvo 2056,"Sep 14, 2000"
17 Bhadarvo 2056,"Sep 15, 2000"
18 Bhadarvo 2056,"Sep 16, 2000"
19 Bhadarvo 2056,"Sep 17, 2000"
20 Bhadarvo 2056,"Sep 18, 2000"
21 Bhadarvo 2056,"Sep 19, 2000"
22 Bhadarvo 2056,"Sep 20, 2000"
23 Bhadarvo 2056,"Sep 21, 2000"
24 Bhadarvo 2056,"Sep 22, 2000"
25 Bhadarvo 2056,"Sep 23, 2000"
26 Bhadarvo 2056,"Sep 24, 2000"
27 Bhadarvo 2056,"Sep 25, 2000"
28 Bhadarvo 2056,"Sep 26, 2000"
29 Bhadarvo 2056,"Sep 27, 2000"
1 Aso 2056,"Sep 28, 2000"
2 Aso 2056,"Sep 29, 2000"
3 Aso 2056,"Sep 30, 2000"
4 Aso 2056,"Oct 01, 2000"
5 Aso 2056,"Oct 02, 2000"
6 Aso 2056,"Oct 03, 2000"
7 Aso 2056,"Oct 04, 2000"
8 Aso 2056,"Oct 05, 2000"
9 Aso 2056,"Oct 06, 2000"
10 Aso 2056,"Oct 07, 2000"
11 Aso 2056,"Oct 08, 2000"
12 Aso 2056,"Oct 09, 2000"
13 Aso 2056,"Oct 10, 2000"
14 Aso 2056,"Oct 11, 2000"
15 Aso 2056,"Oct 12, 2000"
16 Aso 2056,"Oct 13, 2000"
17 Aso 2056,"Oct 14, 2000"
18 Aso 2056,"Oct 15, 2000"
19 Aso 2056,"Oct 16, 2000"
20 Aso 2056,"Oct 17, 2000"
21 Aso 2056,"Oct 18, 2000"
22 Aso 2056,"Oct 19, 2000"
23 Aso 2056,"Oct 20, 2000"
24 Aso 2056,"Oct 21, 2000"
25 Aso 2056,"Oct 22, 2000"
26 Aso 2056,"Oct 23, 2000"
27 Aso 2056,"Oct 24, 2000"
28 Aso 2056,"Oct 25, 2000"
29 Aso 2056,"Oct 26, 2000"
30 Aso 2056,"Oct 27, 2000"
1 Kartak 2056,"Oct 28, 2000"
2 Kartak 2056,"Oct 29, 2000"
3 Kartak 2056,"Oct 30, 2000"
4 Kartak 2056,"Oct 31, 2000"
5 Kartak 2056,"Nov 01, 2000"
6 Kartak 2056,"Nov 02, 2000"
7 Kartak 2056,"Nov 03, 2000"
8 Kartak 2056,"Nov 04, 2000"
9 Kartak 2056,"Nov 05, 2000"
10 Kartak 2056,"Nov 06, 2000"
11 Kartak 2056,"Nov 07, 2000"
12 Kartak 2056,"Nov 08, 2000"
13 Kartak 2056,"Nov 09, 2000"
14 Kartak 2056,"Nov 10, 2000"
15 Kartak 2056,"Nov 11, 2000"
16 Kartak 2056,"Nov 12, 2000"
17 Kartak 2056,"Nov 13, 2000"
18 Kartak 2056,"Nov 14, 2000"
19 Kartak 2056,"Nov 15, 2000"
20 Kartak 2056,"Nov 16, 2000"
21 Kartak 2056,"Nov 17, 2000"
22 Kartak 2056,"Nov 18, 2000"
23 Kartak 2056,"Nov 19, 2000"
24 Kartak 2056,"Nov 20, 2000"
25 Kartak 2056,"Nov 21, 2000"
26 Kartak 2056,"Nov 22, 2000"
27 Kartak 2056,"Nov 23, 2000"
28 Kartak 2056,"Nov 24, 2000"
29 Kartak 2056,"Nov 25, 2000"
1 Magshar 2056,"Nov 26, 2000"
2 Magshar 2056,"Nov 27, 2000"
3 Magshar 2056,"Nov 28, 2000"
4 Magshar 2056,"Nov 29, 2000"
5 Magshar 2056,"Nov 30, 2000"
6 Magshar 2056,"Dec 01, 2000"
7 Magshar 2056,"Dec 02, 2000"
8 Magshar 2056,"Dec 03, 2000"
9 Magshar 2056,"Dec 04, 2000"
10 Magshar 2056,"Dec 05, 2000"
11 Magshar 2056,"Dec 06, 2000"
12 Magshar 2056,"Dec 07, 2000"
13 Magshar 2056,"Dec 08, 2000"
14 Magshar 2056,"Dec 09, 2000"
15 Magshar 2056,"Dec 10, 2000"
16 Magshar 2056,"Dec 11, 2000"
17 Magshar 2056,"Dec 12, 2000"
18 Magshar 2056,"Dec 13, 2000"
19 Magshar 2056,"Dec 14, 2000"
20 Magshar 2056,"Dec 15, 2000"
21 Magshar 2056,"Dec 16, 2000"
22 Magshar 2056,"Dec 17, 2000"
23 Magshar 2056,"Dec 18, 2000"
24 Magshar 2056,"Dec 19, 2000"
25 Magshar 2056,"Dec 20, 2000"
26 Magshar 2056,"Dec 21, 2000"
27 Magshar 2056,"Dec 22, 2000"
28 Magshar 2056,"Dec 23, 2000"
29 Magshar 2056,"Dec 24, 2000"
30 Magshar 2056,"Dec 25, 2000"
1 Posh 2056,"Dec 27, 2000"
2 Posh 2056,"Dec 28, 2000"
3 Posh 2056,"Dec 29, 2000"
4 Posh 2056,"Dec 30, 2000"
5 Posh 2056,"Dec 31, 2000"
6 Posh 2056,"Jan 01, 2001"
7 Posh 2056,"Jan 02, 2001"
8 Posh 2056,"Jan 03, 2001"
9 Posh 2056,"Jan 04, 2001"
10 Posh 2056,"Jan 05, 2001"
11 Posh 2056,"Jan 06, 2001"
12 Posh 2056,"Jan 07, 2001"
13 Posh 2056,"Jan 08, 2001"
14 Posh 2056,"Jan 09, 2001"
15 Posh 2056,"Jan 10, 2001"
16 Posh 2056,"Jan 11, 2001"
17 Posh 2056,"Jan 12, 2001"
18 Posh 2056,"Jan 13, 2001"
19 Posh 2056,"Jan 14, 2001"
20 Posh 2056,"Jan 15, 2001"
21 Posh 2056,"Jan 16, 2001"
22 Posh 2056,"Jan 17, 2001"
23 Posh 2056,"Jan 18, 2001"
24 Posh 2056,"Jan 19, 2001"
25 Posh 2056,"Jan 20, 2001"
26 Posh 2056,"Jan 21, 2001"
27 Posh 2056,"Jan 22, 2001"
28 Posh 2056,"Jan 23, 2001"
29 Posh 2056,"Jan 24, 2001"
1 Maha 2057,"Jan 25, 2001"
2 Maha 2057,"Jan 26, 2001"
3 Maha 2057,"Jan 27, 2001"
4 Maha 2057,"Jan 28, 2001"
5 Maha 2057,"Jan 29, 2001"
6 Maha 2057,"Jan 30, 2001"
7 Maha 2057,"Jan 31, 2001"
8 Maha 2057,"Feb 01, 2001"
9 Maha 2057,"Feb 02, 2001"
10 Maha 2057,"Feb 03, 2001"
11 Maha 2057,"Feb 04, 2001"
12 Maha 2057,"Feb 05, 2001"
13 Maha 2057,"Feb 06, 2001"
14 Maha 2057,"Feb 07, 2001"
15 Maha 2057,"Feb 08, 2001"
16 Maha 2057,"Feb 09, 2001"
17 Maha 2057,"Feb 10, 2001"
18 Maha 2057,"Feb 11, 2001"
19 Maha 2057,"Feb 12, 2001"
20 Maha 2057,"Feb 13, 2001"
21 Maha 2057,"Feb 14, 2001"
22 Maha 2057,"Feb 15, 2001"
23 Maha 2057,"Feb 16, 2001"
24 Maha 2057,"Feb 17, 2001"
25 Maha 2057,"Feb 18, 2001"
26 Maha 2057,"Feb 19, 2001"
27 Maha 2057,"Feb 20, 2001"
28 Maha 2057,"Feb 21, 2001"
29 Maha 2057,"Feb 22, 2001"
30 Maha 2057,"Feb 23, 2001"
1 Faguna 2057,"Feb 24, 2001"
2 Faguna 2057,"Feb 25, 2001"
3 Faguna 2057,"Feb 26, 2001"
4 Faguna 2057,"Feb 27, 2001"
5 Faguna 2057,"Feb 28, 2001"
6 Faguna 2057,"Mar 01, 2001"
7 Faguna 2057,"Mar 02, 2001"
8 Faguna 2057,"Mar 03, 2001"
9 Faguna 2057,"Mar 04, 2001"
10 Faguna 2057,"Mar 05, 2001"
11 Faguna 2057,"Mar 06, 2001"
12 Faguna 2057,"Mar 07, 2001"
13 Faguna 2057,"Mar 08, 2001"
14 Faguna 2057,"Mar 09, 2001"
15 Faguna 2057,"Mar 10, 2001"
16 Faguna 2057,"Mar 11, 2001"
17 Faguna 2057,"Mar 12, 2001"
18 Faguna 2057,"Mar 13, 2001"
19 Faguna 2057,"Mar 14, 2001"
20 Faguna 2057,"Mar 15, 2001"
21 Faguna 2057,"Mar 16, 2001"
22 Faguna 2057,"Mar 17, 2001"
23 Faguna 2057,"Mar 18, 2001"
24 Faguna 2057,"Mar 19, 2001"
25 Faguna 2057,"Mar 20, 2001"
26 Faguna 2057,"Mar 21, 2001"
27 Faguna 2057,"Mar 22, 2001"
28 Faguna 2057,"Mar 23, 2001"
29 Faguna 2057,"Mar 24, 2001"
30 Faguna 2057,"Mar 25, 2001"
1 Chaitra 2057,"Mar 26, 2001"
2 Chaitra 2057,"Mar 27, 2001"
3 Chaitra 2057,"Mar 28, 2001"
4 Chaitra 2057,"Mar 29, 2001"
5 Chaitra 2057,"Mar 30, 2001"
6 Chaitra 2057,"Mar 31, 2001"
7 Chaitra 2057,"Apr 01, 2001"
8 Chaitra 2057,"Apr 02, 2001"
9 Chaitra 2057,"Apr 03, 2001"
10 Chaitra 2057,"Apr 04, 2001"
11 Chaitra 2057,"Apr 05, 2001"
12 Chaitra 2057,"Apr 06, 2001"
13 Chaitra 2057,"Apr 07, 2001"
14 Chaitra 2057,"Apr 08, 2001"
15 Chaitra 2057,"Apr 09, 2001"
16 Chaitra 2057,"Apr 10, 2001"
17 Chaitra 2057,"Apr 11, 2001"
18 Chaitra 2057,"Apr 12, 2001"
19 Chaitra 2057,"Apr 13, 2001"
20 Chaitra 2057,"Apr 14, 2001"
21 Chaitra 2057,"Apr 15, 2001"
22 Chaitra 2057,"Apr 16, 2001"
23 Chaitra 2057,"Apr 17, 2001"
24 Chaitra 2057,"Apr 18, 2001"
25 Chaitra 2057,"Apr 19, 2001"
26 Chaitra 2057,"Apr 20, 2001"
27 Chaitra 2057,"Apr 21, 2001"
28 Chaitra 2057,"Apr 22, 2001"
29 Chaitra 2057,"Apr 23, 2001"
1 Vaishakha 2057,"Apr 24, 2001"
2 Vaishakha 2057,"Apr 25, 2001"
3 Vaishakha 2057,"Apr 26, 2001"
4 Vaishakha 2057,"Apr 27, 2001"
5 Vaishakha 2057,"Apr 28, 2001"
6 Vaishakha 2057,"Apr 29, 2001"
7 Vaishakha 2057,"Apr 30, 2001"
8 Vaishakha 2057,"May 01, 2001"
9 Vaishakha 2057,"May 02, 2001"
10 Vaishakha 2057,"May 03, 2001"
11 Vaishakha 2057,"May 04, 2001"
12 Vaishakha 2057,"May 05, 2001"
13 Vaishakha 2057,"May 06, 2001"
14 Vaishakha 2057,"May 07, 2001"
15 Vaishakha 2057,"May 08, 2001"
16 Vaishakha 2057,"May 09, 2001"
17 Vaishakha 2057,"May 10, 2001"
18 Vaishakha 2057,"May 11, 2001"
19 Vaishakha 2057,"May 12, 2001"
20 Vaishakha 2057,"May 13, 2001"
21 Vaishakha 2057,"May 14, 2001"
22 Vaishakha 2057,"May 15, 2001"
23 Vaishakha 2057,"May 16, 2001"
24 Vaishakha 2057,"May 17, 2001"
25 Vaishakha 2057,"May 18, 2001"
26 Vaishakha 2057,"May 19, 2001"
27 Vaishakha 2057,"May 20, 2001"
28 Vaishakha 2057,"May 21, 2001"
29 Vaishakha 2057,"May 22, 2001"
30 Vaishakha 2057,"May 23, 2001"
1 Jyestha 2057,"May 24, 2001"
2 Jyestha 2057,"May 25, 2001"
3 Jyestha 2057,"May 26, 2001"
4 Jyestha 2057,"May 27, 2001"
5 Jyestha 2057,"May 28, 2001"
6 Jyestha 2057,"May 29, 2001"
7 Jyestha 2057,"May 30, 2001"
8 Jyestha 2057,"May 31, 2001"
9 Jyestha 2057,"Jun 01, 2001"
10 Jyestha 2057,"Jun 02, 2001"
11 Jyestha 2057,"Jun 03, 2001"
12 Jyestha 2057,"Jun 04, 2001"
13 Jyestha 2057,"Jun 05, 2001"
14 Jyestha 2057,"Jun 06, 2001"
15 Jyestha 2057,"Jun 07, 2001"
16 Jyestha 2057,"Jun 08, 2001"
17 Jyestha 2057,"Jun 09, 2001"
18 Jyestha 2057,"Jun 10, 2001"
19 Jyestha 2057,"Jun 11, 2001"
20 Jyestha 2057,"Jun 12, 2001"
21 Jyestha 2057,"Jun 13, 2001"
22 Jyestha 2057,"Jun 14, 2001"
23 Jyestha 2057,"Jun 15, 2001"
24 Jyestha 2057,"Jun 16, 2001"
25 Jyestha 2057,"Jun 17, 2001"
26 Jyestha 2057,"Jun 18, 2001"
27 Jyestha 2057,"Jun 19, 2001"
28 Jyestha 2057,"Jun 20, 2001"
29 Jyestha 2057,"Jun 21, 2001"
1 Ashadha 2057,"Jun 22, 2001"
2 Ashadha 2057,"Jun 23, 2001"
3 Ashadha 2057,"Jun 24, 2001"
4 Ashadha 2057,"Jun 25, 2001"
5 Ashadha 2057,"Jun 26, 2001"
6 Ashadha 2057,"Jun 27, 2001"
7 Ashadha 2057,"Jun 28, 2001"
8 Ashadha 2057,"Jun 29, 2001"
9 Ashadha 2057,"Jun 30, 2001"
10 Ashadha 2057,"Jul 01, 2001"
11 Ashadha 2057,"Jul 02, 2001"
12 Ashadha 2057,"Jul 03, 2001"
13 Ashadha 2057,"Jul 04, 2001"
14 Ashadha 2057,"Jul 05, 2001"
15 Ashadha 2057,"Jul 06, 2001"
16 Ashadha 2057,"Jul 07, 2001"
17 Ashadha 2057,"Jul 08, 2001"
18 Ashadha 2057,"Jul 09, 2001"
19 Ashadha 2057,"Jul 10, 2001"
20 Ashadha 2057,"Jul 11, 2001"
21 Ashadha 2057,"Jul 12, 2001"
22 Ashadha 2057,"Jul 13, 2001"
23 Ashadha 2057,"Jul 14, 2001"
24 Ashadha 2057,"Jul 15, 2001"
25 Ashadha 2057,"Jul 16, 2001"
26 Ashadha 2057,"Jul 17, 2001"
27 Ashadha 2057,"Jul 18, 2001"
28 Ashadha 2057,"Jul 19, 2001"
29 Ashadha 2057,"Jul 20, 2001"
1 Shravana 2057,"Jul 21, 2001"
2 Shravana 2057,"Jul 22, 2001"
3 Shravana 2057,"Jul 23, 2001"
4 Shravana 2057,"Jul 24, 2001"
5 Shravana 2057,"Jul 25, 2001"
6 Shravana 2057,"Jul 26, 2001"
7 Shravana 2057,"Jul 27, 2001"
8 Shravana 2057,"Jul 28, 2001"
9 Shravana 2057,"Jul 29, 2001"
10 Shravana 2057,"Jul 30, 2001"
11 Shravana 2057,"Jul 31, 2001"
12 Shravana 2057,"Aug 01, 2001"
13 Shravana 2057,"Aug 02, 2001"
14 Shravana 2057,"Aug 03, 2001"
15 Shravana 2057,"Aug 04, 2001"
16 Shravana 2057,"Aug 05, 2001"
17 Shravana 2057,"Aug 06, 2001"
18 Shravana 2057,"Aug 07, 2001"
19 Shravana 2057,"Aug 08, 2001"
20 Shravana 2057,"Aug 09, 2001"
21 Shravana 2057,"Aug 10, 2001"
22 Shravana 2057,"Aug 11, 2001"
23 Shravana 2057,"Aug 12, 2001"
24 Shravana 2057,"Aug 13, 2001"
25 Shravana 2057,"Aug 14, 2001"
26 Shravana 2057,"Aug 15, 2001"
27 Shravana 2057,"Aug 16, 2001"
28 Shravana 2057,"Aug 17, 2001"
29 Shravana 2057,"Aug 18, 2001"
30 Shravana 2057,"Aug 19, 2001"
1 Bhadarvo 2057,"Aug 20, 2001"
2 Bhadarvo 2057,"Aug 21, 2001"
3 Bhadarvo 2057,"Aug 22, 2001"
4 Bhadarvo 2057,"Aug 23, 2001"
5 Bhadarvo 2057,"Aug 24, 2001"
6 Bhadarvo 2057,"Aug 25, 2001"
7 Bhadarvo 2057,"Aug 26, 2001"
8 Bhadarvo 2057,"Aug 27, 2001"
9 Bhadarvo 2057,"Aug 28, 2001"
10 Bhadarvo 2057,"Aug 29, 2001"
11 Bhadarvo 2057,"Aug 30, 2001"
12 Bhadarvo 2057,"Aug 31, 2001"
13 Bhadarvo 2057,"Sep 01, 2001"
14 Bhadarvo 2057,"Sep 02, 2001"
15 Bhadarvo 2057,"Sep 03, 2001"
16 Bhadarvo 2057,"Sep 04, 2001"
17 Bhadarvo 2057,"Sep 05, 2001"
18 Bhadarvo 2057,"Sep 06, 2001"
19 Bhadarvo 2057,"Sep 07, 2001"
20 Bhadarvo 2057,"Sep 08, 2001"
21 Bhadarvo 2057,"Sep 09, 2001"
22 Bhadarvo 2057,"Sep 10, 2001"
23 Bhadarvo 2057,"Sep 11, 2001"
24 Bhadarvo 2057,"Sep 12, 2001"
25 Bhadarvo 2057,"Sep 13, 2001"
26 Bhadarvo 2057,"Sep 14, 2001"
27 Bhadarvo 2057,"Sep 15, 2001"
28 Bhadarvo 2057,"Sep 16, 2001"
29 Bhadarvo 2057,"Sep 17, 2001"
1 Aso_Adhik 2057,"Sep 18, 2001"
2 Aso_Adhik 2057,"Sep 19, 2001"
3 Aso_Adhik 2057,"Sep 20, 2001"
4 Aso_Adhik 2057,"Sep 21, 2001"
5 Aso_Adhik 2057,"Sep 22, 2001"
6 Aso_Adhik 2057,"Sep 23, 2001"
7 Aso_Adhik 2057,"Sep 24, 2001"
8 Aso_Adhik 2057,"Sep 25, 2001"
9 Aso_Adhik 2057,"Sep 26, 2001"
10 Aso_Adhik 2057,"Sep 27, 2001"
11 Aso_Adhik 2057,"Sep 28, 2001"
12 Aso_Adhik 2057,"Sep 29, 2001"
13 Aso_Adhik 2057,"Sep 30, 2001"
14 Aso_Adhik 2057,"Oct 01, 2001"
15 Aso_Adhik 2057,"Oct 02, 2001"
16 Aso_Adhik 2057,"Oct 03, 2001"
17 Aso_Adhik 2057,"Oct 04, 2001"
18 Aso_Adhik 2057,"Oct 05, 2001"
19 Aso_Adhik 2057,"Oct 06, 2001"
20 Aso_Adhik 2057,"Oct 07, 2001"
21 Aso_Adhik 2057,"Oct 08, 2001"
22 Aso_Adhik 2057,"Oct 09, 2001"
23 Aso_Adhik 2057,"Oct 10, 2001"
24 Aso_Adhik 2057,"Oct 11, 2001"
25 Aso_Adhik 2057,"Oct 12, 2001"
26 Aso_Adhik 2057,"Oct 13, 2001"
27 Aso_Adhik 2057,"Oct 14, 2001"
28 Aso_Adhik 2057,"Oct 15, 2001"
29 Aso_Adhik 2057,"Oct 16, 2001"
1 Aso 2057,"Oct 17, 2001"
2 Aso 2057,"Oct 18, 2001"
3 Aso 2057,"Oct 19, 2001"
4 Aso 2057,"Oct 20, 2001"
5 Aso 2057,"Oct 21, 2001"
6 Aso 2057,"Oct 22, 2001"
7 Aso 2057,"Oct 23, 2001"
8 Aso 2057,"Oct 24, 2001"
9 Aso 2057,"Oct 25, 2001"
10 Aso 2057,"Oct 26, 2001"
11 Aso 2057,"Oct 27, 2001"
12 Aso 2057,"Oct 28, 2001"
13 Aso 2057,"Oct 29, 2001"
14 Aso 2057,"Oct 30, 2001"
15 Aso 2057,"Oct 31, 2001"
16 Aso 2057,"Nov 01, 2001"
17 Aso 2057,"Nov 02, 2001"
18 Aso 2057,"Nov 03, 2001"
19 Aso 2057,"Nov 04, 2001"
20 Aso 2057,"Nov 05, 2001"
21 Aso 2057,"Nov 06, 2001"
22 Aso 2057,"Nov 07, 2001"
23 Aso 2057,"Nov 08, 2001"
24 Aso 2057,"Nov 09, 2001"
25 Aso 2057,"Nov 10, 2001"
26 Aso 2057,"Nov 11, 2001"
27 Aso 2057,"Nov 12, 2001"
28 Aso 2057,"Nov 13, 2001"
29 Aso 2057,"Nov 14, 2001"
30 Aso 2057,"Nov 15, 2001"
1 Kartak 2057,"Nov 16, 2001"
2 Kartak 2057,"Nov 17, 2001"
3 Kartak 2057,"Nov 18, 2001"
4 Kartak 2057,"Nov 19, 2001"
5 Kartak 2057,"Nov 20, 2001"
6 Kartak 2057,"Nov 21, 2001"
7 Kartak 2057,"Nov 22, 2001"
8 Kartak 2057,"Nov 23, 2001"
9 Kartak 2057,"Nov 24, 2001"
10 Kartak 2057,"Nov 25, 2001"
11 Kartak 2057,"Nov 26, 2001"
12 Kartak 2057,"Nov 27, 2001"
13 Kartak 2057,"Nov 28, 2001"
14 Kartak 2057,"Nov 29, 2001"
15 Kartak 2057,"Nov 30, 2001"
16 Kartak 2057,"Dec 01, 2001"
17 Kartak 2057,"Dec 02, 2001"
18 Kartak 2057,"Dec 03, 2001"
19 Kartak 2057,"Dec 04, 2001"
20 Kartak 2057,"Dec 05, 2001"
21 Kartak 2057,"Dec 06, 2001"
22 Kartak 2057,"Dec 07, 2001"
23 Kartak 2057,"Dec 08, 2001"
24 Kartak 2057,"Dec 09, 2001"
25 Kartak 2057,"Dec 10, 2001"
26 Kartak 2057,"Dec 11, 2001"
27 Kartak 2057,"Dec 12, 2001"
28 Kartak 2057,"Dec 13, 2001"
29 Kartak 2057,"Dec 14, 2001"
1 Posh 2058,"Jan 14, 2002"
2 Posh 2058,"Jan 15, 2002"
3 Posh 2058,"Jan 16, 2002"
4 Posh 2058,"Jan 17, 2002"
5 Posh 2058,"Jan 18, 2002"
6 Posh 2058,"Jan 19, 2002"
7 Posh 2058,"Jan 20, 2002"
8 Posh 2058,"Jan 21, 2002"
9 Posh 2058,"Jan 22, 2002"
10 Posh 2058,"Jan 23, 2002"
11 Posh 2058,"Jan 24, 2002"
12 Posh 2058,"Jan 25, 2002"
13 Posh 2058,"Jan 26, 2002"
14 Posh 2058,"Jan 27, 2002"
15 Posh 2058,"Jan 28, 2002"
16 Posh 2058,"Jan 29, 2002"
17 Posh 2058,"Jan 30, 2002"
18 Posh 2058,"Jan 31, 2002"
19 Posh 2058,"Feb 01, 2002"
20 Posh 2058,"Feb 02, 2002"
21 Posh 2058,"Feb 03, 2002"
22 Posh 2058,"Feb 04, 2002"
23 Posh 2058,"Feb 05, 2002"
24 Posh 2058,"Feb 06, 2002"
25 Posh 2058,"Feb 07, 2002"
26 Posh 2058,"Feb 08, 2002"
27 Posh 2058,"Feb 09, 2002"
28 Posh 2058,"Feb 10, 2002"
29 Posh 2058,"Feb 11, 2002"
30 Posh 2058,"Feb 12, 2002"
1 Maha 2058,"Feb 13, 2002"
2 Maha 2058,"Feb 14, 2002"
3 Maha 2058,"Feb 15, 2002"
4 Maha 2058,"Feb 16, 2002"
5 Maha 2058,"Feb 17, 2002"
6 Maha 2058,"Feb 18, 2002"
7 Maha 2058,"Feb 19, 2002"
8 Maha 2058,"Feb 20, 2002"
9 Maha 2058,"Feb 21, 2002"
10 Maha 2058,"Feb 22, 2002"
11 Maha 2058,"Feb 23, 2002"
12 Maha 2058,"Feb 24, 2002"
13 Maha 2058,"Feb 25, 2002"
14 Maha 2058,"Feb 26, 2002"
15 Maha 2058,"Feb 27, 2002"
16 Maha 2058,"Feb 28, 2002"
17 Maha 2058,"Mar 01, 2002"
18 Maha 2058,"Mar 02, 2002"
19 Maha 2058,"Mar 03, 2002"
20 Maha 2058,"Mar 04, 2002"
21 Maha 2058,"Mar 05, 2002"
22 Maha 2058,"Mar 06, 2002"
23 Maha 2058,"Mar 07, 2002"
24 Maha 2058,"Mar 08, 2002"
25 Maha 2058,"Mar 09, 2002"
26 Maha 2058,"Mar 10, 2002"
27 Maha 2058,"Mar 11, 2002"
28 Maha 2058,"Mar 12, 2002"
29 Maha 2058,"Mar 13, 2002"
30 Maha 2058,"Mar 14, 2002"
1 Faguna 2058,"Mar 15, 2002"
2 Faguna 2058,"Mar 16, 2002"
3 Faguna 2058,"Mar 17, 2002"
4 Faguna 2058,"Mar 18, 2002"
5 Faguna 2058,"Mar 19, 2002"
6 Faguna 2058,"Mar 20, 2002"
7 Faguna 2058,"Mar 21, 2002"
8 Faguna 2058,"Mar 22, 2002"
9 Faguna 2058,"Mar 23, 2002"
10 Faguna 2058,"Mar 24, 2002"
11 Faguna 2058,"Mar 25, 2002"
12 Faguna 2058,"Mar 26, 2002"
13 Faguna 2058,"Mar 27, 2002"
14 Faguna 2058,"Mar 28, 2002"
15 Faguna 2058,"Mar 29, 2002"
16 Faguna 2058,"Mar 30, 2002"
17 Faguna 2058,"Mar 31, 2002"
18 Faguna 2058,"Apr 01, 2002"
19 Faguna 2058,"Apr 02, 2002"
20 Faguna 2058,"Apr 03, 2002"
21 Faguna 2058,"Apr 04, 2002"
22 Faguna 2058,"Apr 05, 2002"
23 Faguna 2058,"Apr 06, 2002"
24 Faguna 2058,"Apr 07, 2002"
25 Faguna 2058,"Apr 08, 2002"
26 Faguna 2058,"Apr 09, 2002"
27 Faguna 2058,"Apr 10, 2002"
28 Faguna 2058,"Apr 11, 2002"
29 Faguna 2058,"Apr 12, 2002"
1 Chaitra 2058,"Apr 13, 2002"
2 Chaitra 2058,"Apr 14, 2002"
3 Chaitra 2058,"Apr 15, 2002"
4 Chaitra 2058,"Apr 16, 2002"
5 Chaitra 2058,"Apr 17, 2002"
6 Chaitra 2058,"Apr 18, 2002"
7 Chaitra 2058,"Apr 19, 2002"
8 Chaitra 2058,"Apr 20, 2002"
9 Chaitra 2058,"Apr 21, 2002"
10 Chaitra 2058,"Apr 22, 2002"
11 Chaitra 2058,"Apr 23, 2002"
12 Chaitra 2058,"Apr 24, 2002"
13 Chaitra 2058,"Apr 25, 2002"
14 Chaitra 2058,"Apr 26, 2002"
15 Chaitra 2058,"Apr 27, 2002"
16 Chaitra 2058,"Apr 28, 2002"
17 Chaitra 2058,"Apr 29, 2002"
18 Chaitra 2058,"Apr 30, 2002"
19 Chaitra 2058,"May 01, 2002"
20 Chaitra 2058,"May 02, 2002"
21 Chaitra 2058,"May 03, 2002"
22 Chaitra 2058,"May 04, 2002"
23 Chaitra 2058,"May 05, 2002"
24 Chaitra 2058,"May 06, 2002"
25 Chaitra 2058,"May 07, 2002"
26 Chaitra 2058,"May 08, 2002"
27 Chaitra 2058,"May 09, 2002"
28 Chaitra 2058,"May 10, 2002"
29 Chaitra 2058,"May 11, 2002"
30 Chaitra 2058,"May 12, 2002"
1 Vaishakha 2058,"May 13, 2002"
2 Vaishakha 2058,"May 14, 2002"
3 Vaishakha 2058,"May 15, 2002"
4 Vaishakha 2058,"May 16, 2002"
5 Vaishakha 2058,"May 17, 2002"
6 Vaishakha 2058,"May 18, 2002"
7 Vaishakha 2058,"May 19, 2002"
8 Vaishakha 2058,"May 20, 2002"
9 Vaishakha 2058,"May 21, 2002"
10 Vaishakha 2058,"May 22, 2002"
11 Vaishakha 2058,"May 23, 2002"
12 Vaishakha 2058,"May 24, 2002"
13 Vaishakha 2058,"May 25, 2002"
14 Vaishakha 2058,"May 26, 2002"
15 Vaishakha 2058,"May 27, 2002"
16 Vaishakha 2058,"May 28, 2002"
17 Vaishakha 2058,"May 29, 2002"
18 Vaishakha 2058,"May 30, 2002"
19 Vaishakha 2058,"May 31, 2002"
20 Vaishakha 2058,"Jun 01, 2002"
21 Vaishakha 2058,"Jun 02, 2002"
22 Vaishakha 2058,"Jun 03, 2002"
23 Vaishakha 2058,"Jun 04, 2002"
24 Vaishakha 2058,"Jun 05, 2002"
25 Vaishakha 2058,"Jun 06, 2002"
26 Vaishakha 2058,"Jun 07, 2002"
27 Vaishakha 2058,"Jun 08, 2002"
28 Vaishakha 2058,"Jun 09, 2002"
29 Vaishakha 2058,"Jun 10, 2002"
1 Jyestha 2058,"Jun 11, 2002"
2 Jyestha 2058,"Jun 12, 2002"
3 Jyestha 2058,"Jun 13, 2002"
4 Jyestha 2058,"Jun 14, 2002"
5 Jyestha 2058,"Jun 15, 2002"
6 Jyestha 2058,"Jun 16, 2002"
7 Jyestha 2058,"Jun 17, 2002"
8 Jyestha 2058,"Jun 18, 2002"
9 Jyestha 2058,"Jun 19, 2002"
10 Jyestha 2058,"Jun 20, 2002"
11 Jyestha 2058,"Jun 21, 2002"
12 Jyestha 2058,"Jun 22, 2002"
13 Jyestha 2058,"Jun 23, 2002"
14 Jyestha 2058,"Jun 24, 2002"
15 Jyestha 2058,"Jun 25, 2002"
16 Jyestha 2058,"Jun 26, 2002"
17 Jyestha 2058,"Jun 27, 2002"
18 Jyestha 2058,"Jun 28, 2002"
19 Jyestha 2058,"Jun 29, 2002"
20 Jyestha 2058,"Jun 30, 2002"
21 Jyestha 2058,"Jul 01, 2002"
22 Jyestha 2058,"Jul 02, 2002"
23 Jyestha 2058,"Jul 03, 2002"
24 Jyestha 2058,"Jul 04, 2002"
25 Jyestha 2058,"Jul 05, 2002"
26 Jyestha 2058,"Jul 06, 2002"
27 Jyestha 2058,"Jul 07, 2002"
28 Jyestha 2058,"Jul 08, 2002"
29 Jyestha 2058,"Jul 09, 2002"
30 Jyestha 2058,"Jul 10, 2002"
1 Ashadha 2058,"Jul 11, 2002"
2 Ashadha 2058,"Jul 12, 2002"
3 Ashadha 2058,"Jul 13, 2002"
4 Ashadha 2058,"Jul 14, 2002"
5 Ashadha 2058,"Jul 15, 2002"
6 Ashadha 2058,"Jul 16, 2002"
7 Ashadha 2058,"Jul 17, 2002"
8 Ashadha 2058,"Jul 18, 2002"
9 Ashadha 2058,"Jul 19, 2002"
10 Ashadha 2058,"Jul 20, 2002"
11 Ashadha 2058,"Jul 21, 2002"
12 Ashadha 2058,"Jul 22, 2002"
13 Ashadha 2058,"Jul 23, 2002"
14 Ashadha 2058,"Jul 24, 2002"
15 Ashadha 2058,"Jul 25, 2002"
16 Ashadha 2058,"Jul 26, 2002"
17 Ashadha 2058,"Jul 27, 2002"
18 Ashadha 2058,"Jul 28, 2002"
19 Ashadha 2058,"Jul 29, 2002"
20 Ashadha 2058,"Jul 30, 2002"
21 Ashadha 2058,"Jul 31, 2002"
22 Ashadha 2058,"Aug 01, 2002"
23 Ashadha 2058,"Aug 02, 2002"
24 Ashadha 2058,"Aug 03, 2002"
25 Ashadha 2058,"Aug 04, 2002"
26 Ashadha 2058,"Aug 05, 2002"
27 Ashadha 2058,"Aug 06, 2002"
28 Ashadha 2058,"Aug 07, 2002"
29 Ashadha 2058,"Aug 08, 2002"
1 Shravana 2058,"Aug 09, 2002"
2 Shravana 2058,"Aug 10, 2002"
3 Shravana 2058,"Aug 11, 2002"
4 Shravana 2058,"Aug 12, 2002"
5 Shravana 2058,"Aug 13, 2002"
6 Shravana 2058,"Aug 14, 2002"
7 Shravana 2058,"Aug 15, 2002"
8 Shravana 2058,"Aug 16, 2002"
9 Shravana 2058,"Aug 17, 2002"
10 Shravana 2058,"Aug 18, 2002"
11 Shravana 2058,"Aug 19, 2002"
12 Shravana 2058,"Aug 20, 2002"
13 Shravana 2058,"Aug 21, 2002"
14 Shravana 2058,"Aug 22, 2002"
15 Shravana 2058,"Aug 23, 2002"
16 Shravana 2058,"Aug 24, 2002"
17 Shravana 2058,"Aug 25, 2002"
18 Shravana 2058,"Aug 26, 2002"
19 Shravana 2058,"Aug 27, 2002"
20 Shravana 2058,"Aug 28, 2002"
21 Shravana 2058,"Aug 29, 2002"
22 Shravana 2058,"Aug 30, 2002"
23 Shravana 2058,"Aug 31, 2002"
24 Shravana 2058,"Sep 01, 2002"
25 Shravana 2058,"Sep 02, 2002"
26 Shravana 2058,"Sep 03, 2002"
27 Shravana 2058,"Sep 04, 2002"
28 Shravana 2058,"Sep 05, 2002"
29 Shravana 2058,"Sep 06, 2002"
30 Shravana 2058,"Sep 07, 2002"
1 Bhadarvo 2058,"Sep 08, 2002"
2 Bhadarvo 2058,"Sep 09, 2002"
3 Bhadarvo 2058,"Sep 10, 2002"
4 Bhadarvo 2058,"Sep 11, 2002"
5 Bhadarvo 2058,"Sep 12, 2002"
6 Bhadarvo 2058,"Sep 13, 2002"
7 Bhadarvo 2058,"Sep 14, 2002"
8 Bhadarvo 2058,"Sep 15, 2002"
9 Bhadarvo 2058,"Sep 16, 2002"
10 Bhadarvo 2058,"Sep 17, 2002"
11 Bhadarvo 2058,"Sep 18, 2002"
12 Bhadarvo 2058,"Sep 19, 2002"
13 Bhadarvo 2058,"Sep 20, 2002"
14 Bhadarvo 2058,"Sep 21, 2002"
15 Bhadarvo 2058,"Sep 22, 2002"
16 Bhadarvo 2058,"Sep 23, 2002"
17 Bhadarvo 2058,"Sep 24, 2002"
18 Bhadarvo 2058,"Sep 25, 2002"
19 Bhadarvo 2058,"Sep 26, 2002"
20 Bhadarvo 2058,"Sep 27, 2002"
21 Bhadarvo 2058,"Sep 28, 2002"
22 Bhadarvo 2058,"Sep 29, 2002"
23 Bhadarvo 2058,"Sep 30, 2002"
24 Bhadarvo 2058,"Oct 01, 2002"
25 Bhadarvo 2058,"Oct 02, 2002"
26 Bhadarvo 2058,"Oct 03, 2002"
27 Bhadarvo 2058,"Oct 04, 2002"
28 Bhadarvo 2058,"Oct 05, 2002"
29 Bhadarvo 2058,"Oct 06, 2002"
1 Aso 2058,"Oct 07, 2002"
2 Aso 2058,"Oct 08, 2002"
3 Aso 2058,"Oct 09, 2002"
4 Aso 2058,"Oct 10, 2002"
5 Aso 2058,"Oct 11, 2002"
6 Aso 2058,"Oct 12, 2002"
7 Aso 2058,"Oct 13, 2002"
8 Aso 2058,"Oct 14, 2002"
9 Aso 2058,"Oct 15, 2002"
10 Aso 2058,"Oct 16, 2002"
11 Aso 2058,"Oct 17, 2002"
12 Aso 2058,"Oct 18, 2002"
13 Aso 2058,"Oct 19, 2002"
14 Aso 2058,"Oct 20, 2002"
15 Aso 2058,"Oct 21, 2002"
16 Aso 2058,"Oct 22, 2002"
17 Aso 2058,"Oct 23, 2002"
18 Aso 2058,"Oct 24, 2002"
19 Aso 2058,"Oct 25, 2002"
20 Aso 2058,"Oct 26, 2002"
21 Aso 2058,"Oct 27, 2002"
22 Aso 2058,"Oct 28, 2002"
23 Aso 2058,"Oct 29, 2002"
24 Aso 2058,"Oct 30, 2002"
25 Aso 2058,"Oct 31, 2002"
26 Aso 2058,"Nov 01, 2002"
27 Aso 2058,"Nov 02, 2002"
28 Aso 2058,"Nov 03, 2002"
29 Aso 2058,"Nov 04, 2002"
1 Kartak 2058,"Nov 05, 2002"
2 Kartak 2058,"Nov 06, 2002"
3 Kartak 2058,"Nov 07, 2002"
4 Kartak 2058,"Nov 08, 2002"
5 Kartak 2058,"Nov 09, 2002"
6 Kartak 2058,"Nov 10, 2002"
7 Kartak 2058,"Nov 11, 2002"
8 Kartak 2058,"Nov 12, 2002"
9 Kartak 2058,"Nov 13, 2002"
10 Kartak 2058,"Nov 14, 2002"
11 Kartak 2058,"Nov 15, 2002"
12 Kartak 2058,"Nov 16, 2002"
13 Kartak 2058,"Nov 17, 2002"
14 Kartak 2058,"Nov 18, 2002"
15 Kartak 2058,"Nov 19, 2002"
16 Kartak 2058,"Nov 20, 2002"
17 Kartak 2058,"Nov 21, 2002"
18 Kartak 2058,"Nov 22, 2002"
19 Kartak 2058,"Nov 23, 2002"
20 Kartak 2058,"Nov 24, 2002"
21 Kartak 2058,"Nov 25, 2002"
22 Kartak 2058,"Nov 26, 2002"
23 Kartak 2058,"Nov 27, 2002"
24 Kartak 2058,"Nov 28, 2002"
25 Kartak 2058,"Nov 29, 2002"
26 Kartak 2058,"Nov 30, 2002"
27 Kartak 2058,"Dec 01, 2002"
28 Kartak 2058,"Dec 02, 2002"
29 Kartak 2058,"Dec 03, 2002"
30 Kartak 2058,"Dec 04, 2002"
1 Magshar 2058,"Dec 05, 2002"
2 Magshar 2058,"Dec 06, 2002"
3 Magshar 2058,"Dec 07, 2002"
4 Magshar 2058,"Dec 08, 2002"
5 Magshar 2058,"Dec 09, 2002"
6 Magshar 2058,"Dec 10, 2002"
7 Magshar 2058,"Dec 11, 2002"
8 Magshar 2058,"Dec 12, 2002"
9 Magshar 2058,"Dec 13, 2002"
10 Magshar 2058,"Dec 14, 2002"
11 Magshar 2058,"Dec 15, 2002"
12 Magshar 2058,"Dec 16, 2002"
13 Magshar 2058,"Dec 17, 2002"
14 Magshar 2058,"Dec 18, 2002"
15 Magshar 2058,"Dec 19, 2002"
16 Magshar 2058,"Dec 20, 2002"
17 Magshar 2058,"Dec 21, 2002"
18 Magshar 2058,"Dec 22, 2002"
19 Magshar 2058,"Dec 23, 2002"
20 Magshar 2058,"Dec 24, 2002"
21 Magshar 2058,"Dec 25, 2002"
22 Magshar 2058,"Dec 26, 2002"
23 Magshar 2058,"Dec 27, 2002"
24 Magshar 2058,"Dec 28, 2002"
25 Magshar 2058,"Dec 29, 2002"
26 Magshar 2058,"Dec 30, 2002"
27 Magshar 2058,"Dec 31, 2002"
28 Magshar 2058,"Jan 01, 2003"
29 Magshar 2058,"Jan 02, 2003"
1 Posh 2059,"Jan 03, 2003"
2 Posh 2059,"Jan 04, 2003"
3 Posh 2059,"Jan 05, 2003"
4 Posh 2059,"Jan 06, 2003"
5 Posh 2059,"Jan 07, 2003"
6 Posh 2059,"Jan 08, 2003"
7 Posh 2059,"Jan 09, 2003"
8 Posh 2059,"Jan 10, 2003"
9 Posh 2059,"Jan 11, 2003"
10 Posh 2059,"Jan 12, 2003"
11 Posh 2059,"Jan 13, 2003"
12 Posh 2059,"Jan 14, 2003"
13 Posh 2059,"Jan 15, 2003"
14 Posh 2059,"Jan 16, 2003"
15 Posh 2059,"Jan 17, 2003"
16 Posh 2059,"Jan 18, 2003"
17 Posh 2059,"Jan 19, 2003"
18 Posh 2059,"Jan 20, 2003"
19 Posh 2059,"Jan 21, 2003"
20 Posh 2059,"Jan 22, 2003"
21 Posh 2059,"Jan 23, 2003"
22 Posh 2059,"Jan 24, 2003"
23 Posh 2059,"Jan 25, 2003"
24 Posh 2059,"Jan 26, 2003"
25 Posh 2059,"Jan 27, 2003"
26 Posh 2059,"Jan 28, 2003"
27 Posh 2059,"Jan 29, 2003"
28 Posh 2059,"Jan 30, 2003"
29 Posh 2059,"Jan 31, 2003"
30 Posh 2059,"Feb 01, 2003"
1 Maha 2059,"Feb 02, 2003"
2 Maha 2059,"Feb 03, 2003"
3 Maha 2059,"Feb 04, 2003"
4 Maha 2059,"Feb 05, 2003"
5 Maha 2059,"Feb 06, 2003"
6 Maha 2059,"Feb 07, 2003"
7 Maha 2059,"Feb 08, 2003"
8 Maha 2059,"Feb 09, 2003"
9 Maha 2059,"Feb 10, 2003"
10 Maha 2059,"Feb 11, 2003"
11 Maha 2059,"Feb 12, 2003"
12 Maha 2059,"Feb 13, 2003"
13 Maha 2059,"Feb 14, 2003"
14 Maha 2059,"Feb 15, 2003"
15 Maha 2059,"Feb 16, 2003"
16 Maha 2059,"Feb 17, 2003"
17 Maha 2059,"Feb 18, 2003"
18 Maha 2059,"Feb 19, 2003"
19 Maha 2059,"Feb 20, 2003"
20 Maha 2059,"Feb 21, 2003"
21 Maha 2059,"Feb 22, 2003"
22 Maha 2059,"Feb 23, 2003"
23 Maha 2059,"Feb 24, 2003"
24 Maha 2059,"Feb 25, 2003"
25 Maha 2059,"Feb 26, 2003"
26 Maha 2059,"Feb 27, 2003"
27 Maha 2059,"Feb 28, 2003"
28 Maha 2059,"Mar 01, 2003"
29 Maha 2059,"Mar 02, 2003"
30 Maha 2059,"Mar 03, 2003"
1 Faguna 2059,"Mar 04, 2003"
2 Faguna 2059,"Mar 05, 2003"
3 Faguna 2059,"Mar 06, 2003"
4 Faguna 2059,"Mar 07, 2003"
5 Faguna 2059,"Mar 08, 2003"
6 Faguna 2059,"Mar 09, 2003"
7 Faguna 2059,"Mar 10, 2003"
8 Faguna 2059,"Mar 11, 2003"
9 Faguna 2059,"Mar 12, 2003"
10 Faguna 2059,"Mar 13, 2003"
11 Faguna 2059,"Mar 14, 2003"
12 Faguna 2059,"Mar 15, 2003"
13 Faguna 2059,"Mar 16, 2003"
14 Faguna 2059,"Mar 17, 2003"
15 Faguna 2059,"Mar 18, 2003"
16 Faguna 2059,"Mar 19, 2003"
17 Faguna 2059,"Mar 20, 2003"
18 Faguna 2059,"Mar 21, 2003"
19 Faguna 2059,"Mar 22, 2003"
20 Faguna 2059,"Mar 23, 2003"
21 Faguna 2059,"Mar 24, 2003"
22 Faguna 2059,"Mar 25, 2003"
23 Faguna 2059,"Mar 26, 2003"
24 Faguna 2059,"Mar 27, 2003"
25 Faguna 2059,"Mar 28, 2003"
26 Faguna 2059,"Mar 29, 2003"
27 Faguna 2059,"Mar 30, 2003"
28 Faguna 2059,"Mar 31, 2003"
29 Faguna 2059,"Apr 01, 2003"
1 Chaitra 2059,"Apr 02, 2003"
2 Chaitra 2059,"Apr 03, 2003"
3 Chaitra 2059,"Apr 04, 2003"
4 Chaitra 2059,"Apr 05, 2003"
5 Chaitra 2059,"Apr 06, 2003"
6 Chaitra 2059,"Apr 07, 2003"
7 Chaitra 2059,"Apr 08, 2003"
8 Chaitra 2059,"Apr 09, 2003"
9 Chaitra 2059,"Apr 10, 2003"
10 Chaitra 2059,"Apr 11, 2003"
11 Chaitra 2059,"Apr 12, 2003"
12 Chaitra 2059,"Apr 13, 2003"
13 Chaitra 2059,"Apr 14, 2003"
14 Chaitra 2059,"Apr 15, 2003"
15 Chaitra 2059,"Apr 16, 2003"
16 Chaitra 2059,"Apr 17, 2003"
17 Chaitra 2059,"Apr 18, 2003"
18 Chaitra 2059,"Apr 19, 2003"
19 Chaitra 2059,"Apr 20, 2003"
20 Chaitra 2059,"Apr 21, 2003"
21 Chaitra 2059,"Apr 22, 2003"
22 Chaitra 2059,"Apr 23, 2003"
23 Chaitra 2059,"Apr 24, 2003"
24 Chaitra 2059,"Apr 25, 2003"
25 Chaitra 2059,"Apr 26, 2003"
26 Chaitra 2059,"Apr 27, 2003"
27 Chaitra 2059,"Apr 28, 2003"
28 Chaitra 2059,"Apr 29, 2003"
29 Chaitra 2059,"Apr 30, 2003"
30 Chaitra 2059,"May 01, 2003"
1 Vaishakha 2059,"May 02, 2003"
2 Vaishakha 2059,"May 03, 2003"
3 Vaishakha 2059,"May 04, 2003"
4 Vaishakha 2059,"May 05, 2003"
5 Vaishakha 2059,"May 06, 2003"
6 Vaishakha 2059,"May 07, 2003"
7 Vaishakha 2059,"May 08, 2003"
8 Vaishakha 2059,"May 09, 2003"
9 Vaishakha 2059,"May 10, 2003"
10 Vaishakha 2059,"May 11, 2003"
11 Vaishakha 2059,"May 12, 2003"
12 Vaishakha 2059,"May 13, 2003"
13 Vaishakha 2059,"May 14, 2003"
14 Vaishakha 2059,"May 15, 2003"
15 Vaishakha 2059,"May 16, 2003"
16 Vaishakha 2059,"May 17, 2003"
17 Vaishakha 2059,"May 18, 2003"
18 Vaishakha 2059,"May 19, 2003"
19 Vaishakha 2059,"May 20, 2003"
20 Vaishakha 2059,"May 21, 2003"
21 Vaishakha 2059,"May 22, 2003"
22 Vaishakha 2059,"May 23, 2003"
23 Vaishakha 2059,"May 24, 2003"
24 Vaishakha 2059,"May 25, 2003"
25 Vaishakha 2059,"May 26, 2003"
26 Vaishakha 2059,"May 27, 2003"
27 Vaishakha 2059,"May 28, 2003"
28 Vaishakha 2059,"May 29, 2003"
29 Vaishakha 2059,"May 30, 2003"
30 Vaishakha 2059,"May 31, 2003"
1 Jyestha 2059,"Jun 01, 2003"
2 Jyestha 2059,"Jun 02, 2003"
3 Jyestha 2059,"Jun 03, 2003"
4 Jyestha 2059,"Jun 04, 2003"
5 Jyestha 2059,"Jun 05, 2003"
6 Jyestha 2059,"Jun 06, 2003"
7 Jyestha 2059,"Jun 07, 2003"
8 Jyestha 2059,"Jun 08, 2003"
9 Jyestha 2059,"Jun 09, 2003"
10 Jyestha 2059,"Jun 10, 2003"
11 Jyestha 2059,"Jun 11, 2003"
12 Jyestha 2059,"Jun 12, 2003"
13 Jyestha 2059,"Jun 13, 2003"
14 Jyestha 2059,"Jun 14, 2003"
15 Jyestha 2059,"Jun 15, 2003"
16 Jyestha 2059,"Jun 16, 2003"
17 Jyestha 2059,"Jun 17, 2003"
18 Jyestha 2059,"Jun 18, 2003"
19 Jyestha 2059,"Jun 19, 2003"
20 Jyestha 2059,"Jun 20, 2003"
21 Jyestha 2059,"Jun 21, 2003"
22 Jyestha 2059,"Jun 22, 2003"
23 Jyestha 2059,"Jun 23, 2003"
24 Jyestha 2059,"Jun 24, 2003"
25 Jyestha 2059,"Jun 25, 2003"
26 Jyestha 2059,"Jun 26, 2003"
27 Jyestha 2059,"Jun 27, 2003"
28 Jyestha 2059,"Jun 28, 2003"
29 Jyestha 2059,"Jun 29, 2003"
1 Ashadha 2059,"Jun 30, 2003"
2 Ashadha 2059,"Jul 01, 2003"
3 Ashadha 2059,"Jul 02, 2003"
4 Ashadha 2059,"Jul 03, 2003"
5 Ashadha 2059,"Jul 04, 2003"
6 Ashadha 2059,"Jul 05, 2003"
7 Ashadha 2059,"Jul 06, 2003"
8 Ashadha 2059,"Jul 07, 2003"
9 Ashadha 2059,"Jul 08, 2003"
10 Ashadha 2059,"Jul 09, 2003"
11 Ashadha 2059,"Jul 10, 2003"
12 Ashadha 2059,"Jul 11, 2003"
13 Ashadha 2059,"Jul 12, 2003"
14 Ashadha 2059,"Jul 13, 2003"
15 Ashadha 2059,"Jul 14, 2003"
16 Ashadha 2059,"Jul 15, 2003"
17 Ashadha 2059,"Jul 16, 2003"
18 Ashadha 2059,"Jul 17, 2003"
19 Ashadha 2059,"Jul 18, 2003"
20 Ashadha 2059,"Jul 19, 2003"
21 Ashadha 2059,"Jul 20, 2003"
22 Ashadha 2059,"Jul 21, 2003"
23 Ashadha 2059,"Jul 22, 2003"
24 Ashadha 2059,"Jul 23, 2003"
25 Ashadha 2059,"Jul 24, 2003"
26 Ashadha 2059,"Jul 25, 2003"
27 Ashadha 2059,"Jul 26, 2003"
28 Ashadha 2059,"Jul 27, 2003"
29 Ashadha 2059,"Jul 28, 2003"
30 Ashadha 2059,"Jul 29, 2003"
1 Shravana 2059,"Jul 30, 2003"
2 Shravana 2059,"Jul 31, 2003"
3 Shravana 2059,"Aug 01, 2003"
4 Shravana 2059,"Aug 02, 2003"
5 Shravana 2059,"Aug 03, 2003"
6 Shravana 2059,"Aug 04, 2003"
7 Shravana 2059,"Aug 05, 2003"
8 Shravana 2059,"Aug 06, 2003"
9 Shravana 2059,"Aug 07, 2003"
10 Shravana 2059,"Aug 08, 2003"
11 Shravana 2059,"Aug 09, 2003"
12 Shravana 2059,"Aug 10, 2003"
13 Shravana 2059,"Aug 11, 2003"
14 Shravana 2059,"Aug 12, 2003"
15 Shravana 2059,"Aug 13, 2003"
16 Shravana 2059,"Aug 14, 2003"
17 Shravana 2059,"Aug 15, 2003"
18 Shravana 2059,"Aug 16, 2003"
19 Shravana 2059,"Aug 17, 2003"
20 Shravana 2059,"Aug 18, 2003"
21 Shravana 2059,"Aug 19, 2003"
22 Shravana 2059,"Aug 20, 2003"
23 Shravana 2059,"Aug 21, 2003"
24 Shravana 2059,"Aug 22, 2003"
25 Shravana 2059,"Aug 23, 2003"
26 Shravana 2059,"Aug 24, 2003"
27 Shravana 2059,"Aug 25, 2003"
28 Shravana 2059,"Aug 26, 2003"
29 Shravana 2059,"Aug 27, 2003"
1 Bhadarvo 2059,"Aug 28, 2003"
2 Bhadarvo 2059,"Aug 29, 2003"
3 Bhadarvo 2059,"Aug 30, 2003"
4 Bhadarvo 2059,"Aug 31, 2003"
5 Bhadarvo 2059,"Sep 01, 2003"
6 Bhadarvo 2059,"Sep 02, 2003"
7 Bhadarvo 2059,"Sep 03, 2003"
8 Bhadarvo 2059,"Sep 04, 2003"
9 Bhadarvo 2059,"Sep 05, 2003"
10 Bhadarvo 2059,"Sep 06, 2003"
11 Bhadarvo 2059,"Sep 07, 2003"
12 Bhadarvo 2059,"Sep 08, 2003"
13 Bhadarvo 2059,"Sep 09, 2003"
14 Bhadarvo 2059,"Sep 10, 2003"
15 Bhadarvo 2059,"Sep 11, 2003"
16 Bhadarvo 2059,"Sep 12, 2003"
17 Bhadarvo 2059,"Sep 13, 2003"
18 Bhadarvo 2059,"Sep 14, 2003"
19 Bhadarvo 2059,"Sep 15, 2003"
20 Bhadarvo 2059,"Sep 16, 2003"
21 Bhadarvo 2059,"Sep 17, 2003"
22 Bhadarvo 2059,"Sep 18, 2003"
23 Bhadarvo 2059,"Sep 19, 2003"
24 Bhadarvo 2059,"Sep 20, 2003"
25 Bhadarvo 2059,"Sep 21, 2003"
26 Bhadarvo 2059,"Sep 22, 2003"
27 Bhadarvo 2059,"Sep 23, 2003"
28 Bhadarvo 2059,"Sep 24, 2003"
29 Bhadarvo 2059,"Sep 25, 2003"
30 Bhadarvo 2059,"Sep 26, 2003"
1 Aso 2059,"Sep 27, 2003"
2 Aso 2059,"Sep 28, 2003"
3 Aso 2059,"Sep 29, 2003"
4 Aso 2059,"Sep 30, 2003"
5 Aso 2059,"Oct 01, 2003"
6 Aso 2059,"Oct 02, 2003"
7 Aso 2059,"Oct 03, 2003"
8 Aso 2059,"Oct 04, 2003"
9 Aso 2059,"Oct 05, 2003"
10 Aso 2059,"Oct 06, 2003"
11 Aso 2059,"Oct 07, 2003"
12 Aso 2059,"Oct 08, 2003"
13 Aso 2059,"Oct 09, 2003"
14 Aso 2059,"Oct 10, 2003"
15 Aso 2059,"Oct 11, 2003"
16 Aso 2059,"Oct 12, 2003"
17 Aso 2059,"Oct 13, 2003"
18 Aso 2059,"Oct 14, 2003"
19 Aso 2059,"Oct 15, 2003"
20 Aso 2059,"Oct 16, 2003"
21 Aso 2059,"Oct 17, 2003"
22 Aso 2059,"Oct 18, 2003"
23 Aso 2059,"Oct 19, 2003"
24 Aso 2059,"Oct 20, 2003"
25 Aso 2059,"Oct 21, 2003"
26 Aso 2059,"Oct 22, 2003"
27 Aso 2059,"Oct 23, 2003"
28 Aso 2059,"Oct 24, 2003"
29 Aso 2059,"Oct 25, 2003"
1 Kartak 2059,"Oct 26, 2003"
2 Kartak 2059,"Oct 27, 2003"
3 Kartak 2059,"Oct 28, 2003"
4 Kartak 2059,"Oct 29, 2003"
5 Kartak 2059,"Oct 30, 2003"
6 Kartak 2059,"Oct 31, 2003"
7 Kartak 2059,"Nov 01, 2003"
8 Kartak 2059,"Nov 02, 2003"
9 Kartak 2059,"Nov 03, 2003"
10 Kartak 2059,"Nov 04, 2003"
11 Kartak 2059,"Nov 05, 2003"
12 Kartak 2059,"Nov 06, 2003"
13 Kartak 2059,"Nov 07, 2003"
14 Kartak 2059,"Nov 08, 2003"
15 Kartak 2059,"Nov 09, 2003"
16 Kartak 2059,"Nov 10, 2003"
17 Kartak 2059,"Nov 11, 2003"
18 Kartak 2059,"Nov 12, 2003"
19 Kartak 2059,"Nov 13, 2003"
20 Kartak 2059,"Nov 14, 2003"
21 Kartak 2059,"Nov 15, 2003"
22 Kartak 2059,"Nov 16, 2003"
23 Kartak 2059,"Nov 17, 2003"
24 Kartak 2059,"Nov 18, 2003"
25 Kartak 2059,"Nov 19, 2003"
26 Kartak 2059,"Nov 20, 2003"
27 Kartak 2059,"Nov 21, 2003"
28 Kartak 2059,"Nov 22, 2003"
29 Kartak 2059,"Nov 23, 2003"
1 Magshar 2059,"Nov 24, 2003"
2 Magshar 2059,"Nov 25, 2003"
3 Magshar 2059,"Nov 26, 2003"
4 Magshar 2059,"Nov 27, 2003"
5 Magshar 2059,"Nov 28, 2003"
6 Magshar 2059,"Nov 29, 2003"
7 Magshar 2059,"Nov 30, 2003"
8 Magshar 2059,"Dec 01, 2003"
9 Magshar 2059,"Dec 02, 2003"
10 Magshar 2059,"Dec 03, 2003"
11 Magshar 2059,"Dec 04, 2003"
12 Magshar 2059,"Dec 05, 2003"
13 Magshar 2059,"Dec 06, 2003"
14 Magshar 2059,"Dec 07, 2003"
15 Magshar 2059,"Dec 08, 2003"
16 Magshar 2059,"Dec 09, 2003"
17 Magshar 2059,"Dec 10, 2003"
18 Magshar 2059,"Dec 11, 2003"
19 Magshar 2059,"Dec 12, 2003"
20 Magshar 2059,"Dec 13, 2003"
21 Magshar 2059,"Dec 14, 2003"
22 Magshar 2059,"Dec 15, 2003"
23 Magshar 2059,"Dec 16, 2003"
24 Magshar 2059,"Dec 17, 2003"
25 Magshar 2059,"Dec 18, 2003"
26 Magshar 2059,"Dec 19, 2003"
27 Magshar 2059,"Dec 20, 2003"
28 Magshar 2059,"Dec 21, 2003"
29 Magshar 2059,"Dec 22, 2003"
30 Magshar 2059,"Dec 23, 2003"
1 Posh 2059,"Dec 24, 2003"
2 Posh 2059,"Dec 25, 2003"
3 Posh 2059,"Dec 26, 2003"
4 Posh 2059,"Dec 27, 2003"
5 Posh 2059,"Dec 28, 2003"
6 Posh 2059,"Dec 29, 2003"
7 Posh 2059,"Dec 30, 2003"
8 Posh 2059,"Dec 31, 2003"
9 Posh 2059,"Jan 01, 2004"
10 Posh 2059,"Jan 02, 2004"
11 Posh 2059,"Jan 03, 2004"
12 Posh 2059,"Jan 04, 2004"
13 Posh 2059,"Jan 05, 2004"
14 Posh 2059,"Jan 06, 2004"
15 Posh 2059,"Jan 07, 2004"
16 Posh 2059,"Jan 08, 2004"
17 Posh 2059,"Jan 09, 2004"
18 Posh 2059,"Jan 10, 2004"
19 Posh 2059,"Jan 11, 2004"
20 Posh 2059,"Jan 12, 2004"
21 Posh 2059,"Jan 13, 2004"
22 Posh 2059,"Jan 14, 2004"
23 Posh 2059,"Jan 15, 2004"
24 Posh 2059,"Jan 16, 2004"
25 Posh 2059,"Jan 17, 2004"
26 Posh 2059,"Jan 18, 2004"
27 Posh 2059,"Jan 19, 2004"
28 Posh 2059,"Jan 20, 2004"
29 Posh 2059,"Jan 21, 2004"
1 Maha 2060,"Jan 22, 2004"
2 Maha 2060,"Jan 23, 2004"
3 Maha 2060,"Jan 24, 2004"
4 Maha 2060,"Jan 25, 2004"
5 Maha 2060,"Jan 26, 2004"
6 Maha 2060,"Jan 27, 2004"
7 Maha 2060,"Jan 28, 2004"
8 Maha 2060,"Jan 29, 2004"
9 Maha 2060,"Jan 30, 2004"
10 Maha 2060,"Jan 31, 2004"
11 Maha 2060,"Feb 01, 2004"
12 Maha 2060,"Feb 02, 2004"
13 Maha 2060,"Feb 03, 2004"
14 Maha 2060,"Feb 04, 2004"
15 Maha 2060,"Feb 05, 2004"
16 Maha 2060,"Feb 06, 2004"
17 Maha 2060,"Feb 07, 2004"
18 Maha 2060,"Feb 08, 2004"
19 Maha 2060,"Feb 09, 2004"
20 Maha 2060,"Feb 10, 2004"
21 Maha 2060,"Feb 11, 2004"
22 Maha 2060,"Feb 12, 2004"
23 Maha 2060,"Feb 13, 2004"
24 Maha 2060,"Feb 14, 2004"
25 Maha 2060,"Feb 15, 2004"
26 Maha 2060,"Feb 16, 2004"
27 Maha 2060,"Feb 17, 2004"
28 Maha 2060,"Feb 18, 2004"
29 Maha 2060,"Feb 19, 2004"
30 Maha 2060,"Feb 20, 2004"
1 Faguna 2060,"Feb 21, 2004"
2 Faguna 2060,"Feb 22, 2004"
3 Faguna 2060,"Feb 23, 2004"
4 Faguna 2060,"Feb 24, 2004"
5 Faguna 2060,"Feb 25, 2004"
6 Faguna 2060,"Feb 26, 2004"
7 Faguna 2060,"Feb 27, 2004"
8 Faguna 2060,"Feb 28, 2004"
9 Faguna 2060,"Feb 29, 2004"
10 Faguna 2060,"Mar 01, 2004"
11 Faguna 2060,"Mar 02, 2004"
12 Faguna 2060,"Mar 03, 2004"
13 Faguna 2060,"Mar 04, 2004"
14 Faguna 2060,"Mar 05, 2004"
15 Faguna 2060,"Mar 06, 2004"
16 Faguna 2060,"Mar 07, 2004"
17 Faguna 2060,"Mar 08, 2004"
18 Faguna 2060,"Mar 09, 2004"
19 Faguna 2060,"Mar 10, 2004"
20 Faguna 2060,"Mar 11, 2004"
21 Faguna 2060,"Mar 12, 2004"
22 Faguna 2060,"Mar 13, 2004"
23 Faguna 2060,"Mar 14, 2004"
24 Faguna 2060,"Mar 15, 2004"
25 Faguna 2060,"Mar 16, 2004"
26 Faguna 2060,"Mar 17, 2004"
27 Faguna 2060,"Mar 18, 2004"
28 Faguna 2060,"Mar 19, 2004"
29 Faguna 2060,"Mar 20, 2004"
1 Chaitra 2060,"Mar 21, 2004"
2 Chaitra 2060,"Mar 22, 2004"
3 Chaitra 2060,"Mar 23, 2004"
4 Chaitra 2060,"Mar 24, 2004"
5 Chaitra 2060,"Mar 25, 2004"
6 Chaitra 2060,"Mar 26, 2004"
7 Chaitra 2060,"Mar 27, 2004"
8 Chaitra 2060,"Mar 28, 2004"
9 Chaitra 2060,"Mar 29, 2004"
10 Chaitra 2060,"Mar 30, 2004"
11 Chaitra 2060,"Mar 31, 2004"
12 Chaitra 2060,"Apr 01, 2004"
13 Chaitra 2060,"Apr 02, 2004"
14 Chaitra 2060,"Apr 03, 2004"
15 Chaitra 2060,"Apr 04, 2004"
16 Chaitra 2060,"Apr 05, 2004"
17 Chaitra 2060,"Apr 06, 2004"
18 Chaitra 2060,"Apr 07, 2004"
19 Chaitra 2060,"Apr 08, 2004"
20 Chaitra 2060,"Apr 09, 2004"
21 Chaitra 2060,"Apr 10, 2004"
22 Chaitra 2060,"Apr 11, 2004"
23 Chaitra 2060,"Apr 12, 2004"
24 Chaitra 2060,"Apr 13, 2004"
25 Chaitra 2060,"Apr 14, 2004"
26 Chaitra 2060,"Apr 15, 2004"
27 Chaitra 2060,"Apr 16, 2004"
28 Chaitra 2060,"Apr 17, 2004"
29 Chaitra 2060,"Apr 18, 2004"
30 Chaitra 2060,"Apr 19, 2004"
1 Vaishakha 2060,"Apr 20, 2004"
2 Vaishakha 2060,"Apr 21, 2004"
3 Vaishakha 2060,"Apr 22, 2004"
4 Vaishakha 2060,"Apr 23, 2004"
5 Vaishakha 2060,"Apr 24, 2004"
6 Vaishakha 2060,"Apr 25, 2004"
7 Vaishakha 2060,"Apr 26, 2004"
8 Vaishakha 2060,"Apr 27, 2004"
9 Vaishakha 2060,"Apr 28, 2004"
10 Vaishakha 2060,"Apr 29, 2004"
11 Vaishakha 2060,"Apr 30, 2004"
12 Vaishakha 2060,"May 01, 2004"
13 Vaishakha 2060,"May 02, 2004"
14 Vaishakha 2060,"May 03, 2004"
15 Vaishakha 2060,"May 04, 2004"
16 Vaishakha 2060,"May 05, 2004"
17 Vaishakha 2060,"May 06, 2004"
18 Vaishakha 2060,"May 07, 2004"
19 Vaishakha 2060,"May 08, 2004"
20 Vaishakha 2060,"May 09, 2004"
21 Vaishakha 2060,"May 10, 2004"
22 Vaishakha 2060,"May 11, 2004"
23 Vaishakha 2060,"May 12, 2004"
24 Vaishakha 2060,"May 13, 2004"
25 Vaishakha 2060,"May 14, 2004"
26 Vaishakha 2060,"May 15, 2004"
27 Vaishakha 2060,"May 16, 2004"
28 Vaishakha 2060,"May 17, 2004"
29 Vaishakha 2060,"May 18, 2004"
30 Vaishakha 2060,"May 19, 2004"
1 Jyestha 2060,"May 20, 2004"
2 Jyestha 2060,"May 21, 2004"
3 Jyestha 2060,"May 22, 2004"
4 Jyestha 2060,"May 23, 2004"
5 Jyestha 2060,"May 24, 2004"
6 Jyestha 2060,"May 25, 2004"
7 Jyestha 2060,"May 26, 2004"
8 Jyestha 2060,"May 27, 2004"
9 Jyestha 2060,"May 28, 2004"
10 Jyestha 2060,"May 29, 2004"
11 Jyestha 2060,"May 30, 2004"
12 Jyestha 2060,"May 31, 2004"
13 Jyestha 2060,"Jun 01, 2004"
14 Jyestha 2060,"Jun 02, 2004"
15 Jyestha 2060,"Jun 03, 2004"
16 Jyestha 2060,"Jun 04, 2004"
17 Jyestha 2060,"Jun 05, 2004"
18 Jyestha 2060,"Jun 06, 2004"
19 Jyestha 2060,"Jun 07, 2004"
20 Jyestha 2060,"Jun 08, 2004"
21 Jyestha 2060,"Jun 09, 2004"
22 Jyestha 2060,"Jun 10, 2004"
23 Jyestha 2060,"Jun 11, 2004"
24 Jyestha 2060,"Jun 12, 2004"
25 Jyestha 2060,"Jun 13, 2004"
26 Jyestha 2060,"Jun 14, 2004"
27 Jyestha 2060,"Jun 15, 2004"
28 Jyestha 2060,"Jun 16, 2004"
29 Jyestha 2060,"Jun 17, 2004"
1 Ashadha 2060,"Jun 18, 2004"
2 Ashadha 2060,"Jun 19, 2004"
3 Ashadha 2060,"Jun 20, 2004"
4 Ashadha 2060,"Jun 21, 2004"
5 Ashadha 2060,"Jun 22, 2004"
6 Ashadha 2060,"Jun 23, 2004"
7 Ashadha 2060,"Jun 24, 2004"
8 Ashadha 2060,"Jun 25, 2004"
9 Ashadha 2060,"Jun 26, 2004"
10 Ashadha 2060,"Jun 27, 2004"
11 Ashadha 2060,"Jun 28, 2004"
12 Ashadha 2060,"Jun 29, 2004"
13 Ashadha 2060,"Jun 30, 2004"
14 Ashadha 2060,"Jul 01, 2004"
15 Ashadha 2060,"Jul 02, 2004"
16 Ashadha 2060,"Jul 03, 2004"
17 Ashadha 2060,"Jul 04, 2004"
18 Ashadha 2060,"Jul 05, 2004"
19 Ashadha 2060,"Jul 06, 2004"
20 Ashadha 2060,"Jul 07, 2004"
21 Ashadha 2060,"Jul 08, 2004"
22 Ashadha 2060,"Jul 09, 2004"
23 Ashadha 2060,"Jul 10, 2004"
24 Ashadha 2060,"Jul 11, 2004"
25 Ashadha 2060,"Jul 12, 2004"
26 Ashadha 2060,"Jul 13, 2004"
27 Ashadha 2060,"Jul 14, 2004"
28 Ashadha 2060,"Jul 15, 2004"
29 Ashadha 2060,"Jul 16, 2004"
30 Ashadha 2060,"Jul 17, 2004"
1 Shravana_Adhik 2060,"Jul 18, 2004"
2 Shravana_Adhik 2060,"Jul 19, 2004"
3 Shravana_Adhik 2060,"Jul 20, 2004"
4 Shravana_Adhik 2060,"Jul 21, 2004"
5 Shravana_Adhik 2060,"Jul 22, 2004"
6 Shravana_Adhik 2060,"Jul 23, 2004"
7 Shravana_Adhik 2060,"Jul 24, 2004"
8 Shravana_Adhik 2060,"Jul 25, 2004"
9 Shravana_Adhik 2060,"Jul 26, 2004"
10 Shravana_Adhik 2060,"Jul 27, 2004"
11 Shravana_Adhik 2060,"Jul 28, 2004"
12 Shravana_Adhik 2060,"Jul 29, 2004"
13 Shravana_Adhik 2060,"Jul 30, 2004"
14 Shravana_Adhik 2060,"Jul 31, 2004"
15 Shravana_Adhik 2060,"Aug 01, 2004"
16 Shravana_Adhik 2060,"Aug 02, 2004"
17 Shravana_Adhik 2060,"Aug 03, 2004"
18 Shravana_Adhik 2060,"Aug 04, 2004"
19 Shravana_Adhik 2060,"Aug 05, 2004"
20 Shravana_Adhik 2060,"Aug 06, 2004"
21 Shravana_Adhik 2060,"Aug 07, 2004"
22 Shravana_Adhik 2060,"Aug 08, 2004"
23 Shravana_Adhik 2060,"Aug 09, 2004"
24 Shravana_Adhik 2060,"Aug 10, 2004"
25 Shravana_Adhik 2060,"Aug 11, 2004"
26 Shravana_Adhik 2060,"Aug 12, 2004"
27 Shravana_Adhik 2060,"Aug 13, 2004"
28 Shravana_Adhik 2060,"Aug 14, 2004"
29 Shravana_Adhik 2060,"Aug 15, 2004"
30 Shravana_Adhik 2060,"Aug 16, 2004"
1 Shravana 2060,"Aug 17, 2004"
2 Shravana 2060,"Aug 18, 2004"
3 Shravana 2060,"Aug 19, 2004"
4 Shravana 2060,"Aug 20, 2004"
5 Shravana 2060,"Aug 21, 2004"
6 Shravana 2060,"Aug 22, 2004"
7 Shravana 2060,"Aug 23, 2004"
8 Shravana 2060,"Aug 24, 2004"
9 Shravana 2060,"Aug 25, 2004"
10 Shravana 2060,"Aug 26, 2004"
11 Shravana 2060,"Aug 27, 2004"
12 Shravana 2060,"Aug 28, 2004"
13 Shravana 2060,"Aug 29, 2004"
14 Shravana 2060,"Aug 30, 2004"
15 Shravana 2060,"Aug 31, 2004"
16 Shravana 2060,"Sep 01, 2004"
17 Shravana 2060,"Sep 02, 2004"
18 Shravana 2060,"Sep 03, 2004"
19 Shravana 2060,"Sep 04, 2004"
20 Shravana 2060,"Sep 05, 2004"
21 Shravana 2060,"Sep 06, 2004"
22 Shravana 2060,"Sep 07, 2004"
23 Shravana 2060,"Sep 08, 2004"
24 Shravana 2060,"Sep 09, 2004"
25 Shravana 2060,"Sep 10, 2004"
26 Shravana 2060,"Sep 11, 2004"
27 Shravana 2060,"Sep 12, 2004"
28 Shravana 2060,"Sep 13, 2004"
29 Shravana 2060,"Sep 14, 2004"
1 Bhadarvo 2060,"Sep 15, 2004"
2 Bhadarvo 2060,"Sep 16, 2004"
3 Bhadarvo 2060,"Sep 17, 2004"
4 Bhadarvo 2060,"Sep 18, 2004"
5 Bhadarvo 2060,"Sep 19, 2004"
6 Bhadarvo 2060,"Sep 20, 2004"
7 Bhadarvo 2060,"Sep 21, 2004"
8 Bhadarvo 2060,"Sep 22, 2004"
9 Bhadarvo 2060,"Sep 23, 2004"
10 Bhadarvo 2060,"Sep 24, 2004"
11 Bhadarvo 2060,"Sep 25, 2004"
12 Bhadarvo 2060,"Sep 26, 2004"
13 Bhadarvo 2060,"Sep 27, 2004"
14 Bhadarvo 2060,"Sep 28, 2004"
15 Bhadarvo 2060,"Sep 29, 2004"
16 Bhadarvo 2060,"Sep 30, 2004"
17 Bhadarvo 2060,"Oct 01, 2004"
18 Bhadarvo 2060,"Oct 02, 2004"
19 Bhadarvo 2060,"Oct 03, 2004"
20 Bhadarvo 2060,"Oct 04, 2004"
21 Bhadarvo 2060,"Oct 05, 2004"
22 Bhadarvo 2060,"Oct 06, 2004"
23 Bhadarvo 2060,"Oct 07, 2004"
24 Bhadarvo 2060,"Oct 08, 2004"
25 Bhadarvo 2060,"Oct 09, 2004"
26 Bhadarvo 2060,"Oct 10, 2004"
27 Bhadarvo 2060,"Oct 11, 2004"
28 Bhadarvo 2060,"Oct 12, 2004"
29 Bhadarvo 2060,"Oct 13, 2004"
30 Bhadarvo 2060,"Oct 14, 2004"
1 Aso 2060,"Oct 15, 2004"
2 Aso 2060,"Oct 16, 2004"
3 Aso 2060,"Oct 17, 2004"
4 Aso 2060,"Oct 18, 2004"
5 Aso 2060,"Oct 19, 2004"
6 Aso 2060,"Oct 20, 2004"
7 Aso 2060,"Oct 21, 2004"
8 Aso 2060,"Oct 22, 2004"
9 Aso 2060,"Oct 23, 2004"
10 Aso 2060,"Oct 24, 2004"
11 Aso 2060,"Oct 25, 2004"
12 Aso 2060,"Oct 26, 2004"
13 Aso 2060,"Oct 27, 2004"
14 Aso 2060,"Oct 28, 2004"
15 Aso 2060,"Oct 29, 2004"
16 Aso 2060,"Oct 30, 2004"
17 Aso 2060,"Oct 31, 2004"
18 Aso 2060,"Nov 01, 2004"
19 Aso 2060,"Nov 02, 2004"
20 Aso 2060,"Nov 03, 2004"
21 Aso 2060,"Nov 04, 2004"
22 Aso 2060,"Nov 05, 2004"
23 Aso 2060,"Nov 06, 2004"
24 Aso 2060,"Nov 07, 2004"
25 Aso 2060,"Nov 08, 2004"
26 Aso 2060,"Nov 09, 2004"
27 Aso 2060,"Nov 10, 2004"
28 Aso 2060,"Nov 11, 2004"
29 Aso 2060,"Nov 12, 2004"
1 Kartak 2060,"Nov 13, 2004"
2 Kartak 2060,"Nov 14, 2004"
3 Kartak 2060,"Nov 15, 2004"
4 Kartak 2060,"Nov 16, 2004"
5 Kartak 2060,"Nov 17, 2004"
6 Kartak 2060,"Nov 18, 2004"
7 Kartak 2060,"Nov 19, 2004"
8 Kartak 2060,"Nov 20, 2004"
9 Kartak 2060,"Nov 21, 2004"
10 Kartak 2060,"Nov 22, 2004"
11 Kartak 2060,"Nov 23, 2004"
12 Kartak 2060,"Nov 24, 2004"
13 Kartak 2060,"Nov 25, 2004"
14 Kartak 2060,"Nov 26, 2004"
15 Kartak 2060,"Nov 27, 2004"
16 Kartak 2060,"Nov 28, 2004"
17 Kartak 2060,"Nov 29, 2004"
18 Kartak 2060,"Nov 30, 2004"
19 Kartak 2060,"Dec 01, 2004"
20 Kartak 2060,"Dec 02, 2004"
21 Kartak 2060,"Dec 03, 2004"
22 Kartak 2060,"Dec 04, 2004"
23 Kartak 2060,"Dec 05, 2004"
24 Kartak 2060,"Dec 06, 2004"
25 Kartak 2060,"Dec 07, 2004"
26 Kartak 2060,"Dec 08, 2004"
27 Kartak 2060,"Dec 09, 2004"
28 Kartak 2060,"Dec 10, 2004"
29 Kartak 2060,"Dec 11, 2004"
1 Magshar 2060,"Dec 12, 2004"
2 Magshar 2060,"Dec 13, 2004"
3 Magshar 2060,"Dec 14, 2004"
4 Magshar 2060,"Dec 15, 2004"
5 Magshar 2060,"Dec 16, 2004"
6 Magshar 2060,"Dec 17, 2004"
7 Magshar 2060,"Dec 18, 2004"
8 Magshar 2060,"Dec 19, 2004"
9 Magshar 2060,"Dec 20, 2004"
10 Magshar 2060,"Dec 21, 2004"
11 Magshar 2060,"Dec 22, 2004"
12 Magshar 2060,"Dec 23, 2004"
13 Magshar 2060,"Dec 24, 2004"
14 Magshar 2060,"Dec 25, 2004"
15 Magshar 2060,"Dec 26, 2004"
16 Magshar 2060,"Dec 27, 2004"
17 Magshar 2060,"Dec 28, 2004"
18 Magshar 2060,"Dec 29, 2004"
19 Magshar 2060,"Dec 30, 2004"
20 Magshar 2060,"Dec 31, 2004"
21 Magshar 2060,"Jan 01, 2005"
22 Magshar 2060,"Jan 02, 2005"
23 Magshar 2060,"Jan 03, 2005"
24 Magshar 2060,"Jan 04, 2005"
25 Magshar 2060,"Jan 05, 2005"
26 Magshar 2060,"Jan 06, 2005"
27 Magshar 2060,"Jan 07, 2005"
28 Magshar 2060,"Jan 08, 2005"
29 Magshar 2060,"Jan 09, 2005"
30 Magshar 2060,"Jan 10, 2005"
1 Posh 2061,"Jan 11, 2005"
2 Posh 2061,"Jan 12, 2005"
3 Posh 2061,"Jan 13, 2005"
4 Posh 2061,"Jan 14, 2005"
5 Posh 2061,"Jan 15, 2005"
6 Posh 2061,"Jan 16, 2005"
7 Posh 2061,"Jan 17, 2005"
8 Posh 2061,"Jan 18, 2005"
9 Posh 2061,"Jan 19, 2005"
10 Posh 2061,"Jan 20, 2005"
11 Posh 2061,"Jan 21, 2005"
12 Posh 2061,"Jan 22, 2005"
13 Posh 2061,"Jan 23, 2005"
14 Posh 2061,"Jan 24, 2005"
15 Posh 2061,"Jan 25, 2005"
16 Posh 2061,"Jan 26, 2005"
17 Posh 2061,"Jan 27, 2005"
18 Posh 2061,"Jan 28, 2005"
19 Posh 2061,"Jan 29, 2005"
20 Posh 2061,"Jan 30, 2005"
21 Posh 2061,"Jan 31, 2005"
22 Posh 2061,"Feb 01, 2005"
23 Posh 2061,"Feb 02, 2005"
24 Posh 2061,"Feb 03, 2005"
25 Posh 2061,"Feb 04, 2005"
26 Posh 2061,"Feb 05, 2005"
27 Posh 2061,"Feb 06, 2005"
28 Posh 2061,"Feb 07, 2005"
29 Posh 2061,"Feb 08, 2005"
1 Maha 2061,"Feb 09, 2005"
2 Maha 2061,"Feb 10, 2005"
3 Maha 2061,"Feb 11, 2005"
4 Maha 2061,"Feb 12, 2005"
5 Maha 2061,"Feb 13, 2005"
6 Maha 2061,"Feb 14, 2005"
7 Maha 2061,"Feb 15, 2005"
8 Maha 2061,"Feb 16, 2005"
9 Maha 2061,"Feb 17, 2005"
10 Maha 2061,"Feb 18, 2005"
11 Maha 2061,"Feb 19, 2005"
12 Maha 2061,"Feb 20, 2005"
13 Maha 2061,"Feb 21, 2005"
14 Maha 2061,"Feb 22, 2005"
15 Maha 2061,"Feb 23, 2005"
16 Maha 2061,"Feb 24, 2005"
17 Maha 2061,"Feb 25, 2005"
18 Maha 2061,"Feb 26, 2005"
19 Maha 2061,"Feb 27, 2005"
20 Maha 2061,"Feb 28, 2005"
21 Maha 2061,"Mar 01, 2005"
22 Maha 2061,"Mar 02, 2005"
23 Maha 2061,"Mar 03, 2005"
24 Maha 2061,"Mar 04, 2005"
25 Maha 2061,"Mar 05, 2005"
26 Maha 2061,"Mar 06, 2005"
27 Maha 2061,"Mar 07, 2005"
28 Maha 2061,"Mar 08, 2005"
29 Maha 2061,"Mar 09, 2005"
30 Maha 2061,"Mar 10, 2005"
1 Faguna 2061,"Mar 11, 2005"
2 Faguna 2061,"Mar 12, 2005"
3 Faguna 2061,"Mar 13, 2005"
4 Faguna 2061,"Mar 14, 2005"
5 Faguna 2061,"Mar 15, 2005"
6 Faguna 2061,"Mar 16, 2005"
7 Faguna 2061,"Mar 17, 2005"
8 Faguna 2061,"Mar 18, 2005"
9 Faguna 2061,"Mar 19, 2005"
10 Faguna 2061,"Mar 20, 2005"
11 Faguna 2061,"Mar 21, 2005"
12 Faguna 2061,"Mar 22, 2005"
13 Faguna 2061,"Mar 23, 2005"
14 Faguna 2061,"Mar 24, 2005"
15 Faguna 2061,"Mar 25, 2005"
16 Faguna 2061,"Mar 26, 2005"
17 Faguna 2061,"Mar 27, 2005"
18 Faguna 2061,"Mar 28, 2005"
19 Faguna 2061,"Mar 29, 2005"
20 Faguna 2061,"Mar 30, 2005"
21 Faguna 2061,"Mar 31, 2005"
22 Faguna 2061,"Apr 01, 2005"
23 Faguna 2061,"Apr 02, 2005"
24 Faguna 2061,"Apr 03, 2005"
25 Faguna 2061,"Apr 04, 2005"
26 Faguna 2061,"Apr 05, 2005"
27 Faguna 2061,"Apr 06, 2005"
28 Faguna 2061,"Apr 07, 2005"
29 Faguna 2061,"Apr 08, 2005"
1 Chaitra 2061,"Apr 09, 2005"
2 Chaitra 2061,"Apr 10, 2005"
3 Chaitra 2061,"Apr 11, 2005"
4 Chaitra 2061,"Apr 12, 2005"
5 Chaitra 2061,"Apr 13, 2005"
6 Chaitra 2061,"Apr 14, 2005"
7 Chaitra 2061,"Apr 15, 2005"
8 Chaitra 2061,"Apr 16, 2005"
9 Chaitra 2061,"Apr 17, 2005"
10 Chaitra 2061,"Apr 18, 2005"
11 Chaitra 2061,"Apr 19, 2005"
12 Chaitra 2061,"Apr 20, 2005"
13 Chaitra 2061,"Apr 21, 2005"
14 Chaitra 2061,"Apr 22, 2005"
15 Chaitra 2061,"Apr 23, 2005"
16 Chaitra 2061,"Apr 24, 2005"
17 Chaitra 2061,"Apr 25, 2005"
18 Chaitra 2061,"Apr 26, 2005"
19 Chaitra 2061,"Apr 27, 2005"
20 Chaitra 2061,"Apr 28, 2005"
21 Chaitra 2061,"Apr 29, 2005"
22 Chaitra 2061,"Apr 30, 2005"
23 Chaitra 2061,"May 01, 2005"
24 Chaitra 2061,"May 02, 2005"
25 Chaitra 2061,"May 03, 2005"
26 Chaitra 2061,"May 04, 2005"
27 Chaitra 2061,"May 05, 2005"
28 Chaitra 2061,"May 06, 2005"
29 Chaitra 2061,"May 07, 2005"
30 Chaitra 2061,"May 08, 2005"
1 Vaishakha 2061,"May 09, 2005"
2 Vaishakha 2061,"May 10, 2005"
3 Vaishakha 2061,"May 11, 2005"
4 Vaishakha 2061,"May 12, 2005"
5 Vaishakha 2061,"May 13, 2005"
6 Vaishakha 2061,"May 14, 2005"
7 Vaishakha 2061,"May 15, 2005"
8 Vaishakha 2061,"May 16, 2005"
9 Vaishakha 2061,"May 17, 2005"
10 Vaishakha 2061,"May 18, 2005"
11 Vaishakha 2061,"May 19, 2005"
12 Vaishakha 2061,"May 20, 2005"
13 Vaishakha 2061,"May 21, 2005"
14 Vaishakha 2061,"May 22, 2005"
15 Vaishakha 2061,"May 23, 2005"
16 Vaishakha 2061,"May 24, 2005"
17 Vaishakha 2061,"May 25, 2005"
18 Vaishakha 2061,"May 26, 2005"
19 Vaishakha 2061,"May 27, 2005"
20 Vaishakha 2061,"May 28, 2005"
21 Vaishakha 2061,"May 29, 2005"
22 Vaishakha 2061,"May 30, 2005"
23 Vaishakha 2061,"May 31, 2005"
24 Vaishakha 2061,"Jun 01, 2005"
25 Vaishakha 2061,"Jun 02, 2005"
26 Vaishakha 2061,"Jun 03, 2005"
27 Vaishakha 2061,"Jun 04, 2005"
28 Vaishakha 2061,"Jun 05, 2005"
29 Vaishakha 2061,"Jun 06, 2005"
1 Jyestha 2061,"Jun 07, 2005"
2 Jyestha 2061,"Jun 08, 2005"
3 Jyestha 2061,"Jun 09, 2005"
4 Jyestha 2061,"Jun 10, 2005"
5 Jyestha 2061,"Jun 11, 2005"
6 Jyestha 2061,"Jun 12, 2005"
7 Jyestha 2061,"Jun 13, 2005"
8 Jyestha 2061,"Jun 14, 2005"
9 Jyestha 2061,"Jun 15, 2005"
10 Jyestha 2061,"Jun 16, 2005"
11 Jyestha 2061,"Jun 17, 2005"
12 Jyestha 2061,"Jun 18, 2005"
13 Jyestha 2061,"Jun 19, 2005"
14 Jyestha 2061,"Jun 20, 2005"
15 Jyestha 2061,"Jun 21, 2005"
16 Jyestha 2061,"Jun 22, 2005"
17 Jyestha 2061,"Jun 23, 2005"
18 Jyestha 2061,"Jun 24, 2005"
19 Jyestha 2061,"Jun 25, 2005"
20 Jyestha 2061,"Jun 26, 2005"
21 Jyestha 2061,"Jun 27, 2005"
22 Jyestha 2061,"Jun 28, 2005"
23 Jyestha 2061,"Jun 29, 2005"
24 Jyestha 2061,"Jun 30, 2005"
25 Jyestha 2061,"Jul 01, 2005"
26 Jyestha 2061,"Jul 02, 2005"
27 Jyestha 2061,"Jul 03, 2005"
28 Jyestha 2061,"Jul 04, 2005"
29 Jyestha 2061,"Jul 05, 2005"
30 Jyestha 2061,"Jul 06, 2005"
1 Ashadha 2061,"Jul 07, 2005"
2 Ashadha 2061,"Jul 08, 2005"
3 Ashadha 2061,"Jul 09, 2005"
4 Ashadha 2061,"Jul 10, 2005"
5 Ashadha 2061,"Jul 11, 2005"
6 Ashadha 2061,"Jul 12, 2005"
7 Ashadha 2061,"Jul 13, 2005"
8 Ashadha 2061,"Jul 14, 2005"
9 Ashadha 2061,"Jul 15, 2005"
10 Ashadha 2061,"Jul 16, 2005"
11 Ashadha 2061,"Jul 17, 2005"
12 Ashadha 2061,"Jul 18, 2005"
13 Ashadha 2061,"Jul 19, 2005"
14 Ashadha 2061,"Jul 20, 2005"
15 Ashadha 2061,"Jul 21, 2005"
16 Ashadha 2061,"Jul 22, 2005"
17 Ashadha 2061,"Jul 23, 2005"
18 Ashadha 2061,"Jul 24, 2005"
19 Ashadha 2061,"Jul 25, 2005"
20 Ashadha 2061,"Jul 26, 2005"
21 Ashadha 2061,"Jul 27, 2005"
22 Ashadha 2061,"Jul 28, 2005"
23 Ashadha 2061,"Jul 29, 2005"
24 Ashadha 2061,"Jul 30, 2005"
25 Ashadha 2061,"Jul 31, 2005"
26 Ashadha 2061,"Aug 01, 2005"
27 Ashadha 2061,"Aug 02, 2005"
28 Ashadha 2061,"Aug 03, 2005"
29 Ashadha 2061,"Aug 04, 2005"
30 Ashadha 2061,"Aug 05, 2005"
1 Shravana 2061,"Aug 06, 2005"
2 Shravana 2061,"Aug 07, 2005"
3 Shravana 2061,"Aug 08, 2005"
4 Shravana 2061,"Aug 09, 2005"
5 Shravana 2061,"Aug 10, 2005"
6 Shravana 2061,"Aug 11, 2005"
7 Shravana 2061,"Aug 12, 2005"
8 Shravana 2061,"Aug 13, 2005"
9 Shravana 2061,"Aug 14, 2005"
10 Shravana 2061,"Aug 15, 2005"
11 Shravana 2061,"Aug 16, 2005"
12 Shravana 2061,"Aug 17, 2005"
13 Shravana 2061,"Aug 18, 2005"
14 Shravana 2061,"Aug 19, 2005"
15 Shravana 2061,"Aug 20, 2005"
16 Shravana 2061,"Aug 21, 2005"
17 Shravana 2061,"Aug 22, 2005"
18 Shravana 2061,"Aug 23, 2005"
19 Shravana 2061,"Aug 24, 2005"
20 Shravana 2061,"Aug 25, 2005"
21 Shravana 2061,"Aug 26, 2005"
22 Shravana 2061,"Aug 27, 2005"
23 Shravana 2061,"Aug 28, 2005"
24 Shravana 2061,"Aug 29, 2005"
25 Shravana 2061,"Aug 30, 2005"
26 Shravana 2061,"Aug 31, 2005"
27 Shravana 2061,"Sep 01, 2005"
28 Shravana 2061,"Sep 02, 2005"
29 Shravana 2061,"Sep 03, 2005"
1 Bhadarvo 2061,"Sep 04, 2005"
2 Bhadarvo 2061,"Sep 05, 2005"
3 Bhadarvo 2061,"Sep 06, 2005"
4 Bhadarvo 2061,"Sep 07, 2005"
5 Bhadarvo 2061,"Sep 08, 2005"
6 Bhadarvo 2061,"Sep 09, 2005"
7 Bhadarvo 2061,"Sep 10, 2005"
8 Bhadarvo 2061,"Sep 11, 2005"
9 Bhadarvo 2061,"Sep 12, 2005"
10 Bhadarvo 2061,"Sep 13, 2005"
11 Bhadarvo 2061,"Sep 14, 2005"
12 Bhadarvo 2061,"Sep 15, 2005"
13 Bhadarvo 2061,"Sep 16, 2005"
14 Bhadarvo 2061,"Sep 17, 2005"
15 Bhadarvo 2061,"Sep 18, 2005"
16 Bhadarvo 2061,"Sep 19, 2005"
17 Bhadarvo 2061,"Sep 20, 2005"
18 Bhadarvo 2061,"Sep 21, 2005"
19 Bhadarvo 2061,"Sep 22, 2005"
20 Bhadarvo 2061,"Sep 23, 2005"
21 Bhadarvo 2061,"Sep 24, 2005"
22 Bhadarvo 2061,"Sep 25, 2005"
23 Bhadarvo 2061,"Sep 26, 2005"
24 Bhadarvo 2061,"Sep 27, 2005"
25 Bhadarvo 2061,"Sep 28, 2005"
26 Bhadarvo 2061,"Sep 29, 2005"
27 Bhadarvo 2061,"Sep 30, 2005"
28 Bhadarvo 2061,"Oct 01, 2005"
29 Bhadarvo 2061,"Oct 02, 2005"
30 Bhadarvo 2061,"Oct 03, 2005"
1 Aso 2061,"Oct 04, 2005"
2 Aso 2061,"Oct 05, 2005"
3 Aso 2061,"Oct 06, 2005"
4 Aso 2061,"Oct 07, 2005"
5 Aso 2061,"Oct 08, 2005"
6 Aso 2061,"Oct 09, 2005"
7 Aso 2061,"Oct 10, 2005"
8 Aso 2061,"Oct 11, 2005"
9 Aso 2061,"Oct 12, 2005"
10 Aso 2061,"Oct 13, 2005"
11 Aso 2061,"Oct 14, 2005"
12 Aso 2061,"Oct 15, 2005"
13 Aso 2061,"Oct 16, 2005"
14 Aso 2061,"Oct 17, 2005"
15 Aso 2061,"Oct 18, 2005"
16 Aso 2061,"Oct 19, 2005"
17 Aso 2061,"Oct 20, 2005"
18 Aso 2061,"Oct 21, 2005"
19 Aso 2061,"Oct 22, 2005"
20 Aso 2061,"Oct 23, 2005"
21 Aso 2061,"Oct 24, 2005"
22 Aso 2061,"Oct 25, 2005"
23 Aso 2061,"Oct 26, 2005"
24 Aso 2061,"Oct 27, 2005"
25 Aso 2061,"Oct 28, 2005"
26 Aso 2061,"Oct 29, 2005"
27 Aso 2061,"Oct 30, 2005"
28 Aso 2061,"Oct 31, 2005"
29 Aso 2061,"Nov 01, 2005"
30 Aso 2061,"Nov 02, 2005"
1 Kartak 2061,"Nov 03, 2005"
2 Kartak 2061,"Nov 04, 2005"
3 Kartak 2061,"Nov 05, 2005"
4 Kartak 2061,"Nov 06, 2005"
5 Kartak 2061,"Nov 07, 2005"
6 Kartak 2061,"Nov 08, 2005"
7 Kartak 2061,"Nov 09, 2005"
8 Kartak 2061,"Nov 10, 2005"
9 Kartak 2061,"Nov 11, 2005"
10 Kartak 2061,"Nov 12, 2005"
11 Kartak 2061,"Nov 13, 2005"
12 Kartak 2061,"Nov 14, 2005"
13 Kartak 2061,"Nov 15, 2005"
14 Kartak 2061,"Nov 16, 2005"
15 Kartak 2061,"Nov 17, 2005"
16 Kartak 2061,"Nov 18, 2005"
17 Kartak 2061,"Nov 19, 2005"
18 Kartak 2061,"Nov 20, 2005"
19 Kartak 2061,"Nov 21, 2005"
20 Kartak 2061,"Nov 22, 2005"
21 Kartak 2061,"Nov 23, 2005"
22 Kartak 2061,"Nov 24, 2005"
23 Kartak 2061,"Nov 25, 2005"
24 Kartak 2061,"Nov 26, 2005"
25 Kartak 2061,"Nov 27, 2005"
26 Kartak 2061,"Nov 28, 2005"
27 Kartak 2061,"Nov 29, 2005"
28 Kartak 2061,"Nov 30, 2005"
29 Kartak 2061,"Dec 01, 2005"
1 Magshar 2061,"Dec 02, 2005"
2 Magshar 2061,"Dec 03, 2005"
3 Magshar 2061,"Dec 04, 2005"
4 Magshar 2061,"Dec 05, 2005"
5 Magshar 2061,"Dec 06, 2005"
6 Magshar 2061,"Dec 07, 2005"
7 Magshar 2061,"Dec 08, 2005"
8 Magshar 2061,"Dec 09, 2005"
9 Magshar 2061,"Dec 10, 2005"
10 Magshar 2061,"Dec 11, 2005"
11 Magshar 2061,"Dec 12, 2005"
12 Magshar 2061,"Dec 13, 2005"
13 Magshar 2061,"Dec 14, 2005"
14 Magshar 2061,"Dec 15, 2005"
15 Magshar 2061,"Dec 16, 2005"
16 Magshar 2061,"Dec 17, 2005"
17 Magshar 2061,"Dec 18, 2005"
18 Magshar 2061,"Dec 19, 2005"
19 Magshar 2061,"Dec 20, 2005"
20 Magshar 2061,"Dec 21, 2005"
21 Magshar 2061,"Dec 22, 2005"
22 Magshar 2061,"Dec 23, 2005"
23 Magshar 2061,"Dec 24, 2005"
24 Magshar 2061,"Dec 25, 2005"
25 Magshar 2061,"Dec 26, 2005"
26 Magshar 2061,"Dec 27, 2005"
27 Magshar 2061,"Dec 28, 2005"
28 Magshar 2061,"Dec 29, 2005"
29 Magshar 2061,"Dec 30, 2005"
30 Magshar 2061,"Dec 31, 2005"
1 Posh 2062,"Jan 01, 2006"
2 Posh 2062,"Jan 02, 2006"
3 Posh 2062,"Jan 03, 2006"
4 Posh 2062,"Jan 04, 2006"
5 Posh 2062,"Jan 05, 2006"
6 Posh 2062,"Jan 06, 2006"
7 Posh 2062,"Jan 07, 2006"
8 Posh 2062,"Jan 08, 2006"
9 Posh 2062,"Jan 09, 2006"
10 Posh 2062,"Jan 10, 2006"
11 Posh 2062,"Jan 11, 2006"
12 Posh 2062,"Jan 12, 2006"
13 Posh 2062,"Jan 13, 2006"
14 Posh 2062,"Jan 14, 2006"
15 Posh 2062,"Jan 15, 2006"
16 Posh 2062,"Jan 16, 2006"
17 Posh 2062,"Jan 17, 2006"
18 Posh 2062,"Jan 18, 2006"
19 Posh 2062,"Jan 19, 2006"
20 Posh 2062,"Jan 20, 2006"
21 Posh 2062,"Jan 21, 2006"
22 Posh 2062,"Jan 22, 2006"
23 Posh 2062,"Jan 23, 2006"
24 Posh 2062,"Jan 24, 2006"
25 Posh 2062,"Jan 25, 2006"
26 Posh 2062,"Jan 26, 2006"
27 Posh 2062,"Jan 27, 2006"
28 Posh 2062,"Jan 28, 2006"
29 Posh 2062,"Jan 29, 2006"
1 Maha 2062,"Jan 30, 2006"
2 Maha 2062,"Jan 31, 2006"
3 Maha 2062,"Feb 01, 2006"
4 Maha 2062,"Feb 02, 2006"
5 Maha 2062,"Feb 03, 2006"
6 Maha 2062,"Feb 04, 2006"
7 Maha 2062,"Feb 05, 2006"
8 Maha 2062,"Feb 06, 2006"
9 Maha 2062,"Feb 07, 2006"
10 Maha 2062,"Feb 08, 2006"
11 Maha 2062,"Feb 09, 2006"
12 Maha 2062,"Feb 10, 2006"
13 Maha 2062,"Feb 11, 2006"
14 Maha 2062,"Feb 12, 2006"
15 Maha 2062,"Feb 13, 2006"
16 Maha 2062,"Feb 14, 2006"
17 Maha 2062,"Feb 15, 2006"
18 Maha 2062,"Feb 16, 2006"
19 Maha 2062,"Feb 17, 2006"
20 Maha 2062,"Feb 18, 2006"
21 Maha 2062,"Feb 19, 2006"
22 Maha 2062,"Feb 20, 2006"
23 Maha 2062,"Feb 21, 2006"
24 Maha 2062,"Feb 22, 2006"
25 Maha 2062,"Feb 23, 2006"
26 Maha 2062,"Feb 24, 2006"
27 Maha 2062,"Feb 25, 2006"
28 Maha 2062,"Feb 26, 2006"
29 Maha 2062,"Feb 27, 2006"
1 Faguna 2062,"Feb 28, 2006"
2 Faguna 2062,"Mar 01, 2006"
3 Faguna 2062,"Mar 02, 2006"
4 Faguna 2062,"Mar 03, 2006"
5 Faguna 2062,"Mar 04, 2006"
6 Faguna 2062,"Mar 05, 2006"
7 Faguna 2062,"Mar 06, 2006"
8 Faguna 2062,"Mar 07, 2006"
9 Faguna 2062,"Mar 08, 2006"
10 Faguna 2062,"Mar 09, 2006"
11 Faguna 2062,"Mar 10, 2006"
12 Faguna 2062,"Mar 11, 2006"
13 Faguna 2062,"Mar 12, 2006"
14 Faguna 2062,"Mar 13, 2006"
15 Faguna 2062,"Mar 14, 2006"
16 Faguna 2062,"Mar 15, 2006"
17 Faguna 2062,"Mar 16, 2006"
18 Faguna 2062,"Mar 17, 2006"
19 Faguna 2062,"Mar 18, 2006"
20 Faguna 2062,"Mar 19, 2006"
21 Faguna 2062,"Mar 20, 2006"
22 Faguna 2062,"Mar 21, 2006"
23 Faguna 2062,"Mar 22, 2006"
24 Faguna 2062,"Mar 23, 2006"
25 Faguna 2062,"Mar 24, 2006"
26 Faguna 2062,"Mar 25, 2006"
27 Faguna 2062,"Mar 26, 2006"
28 Faguna 2062,"Mar 27, 2006"
29 Faguna 2062,"Mar 28, 2006"
30 Faguna 2062,"Mar 29, 2006"
1 Chaitra 2062,"Mar 30, 2006"
2 Chaitra 2062,"Mar 31, 2006"
3 Chaitra 2062,"Apr 01, 2006"
4 Chaitra 2062,"Apr 02, 2006"
5 Chaitra 2062,"Apr 03, 2006"
6 Chaitra 2062,"Apr 04, 2006"
7 Chaitra 2062,"Apr 05, 2006"
8 Chaitra 2062,"Apr 06, 2006"
9 Chaitra 2062,"Apr 07, 2006"
10 Chaitra 2062,"Apr 08, 2006"
11 Chaitra 2062,"Apr 09, 2006"
12 Chaitra 2062,"Apr 10, 2006"
13 Chaitra 2062,"Apr 11, 2006"
14 Chaitra 2062,"Apr 12, 2006"
15 Chaitra 2062,"Apr 13, 2006"
16 Chaitra 2062,"Apr 14, 2006"
17 Chaitra 2062,"Apr 15, 2006"
18 Chaitra 2062,"Apr 16, 2006"
19 Chaitra 2062,"Apr 17, 2006"
20 Chaitra 2062,"Apr 18, 2006"
21 Chaitra 2062,"Apr 19, 2006"
22 Chaitra 2062,"Apr 20, 2006"
23 Chaitra 2062,"Apr 21, 2006"
24 Chaitra 2062,"Apr 22, 2006"
25 Chaitra 2062,"Apr 23, 2006"
26 Chaitra 2062,"Apr 24, 2006"
27 Chaitra 2062,"Apr 25, 2006"
28 Chaitra 2062,"Apr 26, 2006"
29 Chaitra 2062,"Apr 27, 2006"
1 Vaishakha 2062,"Apr 28, 2006"
2 Vaishakha 2062,"Apr 29, 2006"
3 Vaishakha 2062,"Apr 30, 2006"
4 Vaishakha 2062,"May 01, 2006"
5 Vaishakha 2062,"May 02, 2006"
6 Vaishakha 2062,"May 03, 2006"
7 Vaishakha 2062,"May 04, 2006"
8 Vaishakha 2062,"May 05, 2006"
9 Vaishakha 2062,"May 06, 2006"
10 Vaishakha 2062,"May 07, 2006"
11 Vaishakha 2062,"May 08, 2006"
12 Vaishakha 2062,"May 09, 2006"
13 Vaishakha 2062,"May 10, 2006"
14 Vaishakha 2062,"May 11, 2006"
15 Vaishakha 2062,"May 12, 2006"
16 Vaishakha 2062,"May 13, 2006"
17 Vaishakha 2062,"May 14, 2006"
18 Vaishakha 2062,"May 15, 2006"
19 Vaishakha 2062,"May 16, 2006"
20 Vaishakha 2062,"May 17, 2006"
21 Vaishakha 2062,"May 18, 2006"
22 Vaishakha 2062,"May 19, 2006"
23 Vaishakha 2062,"May 20, 2006"
24 Vaishakha 2062,"May 21, 2006"
25 Vaishakha 2062,"May 22, 2006"
26 Vaishakha 2062,"May 23, 2006"
27 Vaishakha 2062,"May 24, 2006"
28 Vaishakha 2062,"May 25, 2006"
29 Vaishakha 2062,"May 26, 2006"
30 Vaishakha 2062,"May 27, 2006"
1 Jyestha 2062,"May 28, 2006"
2 Jyestha 2062,"May 29, 2006"
3 Jyestha 2062,"May 30, 2006"
4 Jyestha 2062,"May 31, 2006"
5 Jyestha 2062,"Jun 01, 2006"
6 Jyestha 2062,"Jun 02, 2006"
7 Jyestha 2062,"Jun 03, 2006"
8 Jyestha 2062,"Jun 04, 2006"
9 Jyestha 2062,"Jun 05, 2006"
10 Jyestha 2062,"Jun 06, 2006"
11 Jyestha 2062,"Jun 07, 2006"
12 Jyestha 2062,"Jun 08, 2006"
13 Jyestha 2062,"Jun 09, 2006"
14 Jyestha 2062,"Jun 10, 2006"
15 Jyestha 2062,"Jun 11, 2006"
16 Jyestha 2062,"Jun 12, 2006"
17 Jyestha 2062,"Jun 13, 2006"
18 Jyestha 2062,"Jun 14, 2006"
19 Jyestha 2062,"Jun 15, 2006"
20 Jyestha 2062,"Jun 16, 2006"
21 Jyestha 2062,"Jun 17, 2006"
22 Jyestha 2062,"Jun 18, 2006"
23 Jyestha 2062,"Jun 19, 2006"
24 Jyestha 2062,"Jun 20, 2006"
25 Jyestha 2062,"Jun 21, 2006"
26 Jyestha 2062,"Jun 22, 2006"
27 Jyestha 2062,"Jun 23, 2006"
28 Jyestha 2062,"Jun 24, 2006"
29 Jyestha 2062,"Jun 25, 2006"
1 Shravana 2062,"Jul 26, 2006"
2 Shravana 2062,"Jul 27, 2006"
3 Shravana 2062,"Jul 28, 2006"
4 Shravana 2062,"Jul 29, 2006"
5 Shravana 2062,"Jul 30, 2006"
6 Shravana 2062,"Jul 31, 2006"
7 Shravana 2062,"Aug 01, 2006"
8 Shravana 2062,"Aug 02, 2006"
9 Shravana 2062,"Aug 03, 2006"
10 Shravana 2062,"Aug 04, 2006"
11 Shravana 2062,"Aug 05, 2006"
12 Shravana 2062,"Aug 06, 2006"
13 Shravana 2062,"Aug 07, 2006"
14 Shravana 2062,"Aug 08, 2006"
15 Shravana 2062,"Aug 09, 2006"
16 Shravana 2062,"Aug 10, 2006"
17 Shravana 2062,"Aug 11, 2006"
18 Shravana 2062,"Aug 12, 2006"
19 Shravana 2062,"Aug 13, 2006"
20 Shravana 2062,"Aug 14, 2006"
21 Shravana 2062,"Aug 15, 2006"
22 Shravana 2062,"Aug 16, 2006"
23 Shravana 2062,"Aug 17, 2006"
24 Shravana 2062,"Aug 18, 2006"
25 Shravana 2062,"Aug 19, 2006"
26 Shravana 2062,"Aug 20, 2006"
27 Shravana 2062,"Aug 21, 2006"
28 Shravana 2062,"Aug 22, 2006"
29 Shravana 2062,"Aug 23, 2006"
1 Bhadarvo 2062,"Aug 24, 2006"
2 Bhadarvo 2062,"Aug 25, 2006"
3 Bhadarvo 2062,"Aug 26, 2006"
4 Bhadarvo 2062,"Aug 27, 2006"
5 Bhadarvo 2062,"Aug 28, 2006"
6 Bhadarvo 2062,"Aug 29, 2006"
7 Bhadarvo 2062,"Aug 30, 2006"
8 Bhadarvo 2062,"Aug 31, 2006"
9 Bhadarvo 2062,"Sep 01, 2006"
10 Bhadarvo 2062,"Sep 02, 2006"
11 Bhadarvo 2062,"Sep 03, 2006"
12 Bhadarvo 2062,"Sep 04, 2006"
13 Bhadarvo 2062,"Sep 05, 2006"
14 Bhadarvo 2062,"Sep 06, 2006"
15 Bhadarvo 2062,"Sep 07, 2006"
16 Bhadarvo 2062,"Sep 08, 2006"
17 Bhadarvo 2062,"Sep 09, 2006"
18 Bhadarvo 2062,"Sep 10, 2006"
19 Bhadarvo 2062,"Sep 11, 2006"
20 Bhadarvo 2062,"Sep 12, 2006"
21 Bhadarvo 2062,"Sep 13, 2006"
22 Bhadarvo 2062,"Sep 14, 2006"
23 Bhadarvo 2062,"Sep 15, 2006"
24 Bhadarvo 2062,"Sep 16, 2006"
25 Bhadarvo 2062,"Sep 17, 2006"
26 Bhadarvo 2062,"Sep 18, 2006"
27 Bhadarvo 2062,"Sep 19, 2006"
28 Bhadarvo 2062,"Sep 20, 2006"
29 Bhadarvo 2062,"Sep 21, 2006"
30 Bhadarvo 2062,"Sep 22, 2006"
1 Aso 2062,"Sep 23, 2006"
2 Aso 2062,"Sep 24, 2006"
3 Aso 2062,"Sep 25, 2006"
4 Aso 2062,"Sep 26, 2006"
5 Aso 2062,"Sep 27, 2006"
6 Aso 2062,"Sep 28, 2006"
7 Aso 2062,"Sep 29, 2006"
8 Aso 2062,"Sep 30, 2006"
9 Aso 2062,"Oct 01, 2006"
10 Aso 2062,"Oct 02, 2006"
11 Aso 2062,"Oct 03, 2006"
12 Aso 2062,"Oct 04, 2006"
13 Aso 2062,"Oct 05, 2006"
14 Aso 2062,"Oct 06, 2006"
15 Aso 2062,"Oct 07, 2006"
16 Aso 2062,"Oct 08, 2006"
17 Aso 2062,"Oct 09, 2006"
18 Aso 2062,"Oct 10, 2006"
19 Aso 2062,"Oct 11, 2006"
20 Aso 2062,"Oct 12, 2006"
21 Aso 2062,"Oct 13, 2006"
22 Aso 2062,"Oct 14, 2006"
23 Aso 2062,"Oct 15, 2006"
24 Aso 2062,"Oct 16, 2006"
25 Aso 2062,"Oct 17, 2006"
26 Aso 2062,"Oct 18, 2006"
27 Aso 2062,"Oct 19, 2006"
28 Aso 2062,"Oct 20, 2006"
29 Aso 2062,"Oct 21, 2006"
30 Aso 2062,"Oct 22, 2006"
1 Kartak 2062,"Oct 23, 2006"
2 Kartak 2062,"Oct 24, 2006"
3 Kartak 2062,"Oct 25, 2006"
4 Kartak 2062,"Oct 26, 2006"
5 Kartak 2062,"Oct 27, 2006"
6 Kartak 2062,"Oct 28, 2006"
7 Kartak 2062,"Oct 29, 2006"
8 Kartak 2062,"Oct 30, 2006"
9 Kartak 2062,"Oct 31, 2006"
10 Kartak 2062,"Nov 01, 2006"
11 Kartak 2062,"Nov 02, 2006"
12 Kartak 2062,"Nov 03, 2006"
13 Kartak 2062,"Nov 04, 2006"
14 Kartak 2062,"Nov 05, 2006"
15 Kartak 2062,"Nov 06, 2006"
16 Kartak 2062,"Nov 07, 2006"
17 Kartak 2062,"Nov 08, 2006"
18 Kartak 2062,"Nov 09, 2006"
19 Kartak 2062,"Nov 10, 2006"
20 Kartak 2062,"Nov 11, 2006"
21 Kartak 2062,"Nov 12, 2006"
22 Kartak 2062,"Nov 13, 2006"
23 Kartak 2062,"Nov 14, 2006"
24 Kartak 2062,"Nov 15, 2006"
25 Kartak 2062,"Nov 16, 2006"
26 Kartak 2062,"Nov 17, 2006"
27 Kartak 2062,"Nov 18, 2006"
28 Kartak 2062,"Nov 19, 2006"
29 Kartak 2062,"Nov 20, 2006"
1 Magshar 2062,"Nov 21, 2006"
2 Magshar 2062,"Nov 22, 2006"
3 Magshar 2062,"Nov 23, 2006"
4 Magshar 2062,"Nov 24, 2006"
5 Magshar 2062,"Nov 25, 2006"
6 Magshar 2062,"Nov 26, 2006"
7 Magshar 2062,"Nov 27, 2006"
8 Magshar 2062,"Nov 28, 2006"
9 Magshar 2062,"Nov 29, 2006"
10 Magshar 2062,"Nov 30, 2006"
11 Magshar 2062,"Dec 01, 2006"
12 Magshar 2062,"Dec 02, 2006"
13 Magshar 2062,"Dec 03, 2006"
14 Magshar 2062,"Dec 04, 2006"
15 Magshar 2062,"Dec 05, 2006"
16 Magshar 2062,"Dec 06, 2006"
17 Magshar 2062,"Dec 07, 2006"
18 Magshar 2062,"Dec 08, 2006"
19 Magshar 2062,"Dec 09, 2006"
20 Magshar 2062,"Dec 10, 2006"
21 Magshar 2062,"Dec 11, 2006"
22 Magshar 2062,"Dec 12, 2006"
23 Magshar 2062,"Dec 13, 2006"
24 Magshar 2062,"Dec 14, 2006"
25 Magshar 2062,"Dec 15, 2006"
26 Magshar 2062,"Dec 16, 2006"
27 Magshar 2062,"Dec 17, 2006"
28 Magshar 2062,"Dec 18, 2006"
29 Magshar 2062,"Dec 19, 2006"
30 Magshar 2062,"Dec 20, 2006"
1 Posh 2062,"Dec 21, 2006"
2 Posh 2062,"Dec 22, 2006"
3 Posh 2062,"Dec 23, 2006"
4 Posh 2062,"Dec 24, 2006"
5 Posh 2062,"Dec 25, 2006"
6 Posh 2062,"Dec 26, 2006"
7 Posh 2062,"Dec 27, 2006"
8 Posh 2062,"Dec 28, 2006"
9 Posh 2062,"Dec 29, 2006"
10 Posh 2062,"Dec 30, 2006"
11 Posh 2062,"Dec 31, 2006"
12 Posh 2062,"Jan 01, 2007"
13 Posh 2062,"Jan 02, 2007"
14 Posh 2062,"Jan 03, 2007"
15 Posh 2062,"Jan 04, 2007"
16 Posh 2062,"Jan 05, 2007"
17 Posh 2062,"Jan 06, 2007"
18 Posh 2062,"Jan 07, 2007"
19 Posh 2062,"Jan 08, 2007"
20 Posh 2062,"Jan 09, 2007"
21 Posh 2062,"Jan 10, 2007"
22 Posh 2062,"Jan 11, 2007"
23 Posh 2062,"Jan 12, 2007"
24 Posh 2062,"Jan 13, 2007"
25 Posh 2062,"Jan 14, 2007"
26 Posh 2062,"Jan 15, 2007"
27 Posh 2062,"Jan 16, 2007"
28 Posh 2062,"Jan 17, 2007"
29 Posh 2062,"Jan 18, 2007"
30 Posh 2062,"Jan 19, 2007"
1 Maha 2063,"Jan 20, 2007"
2 Maha 2063,"Jan 21, 2007"
3 Maha 2063,"Jan 22, 2007"
4 Maha 2063,"Jan 23, 2007"
5 Maha 2063,"Jan 24, 2007"
6 Maha 2063,"Jan 25, 2007"
7 Maha 2063,"Jan 26, 2007"
8 Maha 2063,"Jan 27, 2007"
9 Maha 2063,"Jan 28, 2007"
10 Maha 2063,"Jan 29, 2007"
11 Maha 2063,"Jan 30, 2007"
12 Maha 2063,"Jan 31, 2007"
13 Maha 2063,"Feb 01, 2007"
14 Maha 2063,"Feb 02, 2007"
15 Maha 2063,"Feb 03, 2007"
16 Maha 2063,"Feb 04, 2007"
17 Maha 2063,"Feb 05, 2007"
18 Maha 2063,"Feb 06, 2007"
19 Maha 2063,"Feb 07, 2007"
20 Maha 2063,"Feb 08, 2007"
21 Maha 2063,"Feb 09, 2007"
22 Maha 2063,"Feb 10, 2007"
23 Maha 2063,"Feb 11, 2007"
24 Maha 2063,"Feb 12, 2007"
25 Maha 2063,"Feb 13, 2007"
26 Maha 2063,"Feb 14, 2007"
27 Maha 2063,"Feb 15, 2007"
28 Maha 2063,"Feb 16, 2007"
29 Maha 2063,"Feb 17, 2007"
1 Faguna 2063,"Feb 18, 2007"
2 Faguna 2063,"Feb 19, 2007"
3 Faguna 2063,"Feb 20, 2007"
4 Faguna 2063,"Feb 21, 2007"
5 Faguna 2063,"Feb 22, 2007"
6 Faguna 2063,"Feb 23, 2007"
7 Faguna 2063,"Feb 24, 2007"
8 Faguna 2063,"Feb 25, 2007"
9 Faguna 2063,"Feb 26, 2007"
10 Faguna 2063,"Feb 27, 2007"
11 Faguna 2063,"Feb 28, 2007"
12 Faguna 2063,"Mar 01, 2007"
13 Faguna 2063,"Mar 02, 2007"
14 Faguna 2063,"Mar 03, 2007"
15 Faguna 2063,"Mar 04, 2007"
16 Faguna 2063,"Mar 05, 2007"
17 Faguna 2063,"Mar 06, 2007"
18 Faguna 2063,"Mar 07, 2007"
19 Faguna 2063,"Mar 08, 2007"
20 Faguna 2063,"Mar 09, 2007"
21 Faguna 2063,"Mar 10, 2007"
22 Faguna 2063,"Mar 11, 2007"
23 Faguna 2063,"Mar 12, 2007"
24 Faguna 2063,"Mar 13, 2007"
25 Faguna 2063,"Mar 14, 2007"
26 Faguna 2063,"Mar 15, 2007"
27 Faguna 2063,"Mar 16, 2007"
28 Faguna 2063,"Mar 17, 2007"
29 Faguna 2063,"Mar 18, 2007"
30 Faguna 2063,"Mar 19, 2007"
1 Chaitra 2063,"Mar 20, 2007"
2 Chaitra 2063,"Mar 21, 2007"
3 Chaitra 2063,"Mar 22, 2007"
4 Chaitra 2063,"Mar 23, 2007"
5 Chaitra 2063,"Mar 24, 2007"
6 Chaitra 2063,"Mar 25, 2007"
7 Chaitra 2063,"Mar 26, 2007"
8 Chaitra 2063,"Mar 27, 2007"
9 Chaitra 2063,"Mar 28, 2007"
10 Chaitra 2063,"Mar 29, 2007"
11 Chaitra 2063,"Mar 30, 2007"
12 Chaitra 2063,"Mar 31, 2007"
13 Chaitra 2063,"Apr 01, 2007"
14 Chaitra 2063,"Apr 02, 2007"
15 Chaitra 2063,"Apr 03, 2007"
16 Chaitra 2063,"Apr 04, 2007"
17 Chaitra 2063,"Apr 05, 2007"
18 Chaitra 2063,"Apr 06, 2007"
19 Chaitra 2063,"Apr 07, 2007"
20 Chaitra 2063,"Apr 08, 2007"
21 Chaitra 2063,"Apr 09, 2007"
22 Chaitra 2063,"Apr 10, 2007"
23 Chaitra 2063,"Apr 11, 2007"
24 Chaitra 2063,"Apr 12, 2007"
25 Chaitra 2063,"Apr 13, 2007"
26 Chaitra 2063,"Apr 14, 2007"
27 Chaitra 2063,"Apr 15, 2007"
28 Chaitra 2063,"Apr 16, 2007"
29 Chaitra 2063,"Apr 17, 2007"
1 Vaishakha 2063,"Apr 18, 2007"
2 Vaishakha 2063,"Apr 19, 2007"
3 Vaishakha 2063,"Apr 20, 2007"
4 Vaishakha 2063,"Apr 21, 2007"
5 Vaishakha 2063,"Apr 22, 2007"
6 Vaishakha 2063,"Apr 23, 2007"
7 Vaishakha 2063,"Apr 24, 2007"
8 Vaishakha 2063,"Apr 25, 2007"
9 Vaishakha 2063,"Apr 26, 2007"
10 Vaishakha 2063,"Apr 27, 2007"
11 Vaishakha 2063,"Apr 28, 2007"
12 Vaishakha 2063,"Apr 29, 2007"
13 Vaishakha 2063,"Apr 30, 2007"
14 Vaishakha 2063,"May 01, 2007"
15 Vaishakha 2063,"May 02, 2007"
16 Vaishakha 2063,"May 03, 2007"
17 Vaishakha 2063,"May 04, 2007"
18 Vaishakha 2063,"May 05, 2007"
19 Vaishakha 2063,"May 06, 2007"
20 Vaishakha 2063,"May 07, 2007"
21 Vaishakha 2063,"May 08, 2007"
22 Vaishakha 2063,"May 09, 2007"
23 Vaishakha 2063,"May 10, 2007"
24 Vaishakha 2063,"May 11, 2007"
25 Vaishakha 2063,"May 12, 2007"
26 Vaishakha 2063,"May 13, 2007"
27 Vaishakha 2063,"May 14, 2007"
28 Vaishakha 2063,"May 15, 2007"
29 Vaishakha 2063,"May 16, 2007"
1 Jyestha_Adhik 2063,"May 17, 2007"
2 Jyestha_Adhik 2063,"May 18, 2007"
3 Jyestha_Adhik 2063,"May 19, 2007"
4 Jyestha_Adhik 2063,"May 20, 2007"
5 Jyestha_Adhik 2063,"May 21, 2007"
6 Jyestha_Adhik 2063,"May 22, 2007"
7 Jyestha_Adhik 2063,"May 23, 2007"
8 Jyestha_Adhik 2063,"May 24, 2007"
9 Jyestha_Adhik 2063,"May 25, 2007"
10 Jyestha_Adhik 2063,"May 26, 2007"
11 Jyestha_Adhik 2063,"May 27, 2007"
12 Jyestha_Adhik 2063,"May 28, 2007"
13 Jyestha_Adhik 2063,"May 29, 2007"
14 Jyestha_Adhik 2063,"May 30, 2007"
15 Jyestha_Adhik 2063,"May 31, 2007"
16 Jyestha_Adhik 2063,"Jun 01, 2007"
17 Jyestha_Adhik 2063,"Jun 02, 2007"
18 Jyestha_Adhik 2063,"Jun 03, 2007"
19 Jyestha_Adhik 2063,"Jun 04, 2007"
20 Jyestha_Adhik 2063,"Jun 05, 2007"
21 Jyestha_Adhik 2063,"Jun 06, 2007"
22 Jyestha_Adhik 2063,"Jun 07, 2007"
23 Jyestha_Adhik 2063,"Jun 08, 2007"
24 Jyestha_Adhik 2063,"Jun 09, 2007"
25 Jyestha_Adhik 2063,"Jun 10, 2007"
26 Jyestha_Adhik 2063,"Jun 11, 2007"
27 Jyestha_Adhik 2063,"Jun 12, 2007"
28 Jyestha_Adhik 2063,"Jun 13, 2007"
29 Jyestha_Adhik 2063,"Jun 14, 2007"
30 Jyestha_Adhik 2063,"Jun 15, 2007"
1 Jyestha 2063,"Jun 16, 2007"
2 Jyestha 2063,"Jun 17, 2007"
3 Jyestha 2063,"Jun 18, 2007"
4 Jyestha 2063,"Jun 19, 2007"
5 Jyestha 2063,"Jun 20, 2007"
6 Jyestha 2063,"Jun 21, 2007"
7 Jyestha 2063,"Jun 22, 2007"
8 Jyestha 2063,"Jun 23, 2007"
9 Jyestha 2063,"Jun 24, 2007"
10 Jyestha 2063,"Jun 25, 2007"
11 Jyestha 2063,"Jun 26, 2007"
12 Jyestha 2063,"Jun 27, 2007"
13 Jyestha 2063,"Jun 28, 2007"
14 Jyestha 2063,"Jun 29, 2007"
15 Jyestha 2063,"Jun 30, 2007"
16 Jyestha 2063,"Jul 01, 2007"
17 Jyestha 2063,"Jul 02, 2007"
18 Jyestha 2063,"Jul 03, 2007"
19 Jyestha 2063,"Jul 04, 2007"
20 Jyestha 2063,"Jul 05, 2007"
21 Jyestha 2063,"Jul 06, 2007"
22 Jyestha 2063,"Jul 07, 2007"
23 Jyestha 2063,"Jul 08, 2007"
24 Jyestha 2063,"Jul 09, 2007"
25 Jyestha 2063,"Jul 10, 2007"
26 Jyestha 2063,"Jul 11, 2007"
27 Jyestha 2063,"Jul 12, 2007"
28 Jyestha 2063,"Jul 13, 2007"
29 Jyestha 2063,"Jul 14, 2007"
1 Ashadha 2063,"Jul 15, 2007"
2 Ashadha 2063,"Jul 16, 2007"
3 Ashadha 2063,"Jul 17, 2007"
4 Ashadha 2063,"Jul 18, 2007"
5 Ashadha 2063,"Jul 19, 2007"
6 Ashadha 2063,"Jul 20, 2007"
7 Ashadha 2063,"Jul 21, 2007"
8 Ashadha 2063,"Jul 22, 2007"
9 Ashadha 2063,"Jul 23, 2007"
10 Ashadha 2063,"Jul 24, 2007"
11 Ashadha 2063,"Jul 25, 2007"
12 Ashadha 2063,"Jul 26, 2007"
13 Ashadha 2063,"Jul 27, 2007"
14 Ashadha 2063,"Jul 28, 2007"
15 Ashadha 2063,"Jul 29, 2007"
16 Ashadha 2063,"Jul 30, 2007"
17 Ashadha 2063,"Jul 31, 2007"
18 Ashadha 2063,"Aug 01, 2007"
19 Ashadha 2063,"Aug 02, 2007"
20 Ashadha 2063,"Aug 03, 2007"
21 Ashadha 2063,"Aug 04, 2007"
22 Ashadha 2063,"Aug 05, 2007"
23 Ashadha 2063,"Aug 06, 2007"
24 Ashadha 2063,"Aug 07, 2007"
25 Ashadha 2063,"Aug 08, 2007"
26 Ashadha 2063,"Aug 09, 2007"
27 Ashadha 2063,"Aug 10, 2007"
28 Ashadha 2063,"Aug 11, 2007"
29 Ashadha 2063,"Aug 12, 2007"
1 Shravana 2063,"Aug 13, 2007"
2 Shravana 2063,"Aug 14, 2007"
3 Shravana 2063,"Aug 15, 2007"
4 Shravana 2063,"Aug 16, 2007"
5 Shravana 2063,"Aug 17, 2007"
6 Shravana 2063,"Aug 18, 2007"
7 Shravana 2063,"Aug 19, 2007"
8 Shravana 2063,"Aug 20, 2007"
9 Shravana 2063,"Aug 21, 2007"
10 Shravana 2063,"Aug 22, 2007"
11 Shravana 2063,"Aug 23, 2007"
12 Shravana 2063,"Aug 24, 2007"
13 Shravana 2063,"Aug 25, 2007"
14 Shravana 2063,"Aug 26, 2007"
15 Shravana 2063,"Aug 27, 2007"
16 Shravana 2063,"Aug 28, 2007"
17 Shravana 2063,"Aug 29, 2007"
18 Shravana 2063,"Aug 30, 2007"
19 Shravana 2063,"Aug 31, 2007"
20 Shravana 2063,"Sep 01, 2007"
21 Shravana 2063,"Sep 02, 2007"
22 Shravana 2063,"Sep 03, 2007"
23 Shravana 2063,"Sep 04, 2007"
24 Shravana 2063,"Sep 05, 2007"
25 Shravana 2063,"Sep 06, 2007"
26 Shravana 2063,"Sep 07, 2007"
27 Shravana 2063,"Sep 08, 2007"
28 Shravana 2063,"Sep 09, 2007"
29 Shravana 2063,"Sep 10, 2007"
30 Shravana 2063,"Sep 11, 2007"
1 Bhadarvo 2063,"Sep 12, 2007"
2 Bhadarvo 2063,"Sep 13, 2007"
3 Bhadarvo 2063,"Sep 14, 2007"
4 Bhadarvo 2063,"Sep 15, 2007"
5 Bhadarvo 2063,"Sep 16, 2007"
6 Bhadarvo 2063,"Sep 17, 2007"
7 Bhadarvo 2063,"Sep 18, 2007"
8 Bhadarvo 2063,"Sep 19, 2007"
9 Bhadarvo 2063,"Sep 20, 2007"
10 Bhadarvo 2063,"Sep 21, 2007"
11 Bhadarvo 2063,"Sep 22, 2007"
12 Bhadarvo 2063,"Sep 23, 2007"
13 Bhadarvo 2063,"Sep 24, 2007"
14 Bhadarvo 2063,"Sep 25, 2007"
15 Bhadarvo 2063,"Sep 26, 2007"
16 Bhadarvo 2063,"Sep 27, 2007"
17 Bhadarvo 2063,"Sep 28, 2007"
18 Bhadarvo 2063,"Sep 29, 2007"
19 Bhadarvo 2063,"Sep 30, 2007"
20 Bhadarvo 2063,"Oct 01, 2007"
21 Bhadarvo 2063,"Oct 02, 2007"
22 Bhadarvo 2063,"Oct 03, 2007"
23 Bhadarvo 2063,"Oct 04, 2007"
24 Bhadarvo 2063,"Oct 05, 2007"
25 Bhadarvo 2063,"Oct 06, 2007"
26 Bhadarvo 2063,"Oct 07, 2007"
27 Bhadarvo 2063,"Oct 08, 2007"
28 Bhadarvo 2063,"Oct 09, 2007"
29 Bhadarvo 2063,"Oct 10, 2007"
30 Bhadarvo 2063,"Oct 11, 2007"
1 Aso 2063,"Oct 12, 2007"
2 Aso 2063,"Oct 13, 2007"
3 Aso 2063,"Oct 14, 2007"
4 Aso 2063,"Oct 15, 2007"
5 Aso 2063,"Oct 16, 2007"
6 Aso 2063,"Oct 17, 2007"
7 Aso 2063,"Oct 18, 2007"
8 Aso 2063,"Oct 19, 2007"
9 Aso 2063,"Oct 20, 2007"
10 Aso 2063,"Oct 21, 2007"
11 Aso 2063,"Oct 22, 2007"
12 Aso 2063,"Oct 23, 2007"
13 Aso 2063,"Oct 24, 2007"
14 Aso 2063,"Oct 25, 2007"
15 Aso 2063,"Oct 26, 2007"
16 Aso 2063,"Oct 27, 2007"
17 Aso 2063,"Oct 28, 2007"
18 Aso 2063,"Oct 29, 2007"
19 Aso 2063,"Oct 30, 2007"
20 Aso 2063,"Oct 31, 2007"
21 Aso 2063,"Nov 01, 2007"
22 Aso 2063,"Nov 02, 2007"
23 Aso 2063,"Nov 03, 2007"
24 Aso 2063,"Nov 04, 2007"
25 Aso 2063,"Nov 05, 2007"
26 Aso 2063,"Nov 06, 2007"
27 Aso 2063,"Nov 07, 2007"
28 Aso 2063,"Nov 08, 2007"
29 Aso 2063,"Nov 09, 2007"
1 Kartak 2063,"Nov 10, 2007"
2 Kartak 2063,"Nov 11, 2007"
3 Kartak 2063,"Nov 12, 2007"
4 Kartak 2063,"Nov 13, 2007"
5 Kartak 2063,"Nov 14, 2007"
6 Kartak 2063,"Nov 15, 2007"
7 Kartak 2063,"Nov 16, 2007"
8 Kartak 2063,"Nov 17, 2007"
9 Kartak 2063,"Nov 18, 2007"
10 Kartak 2063,"Nov 19, 2007"
11 Kartak 2063,"Nov 20, 2007"
12 Kartak 2063,"Nov 21, 2007"
13 Kartak 2063,"Nov 22, 2007"
14 Kartak 2063,"Nov 23, 2007"
15 Kartak 2063,"Nov 24, 2007"
16 Kartak 2063,"Nov 25, 2007"
17 Kartak 2063,"Nov 26, 2007"
18 Kartak 2063,"Nov 27, 2007"
19 Kartak 2063,"Nov 28, 2007"
20 Kartak 2063,"Nov 29, 2007"
21 Kartak 2063,"Nov 30, 2007"
22 Kartak 2063,"Dec 01, 2007"
23 Kartak 2063,"Dec 02, 2007"
24 Kartak 2063,"Dec 03, 2007"
25 Kartak 2063,"Dec 04, 2007"
26 Kartak 2063,"Dec 05, 2007"
27 Kartak 2063,"Dec 06, 2007"
28 Kartak 2063,"Dec 07, 2007"
29 Kartak 2063,"Dec 08, 2007"
30 Kartak 2063,"Dec 09, 2007"
1 Magshar 2063,"Dec 10, 2007"
2 Magshar 2063,"Dec 11, 2007"
3 Magshar 2063,"Dec 12, 2007"
4 Magshar 2063,"Dec 13, 2007"
5 Magshar 2063,"Dec 14, 2007"
6 Magshar 2063,"Dec 15, 2007"
7 Magshar 2063,"Dec 16, 2007"
8 Magshar 2063,"Dec 17, 2007"
9 Magshar 2063,"Dec 18, 2007"
10 Magshar 2063,"Dec 19, 2007"
11 Magshar 2063,"Dec 20, 2007"
12 Magshar 2063,"Dec 21, 2007"
13 Magshar 2063,"Dec 22, 2007"
14 Magshar 2063,"Dec 23, 2007"
15 Magshar 2063,"Dec 24, 2007"
16 Magshar 2063,"Dec 25, 2007"
17 Magshar 2063,"Dec 26, 2007"
18 Magshar 2063,"Dec 27, 2007"
19 Magshar 2063,"Dec 28, 2007"
20 Magshar 2063,"Dec 29, 2007"
21 Magshar 2063,"Dec 30, 2007"
22 Magshar 2063,"Dec 31, 2007"
23 Magshar 2063,"Jan 01, 2008"
24 Magshar 2063,"Jan 02, 2008"
25 Magshar 2063,"Jan 03, 2008"
26 Magshar 2063,"Jan 04, 2008"
27 Magshar 2063,"Jan 05, 2008"
28 Magshar 2063,"Jan 06, 2008"
29 Magshar 2063,"Jan 07, 2008"
30 Magshar 2063,"Jan 08, 2008"
1 Posh 2064,"Jan 09, 2008"
2 Posh 2064,"Jan 10, 2008"
3 Posh 2064,"Jan 11, 2008"
4 Posh 2064,"Jan 12, 2008"
5 Posh 2064,"Jan 13, 2008"
6 Posh 2064,"Jan 14, 2008"
7 Posh 2064,"Jan 15, 2008"
8 Posh 2064,"Jan 16, 2008"
9 Posh 2064,"Jan 17, 2008"
10 Posh 2064,"Jan 18, 2008"
11 Posh 2064,"Jan 19, 2008"
12 Posh 2064,"Jan 20, 2008"
13 Posh 2064,"Jan 21, 2008"
14 Posh 2064,"Jan 22, 2008"
15 Posh 2064,"Jan 23, 2008"
16 Posh 2064,"Jan 24, 2008"
17 Posh 2064,"Jan 25, 2008"
18 Posh 2064,"Jan 26, 2008"
19 Posh 2064,"Jan 27, 2008"
20 Posh 2064,"Jan 28, 2008"
21 Posh 2064,"Jan 29, 2008"
22 Posh 2064,"Jan 30, 2008"
23 Posh 2064,"Jan 31, 2008"
24 Posh 2064,"Feb 01, 2008"
25 Posh 2064,"Feb 02, 2008"
26 Posh 2064,"Feb 03, 2008"
27 Posh 2064,"Feb 04, 2008"
28 Posh 2064,"Feb 05, 2008"
29 Posh 2064,"Feb 06, 2008"
30 Posh 2064,"Feb 07, 2008"
1 Maha 2064,"Feb 08, 2008"
2 Maha 2064,"Feb 09, 2008"
3 Maha 2064,"Feb 10, 2008"
4 Maha 2064,"Feb 11, 2008"
5 Maha 2064,"Feb 12, 2008"
6 Maha 2064,"Feb 13, 2008"
7 Maha 2064,"Feb 14, 2008"
8 Maha 2064,"Feb 15, 2008"
9 Maha 2064,"Feb 16, 2008"
10 Maha 2064,"Feb 17, 2008"
11 Maha 2064,"Feb 18, 2008"
12 Maha 2064,"Feb 19, 2008"
13 Maha 2064,"Feb 20, 2008"
14 Maha 2064,"Feb 21, 2008"
15 Maha 2064,"Feb 22, 2008"
16 Maha 2064,"Feb 23, 2008"
17 Maha 2064,"Feb 24, 2008"
18 Maha 2064,"Feb 25, 2008"
19 Maha 2064,"Feb 26, 2008"
20 Maha 2064,"Feb 27, 2008"
21 Maha 2064,"Feb 28, 2008"
22 Maha 2064,"Feb 29, 2008"
23 Maha 2064,"Mar 01, 2008"
24 Maha 2064,"Mar 02, 2008"
25 Maha 2064,"Mar 03, 2008"
26 Maha 2064,"Mar 04, 2008"
27 Maha 2064,"Mar 05, 2008"
28 Maha 2064,"Mar 06, 2008"
29 Maha 2064,"Mar 07, 2008"
1 Faguna 2064,"Mar 08, 2008"
2 Faguna 2064,"Mar 09, 2008"
3 Faguna 2064,"Mar 10, 2008"
4 Faguna 2064,"Mar 11, 2008"
5 Faguna 2064,"Mar 12, 2008"
6 Faguna 2064,"Mar 13, 2008"
7 Faguna 2064,"Mar 14, 2008"
8 Faguna 2064,"Mar 15, 2008"
9 Faguna 2064,"Mar 16, 2008"
10 Faguna 2064,"Mar 17, 2008"
11 Faguna 2064,"Mar 18, 2008"
12 Faguna 2064,"Mar 19, 2008"
13 Faguna 2064,"Mar 20, 2008"
14 Faguna 2064,"Mar 21, 2008"
15 Faguna 2064,"Mar 22, 2008"
16 Faguna 2064,"Mar 23, 2008"
17 Faguna 2064,"Mar 24, 2008"
18 Faguna 2064,"Mar 25, 2008"
19 Faguna 2064,"Mar 26, 2008"
20 Faguna 2064,"Mar 27, 2008"
21 Faguna 2064,"Mar 28, 2008"
22 Faguna 2064,"Mar 29, 2008"
23 Faguna 2064,"Mar 30, 2008"
24 Faguna 2064,"Mar 31, 2008"
25 Faguna 2064,"Apr 01, 2008"
26 Faguna 2064,"Apr 02, 2008"
27 Faguna 2064,"Apr 03, 2008"
28 Faguna 2064,"Apr 04, 2008"
29 Faguna 2064,"Apr 05, 2008"
30 Faguna 2064,"Apr 06, 2008"
1 Chaitra 2064,"Apr 07, 2008"
2 Chaitra 2064,"Apr 08, 2008"
3 Chaitra 2064,"Apr 09, 2008"
4 Chaitra 2064,"Apr 10, 2008"
5 Chaitra 2064,"Apr 11, 2008"
6 Chaitra 2064,"Apr 12, 2008"
7 Chaitra 2064,"Apr 13, 2008"
8 Chaitra 2064,"Apr 14, 2008"
9 Chaitra 2064,"Apr 15, 2008"
10 Chaitra 2064,"Apr 16, 2008"
11 Chaitra 2064,"Apr 17, 2008"
12 Chaitra 2064,"Apr 18, 2008"
13 Chaitra 2064,"Apr 19, 2008"
14 Chaitra 2064,"Apr 20, 2008"
15 Chaitra 2064,"Apr 21, 2008"
16 Chaitra 2064,"Apr 22, 2008"
17 Chaitra 2064,"Apr 23, 2008"
18 Chaitra 2064,"Apr 24, 2008"
19 Chaitra 2064,"Apr 25, 2008"
20 Chaitra 2064,"Apr 26, 2008"
21 Chaitra 2064,"Apr 27, 2008"
22 Chaitra 2064,"Apr 28, 2008"
23 Chaitra 2064,"Apr 29, 2008"
24 Chaitra 2064,"Apr 30, 2008"
25 Chaitra 2064,"May 01, 2008"
26 Chaitra 2064,"May 02, 2008"
27 Chaitra 2064,"May 03, 2008"
28 Chaitra 2064,"May 04, 2008"
29 Chaitra 2064,"May 05, 2008"
1 Vaishakha 2064,"May 06, 2008"
2 Vaishakha 2064,"May 07, 2008"
3 Vaishakha 2064,"May 08, 2008"
4 Vaishakha 2064,"May 09, 2008"
5 Vaishakha 2064,"May 10, 2008"
6 Vaishakha 2064,"May 11, 2008"
7 Vaishakha 2064,"May 12, 2008"
8 Vaishakha 2064,"May 13, 2008"
9 Vaishakha 2064,"May 14, 2008"
10 Vaishakha 2064,"May 15, 2008"
11 Vaishakha 2064,"May 16, 2008"
12 Vaishakha 2064,"May 17, 2008"
13 Vaishakha 2064,"May 18, 2008"
14 Vaishakha 2064,"May 19, 2008"
15 Vaishakha 2064,"May 20, 2008"
16 Vaishakha 2064,"May 21, 2008"
17 Vaishakha 2064,"May 22, 2008"
18 Vaishakha 2064,"May 23, 2008"
19 Vaishakha 2064,"May 24, 2008"
20 Vaishakha 2064,"May 25, 2008"
21 Vaishakha 2064,"May 26, 2008"
22 Vaishakha 2064,"May 27, 2008"
23 Vaishakha 2064,"May 28, 2008"
24 Vaishakha 2064,"May 29, 2008"
25 Vaishakha 2064,"May 30, 2008"
26 Vaishakha 2064,"May 31, 2008"
27 Vaishakha 2064,"Jun 01, 2008"
28 Vaishakha 2064,"Jun 02, 2008"
29 Vaishakha 2064,"Jun 03, 2008"
1 Jyestha 2064,"Jun 04, 2008"
2 Jyestha 2064,"Jun 05, 2008"
3 Jyestha 2064,"Jun 06, 2008"
4 Jyestha 2064,"Jun 07, 2008"
5 Jyestha 2064,"Jun 08, 2008"
6 Jyestha 2064,"Jun 09, 2008"
7 Jyestha 2064,"Jun 10, 2008"
8 Jyestha 2064,"Jun 11, 2008"
9 Jyestha 2064,"Jun 12, 2008"
10 Jyestha 2064,"Jun 13, 2008"
11 Jyestha 2064,"Jun 14, 2008"
12 Jyestha 2064,"Jun 15, 2008"
13 Jyestha 2064,"Jun 16, 2008"
14 Jyestha 2064,"Jun 17, 2008"
15 Jyestha 2064,"Jun 18, 2008"
16 Jyestha 2064,"Jun 19, 2008"
17 Jyestha 2064,"Jun 20, 2008"
18 Jyestha 2064,"Jun 21, 2008"
19 Jyestha 2064,"Jun 22, 2008"
20 Jyestha 2064,"Jun 23, 2008"
21 Jyestha 2064,"Jun 24, 2008"
22 Jyestha 2064,"Jun 25, 2008"
23 Jyestha 2064,"Jun 26, 2008"
24 Jyestha 2064,"Jun 27, 2008"
25 Jyestha 2064,"Jun 28, 2008"
26 Jyestha 2064,"Jun 29, 2008"
27 Jyestha 2064,"Jun 30, 2008"
28 Jyestha 2064,"Jul 01, 2008"
29 Jyestha 2064,"Jul 02, 2008"
30 Jyestha 2064,"Jul 03, 2008"
1 Ashadha 2064,"Jul 04, 2008"
2 Ashadha 2064,"Jul 05, 2008"
3 Ashadha 2064,"Jul 06, 2008"
4 Ashadha 2064,"Jul 07, 2008"
5 Ashadha 2064,"Jul 08, 2008"
6 Ashadha 2064,"Jul 09, 2008"
7 Ashadha 2064,"Jul 10, 2008"
8 Ashadha 2064,"Jul 11, 2008"
9 Ashadha 2064,"Jul 12, 2008"
10 Ashadha 2064,"Jul 13, 2008"
11 Ashadha 2064,"Jul 14, 2008"
12 Ashadha 2064,"Jul 15, 2008"
13 Ashadha 2064,"Jul 16, 2008"
14 Ashadha 2064,"Jul 17, 2008"
15 Ashadha 2064,"Jul 18, 2008"
16 Ashadha 2064,"Jul 19, 2008"
17 Ashadha 2064,"Jul 20, 2008"
18 Ashadha 2064,"Jul 21, 2008"
19 Ashadha 2064,"Jul 22, 2008"
20 Ashadha 2064,"Jul 23, 2008"
21 Ashadha 2064,"Jul 24, 2008"
22 Ashadha 2064,"Jul 25, 2008"
23 Ashadha 2064,"Jul 26, 2008"
24 Ashadha 2064,"Jul 27, 2008"
25 Ashadha 2064,"Jul 28, 2008"
26 Ashadha 2064,"Jul 29, 2008"
27 Ashadha 2064,"Jul 30, 2008"
28 Ashadha 2064,"Jul 31, 2008"
29 Ashadha 2064,"Aug 01, 2008"
1 Shravana 2064,"Aug 02, 2008"
2 Shravana 2064,"Aug 03, 2008"
3 Shravana 2064,"Aug 04, 2008"
4 Shravana 2064,"Aug 05, 2008"
5 Shravana 2064,"Aug 06, 2008"
6 Shravana 2064,"Aug 07, 2008"
7 Shravana 2064,"Aug 08, 2008"
8 Shravana 2064,"Aug 09, 2008"
9 Shravana 2064,"Aug 10, 2008"
10 Shravana 2064,"Aug 11, 2008"
11 Shravana 2064,"Aug 12, 2008"
12 Shravana 2064,"Aug 13, 2008"
13 Shravana 2064,"Aug 14, 2008"
14 Shravana 2064,"Aug 15, 2008"
15 Shravana 2064,"Aug 16, 2008"
16 Shravana 2064,"Aug 17, 2008"
17 Shravana 2064,"Aug 18, 2008"
18 Shravana 2064,"Aug 19, 2008"
19 Shravana 2064,"Aug 20, 2008"
20 Shravana 2064,"Aug 21, 2008"
21 Shravana 2064,"Aug 22, 2008"
22 Shravana 2064,"Aug 23, 2008"
23 Shravana 2064,"Aug 24, 2008"
24 Shravana 2064,"Aug 25, 2008"
25 Shravana 2064,"Aug 26, 2008"
26 Shravana 2064,"Aug 27, 2008"
27 Shravana 2064,"Aug 28, 2008"
28 Shravana 2064,"Aug 29, 2008"
29 Shravana 2064,"Aug 30, 2008"
1 Bhadarvo 2064,"Aug 31, 2008"
2 Bhadarvo 2064,"Sep 01, 2008"
3 Bhadarvo 2064,"Sep 02, 2008"
4 Bhadarvo 2064,"Sep 03, 2008"
5 Bhadarvo 2064,"Sep 04, 2008"
6 Bhadarvo 2064,"Sep 05, 2008"
7 Bhadarvo 2064,"Sep 06, 2008"
8 Bhadarvo 2064,"Sep 07, 2008"
9 Bhadarvo 2064,"Sep 08, 2008"
10 Bhadarvo 2064,"Sep 09, 2008"
11 Bhadarvo 2064,"Sep 10, 2008"
12 Bhadarvo 2064,"Sep 11, 2008"
13 Bhadarvo 2064,"Sep 12, 2008"
14 Bhadarvo 2064,"Sep 13, 2008"
15 Bhadarvo 2064,"Sep 14, 2008"
16 Bhadarvo 2064,"Sep 15, 2008"
17 Bhadarvo 2064,"Sep 16, 2008"
18 Bhadarvo 2064,"Sep 17, 2008"
19 Bhadarvo 2064,"Sep 18, 2008"
20 Bhadarvo 2064,"Sep 19, 2008"
21 Bhadarvo 2064,"Sep 20, 2008"
22 Bhadarvo 2064,"Sep 21, 2008"
23 Bhadarvo 2064,"Sep 22, 2008"
24 Bhadarvo 2064,"Sep 23, 2008"
25 Bhadarvo 2064,"Sep 24, 2008"
26 Bhadarvo 2064,"Sep 25, 2008"
27 Bhadarvo 2064,"Sep 26, 2008"
28 Bhadarvo 2064,"Sep 27, 2008"
29 Bhadarvo 2064,"Sep 28, 2008"
30 Bhadarvo 2064,"Sep 29, 2008"
1 Aso 2064,"Sep 30, 2008"
2 Aso 2064,"Oct 01, 2008"
3 Aso 2064,"Oct 02, 2008"
4 Aso 2064,"Oct 03, 2008"
5 Aso 2064,"Oct 04, 2008"
6 Aso 2064,"Oct 05, 2008"
7 Aso 2064,"Oct 06, 2008"
8 Aso 2064,"Oct 07, 2008"
9 Aso 2064,"Oct 08, 2008"
10 Aso 2064,"Oct 09, 2008"
11 Aso 2064,"Oct 10, 2008"
12 Aso 2064,"Oct 11, 2008"
13 Aso 2064,"Oct 12, 2008"
14 Aso 2064,"Oct 13, 2008"
15 Aso 2064,"Oct 14, 2008"
16 Aso 2064,"Oct 15, 2008"
17 Aso 2064,"Oct 16, 2008"
18 Aso 2064,"Oct 17, 2008"
19 Aso 2064,"Oct 18, 2008"
20 Aso 2064,"Oct 19, 2008"
21 Aso 2064,"Oct 20, 2008"
22 Aso 2064,"Oct 21, 2008"
23 Aso 2064,"Oct 22, 2008"
24 Aso 2064,"Oct 23, 2008"
25 Aso 2064,"Oct 24, 2008"
26 Aso 2064,"Oct 25, 2008"
27 Aso 2064,"Oct 26, 2008"
28 Aso 2064,"Oct 27, 2008"
29 Aso 2064,"Oct 28, 2008"
1 Kartak 2064,"Oct 29, 2008"
2 Kartak 2064,"Oct 30, 2008"
3 Kartak 2064,"Oct 31, 2008"
4 Kartak 2064,"Nov 01, 2008"
5 Kartak 2064,"Nov 02, 2008"
6 Kartak 2064,"Nov 03, 2008"
7 Kartak 2064,"Nov 04, 2008"
8 Kartak 2064,"Nov 05, 2008"
9 Kartak 2064,"Nov 06, 2008"
10 Kartak 2064,"Nov 07, 2008"
11 Kartak 2064,"Nov 08, 2008"
12 Kartak 2064,"Nov 09, 2008"
13 Kartak 2064,"Nov 10, 2008"
14 Kartak 2064,"Nov 11, 2008"
15 Kartak 2064,"Nov 12, 2008"
16 Kartak 2064,"Nov 13, 2008"
17 Kartak 2064,"Nov 14, 2008"
18 Kartak 2064,"Nov 15, 2008"
19 Kartak 2064,"Nov 16, 2008"
20 Kartak 2064,"Nov 17, 2008"
21 Kartak 2064,"Nov 18, 2008"
22 Kartak 2064,"Nov 19, 2008"
23 Kartak 2064,"Nov 20, 2008"
24 Kartak 2064,"Nov 21, 2008"
25 Kartak 2064,"Nov 22, 2008"
26 Kartak 2064,"Nov 23, 2008"
27 Kartak 2064,"Nov 24, 2008"
28 Kartak 2064,"Nov 25, 2008"
29 Kartak 2064,"Nov 26, 2008"
30 Kartak 2064,"Nov 27, 2008"
1 Magshar 2064,"Nov 28, 2008"
2 Magshar 2064,"Nov 29, 2008"
3 Magshar 2064,"Nov 30, 2008"
4 Magshar 2064,"Dec 01, 2008"
5 Magshar 2064,"Dec 02, 2008"
6 Magshar 2064,"Dec 03, 2008"
7 Magshar 2064,"Dec 04, 2008"
8 Magshar 2064,"Dec 05, 2008"
9 Magshar 2064,"Dec 06, 2008"
10 Magshar 2064,"Dec 07, 2008"
11 Magshar 2064,"Dec 08, 2008"
12 Magshar 2064,"Dec 09, 2008"
13 Magshar 2064,"Dec 10, 2008"
14 Magshar 2064,"Dec 11, 2008"
15 Magshar 2064,"Dec 12, 2008"
16 Magshar 2064,"Dec 13, 2008"
17 Magshar 2064,"Dec 14, 2008"
18 Magshar 2064,"Dec 15, 2008"
19 Magshar 2064,"Dec 16, 2008"
20 Magshar 2064,"Dec 17, 2008"
21 Magshar 2064,"Dec 18, 2008"
22 Magshar 2064,"Dec 19, 2008"
23 Magshar 2064,"Dec 20, 2008"
24 Magshar 2064,"Dec 21, 2008"
25 Magshar 2064,"Dec 22, 2008"
26 Magshar 2064,"Dec 23, 2008"
27 Magshar 2064,"Dec 24, 2008"
28 Magshar 2064,"Dec 25, 2008"
29 Magshar 2064,"Dec 26, 2008"
30 Magshar 2064,"Dec 27, 2008"
1 Posh 2064,"Dec 28, 2008"
2 Posh 2064,"Dec 29, 2008"
3 Posh 2064,"Dec 30, 2008"
4 Posh 2064,"Dec 31, 2008"
5 Posh 2064,"Jan 01, 2009"
6 Posh 2064,"Jan 02, 2009"
7 Posh 2064,"Jan 03, 2009"
8 Posh 2064,"Jan 04, 2009"
9 Posh 2064,"Jan 05, 2009"
10 Posh 2064,"Jan 06, 2009"
11 Posh 2064,"Jan 07, 2009"
12 Posh 2064,"Jan 08, 2009"
13 Posh 2064,"Jan 09, 2009"
14 Posh 2064,"Jan 10, 2009"
15 Posh 2064,"Jan 11, 2009"
16 Posh 2064,"Jan 12, 2009"
17 Posh 2064,"Jan 13, 2009"
18 Posh 2064,"Jan 14, 2009"
19 Posh 2064,"Jan 15, 2009"
20 Posh 2064,"Jan 16, 2009"
21 Posh 2064,"Jan 17, 2009"
22 Posh 2064,"Jan 18, 2009"
23 Posh 2064,"Jan 19, 2009"
24 Posh 2064,"Jan 20, 2009"
25 Posh 2064,"Jan 21, 2009"
26 Posh 2064,"Jan 22, 2009"
27 Posh 2064,"Jan 23, 2009"
28 Posh 2064,"Jan 24, 2009"
29 Posh 2064,"Jan 25, 2009"
30 Posh 2064,"Jan 26, 2009"
1 Maha 2065,"Jan 27, 2009"
2 Maha 2065,"Jan 28, 2009"
3 Maha 2065,"Jan 29, 2009"
4 Maha 2065,"Jan 30, 2009"
5 Maha 2065,"Jan 31, 2009"
6 Maha 2065,"Feb 01, 2009"
7 Maha 2065,"Feb 02, 2009"
8 Maha 2065,"Feb 03, 2009"
9 Maha 2065,"Feb 04, 2009"
10 Maha 2065,"Feb 05, 2009"
11 Maha 2065,"Feb 06, 2009"
12 Maha 2065,"Feb 07, 2009"
13 Maha 2065,"Feb 08, 2009"
14 Maha 2065,"Feb 09, 2009"
15 Maha 2065,"Feb 10, 2009"
16 Maha 2065,"Feb 11, 2009"
17 Maha 2065,"Feb 12, 2009"
18 Maha 2065,"Feb 13, 2009"
19 Maha 2065,"Feb 14, 2009"
20 Maha 2065,"Feb 15, 2009"
21 Maha 2065,"Feb 16, 2009"
22 Maha 2065,"Feb 17, 2009"
23 Maha 2065,"Feb 18, 2009"
24 Maha 2065,"Feb 19, 2009"
25 Maha 2065,"Feb 20, 2009"
26 Maha 2065,"Feb 21, 2009"
27 Maha 2065,"Feb 22, 2009"
28 Maha 2065,"Feb 23, 2009"
29 Maha 2065,"Feb 24, 2009"
1 Faguna 2065,"Feb 25, 2009"
2 Faguna 2065,"Feb 26, 2009"
3 Faguna 2065,"Feb 27, 2009"
4 Faguna 2065,"Feb 28, 2009"
5 Faguna 2065,"Mar 01, 2009"
6 Faguna 2065,"Mar 02, 2009"
7 Faguna 2065,"Mar 03, 2009"
8 Faguna 2065,"Mar 04, 2009"
9 Faguna 2065,"Mar 05, 2009"
10 Faguna 2065,"Mar 06, 2009"
11 Faguna 2065,"Mar 07, 2009"
12 Faguna 2065,"Mar 08, 2009"
13 Faguna 2065,"Mar 09, 2009"
14 Faguna 2065,"Mar 10, 2009"
15 Faguna 2065,"Mar 11, 2009"
16 Faguna 2065,"Mar 12, 2009"
17 Faguna 2065,"Mar 13, 2009"
18 Faguna 2065,"Mar 14, 2009"
19 Faguna 2065,"Mar 15, 2009"
20 Faguna 2065,"Mar 16, 2009"
21 Faguna 2065,"Mar 17, 2009"
22 Faguna 2065,"Mar 18, 2009"
23 Faguna 2065,"Mar 19, 2009"
24 Faguna 2065,"Mar 20, 2009"
25 Faguna 2065,"Mar 21, 2009"
26 Faguna 2065,"Mar 22, 2009"
27 Faguna 2065,"Mar 23, 2009"
28 Faguna 2065,"Mar 24, 2009"
29 Faguna 2065,"Mar 25, 2009"
30 Faguna 2065,"Mar 26, 2009"
1 Chaitra 2065,"Mar 27, 2009"
2 Chaitra 2065,"Mar 28, 2009"
3 Chaitra 2065,"Mar 29, 2009"
4 Chaitra 2065,"Mar 30, 2009"
5 Chaitra 2065,"Mar 31, 2009"
6 Chaitra 2065,"Apr 01, 2009"
7 Chaitra 2065,"Apr 02, 2009"
8 Chaitra 2065,"Apr 03, 2009"
9 Chaitra 2065,"Apr 04, 2009"
10 Chaitra 2065,"Apr 05, 2009"
11 Chaitra 2065,"Apr 06, 2009"
12 Chaitra 2065,"Apr 07, 2009"
13 Chaitra 2065,"Apr 08, 2009"
14 Chaitra 2065,"Apr 09, 2009"
15 Chaitra 2065,"Apr 10, 2009"
16 Chaitra 2065,"Apr 11, 2009"
17 Chaitra 2065,"Apr 12, 2009"
18 Chaitra 2065,"Apr 13, 2009"
19 Chaitra 2065,"Apr 14, 2009"
20 Chaitra 2065,"Apr 15, 2009"
21 Chaitra 2065,"Apr 16, 2009"
22 Chaitra 2065,"Apr 17, 2009"
23 Chaitra 2065,"Apr 18, 2009"
24 Chaitra 2065,"Apr 19, 2009"
25 Chaitra 2065,"Apr 20, 2009"
26 Chaitra 2065,"Apr 21, 2009"
27 Chaitra 2065,"Apr 22, 2009"
28 Chaitra 2065,"Apr 23, 2009"
29 Chaitra 2065,"Apr 24, 2009"
30 Chaitra 2065,"Apr 25, 2009"
1 Vaishakha 2065,"Apr 26, 2009"
2 Vaishakha 2065,"Apr 27, 2009"
3 Vaishakha 2065,"Apr 28, 2009"
4 Vaishakha 2065,"Apr 29, 2009"
5 Vaishakha 2065,"Apr 30, 2009"
6 Vaishakha 2065,"May 01, 2009"
7 Vaishakha 2065,"May 02, 2009"
8 Vaishakha 2065,"May 03, 2009"
9 Vaishakha 2065,"May 04, 2009"
10 Vaishakha 2065,"May 05, 2009"
11 Vaishakha 2065,"May 06, 2009"
12 Vaishakha 2065,"May 07, 2009"
13 Vaishakha 2065,"May 08, 2009"
14 Vaishakha 2065,"May 09, 2009"
15 Vaishakha 2065,"May 10, 2009"
16 Vaishakha 2065,"May 11, 2009"
17 Vaishakha 2065,"May 12, 2009"
18 Vaishakha 2065,"May 13, 2009"
19 Vaishakha 2065,"May 14, 2009"
20 Vaishakha 2065,"May 15, 2009"
21 Vaishakha 2065,"May 16, 2009"
22 Vaishakha 2065,"May 17, 2009"
23 Vaishakha 2065,"May 18, 2009"
24 Vaishakha 2065,"May 19, 2009"
25 Vaishakha 2065,"May 20, 2009"
26 Vaishakha 2065,"May 21, 2009"
27 Vaishakha 2065,"May 22, 2009"
28 Vaishakha 2065,"May 23, 2009"
29 Vaishakha 2065,"May 24, 2009"
1 Jyestha 2065,"May 25, 2009"
2 Jyestha 2065,"May 26, 2009"
3 Jyestha 2065,"May 27, 2009"
4 Jyestha 2065,"May 28, 2009"
5 Jyestha 2065,"May 29, 2009"
6 Jyestha 2065,"May 30, 2009"
7 Jyestha 2065,"May 31, 2009"
8 Jyestha 2065,"Jun 01, 2009"
9 Jyestha 2065,"Jun 02, 2009"
10 Jyestha 2065,"Jun 03, 2009"
11 Jyestha 2065,"Jun 04, 2009"
12 Jyestha 2065,"Jun 05, 2009"
13 Jyestha 2065,"Jun 06, 2009"
14 Jyestha 2065,"Jun 07, 2009"
15 Jyestha 2065,"Jun 08, 2009"
16 Jyestha 2065,"Jun 09, 2009"
17 Jyestha 2065,"Jun 10, 2009"
18 Jyestha 2065,"Jun 11, 2009"
19 Jyestha 2065,"Jun 12, 2009"
20 Jyestha 2065,"Jun 13, 2009"
21 Jyestha 2065,"Jun 14, 2009"
22 Jyestha 2065,"Jun 15, 2009"
23 Jyestha 2065,"Jun 16, 2009"
24 Jyestha 2065,"Jun 17, 2009"
25 Jyestha 2065,"Jun 18, 2009"
26 Jyestha 2065,"Jun 19, 2009"
27 Jyestha 2065,"Jun 20, 2009"
28 Jyestha 2065,"Jun 21, 2009"
29 Jyestha 2065,"Jun 22, 2009"
1 Ashadha 2065,"Jun 23, 2009"
2 Ashadha 2065,"Jun 24, 2009"
3 Ashadha 2065,"Jun 25, 2009"
4 Ashadha 2065,"Jun 26, 2009"
5 Ashadha 2065,"Jun 27, 2009"
6 Ashadha 2065,"Jun 28, 2009"
7 Ashadha 2065,"Jun 29, 2009"
8 Ashadha 2065,"Jun 30, 2009"
9 Ashadha 2065,"Jul 01, 2009"
10 Ashadha 2065,"Jul 02, 2009"
11 Ashadha 2065,"Jul 03, 2009"
12 Ashadha 2065,"Jul 04, 2009"
13 Ashadha 2065,"Jul 05, 2009"
14 Ashadha 2065,"Jul 06, 2009"
15 Ashadha 2065,"Jul 07, 2009"
16 Ashadha 2065,"Jul 08, 2009"
17 Ashadha 2065,"Jul 09, 2009"
18 Ashadha 2065,"Jul 10, 2009"
19 Ashadha 2065,"Jul 11, 2009"
20 Ashadha 2065,"Jul 12, 2009"
21 Ashadha 2065,"Jul 13, 2009"
22 Ashadha 2065,"Jul 14, 2009"
23 Ashadha 2065,"Jul 15, 2009"
24 Ashadha 2065,"Jul 16, 2009"
25 Ashadha 2065,"Jul 17, 2009"
26 Ashadha 2065,"Jul 18, 2009"
27 Ashadha 2065,"Jul 19, 2009"
28 Ashadha 2065,"Jul 20, 2009"
29 Ashadha 2065,"Jul 21, 2009"
30 Ashadha 2065,"Jul 22, 2009"
1 Shravana 2065,"Jul 23, 2009"
2 Shravana 2065,"Jul 24, 2009"
3 Shravana 2065,"Jul 25, 2009"
4 Shravana 2065,"Jul 26, 2009"
5 Shravana 2065,"Jul 27, 2009"
6 Shravana 2065,"Jul 28, 2009"
7 Shravana 2065,"Jul 29, 2009"
8 Shravana 2065,"Jul 30, 2009"
9 Shravana 2065,"Jul 31, 2009"
10 Shravana 2065,"Aug 01, 2009"
11 Shravana 2065,"Aug 02, 2009"
12 Shravana 2065,"Aug 03, 2009"
13 Shravana 2065,"Aug 04, 2009"
14 Shravana 2065,"Aug 05, 2009"
15 Shravana 2065,"Aug 06, 2009"
16 Shravana 2065,"Aug 07, 2009"
17 Shravana 2065,"Aug 08, 2009"
18 Shravana 2065,"Aug 09, 2009"
19 Shravana 2065,"Aug 10, 2009"
20 Shravana 2065,"Aug 11, 2009"
21 Shravana 2065,"Aug 12, 2009"
22 Shravana 2065,"Aug 13, 2009"
23 Shravana 2065,"Aug 14, 2009"
24 Shravana 2065,"Aug 15, 2009"
25 Shravana 2065,"Aug 16, 2009"
26 Shravana 2065,"Aug 17, 2009"
27 Shravana 2065,"Aug 18, 2009"
28 Shravana 2065,"Aug 19, 2009"
29 Shravana 2065,"Aug 20, 2009"
1 Bhadarvo 2065,"Aug 21, 2009"
2 Bhadarvo 2065,"Aug 22, 2009"
3 Bhadarvo 2065,"Aug 23, 2009"
4 Bhadarvo 2065,"Aug 24, 2009"
5 Bhadarvo 2065,"Aug 25, 2009"
6 Bhadarvo 2065,"Aug 26, 2009"
7 Bhadarvo 2065,"Aug 27, 2009"
8 Bhadarvo 2065,"Aug 28, 2009"
9 Bhadarvo 2065,"Aug 29, 2009"
10 Bhadarvo 2065,"Aug 30, 2009"
11 Bhadarvo 2065,"Aug 31, 2009"
12 Bhadarvo 2065,"Sep 01, 2009"
13 Bhadarvo 2065,"Sep 02, 2009"
14 Bhadarvo 2065,"Sep 03, 2009"
15 Bhadarvo 2065,"Sep 04, 2009"
16 Bhadarvo 2065,"Sep 05, 2009"
17 Bhadarvo 2065,"Sep 06, 2009"
18 Bhadarvo 2065,"Sep 07, 2009"
19 Bhadarvo 2065,"Sep 08, 2009"
20 Bhadarvo 2065,"Sep 09, 2009"
21 Bhadarvo 2065,"Sep 10, 2009"
22 Bhadarvo 2065,"Sep 11, 2009"
23 Bhadarvo 2065,"Sep 12, 2009"
24 Bhadarvo 2065,"Sep 13, 2009"
25 Bhadarvo 2065,"Sep 14, 2009"
26 Bhadarvo 2065,"Sep 15, 2009"
27 Bhadarvo 2065,"Sep 16, 2009"
28 Bhadarvo 2065,"Sep 17, 2009"
29 Bhadarvo 2065,"Sep 18, 2009"
1 Aso 2065,"Sep 19, 2009"
2 Aso 2065,"Sep 20, 2009"
3 Aso 2065,"Sep 21, 2009"
4 Aso 2065,"Sep 22, 2009"
5 Aso 2065,"Sep 23, 2009"
6 Aso 2065,"Sep 24, 2009"
7 Aso 2065,"Sep 25, 2009"
8 Aso 2065,"Sep 26, 2009"
9 Aso 2065,"Sep 27, 2009"
10 Aso 2065,"Sep 28, 2009"
11 Aso 2065,"Sep 29, 2009"
12 Aso 2065,"Sep 30, 2009"
13 Aso 2065,"Oct 01, 2009"
14 Aso 2065,"Oct 02, 2009"
15 Aso 2065,"Oct 03, 2009"
16 Aso 2065,"Oct 04, 2009"
17 Aso 2065,"Oct 05, 2009"
18 Aso 2065,"Oct 06, 2009"
19 Aso 2065,"Oct 07, 2009"
20 Aso 2065,"Oct 08, 2009"
21 Aso 2065,"Oct 09, 2009"
22 Aso 2065,"Oct 10, 2009"
23 Aso 2065,"Oct 11, 2009"
24 Aso 2065,"Oct 12, 2009"
25 Aso 2065,"Oct 13, 2009"
26 Aso 2065,"Oct 14, 2009"
27 Aso 2065,"Oct 15, 2009"
28 Aso 2065,"Oct 16, 2009"
29 Aso 2065,"Oct 17, 2009"
30 Aso 2065,"Oct 18, 2009"
1 Kartak 2065,"Oct 19, 2009"
2 Kartak 2065,"Oct 20, 2009"
3 Kartak 2065,"Oct 21, 2009"
4 Kartak 2065,"Oct 22, 2009"
5 Kartak 2065,"Oct 23, 2009"
6 Kartak 2065,"Oct 24, 2009"
7 Kartak 2065,"Oct 25, 2009"
8 Kartak 2065,"Oct 26, 2009"
9 Kartak 2065,"Oct 27, 2009"
10 Kartak 2065,"Oct 28, 2009"
11 Kartak 2065,"Oct 29, 2009"
12 Kartak 2065,"Oct 30, 2009"
13 Kartak 2065,"Oct 31, 2009"
14 Kartak 2065,"Nov 01, 2009"
15 Kartak 2065,"Nov 02, 2009"
16 Kartak 2065,"Nov 03, 2009"
17 Kartak 2065,"Nov 04, 2009"
18 Kartak 2065,"Nov 05, 2009"
19 Kartak 2065,"Nov 06, 2009"
20 Kartak 2065,"Nov 07, 2009"
21 Kartak 2065,"Nov 08, 2009"
22 Kartak 2065,"Nov 09, 2009"
23 Kartak 2065,"Nov 10, 2009"
24 Kartak 2065,"Nov 11, 2009"
25 Kartak 2065,"Nov 12, 2009"
26 Kartak 2065,"Nov 13, 2009"
27 Kartak 2065,"Nov 14, 2009"
28 Kartak 2065,"Nov 15, 2009"
29 Kartak 2065,"Nov 16, 2009"
1 Magshar 2065,"Nov 17, 2009"
2 Magshar 2065,"Nov 18, 2009"
3 Magshar 2065,"Nov 19, 2009"
4 Magshar 2065,"Nov 20, 2009"
5 Magshar 2065,"Nov 21, 2009"
6 Magshar 2065,"Nov 22, 2009"
7 Magshar 2065,"Nov 23, 2009"
8 Magshar 2065,"Nov 24, 2009"
9 Magshar 2065,"Nov 25, 2009"
10 Magshar 2065,"Nov 26, 2009"
11 Magshar 2065,"Nov 27, 2009"
12 Magshar 2065,"Nov 28, 2009"
13 Magshar 2065,"Nov 29, 2009"
14 Magshar 2065,"Nov 30, 2009"
15 Magshar 2065,"Dec 01, 2009"
16 Magshar 2065,"Dec 02, 2009"
17 Magshar 2065,"Dec 03, 2009"
18 Magshar 2065,"Dec 04, 2009"
19 Magshar 2065,"Dec 05, 2009"
20 Magshar 2065,"Dec 06, 2009"
21 Magshar 2065,"Dec 07, 2009"
22 Magshar 2065,"Dec 08, 2009"
23 Magshar 2065,"Dec 09, 2009"
24 Magshar 2065,"Dec 10, 2009"
25 Magshar 2065,"Dec 11, 2009"
26 Magshar 2065,"Dec 12, 2009"
27 Magshar 2065,"Dec 13, 2009"
28 Magshar 2065,"Dec 14, 2009"
29 Magshar 2065,"Dec 15, 2009"
30 Magshar 2065,"Dec 16, 2009"
1 Maha 2066,"Jan 16, 2010"
2 Maha 2066,"Jan 17, 2010"
3 Maha 2066,"Jan 18, 2010"
4 Maha 2066,"Jan 19, 2010"
5 Maha 2066,"Jan 20, 2010"
6 Maha 2066,"Jan 21, 2010"
7 Maha 2066,"Jan 22, 2010"
8 Maha 2066,"Jan 23, 2010"
9 Maha 2066,"Jan 24, 2010"
10 Maha 2066,"Jan 25, 2010"
11 Maha 2066,"Jan 26, 2010"
12 Maha 2066,"Jan 27, 2010"
13 Maha 2066,"Jan 28, 2010"
14 Maha 2066,"Jan 29, 2010"
15 Maha 2066,"Jan 30, 2010"
16 Maha 2066,"Jan 31, 2010"
17 Maha 2066,"Feb 01, 2010"
18 Maha 2066,"Feb 02, 2010"
19 Maha 2066,"Feb 03, 2010"
20 Maha 2066,"Feb 04, 2010"
21 Maha 2066,"Feb 05, 2010"
22 Maha 2066,"Feb 06, 2010"
23 Maha 2066,"Feb 07, 2010"
24 Maha 2066,"Feb 08, 2010"
25 Maha 2066,"Feb 09, 2010"
26 Maha 2066,"Feb 10, 2010"
27 Maha 2066,"Feb 11, 2010"
28 Maha 2066,"Feb 12, 2010"
29 Maha 2066,"Feb 13, 2010"
30 Maha 2066,"Feb 14, 2010"
1 Faguna 2066,"Feb 15, 2010"
2 Faguna 2066,"Feb 16, 2010"
3 Faguna 2066,"Feb 17, 2010"
4 Faguna 2066,"Feb 18, 2010"
5 Faguna 2066,"Feb 19, 2010"
6 Faguna 2066,"Feb 20, 2010"
7 Faguna 2066,"Feb 21, 2010"
8 Faguna 2066,"Feb 22, 2010"
9 Faguna 2066,"Feb 23, 2010"
10 Faguna 2066,"Feb 24, 2010"
11 Faguna 2066,"Feb 25, 2010"
12 Faguna 2066,"Feb 26, 2010"
13 Faguna 2066,"Feb 27, 2010"
14 Faguna 2066,"Feb 28, 2010"
15 Faguna 2066,"Mar 01, 2010"
16 Faguna 2066,"Mar 02, 2010"
17 Faguna 2066,"Mar 03, 2010"
18 Faguna 2066,"Mar 04, 2010"
19 Faguna 2066,"Mar 05, 2010"
20 Faguna 2066,"Mar 06, 2010"
21 Faguna 2066,"Mar 07, 2010"
22 Faguna 2066,"Mar 08, 2010"
23 Faguna 2066,"Mar 09, 2010"
24 Faguna 2066,"Mar 10, 2010"
25 Faguna 2066,"Mar 11, 2010"
26 Faguna 2066,"Mar 12, 2010"
27 Faguna 2066,"Mar 13, 2010"
28 Faguna 2066,"Mar 14, 2010"
29 Faguna 2066,"Mar 15, 2010"
1 Chaitra 2066,"Mar 16, 2010"
2 Chaitra 2066,"Mar 17, 2010"
3 Chaitra 2066,"Mar 18, 2010"
4 Chaitra 2066,"Mar 19, 2010"
5 Chaitra 2066,"Mar 20, 2010"
6 Chaitra 2066,"Mar 21, 2010"
7 Chaitra 2066,"Mar 22, 2010"
8 Chaitra 2066,"Mar 23, 2010"
9 Chaitra 2066,"Mar 24, 2010"
10 Chaitra 2066,"Mar 25, 2010"
11 Chaitra 2066,"Mar 26, 2010"
12 Chaitra 2066,"Mar 27, 2010"
13 Chaitra 2066,"Mar 28, 2010"
14 Chaitra 2066,"Mar 29, 2010"
15 Chaitra 2066,"Mar 30, 2010"
16 Chaitra 2066,"Mar 31, 2010"
17 Chaitra 2066,"Apr 01, 2010"
18 Chaitra 2066,"Apr 02, 2010"
19 Chaitra 2066,"Apr 03, 2010"
20 Chaitra 2066,"Apr 04, 2010"
21 Chaitra 2066,"Apr 05, 2010"
22 Chaitra 2066,"Apr 06, 2010"
23 Chaitra 2066,"Apr 07, 2010"
24 Chaitra 2066,"Apr 08, 2010"
25 Chaitra 2066,"Apr 09, 2010"
26 Chaitra 2066,"Apr 10, 2010"
27 Chaitra 2066,"Apr 11, 2010"
28 Chaitra 2066,"Apr 12, 2010"
29 Chaitra 2066,"Apr 13, 2010"
30 Chaitra 2066,"Apr 14, 2010"
1 Vaishakha_Adhik 2066,"Apr 15, 2010"
2 Vaishakha_Adhik 2066,"Apr 16, 2010"
3 Vaishakha_Adhik 2066,"Apr 17, 2010"
4 Vaishakha_Adhik 2066,"Apr 18, 2010"
5 Vaishakha_Adhik 2066,"Apr 19, 2010"
6 Vaishakha_Adhik 2066,"Apr 20, 2010"
7 Vaishakha_Adhik 2066,"Apr 21, 2010"
8 Vaishakha_Adhik 2066,"Apr 22, 2010"
9 Vaishakha_Adhik 2066,"Apr 23, 2010"
10 Vaishakha_Adhik 2066,"Apr 24, 2010"
11 Vaishakha_Adhik 2066,"Apr 25, 2010"
12 Vaishakha_Adhik 2066,"Apr 26, 2010"
13 Vaishakha_Adhik 2066,"Apr 27, 2010"
14 Vaishakha_Adhik 2066,"Apr 28, 2010"
15 Vaishakha_Adhik 2066,"Apr 29, 2010"
16 Vaishakha_Adhik 2066,"Apr 30, 2010"
17 Vaishakha_Adhik 2066,"May 01, 2010"
18 Vaishakha_Adhik 2066,"May 02, 2010"
19 Vaishakha_Adhik 2066,"May 03, 2010"
20 Vaishakha_Adhik 2066,"May 04, 2010"
21 Vaishakha_Adhik 2066,"May 05, 2010"
22 Vaishakha_Adhik 2066,"May 06, 2010"
23 Vaishakha_Adhik 2066,"May 07, 2010"
24 Vaishakha_Adhik 2066,"May 08, 2010"
25 Vaishakha_Adhik 2066,"May 09, 2010"
26 Vaishakha_Adhik 2066,"May 10, 2010"
27 Vaishakha_Adhik 2066,"May 11, 2010"
28 Vaishakha_Adhik 2066,"May 12, 2010"
29 Vaishakha_Adhik 2066,"May 13, 2010"
30 Vaishakha_Adhik 2066,"May 14, 2010"
1 Vaishakha 2066,"May 15, 2010"
2 Vaishakha 2066,"May 16, 2010"
3 Vaishakha 2066,"May 17, 2010"
4 Vaishakha 2066,"May 18, 2010"
5 Vaishakha 2066,"May 19, 2010"
6 Vaishakha 2066,"May 20, 2010"
7 Vaishakha 2066,"May 21, 2010"
8 Vaishakha 2066,"May 22, 2010"
9 Vaishakha 2066,"May 23, 2010"
10 Vaishakha 2066,"May 24, 2010"
11 Vaishakha 2066,"May 25, 2010"
12 Vaishakha 2066,"May 26, 2010"
13 Vaishakha 2066,"May 27, 2010"
14 Vaishakha 2066,"May 28, 2010"
15 Vaishakha 2066,"May 29, 2010"
16 Vaishakha 2066,"May 30, 2010"
17 Vaishakha 2066,"May 31, 2010"
18 Vaishakha 2066,"Jun 01, 2010"
19 Vaishakha 2066,"Jun 02, 2010"
20 Vaishakha 2066,"Jun 03, 2010"
21 Vaishakha 2066,"Jun 04, 2010"
22 Vaishakha 2066,"Jun 05, 2010"
23 Vaishakha 2066,"Jun 06, 2010"
24 Vaishakha 2066,"Jun 07, 2010"
25 Vaishakha 2066,"Jun 08, 2010"
26 Vaishakha 2066,"Jun 09, 2010"
27 Vaishakha 2066,"Jun 10, 2010"
28 Vaishakha 2066,"Jun 11, 2010"
29 Vaishakha 2066,"Jun 12, 2010"
1 Jyestha 2066,"Jun 13, 2010"
2 Jyestha 2066,"Jun 14, 2010"
3 Jyestha 2066,"Jun 15, 2010"
4 Jyestha 2066,"Jun 16, 2010"
5 Jyestha 2066,"Jun 17, 2010"
6 Jyestha 2066,"Jun 18, 2010"
7 Jyestha 2066,"Jun 19, 2010"
8 Jyestha 2066,"Jun 20, 2010"
9 Jyestha 2066,"Jun 21, 2010"
10 Jyestha 2066,"Jun 22, 2010"
11 Jyestha 2066,"Jun 23, 2010"
12 Jyestha 2066,"Jun 24, 2010"
13 Jyestha 2066,"Jun 25, 2010"
14 Jyestha 2066,"Jun 26, 2010"
15 Jyestha 2066,"Jun 27, 2010"
16 Jyestha 2066,"Jun 28, 2010"
17 Jyestha 2066,"Jun 29, 2010"
18 Jyestha 2066,"Jun 30, 2010"
19 Jyestha 2066,"Jul 01, 2010"
20 Jyestha 2066,"Jul 02, 2010"
21 Jyestha 2066,"Jul 03, 2010"
22 Jyestha 2066,"Jul 04, 2010"
23 Jyestha 2066,"Jul 05, 2010"
24 Jyestha 2066,"Jul 06, 2010"
25 Jyestha 2066,"Jul 07, 2010"
26 Jyestha 2066,"Jul 08, 2010"
27 Jyestha 2066,"Jul 09, 2010"
28 Jyestha 2066,"Jul 10, 2010"
29 Jyestha 2066,"Jul 11, 2010"
1 Ashadha 2066,"Jul 12, 2010"
2 Ashadha 2066,"Jul 13, 2010"
3 Ashadha 2066,"Jul 14, 2010"
4 Ashadha 2066,"Jul 15, 2010"
5 Ashadha 2066,"Jul 16, 2010"
6 Ashadha 2066,"Jul 17, 2010"
7 Ashadha 2066,"Jul 18, 2010"
8 Ashadha 2066,"Jul 19, 2010"
9 Ashadha 2066,"Jul 20, 2010"
10 Ashadha 2066,"Jul 21, 2010"
11 Ashadha 2066,"Jul 22, 2010"
12 Ashadha 2066,"Jul 23, 2010"
13 Ashadha 2066,"Jul 24, 2010"
14 Ashadha 2066,"Jul 25, 2010"
15 Ashadha 2066,"Jul 26, 2010"
16 Ashadha 2066,"Jul 27, 2010"
17 Ashadha 2066,"Jul 28, 2010"
18 Ashadha 2066,"Jul 29, 2010"
19 Ashadha 2066,"Jul 30, 2010"
20 Ashadha 2066,"Jul 31, 2010"
21 Ashadha 2066,"Aug 01, 2010"
22 Ashadha 2066,"Aug 02, 2010"
23 Ashadha 2066,"Aug 03, 2010"
24 Ashadha 2066,"Aug 04, 2010"
25 Ashadha 2066,"Aug 05, 2010"
26 Ashadha 2066,"Aug 06, 2010"
27 Ashadha 2066,"Aug 07, 2010"
28 Ashadha 2066,"Aug 08, 2010"
29 Ashadha 2066,"Aug 09, 2010"
30 Ashadha 2066,"Aug 10, 2010"
1 Shravana 2066,"Aug 11, 2010"
2 Shravana 2066,"Aug 12, 2010"
3 Shravana 2066,"Aug 13, 2010"
4 Shravana 2066,"Aug 14, 2010"
5 Shravana 2066,"Aug 15, 2010"
6 Shravana 2066,"Aug 16, 2010"
7 Shravana 2066,"Aug 17, 2010"
8 Shravana 2066,"Aug 18, 2010"
9 Shravana 2066,"Aug 19, 2010"
10 Shravana 2066,"Aug 20, 2010"
11 Shravana 2066,"Aug 21, 2010"
12 Shravana 2066,"Aug 22, 2010"
13 Shravana 2066,"Aug 23, 2010"
14 Shravana 2066,"Aug 24, 2010"
15 Shravana 2066,"Aug 25, 2010"
16 Shravana 2066,"Aug 26, 2010"
17 Shravana 2066,"Aug 27, 2010"
18 Shravana 2066,"Aug 28, 2010"
19 Shravana 2066,"Aug 29, 2010"
20 Shravana 2066,"Aug 30, 2010"
21 Shravana 2066,"Aug 31, 2010"
22 Shravana 2066,"Sep 01, 2010"
23 Shravana 2066,"Sep 02, 2010"
24 Shravana 2066,"Sep 03, 2010"
25 Shravana 2066,"Sep 04, 2010"
26 Shravana 2066,"Sep 05, 2010"
27 Shravana 2066,"Sep 06, 2010"
28 Shravana 2066,"Sep 07, 2010"
29 Shravana 2066,"Sep 08, 2010"
1 Bhadarvo 2066,"Sep 09, 2010"
2 Bhadarvo 2066,"Sep 10, 2010"
3 Bhadarvo 2066,"Sep 11, 2010"
4 Bhadarvo 2066,"Sep 12, 2010"
5 Bhadarvo 2066,"Sep 13, 2010"
6 Bhadarvo 2066,"Sep 14, 2010"
7 Bhadarvo 2066,"Sep 15, 2010"
8 Bhadarvo 2066,"Sep 16, 2010"
9 Bhadarvo 2066,"Sep 17, 2010"
10 Bhadarvo 2066,"Sep 18, 2010"
11 Bhadarvo 2066,"Sep 19, 2010"
12 Bhadarvo 2066,"Sep 20, 2010"
13 Bhadarvo 2066,"Sep 21, 2010"
14 Bhadarvo 2066,"Sep 22, 2010"
15 Bhadarvo 2066,"Sep 23, 2010"
16 Bhadarvo 2066,"Sep 24, 2010"
17 Bhadarvo 2066,"Sep 25, 2010"
18 Bhadarvo 2066,"Sep 26, 2010"
19 Bhadarvo 2066,"Sep 27, 2010"
20 Bhadarvo 2066,"Sep 28, 2010"
21 Bhadarvo 2066,"Sep 29, 2010"
22 Bhadarvo 2066,"Sep 30, 2010"
23 Bhadarvo 2066,"Oct 01, 2010"
24 Bhadarvo 2066,"Oct 02, 2010"
25 Bhadarvo 2066,"Oct 03, 2010"
26 Bhadarvo 2066,"Oct 04, 2010"
27 Bhadarvo 2066,"Oct 05, 2010"
28 Bhadarvo 2066,"Oct 06, 2010"
29 Bhadarvo 2066,"Oct 07, 2010"
1 Aso 2066,"Oct 08, 2010"
2 Aso 2066,"Oct 09, 2010"
3 Aso 2066,"Oct 10, 2010"
4 Aso 2066,"Oct 11, 2010"
5 Aso 2066,"Oct 12, 2010"
6 Aso 2066,"Oct 13, 2010"
7 Aso 2066,"Oct 14, 2010"
8 Aso 2066,"Oct 15, 2010"
9 Aso 2066,"Oct 16, 2010"
10 Aso 2066,"Oct 17, 2010"
11 Aso 2066,"Oct 18, 2010"
12 Aso 2066,"Oct 19, 2010"
13 Aso 2066,"Oct 20, 2010"
14 Aso 2066,"Oct 21, 2010"
15 Aso 2066,"Oct 22, 2010"
16 Aso 2066,"Oct 23, 2010"
17 Aso 2066,"Oct 24, 2010"
18 Aso 2066,"Oct 25, 2010"
19 Aso 2066,"Oct 26, 2010"
20 Aso 2066,"Oct 27, 2010"
21 Aso 2066,"Oct 28, 2010"
22 Aso 2066,"Oct 29, 2010"
23 Aso 2066,"Oct 30, 2010"
24 Aso 2066,"Oct 31, 2010"
25 Aso 2066,"Nov 01, 2010"
26 Aso 2066,"Nov 02, 2010"
27 Aso 2066,"Nov 03, 2010"
28 Aso 2066,"Nov 04, 2010"
29 Aso 2066,"Nov 05, 2010"
30 Aso 2066,"Nov 06, 2010"
1 Kartak 2066,"Nov 07, 2010"
2 Kartak 2066,"Nov 08, 2010"
3 Kartak 2066,"Nov 09, 2010"
4 Kartak 2066,"Nov 10, 2010"
5 Kartak 2066,"Nov 11, 2010"
6 Kartak 2066,"Nov 12, 2010"
7 Kartak 2066,"Nov 13, 2010"
8 Kartak 2066,"Nov 14, 2010"
9 Kartak 2066,"Nov 15, 2010"
10 Kartak 2066,"Nov 16, 2010"
11 Kartak 2066,"Nov 17, 2010"
12 Kartak 2066,"Nov 18, 2010"
13 Kartak 2066,"Nov 19, 2010"
14 Kartak 2066,"Nov 20, 2010"
15 Kartak 2066,"Nov 21, 2010"
16 Kartak 2066,"Nov 22, 2010"
17 Kartak 2066,"Nov 23, 2010"
18 Kartak 2066,"Nov 24, 2010"
19 Kartak 2066,"Nov 25, 2010"
20 Kartak 2066,"Nov 26, 2010"
21 Kartak 2066,"Nov 27, 2010"
22 Kartak 2066,"Nov 28, 2010"
23 Kartak 2066,"Nov 29, 2010"
24 Kartak 2066,"Nov 30, 2010"
25 Kartak 2066,"Dec 01, 2010"
26 Kartak 2066,"Dec 02, 2010"
27 Kartak 2066,"Dec 03, 2010"
28 Kartak 2066,"Dec 04, 2010"
29 Kartak 2066,"Dec 05, 2010"
1 Magshar 2066,"Dec 06, 2010"
2 Magshar 2066,"Dec 07, 2010"
3 Magshar 2066,"Dec 08, 2010"
4 Magshar 2066,"Dec 09, 2010"
5 Magshar 2066,"Dec 10, 2010"
6 Magshar 2066,"Dec 11, 2010"
7 Magshar 2066,"Dec 12, 2010"
8 Magshar 2066,"Dec 13, 2010"
9 Magshar 2066,"Dec 14, 2010"
10 Magshar 2066,"Dec 15, 2010"
11 Magshar 2066,"Dec 16, 2010"
12 Magshar 2066,"Dec 17, 2010"
13 Magshar 2066,"Dec 18, 2010"
14 Magshar 2066,"Dec 19, 2010"
15 Magshar 2066,"Dec 20, 2010"
16 Magshar 2066,"Dec 21, 2010"
17 Magshar 2066,"Dec 22, 2010"
18 Magshar 2066,"Dec 23, 2010"
19 Magshar 2066,"Dec 24, 2010"
20 Magshar 2066,"Dec 25, 2010"
21 Magshar 2066,"Dec 26, 2010"
22 Magshar 2066,"Dec 27, 2010"
23 Magshar 2066,"Dec 28, 2010"
24 Magshar 2066,"Dec 29, 2010"
25 Magshar 2066,"Dec 30, 2010"
26 Magshar 2066,"Dec 31, 2010"
27 Magshar 2066,"Jan 01, 2011"
28 Magshar 2066,"Jan 02, 2011"
29 Magshar 2066,"Jan 03, 2011"
30 Magshar 2066,"Jan 04, 2011"
1 Posh 2067,"Jan 05, 2011"
2 Posh 2067,"Jan 06, 2011"
3 Posh 2067,"Jan 07, 2011"
4 Posh 2067,"Jan 08, 2011"
5 Posh 2067,"Jan 09, 2011"
6 Posh 2067,"Jan 10, 2011"
7 Posh 2067,"Jan 11, 2011"
8 Posh 2067,"Jan 12, 2011"
9 Posh 2067,"Jan 13, 2011"
10 Posh 2067,"Jan 14, 2011"
11 Posh 2067,"Jan 15, 2011"
12 Posh 2067,"Jan 16, 2011"
13 Posh 2067,"Jan 17, 2011"
14 Posh 2067,"Jan 18, 2011"
15 Posh 2067,"Jan 19, 2011"
16 Posh 2067,"Jan 20, 2011"
17 Posh 2067,"Jan 21, 2011"
18 Posh 2067,"Jan 22, 2011"
19 Posh 2067,"Jan 23, 2011"
20 Posh 2067,"Jan 24, 2011"
21 Posh 2067,"Jan 25, 2011"
22 Posh 2067,"Jan 26, 2011"
23 Posh 2067,"Jan 27, 2011"
24 Posh 2067,"Jan 28, 2011"
25 Posh 2067,"Jan 29, 2011"
26 Posh 2067,"Jan 30, 2011"
27 Posh 2067,"Jan 31, 2011"
28 Posh 2067,"Feb 01, 2011"
29 Posh 2067,"Feb 02, 2011"
30 Posh 2067,"Feb 03, 2011"
1 Maha 2067,"Feb 04, 2011"
2 Maha 2067,"Feb 05, 2011"
3 Maha 2067,"Feb 06, 2011"
4 Maha 2067,"Feb 07, 2011"
5 Maha 2067,"Feb 08, 2011"
6 Maha 2067,"Feb 09, 2011"
7 Maha 2067,"Feb 10, 2011"
8 Maha 2067,"Feb 11, 2011"
9 Maha 2067,"Feb 12, 2011"
10 Maha 2067,"Feb 13, 2011"
11 Maha 2067,"Feb 14, 2011"
12 Maha 2067,"Feb 15, 2011"
13 Maha 2067,"Feb 16, 2011"
14 Maha 2067,"Feb 17, 2011"
15 Maha 2067,"Feb 18, 2011"
16 Maha 2067,"Feb 19, 2011"
17 Maha 2067,"Feb 20, 2011"
18 Maha 2067,"Feb 21, 2011"
19 Maha 2067,"Feb 22, 2011"
20 Maha 2067,"Feb 23, 2011"
21 Maha 2067,"Feb 24, 2011"
22 Maha 2067,"Feb 25, 2011"
23 Maha 2067,"Feb 26, 2011"
24 Maha 2067,"Feb 27, 2011"
25 Maha 2067,"Feb 28, 2011"
26 Maha 2067,"Mar 01, 2011"
27 Maha 2067,"Mar 02, 2011"
28 Maha 2067,"Mar 03, 2011"
29 Maha 2067,"Mar 04, 2011"
1 Phaguna 2067,"Mar 05, 2011"
2 Phaguna 2067,"Mar 06, 2011"
3 Phaguna 2067,"Mar 07, 2011"
4 Phaguna 2067,"Mar 08, 2011"
5 Phaguna 2067,"Mar 09, 2011"
6 Phaguna 2067,"Mar 10, 2011"
7 Phaguna 2067,"Mar 11, 2011"
8 Phaguna 2067,"Mar 12, 2011"
9 Phaguna 2067,"Mar 13, 2011"
10 Phaguna 2067,"Mar 14, 2011"
11 Phaguna 2067,"Mar 15, 2011"
12 Phaguna 2067,"Mar 16, 2011"
13 Phaguna 2067,"Mar 17, 2011"
14 Phaguna 2067,"Mar 18, 2011"
15 Phaguna 2067,"Mar 19, 2011"
16 Phaguna 2067,"Mar 20, 2011"
17 Phaguna 2067,"Mar 21, 2011"
18 Phaguna 2067,"Mar 22, 2011"
19 Phaguna 2067,"Mar 23, 2011"
20 Phaguna 2067,"Mar 24, 2011"
21 Phaguna 2067,"Mar 25, 2011"
22 Phaguna 2067,"Mar 26, 2011"
23 Phaguna 2067,"Mar 27, 2011"
24 Phaguna 2067,"Mar 28, 2011"
25 Phaguna 2067,"Mar 29, 2011"
26 Phaguna 2067,"Mar 30, 2011"
27 Phaguna 2067,"Mar 31, 2011"
28 Phaguna 2067,"Apr 01, 2011"
29 Phaguna 2067,"Apr 02, 2011"
30 Phaguna 2067,"Apr 03, 2011"
1 Chaitra 2067,"Apr 04, 2011"
2 Chaitra 2067,"Apr 05, 2011"
3 Chaitra 2067,"Apr 06, 2011"
4 Chaitra 2067,"Apr 07, 2011"
5 Chaitra 2067,"Apr 08, 2011"
6 Chaitra 2067,"Apr 09, 2011"
7 Chaitra 2067,"Apr 10, 2011"
8 Chaitra 2067,"Apr 11, 2011"
9 Chaitra 2067,"Apr 12, 2011"
10 Chaitra 2067,"Apr 13, 2011"
11 Chaitra 2067,"Apr 14, 2011"
12 Chaitra 2067,"Apr 15, 2011"
13 Chaitra 2067,"Apr 16, 2011"
14 Chaitra 2067,"Apr 17, 2011"
15 Chaitra 2067,"Apr 18, 2011"
16 Chaitra 2067,"Apr 19, 2011"
17 Chaitra 2067,"Apr 20, 2011"
18 Chaitra 2067,"Apr 21, 2011"
19 Chaitra 2067,"Apr 22, 2011"
20 Chaitra 2067,"Apr 23, 2011"
21 Chaitra 2067,"Apr 24, 2011"
22 Chaitra 2067,"Apr 25, 2011"
23 Chaitra 2067,"Apr 26, 2011"
24 Chaitra 2067,"Apr 27, 2011"
25 Chaitra 2067,"Apr 28, 2011"
26 Chaitra 2067,"Apr 29, 2011"
27 Chaitra 2067,"Apr 30, 2011"
28 Chaitra 2067,"May 01, 2011"
29 Chaitra 2067,"May 02, 2011"
30 Chaitra 2067,"May 03, 2011"
1 Vaishakha 2067,"May 04, 2011"
2 Vaishakha 2067,"May 05, 2011"
3 Vaishakha 2067,"May 06, 2011"
4 Vaishakha 2067,"May 07, 2011"
5 Vaishakha 2067,"May 08, 2011"
6 Vaishakha 2067,"May 09, 2011"
7 Vaishakha 2067,"May 10, 2011"
8 Vaishakha 2067,"May 11, 2011"
9 Vaishakha 2067,"May 12, 2011"
10 Vaishakha 2067,"May 13, 2011"
11 Vaishakha 2067,"May 14, 2011"
12 Vaishakha 2067,"May 15, 2011"
13 Vaishakha 2067,"May 16, 2011"
14 Vaishakha 2067,"May 17, 2011"
15 Vaishakha 2067,"May 18, 2011"
16 Vaishakha 2067,"May 19, 2011"
17 Vaishakha 2067,"May 20, 2011"
18 Vaishakha 2067,"May 21, 2011"
19 Vaishakha 2067,"May 22, 2011"
20 Vaishakha 2067,"May 23, 2011"
21 Vaishakha 2067,"May 24, 2011"
22 Vaishakha 2067,"May 25, 2011"
23 Vaishakha 2067,"May 26, 2011"
24 Vaishakha 2067,"May 27, 2011"
25 Vaishakha 2067,"May 28, 2011"
26 Vaishakha 2067,"May 29, 2011"
27 Vaishakha 2067,"May 30, 2011"
28 Vaishakha 2067,"May 31, 2011"
29 Vaishakha 2067,"Jun 01, 2011"
1 Jyeshtha 2067,"Jun 02, 2011"
2 Jyeshtha 2067,"Jun 03, 2011"
3 Jyeshtha 2067,"Jun 04, 2011"
4 Jyeshtha 2067,"Jun 05, 2011"
5 Jyeshtha 2067,"Jun 06, 2011"
6 Jyeshtha 2067,"Jun 07, 2011"
7 Jyeshtha 2067,"Jun 08, 2011"
8 Jyeshtha 2067,"Jun 09, 2011"
9 Jyeshtha 2067,"Jun 10, 2011"
10 Jyeshtha 2067,"Jun 11, 2011"
11 Jyeshtha 2067,"Jun 12, 2011"
12 Jyeshtha 2067,"Jun 13, 2011"
13 Jyeshtha 2067,"Jun 14, 2011"
14 Jyeshtha 2067,"Jun 15, 2011"
15 Jyeshtha 2067,"Jun 16, 2011"
16 Jyeshtha 2067,"Jun 17, 2011"
17 Jyeshtha 2067,"Jun 18, 2011"
18 Jyeshtha 2067,"Jun 19, 2011"
19 Jyeshtha 2067,"Jun 20, 2011"
20 Jyeshtha 2067,"Jun 21, 2011"
21 Jyeshtha 2067,"Jun 22, 2011"
22 Jyeshtha 2067,"Jun 23, 2011"
23 Jyeshtha 2067,"Jun 24, 2011"
24 Jyeshtha 2067,"Jun 25, 2011"
25 Jyeshtha 2067,"Jun 26, 2011"
26 Jyeshtha 2067,"Jun 27, 2011"
27 Jyeshtha 2067,"Jun 28, 2011"
28 Jyeshtha 2067,"Jun 29, 2011"
29 Jyeshtha 2067,"Jun 30, 2011"
30 Jyeshtha 2067,"Jul 01, 2011"
1 Ashadha 2067,"Jul 02, 2011"
2 Ashadha 2067,"Jul 03, 2011"
3 Ashadha 2067,"Jul 04, 2011"
4 Ashadha 2067,"Jul 05, 2011"
5 Ashadha 2067,"Jul 06, 2011"
6 Ashadha 2067,"Jul 07, 2011"
7 Ashadha 2067,"Jul 08, 2011"
8 Ashadha 2067,"Jul 09, 2011"
9 Ashadha 2067,"Jul 10, 2011"
10 Ashadha 2067,"Jul 11, 2011"
11 Ashadha 2067,"Jul 12, 2011"
12 Ashadha 2067,"Jul 13, 2011"
13 Ashadha 2067,"Jul 14, 2011"
14 Ashadha 2067,"Jul 15, 2011"
15 Ashadha 2067,"Jul 16, 2011"
16 Ashadha 2067,"Jul 17, 2011"
17 Ashadha 2067,"Jul 18, 2011"
18 Ashadha 2067,"Jul 19, 2011"
19 Ashadha 2067,"Jul 20, 2011"
20 Ashadha 2067,"Jul 21, 2011"
21 Ashadha 2067,"Jul 22, 2011"
22 Ashadha 2067,"Jul 23, 2011"
23 Ashadha 2067,"Jul 24, 2011"
24 Ashadha 2067,"Jul 25, 2011"
25 Ashadha 2067,"Jul 26, 2011"
26 Ashadha 2067,"Jul 27, 2011"
27 Ashadha 2067,"Jul 28, 2011"
28 Ashadha 2067,"Jul 29, 2011"
29 Ashadha 2067,"Jul 30, 2011"
1 Shravana 2067,"Jul 31, 2011"
2 Shravana 2067,"Aug 01, 2011"
3 Shravana 2067,"Aug 02, 2011"
4 Shravana 2067,"Aug 03, 2011"
5 Shravana 2067,"Aug 04, 2011"
6 Shravana 2067,"Aug 05, 2011"
7 Shravana 2067,"Aug 06, 2011"
8 Shravana 2067,"Aug 07, 2011"
9 Shravana 2067,"Aug 08, 2011"
10 Shravana 2067,"Aug 09, 2011"
11 Shravana 2067,"Aug 10, 2011"
12 Shravana 2067,"Aug 11, 2011"
13 Shravana 2067,"Aug 12, 2011"
14 Shravana 2067,"Aug 13, 2011"
15 Shravana 2067,"Aug 14, 2011"
16 Shravana 2067,"Aug 15, 2011"
17 Shravana 2067,"Aug 16, 2011"
18 Shravana 2067,"Aug 17, 2011"
19 Shravana 2067,"Aug 18, 2011"
20 Shravana 2067,"Aug 19, 2011"
21 Shravana 2067,"Aug 20, 2011"
22 Shravana 2067,"Aug 21, 2011"
23 Shravana 2067,"Aug 22, 2011"
24 Shravana 2067,"Aug 23, 2011"
25 Shravana 2067,"Aug 24, 2011"
26 Shravana 2067,"Aug 25, 2011"
27 Shravana 2067,"Aug 26, 2011"
28 Shravana 2067,"Aug 27, 2011"
29 Shravana 2067,"Aug 28, 2011"
30 Shravana 2067,"Aug 29, 2011"
1 Bhadarvo 2067,"Aug 30, 2011"
2 Bhadarvo 2067,"Aug 31, 2011"
3 Bhadarvo 2067,"Sep 01, 2011"
4 Bhadarvo 2067,"Sep 02, 2011"
5 Bhadarvo 2067,"Sep 03, 2011"
6 Bhadarvo 2067,"Sep 04, 2011"
7 Bhadarvo 2067,"Sep 05, 2011"
8 Bhadarvo 2067,"Sep 06, 2011"
9 Bhadarvo 2067,"Sep 07, 2011"
10 Bhadarvo 2067,"Sep 08, 2011"
11 Bhadarvo 2067,"Sep 09, 2011"
12 Bhadarvo 2067,"Sep 10, 2011"
13 Bhadarvo 2067,"Sep 11, 2011"
14 Bhadarvo 2067,"Sep 12, 2011"
15 Bhadarvo 2067,"Sep 13, 2011"
16 Bhadarvo 2067,"Sep 14, 2011"
17 Bhadarvo 2067,"Sep 15, 2011"
18 Bhadarvo 2067,"Sep 16, 2011"
19 Bhadarvo 2067,"Sep 17, 2011"
20 Bhadarvo 2067,"Sep 18, 2011"
21 Bhadarvo 2067,"Sep 19, 2011"
22 Bhadarvo 2067,"Sep 20, 2011"
23 Bhadarvo 2067,"Sep 21, 2011"
24 Bhadarvo 2067,"Sep 22, 2011"
25 Bhadarvo 2067,"Sep 23, 2011"
26 Bhadarvo 2067,"Sep 24, 2011"
27 Bhadarvo 2067,"Sep 25, 2011"
28 Bhadarvo 2067,"Sep 26, 2011"
29 Bhadarvo 2067,"Sep 27, 2011"
1 Aso 2067,"Sep 28, 2011"
2 Aso 2067,"Sep 29, 2011"
3 Aso 2067,"Sep 30, 2011"
4 Aso 2067,"Oct 01, 2011"
5 Aso 2067,"Oct 02, 2011"
6 Aso 2067,"Oct 03, 2011"
7 Aso 2067,"Oct 04, 2011"
8 Aso 2067,"Oct 05, 2011"
9 Aso 2067,"Oct 06, 2011"
10 Aso 2067,"Oct 07, 2011"
11 Aso 2067,"Oct 08, 2011"
12 Aso 2067,"Oct 09, 2011"
13 Aso 2067,"Oct 10, 2011"
14 Aso 2067,"Oct 11, 2011"
15 Aso 2067,"Oct 12, 2011"
16 Aso 2067,"Oct 13, 2011"
17 Aso 2067,"Oct 14, 2011"
18 Aso 2067,"Oct 15, 2011"
19 Aso 2067,"Oct 16, 2011"
20 Aso 2067,"Oct 17, 2011"
21 Aso 2067,"Oct 18, 2011"
22 Aso 2067,"Oct 19, 2011"
23 Aso 2067,"Oct 20, 2011"
24 Aso 2067,"Oct 21, 2011"
25 Aso 2067,"Oct 22, 2011"
26 Aso 2067,"Oct 23, 2011"
27 Aso 2067,"Oct 24, 2011"
28 Aso 2067,"Oct 25, 2011"
29 Aso 2067,"Oct 26, 2011"
1 Kartak 2067,"Oct 27, 2011"
2 Kartak 2067,"Oct 28, 2011"
3 Kartak 2067,"Oct 29, 2011"
4 Kartak 2067,"Oct 30, 2011"
5 Kartak 2067,"Oct 31, 2011"
6 Kartak 2067,"Nov 01, 2011"
7 Kartak 2067,"Nov 02, 2011"
8 Kartak 2067,"Nov 03, 2011"
9 Kartak 2067,"Nov 04, 2011"
10 Kartak 2067,"Nov 05, 2011"
11 Kartak 2067,"Nov 06, 2011"
12 Kartak 2067,"Nov 07, 2011"
13 Kartak 2067,"Nov 08, 2011"
14 Kartak 2067,"Nov 09, 2011"
15 Kartak 2067,"Nov 10, 2011"
16 Kartak 2067,"Nov 11, 2011"
17 Kartak 2067,"Nov 12, 2011"
18 Kartak 2067,"Nov 13, 2011"
19 Kartak 2067,"Nov 14, 2011"
20 Kartak 2067,"Nov 15, 2011"
21 Kartak 2067,"Nov 16, 2011"
22 Kartak 2067,"Nov 17, 2011"
23 Kartak 2067,"Nov 18, 2011"
24 Kartak 2067,"Nov 19, 2011"
25 Kartak 2067,"Nov 20, 2011"
26 Kartak 2067,"Nov 21, 2011"
27 Kartak 2067,"Nov 22, 2011"
28 Kartak 2067,"Nov 23, 2011"
29 Kartak 2067,"Nov 24, 2011"
30 Kartak 2067,"Nov 25, 2011"
1 Magshar 2067,"Nov 26, 2011"
2 Magshar 2067,"Nov 27, 2011"
3 Magshar 2067,"Nov 28, 2011"
4 Magshar 2067,"Nov 29, 2011"
5 Magshar 2067,"Nov 30, 2011"
6 Magshar 2067,"Dec 01, 2011"
7 Magshar 2067,"Dec 02, 2011"
8 Magshar 2067,"Dec 03, 2011"
9 Magshar 2067,"Dec 04, 2011"
10 Magshar 2067,"Dec 05, 2011"
11 Magshar 2067,"Dec 06, 2011"
12 Magshar 2067,"Dec 07, 2011"
13 Magshar 2067,"Dec 08, 2011"
14 Magshar 2067,"Dec 09, 2011"
15 Magshar 2067,"Dec 10, 2011"
16 Magshar 2067,"Dec 11, 2011"
17 Magshar 2067,"Dec 12, 2011"
18 Magshar 2067,"Dec 13, 2011"
19 Magshar 2067,"Dec 14, 2011"
20 Magshar 2067,"Dec 15, 2011"
21 Magshar 2067,"Dec 16, 2011"
22 Magshar 2067,"Dec 17, 2011"
23 Magshar 2067,"Dec 18, 2011"
24 Magshar 2067,"Dec 19, 2011"
25 Magshar 2067,"Dec 20, 2011"
26 Magshar 2067,"Dec 21, 2011"
27 Magshar 2067,"Dec 22, 2011"
28 Magshar 2067,"Dec 23, 2011"
29 Magshar 2067,"Dec 24, 2011"
1 Maha 2068,"Jan 24, 2012"
2 Maha 2068,"Jan 25, 2012"
3 Maha 2068,"Jan 26, 2012"
4 Maha 2068,"Jan 27, 2012"
5 Maha 2068,"Jan 28, 2012"
6 Maha 2068,"Jan 29, 2012"
7 Maha 2068,"Jan 30, 2012"
8 Maha 2068,"Jan 31, 2012"
9 Maha 2068,"Feb 01, 2012"
10 Maha 2068,"Feb 02, 2012"
11 Maha 2068,"Feb 03, 2012"
12 Maha 2068,"Feb 04, 2012"
13 Maha 2068,"Feb 05, 2012"
14 Maha 2068,"Feb 06, 2012"
15 Maha 2068,"Feb 07, 2012"
16 Maha 2068,"Feb 08, 2012"
17 Maha 2068,"Feb 09, 2012"
18 Maha 2068,"Feb 10, 2012"
19 Maha 2068,"Feb 11, 2012"
20 Maha 2068,"Feb 12, 2012"
21 Maha 2068,"Feb 13, 2012"
22 Maha 2068,"Feb 14, 2012"
23 Maha 2068,"Feb 15, 2012"
24 Maha 2068,"Feb 16, 2012"
25 Maha 2068,"Feb 17, 2012"
26 Maha 2068,"Feb 18, 2012"
27 Maha 2068,"Feb 19, 2012"
28 Maha 2068,"Feb 20, 2012"
29 Maha 2068,"Feb 21, 2012"
1 Phaguna 2068,"Feb 22, 2012"
2 Phaguna 2068,"Feb 23, 2012"
3 Phaguna 2068,"Feb 24, 2012"
4 Phaguna 2068,"Feb 25, 2012"
5 Phaguna 2068,"Feb 26, 2012"
6 Phaguna 2068,"Feb 27, 2012"
7 Phaguna 2068,"Feb 28, 2012"
8 Phaguna 2068,"Feb 29, 2012"
9 Phaguna 2068,"Mar 01, 2012"
10 Phaguna 2068,"Mar 02, 2012"
11 Phaguna 2068,"Mar 03, 2012"
12 Phaguna 2068,"Mar 04, 2012"
13 Phaguna 2068,"Mar 05, 2012"
14 Phaguna 2068,"Mar 06, 2012"
15 Phaguna 2068,"Mar 07, 2012"
16 Phaguna 2068,"Mar 08, 2012"
17 Phaguna 2068,"Mar 09, 2012"
18 Phaguna 2068,"Mar 10, 2012"
19 Phaguna 2068,"Mar 11, 2012"
20 Phaguna 2068,"Mar 12, 2012"
21 Phaguna 2068,"Mar 13, 2012"
22 Phaguna 2068,"Mar 14, 2012"
23 Phaguna 2068,"Mar 15, 2012"
24 Phaguna 2068,"Mar 16, 2012"
25 Phaguna 2068,"Mar 17, 2012"
26 Phaguna 2068,"Mar 18, 2012"
27 Phaguna 2068,"Mar 19, 2012"
28 Phaguna 2068,"Mar 20, 2012"
29 Phaguna 2068,"Mar 21, 2012"
30 Phaguna 2068,"Mar 22, 2012"
1 Chaitra 2068,"Mar 23, 2012"
2 Chaitra 2068,"Mar 24, 2012"
3 Chaitra 2068,"Mar 25, 2012"
4 Chaitra 2068,"Mar 26, 2012"
5 Chaitra 2068,"Mar 27, 2012"
6 Chaitra 2068,"Mar 28, 2012"
7 Chaitra 2068,"Mar 29, 2012"
8 Chaitra 2068,"Mar 30, 2012"
9 Chaitra 2068,"Mar 31, 2012"
10 Chaitra 2068,"Apr 01, 2012"
11 Chaitra 2068,"Apr 02, 2012"
12 Chaitra 2068,"Apr 03, 2012"
13 Chaitra 2068,"Apr 04, 2012"
14 Chaitra 2068,"Apr 05, 2012"
15 Chaitra 2068,"Apr 06, 2012"
16 Chaitra 2068,"Apr 07, 2012"
17 Chaitra 2068,"Apr 08, 2012"
18 Chaitra 2068,"Apr 09, 2012"
19 Chaitra 2068,"Apr 10, 2012"
20 Chaitra 2068,"Apr 11, 2012"
21 Chaitra 2068,"Apr 12, 2012"
22 Chaitra 2068,"Apr 13, 2012"
23 Chaitra 2068,"Apr 14, 2012"
24 Chaitra 2068,"Apr 15, 2012"
25 Chaitra 2068,"Apr 16, 2012"
26 Chaitra 2068,"Apr 17, 2012"
27 Chaitra 2068,"Apr 18, 2012"
28 Chaitra 2068,"Apr 19, 2012"
29 Chaitra 2068,"Apr 20, 2012"
30 Chaitra 2068,"Apr 21, 2012"
1 Vaishakha 2068,"Apr 22, 2012"
2 Vaishakha 2068,"Apr 23, 2012"
3 Vaishakha 2068,"Apr 24, 2012"
4 Vaishakha 2068,"Apr 25, 2012"
5 Vaishakha 2068,"Apr 26, 2012"
6 Vaishakha 2068,"Apr 27, 2012"
7 Vaishakha 2068,"Apr 28, 2012"
8 Vaishakha 2068,"Apr 29, 2012"
9 Vaishakha 2068,"Apr 30, 2012"
10 Vaishakha 2068,"May 01, 2012"
11 Vaishakha 2068,"May 02, 2012"
12 Vaishakha 2068,"May 03, 2012"
13 Vaishakha 2068,"May 04, 2012"
14 Vaishakha 2068,"May 05, 2012"
15 Vaishakha 2068,"May 06, 2012"
16 Vaishakha 2068,"May 07, 2012"
17 Vaishakha 2068,"May 08, 2012"
18 Vaishakha 2068,"May 09, 2012"
19 Vaishakha 2068,"May 10, 2012"
20 Vaishakha 2068,"May 11, 2012"
21 Vaishakha 2068,"May 12, 2012"
22 Vaishakha 2068,"May 13, 2012"
23 Vaishakha 2068,"May 14, 2012"
24 Vaishakha 2068,"May 15, 2012"
25 Vaishakha 2068,"May 16, 2012"
26 Vaishakha 2068,"May 17, 2012"
27 Vaishakha 2068,"May 18, 2012"
28 Vaishakha 2068,"May 19, 2012"
29 Vaishakha 2068,"May 20, 2012"
1 Jyeshtha 2068,"May 21, 2012"
2 Jyeshtha 2068,"May 22, 2012"
3 Jyeshtha 2068,"May 23, 2012"
4 Jyeshtha 2068,"May 24, 2012"
5 Jyeshtha 2068,"May 25, 2012"
6 Jyeshtha 2068,"May 26, 2012"
7 Jyeshtha 2068,"May 27, 2012"
8 Jyeshtha 2068,"May 28, 2012"
9 Jyeshtha 2068,"May 29, 2012"
10 Jyeshtha 2068,"May 30, 2012"
11 Jyeshtha 2068,"May 31, 2012"
12 Jyeshtha 2068,"Jun 01, 2012"
13 Jyeshtha 2068,"Jun 02, 2012"
14 Jyeshtha 2068,"Jun 03, 2012"
15 Jyeshtha 2068,"Jun 04, 2012"
16 Jyeshtha 2068,"Jun 05, 2012"
17 Jyeshtha 2068,"Jun 06, 2012"
18 Jyeshtha 2068,"Jun 07, 2012"
19 Jyeshtha 2068,"Jun 08, 2012"
20 Jyeshtha 2068,"Jun 09, 2012"
21 Jyeshtha 2068,"Jun 10, 2012"
22 Jyeshtha 2068,"Jun 11, 2012"
23 Jyeshtha 2068,"Jun 12, 2012"
24 Jyeshtha 2068,"Jun 13, 2012"
25 Jyeshtha 2068,"Jun 14, 2012"
26 Jyeshtha 2068,"Jun 15, 2012"
27 Jyeshtha 2068,"Jun 16, 2012"
28 Jyeshtha 2068,"Jun 17, 2012"
29 Jyeshtha 2068,"Jun 18, 2012"
30 Jyeshtha 2068,"Jun 19, 2012"
1 Ashadha 2068,"Jun 20, 2012"
2 Ashadha 2068,"Jun 21, 2012"
3 Ashadha 2068,"Jun 22, 2012"
4 Ashadha 2068,"Jun 23, 2012"
5 Ashadha 2068,"Jun 24, 2012"
6 Ashadha 2068,"Jun 25, 2012"
7 Ashadha 2068,"Jun 26, 2012"
8 Ashadha 2068,"Jun 27, 2012"
9 Ashadha 2068,"Jun 28, 2012"
10 Ashadha 2068,"Jun 29, 2012"
11 Ashadha 2068,"Jun 30, 2012"
12 Ashadha 2068,"Jul 01, 2012"
13 Ashadha 2068,"Jul 02, 2012"
14 Ashadha 2068,"Jul 03, 2012"
15 Ashadha 2068,"Jul 04, 2012"
16 Ashadha 2068,"Jul 05, 2012"
17 Ashadha 2068,"Jul 06, 2012"
18 Ashadha 2068,"Jul 07, 2012"
19 Ashadha 2068,"Jul 08, 2012"
20 Ashadha 2068,"Jul 09, 2012"
21 Ashadha 2068,"Jul 10, 2012"
22 Ashadha 2068,"Jul 11, 2012"
23 Ashadha 2068,"Jul 12, 2012"
24 Ashadha 2068,"Jul 13, 2012"
25 Ashadha 2068,"Jul 14, 2012"
26 Ashadha 2068,"Jul 15, 2012"
27 Ashadha 2068,"Jul 16, 2012"
28 Ashadha 2068,"Jul 17, 2012"
29 Ashadha 2068,"Jul 18, 2012"
30 Ashadha 2068,"Jul 19, 2012"
1 Shravana 2068,"Jul 20, 2012"
2 Shravana 2068,"Jul 21, 2012"
3 Shravana 2068,"Jul 22, 2012"
4 Shravana 2068,"Jul 23, 2012"
5 Shravana 2068,"Jul 24, 2012"
6 Shravana 2068,"Jul 25, 2012"
7 Shravana 2068,"Jul 26, 2012"
8 Shravana 2068,"Jul 27, 2012"
9 Shravana 2068,"Jul 28, 2012"
10 Shravana 2068,"Jul 29, 2012"
11 Shravana 2068,"Jul 30, 2012"
12 Shravana 2068,"Jul 31, 2012"
13 Shravana 2068,"Aug 01, 2012"
14 Shravana 2068,"Aug 02, 2012"
15 Shravana 2068,"Aug 03, 2012"
16 Shravana 2068,"Aug 04, 2012"
17 Shravana 2068,"Aug 05, 2012"
18 Shravana 2068,"Aug 06, 2012"
19 Shravana 2068,"Aug 07, 2012"
20 Shravana 2068,"Aug 08, 2012"
21 Shravana 2068,"Aug 09, 2012"
22 Shravana 2068,"Aug 10, 2012"
23 Shravana 2068,"Aug 11, 2012"
24 Shravana 2068,"Aug 12, 2012"
25 Shravana 2068,"Aug 13, 2012"
26 Shravana 2068,"Aug 14, 2012"
27 Shravana 2068,"Aug 15, 2012"
28 Shravana 2068,"Aug 16, 2012"
29 Shravana 2068,"Aug 17, 2012"
1 Bhadarvo_Adhik 2068,"Aug 18, 2012"
2 Bhadarvo_Adhik 2068,"Aug 19, 2012"
3 Bhadarvo_Adhik 2068,"Aug 20, 2012"
4 Bhadarvo_Adhik 2068,"Aug 21, 2012"
5 Bhadarvo_Adhik 2068,"Aug 22, 2012"
6 Bhadarvo_Adhik 2068,"Aug 23, 2012"
7 Bhadarvo_Adhik 2068,"Aug 24, 2012"
8 Bhadarvo_Adhik 2068,"Aug 25, 2012"
9 Bhadarvo_Adhik 2068,"Aug 26, 2012"
10 Bhadarvo_Adhik 2068,"Aug 27, 2012"
11 Bhadarvo_Adhik 2068,"Aug 28, 2012"
12 Bhadarvo_Adhik 2068,"Aug 29, 2012"
13 Bhadarvo_Adhik 2068,"Aug 30, 2012"
14 Bhadarvo_Adhik 2068,"Aug 31, 2012"
15 Bhadarvo_Adhik 2068,"Sep 01, 2012"
16 Bhadarvo_Adhik 2068,"Sep 02, 2012"
17 Bhadarvo_Adhik 2068,"Sep 03, 2012"
18 Bhadarvo_Adhik 2068,"Sep 04, 2012"
19 Bhadarvo_Adhik 2068,"Sep 05, 2012"
20 Bhadarvo_Adhik 2068,"Sep 06, 2012"
21 Bhadarvo_Adhik 2068,"Sep 07, 2012"
22 Bhadarvo_Adhik 2068,"Sep 08, 2012"
23 Bhadarvo_Adhik 2068,"Sep 09, 2012"
24 Bhadarvo_Adhik 2068,"Sep 10, 2012"
25 Bhadarvo_Adhik 2068,"Sep 11, 2012"
26 Bhadarvo_Adhik 2068,"Sep 12, 2012"
27 Bhadarvo_Adhik 2068,"Sep 13, 2012"
28 Bhadarvo_Adhik 2068,"Sep 14, 2012"
29 Bhadarvo_Adhik 2068,"Sep 15, 2012"
30 Bhadarvo_Adhik 2068,"Sep 16, 2012"
1 Bhadarvo 2068,"Sep 17, 2012"
2 Bhadarvo 2068,"Sep 18, 2012"
3 Bhadarvo 2068,"Sep 19, 2012"
4 Bhadarvo 2068,"Sep 20, 2012"
5 Bhadarvo 2068,"Sep 21, 2012"
6 Bhadarvo 2068,"Sep 22, 2012"
7 Bhadarvo 2068,"Sep 23, 2012"
8 Bhadarvo 2068,"Sep 24, 2012"
9 Bhadarvo 2068,"Sep 25, 2012"
10 Bhadarvo 2068,"Sep 26, 2012"
11 Bhadarvo 2068,"Sep 27, 2012"
12 Bhadarvo 2068,"Sep 28, 2012"
13 Bhadarvo 2068,"Sep 29, 2012"
14 Bhadarvo 2068,"Sep 30, 2012"
15 Bhadarvo 2068,"Oct 01, 2012"
16 Bhadarvo 2068,"Oct 02, 2012"
17 Bhadarvo 2068,"Oct 03, 2012"
18 Bhadarvo 2068,"Oct 04, 2012"
19 Bhadarvo 2068,"Oct 05, 2012"
20 Bhadarvo 2068,"Oct 06, 2012"
21 Bhadarvo 2068,"Oct 07, 2012"
22 Bhadarvo 2068,"Oct 08, 2012"
23 Bhadarvo 2068,"Oct 09, 2012"
24 Bhadarvo 2068,"Oct 10, 2012"
25 Bhadarvo 2068,"Oct 11, 2012"
26 Bhadarvo 2068,"Oct 12, 2012"
27 Bhadarvo 2068,"Oct 13, 2012"
28 Bhadarvo 2068,"Oct 14, 2012"
29 Bhadarvo 2068,"Oct 15, 2012"
1 Aso 2068,"Oct 16, 2012"
2 Aso 2068,"Oct 17, 2012"
3 Aso 2068,"Oct 18, 2012"
4 Aso 2068,"Oct 19, 2012"
5 Aso 2068,"Oct 20, 2012"
6 Aso 2068,"Oct 21, 2012"
7 Aso 2068,"Oct 22, 2012"
8 Aso 2068,"Oct 23, 2012"
9 Aso 2068,"Oct 24, 2012"
10 Aso 2068,"Oct 25, 2012"
11 Aso 2068,"Oct 26, 2012"
12 Aso 2068,"Oct 27, 2012"
13 Aso 2068,"Oct 28, 2012"
14 Aso 2068,"Oct 29, 2012"
15 Aso 2068,"Oct 30, 2012"
16 Aso 2068,"Oct 31, 2012"
17 Aso 2068,"Nov 01, 2012"
18 Aso 2068,"Nov 02, 2012"
19 Aso 2068,"Nov 03, 2012"
20 Aso 2068,"Nov 04, 2012"
21 Aso 2068,"Nov 05, 2012"
22 Aso 2068,"Nov 06, 2012"
23 Aso 2068,"Nov 07, 2012"
24 Aso 2068,"Nov 08, 2012"
25 Aso 2068,"Nov 09, 2012"
26 Aso 2068,"Nov 10, 2012"
27 Aso 2068,"Nov 11, 2012"
28 Aso 2068,"Nov 12, 2012"
29 Aso 2068,"Nov 13, 2012"
1 Kartik 2068,"Nov 14, 2012"
2 Kartik 2068,"Nov 15, 2012"
3 Kartik 2068,"Nov 16, 2012"
4 Kartik 2068,"Nov 17, 2012"
5 Kartik 2068,"Nov 18, 2012"
6 Kartik 2068,"Nov 19, 2012"
7 Kartik 2068,"Nov 20, 2012"
8 Kartik 2068,"Nov 21, 2012"
9 Kartik 2068,"Nov 22, 2012"
10 Kartik 2068,"Nov 23, 2012"
11 Kartik 2068,"Nov 24, 2012"
12 Kartik 2068,"Nov 25, 2012"
13 Kartik 2068,"Nov 26, 2012"
14 Kartik 2068,"Nov 27, 2012"
15 Kartik 2068,"Nov 28, 2012"
16 Kartik 2068,"Nov 29, 2012"
17 Kartik 2068,"Nov 30, 2012"
18 Kartik 2068,"Dec 01, 2012"
19 Kartik 2068,"Dec 02, 2012"
20 Kartik 2068,"Dec 03, 2012"
21 Kartik 2068,"Dec 04, 2012"
22 Kartik 2068,"Dec 05, 2012"
23 Kartik 2068,"Dec 06, 2012"
24 Kartik 2068,"Dec 07, 2012"
25 Kartik 2068,"Dec 08, 2012"
26 Kartik 2068,"Dec 09, 2012"
27 Kartik 2068,"Dec 10, 2012"
28 Kartik 2068,"Dec 11, 2012"
29 Kartik 2068,"Dec 12, 2012"
30 Kartik 2068,"Dec 13, 2012"
1 Magshar 2068,"Dec 14, 2012"
2 Magshar 2068,"Dec 15, 2012"
3 Magshar 2068,"Dec 16, 2012"
4 Magshar 2068,"Dec 17, 2012"
5 Magshar 2068,"Dec 18, 2012"
6 Magshar 2068,"Dec 19, 2012"
7 Magshar 2068,"Dec 20, 2012"
8 Magshar 2068,"Dec 21, 2012"
9 Magshar 2068,"Dec 22, 2012"
10 Magshar 2068,"Dec 23, 2012"
11 Magshar 2068,"Dec 24, 2012"
12 Magshar 2068,"Dec 25, 2012"
13 Magshar 2068,"Dec 26, 2012"
14 Magshar 2068,"Dec 27, 2012"
15 Magshar 2068,"Dec 28, 2012"
16 Magshar 2068,"Dec 29, 2012"
17 Magshar 2068,"Dec 30, 2012"
18 Magshar 2068,"Dec 31, 2012"
19 Magshar 2068,"Jan 01, 2013"
20 Magshar 2068,"Jan 02, 2013"
21 Magshar 2068,"Jan 03, 2013"
22 Magshar 2068,"Jan 04, 2013"
23 Magshar 2068,"Jan 05, 2013"
24 Magshar 2068,"Jan 06, 2013"
25 Magshar 2068,"Jan 07, 2013"
26 Magshar 2068,"Jan 08, 2013"
27 Magshar 2068,"Jan 09, 2013"
28 Magshar 2068,"Jan 10, 2013"
29 Magshar 2068,"Jan 11, 2013"
1 Posh 2069,"Jan 12, 2013"
2 Posh 2069,"Jan 13, 2013"
3 Posh 2069,"Jan 14, 2013"
4 Posh 2069,"Jan 15, 2013"
5 Posh 2069,"Jan 16, 2013"
6 Posh 2069,"Jan 17, 2013"
7 Posh 2069,"Jan 18, 2013"
8 Posh 2069,"Jan 19, 2013"
9 Posh 2069,"Jan 20, 2013"
10 Posh 2069,"Jan 21, 2013"
11 Posh 2069,"Jan 22, 2013"
12 Posh 2069,"Jan 23, 2013"
13 Posh 2069,"Jan 24, 2013"
14 Posh 2069,"Jan 25, 2013"
15 Posh 2069,"Jan 26, 2013"
16 Posh 2069,"Jan 27, 2013"
17 Posh 2069,"Jan 28, 2013"
18 Posh 2069,"Jan 29, 2013"
19 Posh 2069,"Jan 30, 2013"
20 Posh 2069,"Jan 31, 2013"
21 Posh 2069,"Feb 01, 2013"
22 Posh 2069,"Feb 02, 2013"
23 Posh 2069,"Feb 03, 2013"
24 Posh 2069,"Feb 04, 2013"
25 Posh 2069,"Feb 05, 2013"
26 Posh 2069,"Feb 06, 2013"
27 Posh 2069,"Feb 07, 2013"
28 Posh 2069,"Feb 08, 2013"
29 Posh 2069,"Feb 09, 2013"
30 Posh 2069,"Feb 10, 2013"
1 Maha 2069,"Feb 11, 2013"
2 Maha 2069,"Feb 12, 2013"
3 Maha 2069,"Feb 13, 2013"
4 Maha 2069,"Feb 14, 2013"
5 Maha 2069,"Feb 15, 2013"
6 Maha 2069,"Feb 16, 2013"
7 Maha 2069,"Feb 17, 2013"
8 Maha 2069,"Feb 18, 2013"
9 Maha 2069,"Feb 19, 2013"
10 Maha 2069,"Feb 20, 2013"
11 Maha 2069,"Feb 21, 2013"
12 Maha 2069,"Feb 22, 2013"
13 Maha 2069,"Feb 23, 2013"
14 Maha 2069,"Feb 24, 2013"
15 Maha 2069,"Feb 25, 2013"
16 Maha 2069,"Feb 26, 2013"
17 Maha 2069,"Feb 27, 2013"
18 Maha 2069,"Feb 28, 2013"
19 Maha 2069,"Mar 01, 2013"
20 Maha 2069,"Mar 02, 2013"
21 Maha 2069,"Mar 03, 2013"
22 Maha 2069,"Mar 04, 2013"
23 Maha 2069,"Mar 05, 2013"
24 Maha 2069,"Mar 06, 2013"
25 Maha 2069,"Mar 07, 2013"
26 Maha 2069,"Mar 08, 2013"
27 Maha 2069,"Mar 09, 2013"
28 Maha 2069,"Mar 10, 2013"
29 Maha 2069,"Mar 11, 2013"
1 Phaguna 2069,"Mar 12, 2013"
2 Phaguna 2069,"Mar 13, 2013"
3 Phaguna 2069,"Mar 14, 2013"
4 Phaguna 2069,"Mar 15, 2013"
5 Phaguna 2069,"Mar 16, 2013"
6 Phaguna 2069,"Mar 17, 2013"
7 Phaguna 2069,"Mar 18, 2013"
8 Phaguna 2069,"Mar 19, 2013"
9 Phaguna 2069,"Mar 20, 2013"
10 Phaguna 2069,"Mar 21, 2013"
11 Phaguna 2069,"Mar 22, 2013"
12 Phaguna 2069,"Mar 23, 2013"
13 Phaguna 2069,"Mar 24, 2013"
14 Phaguna 2069,"Mar 25, 2013"
15 Phaguna 2069,"Mar 26, 2013"
16 Phaguna 2069,"Mar 27, 2013"
17 Phaguna 2069,"Mar 28, 2013"
18 Phaguna 2069,"Mar 29, 2013"
19 Phaguna 2069,"Mar 30, 2013"
20 Phaguna 2069,"Mar 31, 2013"
21 Phaguna 2069,"Apr 01, 2013"
22 Phaguna 2069,"Apr 02, 2013"
23 Phaguna 2069,"Apr 03, 2013"
24 Phaguna 2069,"Apr 04, 2013"
25 Phaguna 2069,"Apr 05, 2013"
26 Phaguna 2069,"Apr 06, 2013"
27 Phaguna 2069,"Apr 07, 2013"
28 Phaguna 2069,"Apr 08, 2013"
29 Phaguna 2069,"Apr 09, 2013"
30 Phaguna 2069,"Apr 10, 2013"
1 Chaitra 2069,"Apr 11, 2013"
2 Chaitra 2069,"Apr 12, 2013"
3 Chaitra 2069,"Apr 13, 2013"
4 Chaitra 2069,"Apr 14, 2013"
5 Chaitra 2069,"Apr 15, 2013"
6 Chaitra 2069,"Apr 16, 2013"
7 Chaitra 2069,"Apr 17, 2013"
8 Chaitra 2069,"Apr 18, 2013"
9 Chaitra 2069,"Apr 19, 2013"
10 Chaitra 2069,"Apr 20, 2013"
11 Chaitra 2069,"Apr 21, 2013"
12 Chaitra 2069,"Apr 22, 2013"
13 Chaitra 2069,"Apr 23, 2013"
14 Chaitra 2069,"Apr 24, 2013"
15 Chaitra 2069,"Apr 25, 2013"
16 Chaitra 2069,"Apr 26, 2013"
17 Chaitra 2069,"Apr 27, 2013"
18 Chaitra 2069,"Apr 28, 2013"
19 Chaitra 2069,"Apr 29, 2013"
20 Chaitra 2069,"Apr 30, 2013"
21 Chaitra 2069,"May 01, 2013"
22 Chaitra 2069,"May 02, 2013"
23 Chaitra 2069,"May 03, 2013"
24 Chaitra 2069,"May 04, 2013"
25 Chaitra 2069,"May 05, 2013"
26 Chaitra 2069,"May 06, 2013"
27 Chaitra 2069,"May 07, 2013"
28 Chaitra 2069,"May 08, 2013"
29 Chaitra 2069,"May 09, 2013"
1 Vaishakha 2069,"May 10, 2013"
2 Vaishakha 2069,"May 11, 2013"
3 Vaishakha 2069,"May 12, 2013"
4 Vaishakha 2069,"May 13, 2013"
5 Vaishakha 2069,"May 14, 2013"
6 Vaishakha 2069,"May 15, 2013"
7 Vaishakha 2069,"May 16, 2013"
8 Vaishakha 2069,"May 17, 2013"
9 Vaishakha 2069,"May 18, 2013"
10 Vaishakha 2069,"May 19, 2013"
11 Vaishakha 2069,"May 20, 2013"
12 Vaishakha 2069,"May 21, 2013"
13 Vaishakha 2069,"May 22, 2013"
14 Vaishakha 2069,"May 23, 2013"
15 Vaishakha 2069,"May 24, 2013"
16 Vaishakha 2069,"May 25, 2013"
17 Vaishakha 2069,"May 26, 2013"
18 Vaishakha 2069,"May 27, 2013"
19 Vaishakha 2069,"May 28, 2013"
20 Vaishakha 2069,"May 29, 2013"
21 Vaishakha 2069,"May 30, 2013"
22 Vaishakha 2069,"May 31, 2013"
23 Vaishakha 2069,"Jun 01, 2013"
24 Vaishakha 2069,"Jun 02, 2013"
25 Vaishakha 2069,"Jun 03, 2013"
26 Vaishakha 2069,"Jun 04, 2013"
27 Vaishakha 2069,"Jun 05, 2013"
28 Vaishakha 2069,"Jun 06, 2013"
29 Vaishakha 2069,"Jun 07, 2013"
30 Vaishakha 2069,"Jun 08, 2013"
1 Jyeshta 2069,"Jun 09, 2013"
2 Jyeshta 2069,"Jun 10, 2013"
3 Jyeshta 2069,"Jun 11, 2013"
4 Jyeshta 2069,"Jun 12, 2013"
5 Jyeshta 2069,"Jun 13, 2013"
6 Jyeshta 2069,"Jun 14, 2013"
7 Jyeshta 2069,"Jun 15, 2013"
8 Jyeshta 2069,"Jun 16, 2013"
9 Jyeshta 2069,"Jun 17, 2013"
10 Jyeshta 2069,"Jun 18, 2013"
11 Jyeshta 2069,"Jun 19, 2013"
12 Jyeshta 2069,"Jun 20, 2013"
13 Jyeshta 2069,"Jun 21, 2013"
14 Jyeshta 2069,"Jun 22, 2013"
15 Jyeshta 2069,"Jun 23, 2013"
16 Jyeshta 2069,"Jun 24, 2013"
17 Jyeshta 2069,"Jun 25, 2013"
18 Jyeshta 2069,"Jun 26, 2013"
19 Jyeshta 2069,"Jun 27, 2013"
20 Jyeshta 2069,"Jun 28, 2013"
21 Jyeshta 2069,"Jun 29, 2013"
22 Jyeshta 2069,"Jun 30, 2013"
23 Jyeshta 2069,"Jul 01, 2013"
24 Jyeshta 2069,"Jul 02, 2013"
25 Jyeshta 2069,"Jul 03, 2013"
26 Jyeshta 2069,"Jul 04, 2013"
27 Jyeshta 2069,"Jul 05, 2013"
28 Jyeshta 2069,"Jul 06, 2013"
29 Jyeshta 2069,"Jul 07, 2013"
30 Jyeshta 2069,"Jul 08, 2013"
1 Ashadha 2069,"Jul 09, 2013"
2 Ashadha 2069,"Jul 10, 2013"
3 Ashadha 2069,"Jul 11, 2013"
4 Ashadha 2069,"Jul 12, 2013"
5 Ashadha 2069,"Jul 13, 2013"
6 Ashadha 2069,"Jul 14, 2013"
7 Ashadha 2069,"Jul 15, 2013"
8 Ashadha 2069,"Jul 16, 2013"
9 Ashadha 2069,"Jul 17, 2013"
10 Ashadha 2069,"Jul 18, 2013"
11 Ashadha 2069,"Jul 19, 2013"
12 Ashadha 2069,"Jul 20, 2013"
13 Ashadha 2069,"Jul 21, 2013"
14 Ashadha 2069,"Jul 22, 2013"
15 Ashadha 2069,"Jul 23, 2013"
16 Ashadha 2069,"Jul 24, 2013"
17 Ashadha 2069,"Jul 25, 2013"
18 Ashadha 2069,"Jul 26, 2013"
19 Ashadha 2069,"Jul 27, 2013"
20 Ashadha 2069,"Jul 28, 2013"
21 Ashadha 2069,"Jul 29, 2013"
22 Ashadha 2069,"Jul 30, 2013"
23 Ashadha 2069,"Jul 31, 2013"
24 Ashadha 2069,"Aug 01, 2013"
25 Ashadha 2069,"Aug 02, 2013"
26 Ashadha 2069,"Aug 03, 2013"
27 Ashadha 2069,"Aug 04, 2013"
28 Ashadha 2069,"Aug 05, 2013"
29 Ashadha 2069,"Aug 06, 2013"
1 Shravana 2069,"Aug 07, 2013"
2 Shravana 2069,"Aug 08, 2013"
3 Shravana 2069,"Aug 09, 2013"
4 Shravana 2069,"Aug 10, 2013"
5 Shravana 2069,"Aug 11, 2013"
6 Shravana 2069,"Aug 12, 2013"
7 Shravana 2069,"Aug 13, 2013"
8 Shravana 2069,"Aug 14, 2013"
9 Shravana 2069,"Aug 15, 2013"
10 Shravana 2069,"Aug 16, 2013"
11 Shravana 2069,"Aug 17, 2013"
12 Shravana 2069,"Aug 18, 2013"
13 Shravana 2069,"Aug 19, 2013"
14 Shravana 2069,"Aug 20, 2013"
15 Shravana 2069,"Aug 21, 2013"
16 Shravana 2069,"Aug 22, 2013"
17 Shravana 2069,"Aug 23, 2013"
18 Shravana 2069,"Aug 24, 2013"
19 Shravana 2069,"Aug 25, 2013"
20 Shravana 2069,"Aug 26, 2013"
21 Shravana 2069,"Aug 27, 2013"
22 Shravana 2069,"Aug 28, 2013"
23 Shravana 2069,"Aug 29, 2013"
24 Shravana 2069,"Aug 30, 2013"
25 Shravana 2069,"Aug 31, 2013"
26 Shravana 2069,"Sep 01, 2013"
27 Shravana 2069,"Sep 02, 2013"
28 Shravana 2069,"Sep 03, 2013"
29 Shravana 2069,"Sep 04, 2013"
30 Shravana 2069,"Sep 05, 2013"
1 Bhadarvo 2069,"Sep 06, 2013"
2 Bhadarvo 2069,"Sep 07, 2013"
3 Bhadarvo 2069,"Sep 08, 2013"
4 Bhadarvo 2069,"Sep 09, 2013"
5 Bhadarvo 2069,"Sep 10, 2013"
6 Bhadarvo 2069,"Sep 11, 2013"
7 Bhadarvo 2069,"Sep 12, 2013"
8 Bhadarvo 2069,"Sep 13, 2013"
9 Bhadarvo 2069,"Sep 14, 2013"
10 Bhadarvo 2069,"Sep 15, 2013"
11 Bhadarvo 2069,"Sep 16, 2013"
12 Bhadarvo 2069,"Sep 17, 2013"
13 Bhadarvo 2069,"Sep 18, 2013"
14 Bhadarvo 2069,"Sep 19, 2013"
15 Bhadarvo 2069,"Sep 20, 2013"
16 Bhadarvo 2069,"Sep 21, 2013"
17 Bhadarvo 2069,"Sep 22, 2013"
18 Bhadarvo 2069,"Sep 23, 2013"
19 Bhadarvo 2069,"Sep 24, 2013"
20 Bhadarvo 2069,"Sep 25, 2013"
21 Bhadarvo 2069,"Sep 26, 2013"
22 Bhadarvo 2069,"Sep 27, 2013"
23 Bhadarvo 2069,"Sep 28, 2013"
24 Bhadarvo 2069,"Sep 29, 2013"
25 Bhadarvo 2069,"Sep 30, 2013"
26 Bhadarvo 2069,"Oct 01, 2013"
27 Bhadarvo 2069,"Oct 02, 2013"
28 Bhadarvo 2069,"Oct 03, 2013"
29 Bhadarvo 2069,"Oct 04, 2013"
1 Aso 2069,"Oct 05, 2013"
2 Aso 2069,"Oct 06, 2013"
3 Aso 2069,"Oct 07, 2013"
4 Aso 2069,"Oct 08, 2013"
5 Aso 2069,"Oct 09, 2013"
6 Aso 2069,"Oct 10, 2013"
7 Aso 2069,"Oct 11, 2013"
8 Aso 2069,"Oct 12, 2013"
9 Aso 2069,"Oct 13, 2013"
10 Aso 2069,"Oct 14, 2013"
11 Aso 2069,"Oct 15, 2013"
12 Aso 2069,"Oct 16, 2013"
13 Aso 2069,"Oct 17, 2013"
14 Aso 2069,"Oct 18, 2013"
15 Aso 2069,"Oct 19, 2013"
16 Aso 2069,"Oct 20, 2013"
17 Aso 2069,"Oct 21, 2013"
18 Aso 2069,"Oct 22, 2013"
19 Aso 2069,"Oct 23, 2013"
20 Aso 2069,"Oct 24, 2013"
21 Aso 2069,"Oct 25, 2013"
22 Aso 2069,"Oct 26, 2013"
23 Aso 2069,"Oct 27, 2013"
24 Aso 2069,"Oct 28, 2013"
25 Aso 2069,"Oct 29, 2013"
26 Aso 2069,"Oct 30, 2013"
27 Aso 2069,"Oct 31, 2013"
28 Aso 2069,"Nov 01, 2013"
29 Aso 2069,"Nov 02, 2013"
30 Aso 2069,"Nov 03, 2013"
1 Kartak 2069,"Nov 04, 2013"
2 Kartak 2069,"Nov 05, 2013"
3 Kartak 2069,"Nov 06, 2013"
4 Kartak 2069,"Nov 07, 2013"
5 Kartak 2069,"Nov 08, 2013"
6 Kartak 2069,"Nov 09, 2013"
7 Kartak 2069,"Nov 10, 2013"
8 Kartak 2069,"Nov 11, 2013"
9 Kartak 2069,"Nov 12, 2013"
10 Kartak 2069,"Nov 13, 2013"
11 Kartak 2069,"Nov 14, 2013"
12 Kartak 2069,"Nov 15, 2013"
13 Kartak 2069,"Nov 16, 2013"
14 Kartak 2069,"Nov 17, 2013"
15 Kartak 2069,"Nov 18, 2013"
16 Kartak 2069,"Nov 19, 2013"
17 Kartak 2069,"Nov 20, 2013"
18 Kartak 2069,"Nov 21, 2013"
19 Kartak 2069,"Nov 22, 2013"
20 Kartak 2069,"Nov 23, 2013"
21 Kartak 2069,"Nov 24, 2013"
22 Kartak 2069,"Nov 25, 2013"
23 Kartak 2069,"Nov 26, 2013"
24 Kartak 2069,"Nov 27, 2013"
25 Kartak 2069,"Nov 28, 2013"
26 Kartak 2069,"Nov 29, 2013"
27 Kartak 2069,"Nov 30, 2013"
28 Kartak 2069,"Dec 01, 2013"
29 Kartak 2069,"Dec 02, 2013"
1 Magshar 2069,"Dec 03, 2013"
2 Magshar 2069,"Dec 04, 2013"
3 Magshar 2069,"Dec 05, 2013"
4 Magshar 2069,"Dec 06, 2013"
5 Magshar 2069,"Dec 07, 2013"
6 Magshar 2069,"Dec 08, 2013"
7 Magshar 2069,"Dec 09, 2013"
8 Magshar 2069,"Dec 10, 2013"
9 Magshar 2069,"Dec 11, 2013"
10 Magshar 2069,"Dec 12, 2013"
11 Magshar 2069,"Dec 13, 2013"
12 Magshar 2069,"Dec 14, 2013"
13 Magshar 2069,"Dec 15, 2013"
14 Magshar 2069,"Dec 16, 2013"
15 Magshar 2069,"Dec 17, 2013"
16 Magshar 2069,"Dec 18, 2013"
17 Magshar 2069,"Dec 19, 2013"
18 Magshar 2069,"Dec 20, 2013"
19 Magshar 2069,"Dec 21, 2013"
20 Magshar 2069,"Dec 22, 2013"
21 Magshar 2069,"Dec 23, 2013"
22 Magshar 2069,"Dec 24, 2013"
23 Magshar 2069,"Dec 25, 2013"
24 Magshar 2069,"Dec 26, 2013"
25 Magshar 2069,"Dec 27, 2013"
26 Magshar 2069,"Dec 28, 2013"
27 Magshar 2069,"Dec 29, 2013"
28 Magshar 2069,"Dec 30, 2013"
29 Magshar 2069,"Dec 31, 2013"
30 Magshar 2069,"Jan 01, 2014"
1 Posh 2070,"Jan 02, 2014"
2 Posh 2070,"Jan 03, 2014"
3 Posh 2070,"Jan 04, 2014"
4 Posh 2070,"Jan 05, 2014"
5 Posh 2070,"Jan 06, 2014"
6 Posh 2070,"Jan 07, 2014"
7 Posh 2070,"Jan 08, 2014"
8 Posh 2070,"Jan 09, 2014"
9 Posh 2070,"Jan 10, 2014"
10 Posh 2070,"Jan 11, 2014"
11 Posh 2070,"Jan 12, 2014"
12 Posh 2070,"Jan 13, 2014"
13 Posh 2070,"Jan 14, 2014"
14 Posh 2070,"Jan 15, 2014"
15 Posh 2070,"Jan 16, 2014"
16 Posh 2070,"Jan 17, 2014"
17 Posh 2070,"Jan 18, 2014"
18 Posh 2070,"Jan 19, 2014"
19 Posh 2070,"Jan 20, 2014"
20 Posh 2070,"Jan 21, 2014"
21 Posh 2070,"Jan 22, 2014"
22 Posh 2070,"Jan 23, 2014"
23 Posh 2070,"Jan 24, 2014"
24 Posh 2070,"Jan 25, 2014"
25 Posh 2070,"Jan 26, 2014"
26 Posh 2070,"Jan 27, 2014"
27 Posh 2070,"Jan 28, 2014"
28 Posh 2070,"Jan 29, 2014"
29 Posh 2070,"Jan 30, 2014"
1 Maha 2070,"Jan 31, 2014"
2 Maha 2070,"Feb 01, 2014"
3 Maha 2070,"Feb 02, 2014"
4 Maha 2070,"Feb 03, 2014"
5 Maha 2070,"Feb 04, 2014"
6 Maha 2070,"Feb 05, 2014"
7 Maha 2070,"Feb 06, 2014"
8 Maha 2070,"Feb 07, 2014"
9 Maha 2070,"Feb 08, 2014"
10 Maha 2070,"Feb 09, 2014"
11 Maha 2070,"Feb 10, 2014"
12 Maha 2070,"Feb 11, 2014"
13 Maha 2070,"Feb 12, 2014"
14 Maha 2070,"Feb 13, 2014"
15 Maha 2070,"Feb 14, 2014"
16 Maha 2070,"Feb 15, 2014"
17 Maha 2070,"Feb 16, 2014"
18 Maha 2070,"Feb 17, 2014"
19 Maha 2070,"Feb 18, 2014"
20 Maha 2070,"Feb 19, 2014"
21 Maha 2070,"Feb 20, 2014"
22 Maha 2070,"Feb 21, 2014"
23 Maha 2070,"Feb 22, 2014"
24 Maha 2070,"Feb 23, 2014"
25 Maha 2070,"Feb 24, 2014"
26 Maha 2070,"Feb 25, 2014"
27 Maha 2070,"Feb 26, 2014"
28 Maha 2070,"Feb 27, 2014"
29 Maha 2070,"Feb 28, 2014"
30 Maha 2070,"Mar 01, 2014"
1 Phaguna 2070,"Mar 02, 2014"
2 Phaguna 2070,"Mar 03, 2014"
3 Phaguna 2070,"Mar 04, 2014"
4 Phaguna 2070,"Mar 05, 2014"
5 Phaguna 2070,"Mar 06, 2014"
6 Phaguna 2070,"Mar 07, 2014"
7 Phaguna 2070,"Mar 08, 2014"
8 Phaguna 2070,"Mar 09, 2014"
9 Phaguna 2070,"Mar 10, 2014"
10 Phaguna 2070,"Mar 11, 2014"
11 Phaguna 2070,"Mar 12, 2014"
12 Phaguna 2070,"Mar 13, 2014"
13 Phaguna 2070,"Mar 14, 2014"
14 Phaguna 2070,"Mar 15, 2014"
15 Phaguna 2070,"Mar 16, 2014"
16 Phaguna 2070,"Mar 17, 2014"
17 Phaguna 2070,"Mar 18, 2014"
18 Phaguna 2070,"Mar 19, 2014"
19 Phaguna 2070,"Mar 20, 2014"
20 Phaguna 2070,"Mar 21, 2014"
21 Phaguna 2070,"Mar 22, 2014"
22 Phaguna 2070,"Mar 23, 2014"
23 Phaguna 2070,"Mar 24, 2014"
24 Phaguna 2070,"Mar 25, 2014"
25 Phaguna 2070,"Mar 26, 2014"
26 Phaguna 2070,"Mar 27, 2014"
27 Phaguna 2070,"Mar 28, 2014"
28 Phaguna 2070,"Mar 29, 2014"
29 Phaguna 2070,"Mar 30, 2014"
1 Chaitra 2070,"Mar 31, 2014"
2 Chaitra 2070,"Apr 01, 2014"
3 Chaitra 2070,"Apr 02, 2014"
4 Chaitra 2070,"Apr 03, 2014"
5 Chaitra 2070,"Apr 04, 2014"
6 Chaitra 2070,"Apr 05, 2014"
7 Chaitra 2070,"Apr 06, 2014"
8 Chaitra 2070,"Apr 07, 2014"
9 Chaitra 2070,"Apr 08, 2014"
10 Chaitra 2070,"Apr 09, 2014"
11 Chaitra 2070,"Apr 10, 2014"
12 Chaitra 2070,"Apr 11, 2014"
13 Chaitra 2070,"Apr 12, 2014"
14 Chaitra 2070,"Apr 13, 2014"
15 Chaitra 2070,"Apr 14, 2014"
16 Chaitra 2070,"Apr 15, 2014"
17 Chaitra 2070,"Apr 16, 2014"
18 Chaitra 2070,"Apr 17, 2014"
19 Chaitra 2070,"Apr 18, 2014"
20 Chaitra 2070,"Apr 19, 2014"
21 Chaitra 2070,"Apr 20, 2014"
22 Chaitra 2070,"Apr 21, 2014"
23 Chaitra 2070,"Apr 22, 2014"
24 Chaitra 2070,"Apr 23, 2014"
25 Chaitra 2070,"Apr 24, 2014"
26 Chaitra 2070,"Apr 25, 2014"
27 Chaitra 2070,"Apr 26, 2014"
28 Chaitra 2070,"Apr 27, 2014"
29 Chaitra 2070,"Apr 28, 2014"
30 Chaitra 2070,"Apr 29, 2014"
1 Vaishakha 2070,"Apr 30, 2014"
2 Vaishakha 2070,"May 01, 2014"
3 Vaishakha 2070,"May 02, 2014"
4 Vaishakha 2070,"May 03, 2014"
5 Vaishakha 2070,"May 04, 2014"
6 Vaishakha 2070,"May 05, 2014"
7 Vaishakha 2070,"May 06, 2014"
8 Vaishakha 2070,"May 07, 2014"
9 Vaishakha 2070,"May 08, 2014"
10 Vaishakha 2070,"May 09, 2014"
11 Vaishakha 2070,"May 10, 2014"
12 Vaishakha 2070,"May 11, 2014"
13 Vaishakha 2070,"May 12, 2014"
14 Vaishakha 2070,"May 13, 2014"
15 Vaishakha 2070,"May 14, 2014"
16 Vaishakha 2070,"May 15, 2014"
17 Vaishakha 2070,"May 16, 2014"
18 Vaishakha 2070,"May 17, 2014"
19 Vaishakha 2070,"May 18, 2014"
20 Vaishakha 2070,"May 19, 2014"
21 Vaishakha 2070,"May 20, 2014"
22 Vaishakha 2070,"May 21, 2014"
23 Vaishakha 2070,"May 22, 2014"
24 Vaishakha 2070,"May 23, 2014"
25 Vaishakha 2070,"May 24, 2014"
26 Vaishakha 2070,"May 25, 2014"
27 Vaishakha 2070,"May 26, 2014"
28 Vaishakha 2070,"May 27, 2014"
29 Vaishakha 2070,"May 28, 2014"
1 Jyeshtha 2070,"May 29, 2014"
2 Jyeshtha 2070,"May 30, 2014"
3 Jyeshtha 2070,"May 31, 2014"
4 Jyeshtha 2070,"Jun 01, 2014"
5 Jyeshtha 2070,"Jun 02, 2014"
6 Jyeshtha 2070,"Jun 03, 2014"
7 Jyeshtha 2070,"Jun 04, 2014"
8 Jyeshtha 2070,"Jun 05, 2014"
9 Jyeshtha 2070,"Jun 06, 2014"
10 Jyeshtha 2070,"Jun 07, 2014"
11 Jyeshtha 2070,"Jun 08, 2014"
12 Jyeshtha 2070,"Jun 09, 2014"
13 Jyeshtha 2070,"Jun 10, 2014"
14 Jyeshtha 2070,"Jun 11, 2014"
15 Jyeshtha 2070,"Jun 12, 2014"
16 Jyeshtha 2070,"Jun 13, 2014"
17 Jyeshtha 2070,"Jun 14, 2014"
18 Jyeshtha 2070,"Jun 15, 2014"
19 Jyeshtha 2070,"Jun 16, 2014"
20 Jyeshtha 2070,"Jun 17, 2014"
21 Jyeshtha 2070,"Jun 18, 2014"
22 Jyeshtha 2070,"Jun 19, 2014"
23 Jyeshtha 2070,"Jun 20, 2014"
24 Jyeshtha 2070,"Jun 21, 2014"
25 Jyeshtha 2070,"Jun 22, 2014"
26 Jyeshtha 2070,"Jun 23, 2014"
27 Jyeshtha 2070,"Jun 24, 2014"
28 Jyeshtha 2070,"Jun 25, 2014"
29 Jyeshtha 2070,"Jun 26, 2014"
30 Jyeshtha 2070,"Jun 27, 2014"
1 Ashadha 2070,"Jun 28, 2014"
2 Ashadha 2070,"Jun 29, 2014"
3 Ashadha 2070,"Jun 30, 2014"
4 Ashadha 2070,"Jul 01, 2014"
5 Ashadha 2070,"Jul 02, 2014"
6 Ashadha 2070,"Jul 03, 2014"
7 Ashadha 2070,"Jul 04, 2014"
8 Ashadha 2070,"Jul 05, 2014"
9 Ashadha 2070,"Jul 06, 2014"
10 Ashadha 2070,"Jul 07, 2014"
11 Ashadha 2070,"Jul 08, 2014"
12 Ashadha 2070,"Jul 09, 2014"
13 Ashadha 2070,"Jul 10, 2014"
14 Ashadha 2070,"Jul 11, 2014"
15 Ashadha 2070,"Jul 12, 2014"
16 Ashadha 2070,"Jul 13, 2014"
17 Ashadha 2070,"Jul 14, 2014"
18 Ashadha 2070,"Jul 15, 2014"
19 Ashadha 2070,"Jul 16, 2014"
20 Ashadha 2070,"Jul 17, 2014"
21 Ashadha 2070,"Jul 18, 2014"
22 Ashadha 2070,"Jul 19, 2014"
23 Ashadha 2070,"Jul 20, 2014"
24 Ashadha 2070,"Jul 21, 2014"
25 Ashadha 2070,"Jul 22, 2014"
26 Ashadha 2070,"Jul 23, 2014"
27 Ashadha 2070,"Jul 24, 2014"
28 Ashadha 2070,"Jul 25, 2014"
29 Ashadha 2070,"Jul 26, 2014"
1 Shravana 2070,"Jul 27, 2014"
2 Shravana 2070,"Jul 28, 2014"
3 Shravana 2070,"Jul 29, 2014"
4 Shravana 2070,"Jul 30, 2014"
5 Shravana 2070,"Jul 31, 2014"
6 Shravana 2070,"Aug 01, 2014"
7 Shravana 2070,"Aug 02, 2014"
8 Shravana 2070,"Aug 03, 2014"
9 Shravana 2070,"Aug 04, 2014"
10 Shravana 2070,"Aug 05, 2014"
11 Shravana 2070,"Aug 06, 2014"
12 Shravana 2070,"Aug 07, 2014"
13 Shravana 2070,"Aug 08, 2014"
14 Shravana 2070,"Aug 09, 2014"
15 Shravana 2070,"Aug 10, 2014"
16 Shravana 2070,"Aug 11, 2014"
17 Shravana 2070,"Aug 12, 2014"
18 Shravana 2070,"Aug 13, 2014"
19 Shravana 2070,"Aug 14, 2014"
20 Shravana 2070,"Aug 15, 2014"
21 Shravana 2070,"Aug 16, 2014"
22 Shravana 2070,"Aug 17, 2014"
23 Shravana 2070,"Aug 18, 2014"
24 Shravana 2070,"Aug 19, 2014"
25 Shravana 2070,"Aug 20, 2014"
26 Shravana 2070,"Aug 21, 2014"
27 Shravana 2070,"Aug 22, 2014"
28 Shravana 2070,"Aug 23, 2014"
29 Shravana 2070,"Aug 24, 2014"
30 Shravana 2070,"Aug 25, 2014"
1 Bhadarvo 2070,"Aug 26, 2014"
2 Bhadarvo 2070,"Aug 27, 2014"
3 Bhadarvo 2070,"Aug 28, 2014"
4 Bhadarvo 2070,"Aug 29, 2014"
5 Bhadarvo 2070,"Aug 30, 2014"
6 Bhadarvo 2070,"Aug 31, 2014"
7 Bhadarvo 2070,"Sep 01, 2014"
8 Bhadarvo 2070,"Sep 02, 2014"
9 Bhadarvo 2070,"Sep 03, 2014"
10 Bhadarvo 2070,"Sep 04, 2014"
11 Bhadarvo 2070,"Sep 05, 2014"
12 Bhadarvo 2070,"Sep 06, 2014"
13 Bhadarvo 2070,"Sep 07, 2014"
14 Bhadarvo 2070,"Sep 08, 2014"
15 Bhadarvo 2070,"Sep 09, 2014"
16 Bhadarvo 2070,"Sep 10, 2014"
17 Bhadarvo 2070,"Sep 11, 2014"
18 Bhadarvo 2070,"Sep 12, 2014"
19 Bhadarvo 2070,"Sep 13, 2014"
20 Bhadarvo 2070,"Sep 14, 2014"
21 Bhadarvo 2070,"Sep 15, 2014"
22 Bhadarvo 2070,"Sep 16, 2014"
23 Bhadarvo 2070,"Sep 17, 2014"
24 Bhadarvo 2070,"Sep 18, 2014"
25 Bhadarvo 2070,"Sep 19, 2014"
26 Bhadarvo 2070,"Sep 20, 2014"
27 Bhadarvo 2070,"Sep 21, 2014"
28 Bhadarvo 2070,"Sep 22, 2014"
29 Bhadarvo 2070,"Sep 23, 2014"
30 Bhadarvo 2070,"Sep 24, 2014"
1 Aso 2070,"Sep 25, 2014"
2 Aso 2070,"Sep 26, 2014"
3 Aso 2070,"Sep 27, 2014"
4 Aso 2070,"Sep 28, 2014"
5 Aso 2070,"Sep 29, 2014"
6 Aso 2070,"Sep 30, 2014"
7 Aso 2070,"Oct 01, 2014"
8 Aso 2070,"Oct 02, 2014"
9 Aso 2070,"Oct 03, 2014"
10 Aso 2070,"Oct 04, 2014"
11 Aso 2070,"Oct 05, 2014"
12 Aso 2070,"Oct 06, 2014"
13 Aso 2070,"Oct 07, 2014"
14 Aso 2070,"Oct 08, 2014"
15 Aso 2070,"Oct 09, 2014"
16 Aso 2070,"Oct 10, 2014"
17 Aso 2070,"Oct 11, 2014"
18 Aso 2070,"Oct 12, 2014"
19 Aso 2070,"Oct 13, 2014"
20 Aso 2070,"Oct 14, 2014"
21 Aso 2070,"Oct 15, 2014"
22 Aso 2070,"Oct 16, 2014"
23 Aso 2070,"Oct 17, 2014"
24 Aso 2070,"Oct 18, 2014"
25 Aso 2070,"Oct 19, 2014"
26 Aso 2070,"Oct 20, 2014"
27 Aso 2070,"Oct 21, 2014"
28 Aso 2070,"Oct 22, 2014"
29 Aso 2070,"Oct 23, 2014"
1 Kartak 2070,"Oct 24, 2014"
2 Kartak 2070,"Oct 25, 2014"
3 Kartak 2070,"Oct 26, 2014"
4 Kartak 2070,"Oct 27, 2014"
5 Kartak 2070,"Oct 28, 2014"
6 Kartak 2070,"Oct 29, 2014"
7 Kartak 2070,"Oct 30, 2014"
8 Kartak 2070,"Oct 31, 2014"
9 Kartak 2070,"Nov 01, 2014"
10 Kartak 2070,"Nov 02, 2014"
11 Kartak 2070,"Nov 03, 2014"
12 Kartak 2070,"Nov 04, 2014"
13 Kartak 2070,"Nov 05, 2014"
14 Kartak 2070,"Nov 06, 2014"
15 Kartak 2070,"Nov 07, 2014"
16 Kartak 2070,"Nov 08, 2014"
17 Kartak 2070,"Nov 09, 2014"
18 Kartak 2070,"Nov 10, 2014"
19 Kartak 2070,"Nov 11, 2014"
20 Kartak 2070,"Nov 12, 2014"
21 Kartak 2070,"Nov 13, 2014"
22 Kartak 2070,"Nov 14, 2014"
23 Kartak 2070,"Nov 15, 2014"
24 Kartak 2070,"Nov 16, 2014"
25 Kartak 2070,"Nov 17, 2014"
26 Kartak 2070,"Nov 18, 2014"
27 Kartak 2070,"Nov 19, 2014"
28 Kartak 2070,"Nov 20, 2014"
29 Kartak 2070,"Nov 21, 2014"
30 Kartak 2070,"Nov 22, 2014"
1 Magshar 2070,"Nov 23, 2014"
2 Magshar 2070,"Nov 24, 2014"
3 Magshar 2070,"Nov 25, 2014"
4 Magshar 2070,"Nov 26, 2014"
5 Magshar 2070,"Nov 27, 2014"
6 Magshar 2070,"Nov 28, 2014"
7 Magshar 2070,"Nov 29, 2014"
8 Magshar 2070,"Nov 30, 2014"
9 Magshar 2070,"Dec 01, 2014"
10 Magshar 2070,"Dec 02, 2014"
11 Magshar 2070,"Dec 03, 2014"
12 Magshar 2070,"Dec 04, 2014"
13 Magshar 2070,"Dec 05, 2014"
14 Magshar 2070,"Dec 06, 2014"
15 Magshar 2070,"Dec 07, 2014"
16 Magshar 2070,"Dec 08, 2014"
17 Magshar 2070,"Dec 09, 2014"
18 Magshar 2070,"Dec 10, 2014"
19 Magshar 2070,"Dec 11, 2014"
20 Magshar 2070,"Dec 12, 2014"
21 Magshar 2070,"Dec 13, 2014"
22 Magshar 2070,"Dec 14, 2014"
23 Magshar 2070,"Dec 15, 2014"
24 Magshar 2070,"Dec 16, 2014"
25 Magshar 2070,"Dec 17, 2014"
26 Magshar 2070,"Dec 18, 2014"
27 Magshar 2070,"Dec 19, 2014"
28 Magshar 2070,"Dec 20, 2014"
29 Magshar 2070,"Dec 21, 2014"
30 Magshar 2070,"Dec 22, 2014"
1 Posh 2070,"Dec 23, 2014"
2 Posh 2070,"Dec 24, 2014"
3 Posh 2070,"Dec 25, 2014"
4 Posh 2070,"Dec 26, 2014"
5 Posh 2070,"Dec 27, 2014"
6 Posh 2070,"Dec 28, 2014"
7 Posh 2070,"Dec 29, 2014"
8 Posh 2070,"Dec 30, 2014"
9 Posh 2070,"Dec 31, 2014"
10 Posh 2070,"Jan 01, 2015"
11 Posh 2070,"Jan 02, 2015"
12 Posh 2070,"Jan 03, 2015"
13 Posh 2070,"Jan 04, 2015"
14 Posh 2070,"Jan 05, 2015"
15 Posh 2070,"Jan 06, 2015"
16 Posh 2070,"Jan 07, 2015"
17 Posh 2070,"Jan 08, 2015"
18 Posh 2070,"Jan 09, 2015"
19 Posh 2070,"Jan 10, 2015"
20 Posh 2070,"Jan 11, 2015"
21 Posh 2070,"Jan 12, 2015"
22 Posh 2070,"Jan 13, 2015"
23 Posh 2070,"Jan 14, 2015"
24 Posh 2070,"Jan 15, 2015"
25 Posh 2070,"Jan 16, 2015"
26 Posh 2070,"Jan 17, 2015"
27 Posh 2070,"Jan 18, 2015"
28 Posh 2070,"Jan 19, 2015"
29 Posh 2070,"Jan 20, 2015"
1 Maha 2071,"Jan 21, 2015"
2 Maha 2071,"Jan 22, 2015"
3 Maha 2071,"Jan 23, 2015"
4 Maha 2071,"Jan 24, 2015"
5 Maha 2071,"Jan 25, 2015"
6 Maha 2071,"Jan 26, 2015"
7 Maha 2071,"Jan 27, 2015"
8 Maha 2071,"Jan 28, 2015"
9 Maha 2071,"Jan 29, 2015"
10 Maha 2071,"Jan 30, 2015"
11 Maha 2071,"Jan 31, 2015"
12 Maha 2071,"Feb 01, 2015"
13 Maha 2071,"Feb 02, 2015"
14 Maha 2071,"Feb 03, 2015"
15 Maha 2071,"Feb 04, 2015"
16 Maha 2071,"Feb 05, 2015"
17 Maha 2071,"Feb 06, 2015"
18 Maha 2071,"Feb 07, 2015"
19 Maha 2071,"Feb 08, 2015"
20 Maha 2071,"Feb 09, 2015"
21 Maha 2071,"Feb 10, 2015"
22 Maha 2071,"Feb 11, 2015"
23 Maha 2071,"Feb 12, 2015"
24 Maha 2071,"Feb 13, 2015"
25 Maha 2071,"Feb 14, 2015"
26 Maha 2071,"Feb 15, 2015"
27 Maha 2071,"Feb 16, 2015"
28 Maha 2071,"Feb 17, 2015"
29 Maha 2071,"Feb 18, 2015"
1 Phaguna 2071,"Feb 19, 2015"
2 Phaguna 2071,"Feb 20, 2015"
3 Phaguna 2071,"Feb 21, 2015"
4 Phaguna 2071,"Feb 22, 2015"
5 Phaguna 2071,"Feb 23, 2015"
6 Phaguna 2071,"Feb 24, 2015"
7 Phaguna 2071,"Feb 25, 2015"
8 Phaguna 2071,"Feb 26, 2015"
9 Phaguna 2071,"Feb 27, 2015"
10 Phaguna 2071,"Feb 28, 2015"
11 Phaguna 2071,"Mar 01, 2015"
12 Phaguna 2071,"Mar 02, 2015"
13 Phaguna 2071,"Mar 03, 2015"
14 Phaguna 2071,"Mar 04, 2015"
15 Phaguna 2071,"Mar 05, 2015"
16 Phaguna 2071,"Mar 06, 2015"
17 Phaguna 2071,"Mar 07, 2015"
18 Phaguna 2071,"Mar 08, 2015"
19 Phaguna 2071,"Mar 09, 2015"
20 Phaguna 2071,"Mar 10, 2015"
21 Phaguna 2071,"Mar 11, 2015"
22 Phaguna 2071,"Mar 12, 2015"
23 Phaguna 2071,"Mar 13, 2015"
24 Phaguna 2071,"Mar 14, 2015"
25 Phaguna 2071,"Mar 15, 2015"
26 Phaguna 2071,"Mar 16, 2015"
27 Phaguna 2071,"Mar 17, 2015"
28 Phaguna 2071,"Mar 18, 2015"
29 Phaguna 2071,"Mar 19, 2015"
30 Phaguna 2071,"Mar 20, 2015"
1 Chaitra 2071,"Mar 21, 2015"
2 Chaitra 2071,"Mar 22, 2015"
3 Chaitra 2071,"Mar 23, 2015"
4 Chaitra 2071,"Mar 24, 2015"
5 Chaitra 2071,"Mar 25, 2015"
6 Chaitra 2071,"Mar 26, 2015"
7 Chaitra 2071,"Mar 27, 2015"
8 Chaitra 2071,"Mar 28, 2015"
9 Chaitra 2071,"Mar 29, 2015"
10 Chaitra 2071,"Mar 30, 2015"
11 Chaitra 2071,"Mar 31, 2015"
12 Chaitra 2071,"Apr 01, 2015"
13 Chaitra 2071,"Apr 02, 2015"
14 Chaitra 2071,"Apr 03, 2015"
15 Chaitra 2071,"Apr 04, 2015"
16 Chaitra 2071,"Apr 05, 2015"
17 Chaitra 2071,"Apr 06, 2015"
18 Chaitra 2071,"Apr 07, 2015"
19 Chaitra 2071,"Apr 08, 2015"
20 Chaitra 2071,"Apr 09, 2015"
21 Chaitra 2071,"Apr 10, 2015"
22 Chaitra 2071,"Apr 11, 2015"
23 Chaitra 2071,"Apr 12, 2015"
24 Chaitra 2071,"Apr 13, 2015"
25 Chaitra 2071,"Apr 14, 2015"
26 Chaitra 2071,"Apr 15, 2015"
27 Chaitra 2071,"Apr 16, 2015"
28 Chaitra 2071,"Apr 17, 2015"
29 Chaitra 2071,"Apr 18, 2015"
1 Vaishakha 2071,"Apr 19, 2015"
2 Vaishakha 2071,"Apr 20, 2015"
3 Vaishakha 2071,"Apr 21, 2015"
4 Vaishakha 2071,"Apr 22, 2015"
5 Vaishakha 2071,"Apr 23, 2015"
6 Vaishakha 2071,"Apr 24, 2015"
7 Vaishakha 2071,"Apr 25, 2015"
8 Vaishakha 2071,"Apr 26, 2015"
9 Vaishakha 2071,"Apr 27, 2015"
10 Vaishakha 2071,"Apr 28, 2015"
11 Vaishakha 2071,"Apr 29, 2015"
12 Vaishakha 2071,"Apr 30, 2015"
13 Vaishakha 2071,"May 01, 2015"
14 Vaishakha 2071,"May 02, 2015"
15 Vaishakha 2071,"May 03, 2015"
16 Vaishakha 2071,"May 04, 2015"
17 Vaishakha 2071,"May 05, 2015"
18 Vaishakha 2071,"May 06, 2015"
19 Vaishakha 2071,"May 07, 2015"
20 Vaishakha 2071,"May 08, 2015"
21 Vaishakha 2071,"May 09, 2015"
22 Vaishakha 2071,"May 10, 2015"
23 Vaishakha 2071,"May 11, 2015"
24 Vaishakha 2071,"May 12, 2015"
25 Vaishakha 2071,"May 13, 2015"
26 Vaishakha 2071,"May 14, 2015"
27 Vaishakha 2071,"May 15, 2015"
28 Vaishakha 2071,"May 16, 2015"
29 Vaishakha 2071,"May 17, 2015"
30 Vaishakha 2071,"May 18, 2015"
1 Jyeshtha 2071,"May 19, 2015"
2 Jyeshtha 2071,"May 20, 2015"
3 Jyeshtha 2071,"May 21, 2015"
4 Jyeshtha 2071,"May 22, 2015"
5 Jyeshtha 2071,"May 23, 2015"
6 Jyeshtha 2071,"May 24, 2015"
7 Jyeshtha 2071,"May 25, 2015"
8 Jyeshtha 2071,"May 26, 2015"
9 Jyeshtha 2071,"May 27, 2015"
10 Jyeshtha 2071,"May 28, 2015"
11 Jyeshtha 2071,"May 29, 2015"
12 Jyeshtha 2071,"May 30, 2015"
13 Jyeshtha 2071,"May 31, 2015"
14 Jyeshtha 2071,"Jun 01, 2015"
15 Jyeshtha 2071,"Jun 02, 2015"
16 Jyeshtha 2071,"Jun 03, 2015"
17 Jyeshtha 2071,"Jun 04, 2015"
18 Jyeshtha 2071,"Jun 05, 2015"
19 Jyeshtha 2071,"Jun 06, 2015"
20 Jyeshtha 2071,"Jun 07, 2015"
21 Jyeshtha 2071,"Jun 08, 2015"
22 Jyeshtha 2071,"Jun 09, 2015"
23 Jyeshtha 2071,"Jun 10, 2015"
24 Jyeshtha 2071,"Jun 11, 2015"
25 Jyeshtha 2071,"Jun 12, 2015"
26 Jyeshtha 2071,"Jun 13, 2015"
27 Jyeshtha 2071,"Jun 14, 2015"
28 Jyeshtha 2071,"Jun 15, 2015"
29 Jyeshtha 2071,"Jun 16, 2015"
1 Ashadha_Adhik 2071,"Jun 17, 2015"
2 Ashadha_Adhik 2071,"Jun 18, 2015"
3 Ashadha_Adhik 2071,"Jun 19, 2015"
4 Ashadha_Adhik 2071,"Jun 20, 2015"
5 Ashadha_Adhik 2071,"Jun 21, 2015"
6 Ashadha_Adhik 2071,"Jun 22, 2015"
7 Ashadha_Adhik 2071,"Jun 23, 2015"
8 Ashadha_Adhik 2071,"Jun 24, 2015"
9 Ashadha_Adhik 2071,"Jun 25, 2015"
10 Ashadha_Adhik 2071,"Jun 26, 2015"
11 Ashadha_Adhik 2071,"Jun 27, 2015"
12 Ashadha_Adhik 2071,"Jun 28, 2015"
13 Ashadha_Adhik 2071,"Jun 29, 2015"
14 Ashadha_Adhik 2071,"Jun 30, 2015"
15 Ashadha_Adhik 2071,"Jul 01, 2015"
16 Ashadha_Adhik 2071,"Jul 02, 2015"
17 Ashadha_Adhik 2071,"Jul 03, 2015"
18 Ashadha_Adhik 2071,"Jul 04, 2015"
19 Ashadha_Adhik 2071,"Jul 05, 2015"
20 Ashadha_Adhik 2071,"Jul 06, 2015"
21 Ashadha_Adhik 2071,"Jul 07, 2015"
22 Ashadha_Adhik 2071,"Jul 08, 2015"
23 Ashadha_Adhik 2071,"Jul 09, 2015"
24 Ashadha_Adhik 2071,"Jul 10, 2015"
25 Ashadha_Adhik 2071,"Jul 11, 2015"
26 Ashadha_Adhik 2071,"Jul 12, 2015"
27 Ashadha_Adhik 2071,"Jul 13, 2015"
28 Ashadha_Adhik 2071,"Jul 14, 2015"
29 Ashadha_Adhik 2071,"Jul 15, 2015"
30 Ashadha_Adhik 2071,"Jul 16, 2015"
1 Ashadha 2072,"Jul 17, 2015"
2 Ashadha 2072,"Jul 18, 2015"
3 Ashadha 2072,"Jul 19, 2015"
4 Ashadha 2072,"Jul 20, 2015"
5 Ashadha 2072,"Jul 21, 2015"
6 Ashadha 2072,"Jul 22, 2015"
7 Ashadha 2072,"Jul 23, 2015"
8 Ashadha 2072,"Jul 24, 2015"
9 Ashadha 2072,"Jul 25, 2015"
10 Ashadha 2072,"Jul 26, 2015"
11 Ashadha 2072,"Jul 27, 2015"
12 Ashadha 2072,"Jul 28, 2015"
13 Ashadha 2072,"Jul 29, 2015"
14 Ashadha 2072,"Jul 30, 2015"
15 Ashadha 2072,"Jul 31, 2015"
16 Ashadha 2072,"Aug 01, 2015"
17 Ashadha 2072,"Aug 02, 2015"
18 Ashadha 2072,"Aug 03, 2015"
19 Ashadha 2072,"Aug 04, 2015"
20 Ashadha 2072,"Aug 05, 2015"
21 Ashadha 2072,"Aug 06, 2015"
22 Ashadha 2072,"Aug 07, 2015"
23 Ashadha 2072,"Aug 08, 2015"
24 Ashadha 2072,"Aug 09, 2015"
25 Ashadha 2072,"Aug 10, 2015"
26 Ashadha 2072,"Aug 11, 2015"
27 Ashadha 2072,"Aug 12, 2015"
28 Ashadha 2072,"Aug 13, 2015"
29 Ashadha 2072,"Aug 14, 2015"
1 Shravana 2071,"Aug 15, 2015"
2 Shravana 2071,"Aug 16, 2015"
3 Shravana 2071,"Aug 17, 2015"
4 Shravana 2071,"Aug 18, 2015"
5 Shravana 2071,"Aug 19, 2015"
6 Shravana 2071,"Aug 20, 2015"
7 Shravana 2071,"Aug 21, 2015"
8 Shravana 2071,"Aug 22, 2015"
9 Shravana 2071,"Aug 23, 2015"
10 Shravana 2071,"Aug 24, 2015"
11 Shravana 2071,"Aug 25, 2015"
12 Shravana 2071,"Aug 26, 2015"
13 Shravana 2071,"Aug 27, 2015"
14 Shravana 2071,"Aug 28, 2015"
15 Shravana 2071,"Aug 29, 2015"
16 Shravana 2071,"Aug 30, 2015"
17 Shravana 2071,"Aug 31, 2015"
18 Shravana 2071,"Sep 01, 2015"
19 Shravana 2071,"Sep 02, 2015"
20 Shravana 2071,"Sep 03, 2015"
21 Shravana 2071,"Sep 04, 2015"
22 Shravana 2071,"Sep 05, 2015"
23 Shravana 2071,"Sep 06, 2015"
24 Shravana 2071,"Sep 07, 2015"
25 Shravana 2071,"Sep 08, 2015"
26 Shravana 2071,"Sep 09, 2015"
27 Shravana 2071,"Sep 10, 2015"
28 Shravana 2071,"Sep 11, 2015"
29 Shravana 2071,"Sep 12, 2015"
30 Shravana 2071,"Sep 13, 2015"
1 Bhadarvo 2071,"Sep 14, 2015"
2 Bhadarvo 2071,"Sep 15, 2015"
3 Bhadarvo 2071,"Sep 16, 2015"
4 Bhadarvo 2071,"Sep 17, 2015"
5 Bhadarvo 2071,"Sep 18, 2015"
6 Bhadarvo 2071,"Sep 19, 2015"
7 Bhadarvo 2071,"Sep 20, 2015"
8 Bhadarvo 2071,"Sep 21, 2015"
9 Bhadarvo 2071,"Sep 22, 2015"
10 Bhadarvo 2071,"Sep 23, 2015"
11 Bhadarvo 2071,"Sep 24, 2015"
12 Bhadarvo 2071,"Sep 25, 2015"
13 Bhadarvo 2071,"Sep 26, 2015"
14 Bhadarvo 2071,"Sep 27, 2015"
15 Bhadarvo 2071,"Sep 28, 2015"
16 Bhadarvo 2071,"Sep 29, 2015"
17 Bhadarvo 2071,"Sep 30, 2015"
18 Bhadarvo 2071,"Oct 01, 2015"
19 Bhadarvo 2071,"Oct 02, 2015"
20 Bhadarvo 2071,"Oct 03, 2015"
21 Bhadarvo 2071,"Oct 04, 2015"
22 Bhadarvo 2071,"Oct 05, 2015"
23 Bhadarvo 2071,"Oct 06, 2015"
24 Bhadarvo 2071,"Oct 07, 2015"
25 Bhadarvo 2071,"Oct 08, 2015"
26 Bhadarvo 2071,"Oct 09, 2015"
27 Bhadarvo 2071,"Oct 10, 2015"
28 Bhadarvo 2071,"Oct 11, 2015"
29 Bhadarvo 2071,"Oct 12, 2015"
1 Aso 2071,"Oct 13, 2015"
2 Aso 2071,"Oct 14, 2015"
3 Aso 2071,"Oct 15, 2015"
4 Aso 2071,"Oct 16, 2015"
5 Aso 2071,"Oct 17, 2015"
6 Aso 2071,"Oct 18, 2015"
7 Aso 2071,"Oct 19, 2015"
8 Aso 2071,"Oct 20, 2015"
9 Aso 2071,"Oct 21, 2015"
10 Aso 2071,"Oct 22, 2015"
11 Aso 2071,"Oct 23, 2015"
12 Aso 2071,"Oct 24, 2015"
13 Aso 2071,"Oct 25, 2015"
14 Aso 2071,"Oct 26, 2015"
15 Aso 2071,"Oct 27, 2015"
16 Aso 2071,"Oct 28, 2015"
17 Aso 2071,"Oct 29, 2015"
18 Aso 2071,"Oct 30, 2015"
19 Aso 2071,"Oct 31, 2015"
20 Aso 2071,"Nov 01, 2015"
21 Aso 2071,"Nov 02, 2015"
22 Aso 2071,"Nov 03, 2015"
23 Aso 2071,"Nov 04, 2015"
24 Aso 2071,"Nov 05, 2015"
25 Aso 2071,"Nov 06, 2015"
26 Aso 2071,"Nov 07, 2015"
27 Aso 2071,"Nov 08, 2015"
28 Aso 2071,"Nov 09, 2015"
29 Aso 2071,"Nov 10, 2015"
30 Aso 2071,"Nov 11, 2015"
1 Kartak 2071,"Nov 12, 2015"
2 Kartak 2071,"Nov 13, 2015"
3 Kartak 2071,"Nov 14, 2015"
4 Kartak 2071,"Nov 15, 2015"
5 Kartak 2071,"Nov 16, 2015"
6 Kartak 2071,"Nov 17, 2015"
7 Kartak 2071,"Nov 18, 2015"
8 Kartak 2071,"Nov 19, 2015"
9 Kartak 2071,"Nov 20, 2015"
10 Kartak 2071,"Nov 21, 2015"
11 Kartak 2071,"Nov 22, 2015"
12 Kartak 2071,"Nov 23, 2015"
13 Kartak 2071,"Nov 24, 2015"
14 Kartak 2071,"Nov 25, 2015"
15 Kartak 2071,"Nov 26, 2015"
16 Kartak 2071,"Nov 27, 2015"
17 Kartak 2071,"Nov 28, 2015"
18 Kartak 2071,"Nov 29, 2015"
19 Kartak 2071,"Nov 30, 2015"
20 Kartak 2071,"Dec 01, 2015"
21 Kartak 2071,"Dec 02, 2015"
22 Kartak 2071,"Dec 03, 2015"
23 Kartak 2071,"Dec 04, 2015"
24 Kartak 2071,"Dec 05, 2015"
25 Kartak 2071,"Dec 06, 2015"
26 Kartak 2071,"Dec 07, 2015"
27 Kartak 2071,"Dec 08, 2015"
28 Kartak 2071,"Dec 09, 2015"
29 Kartak 2071,"Dec 10, 2015"
30 Kartak 2071,"Dec 11, 2015"
1 Magshar 2071,"Dec 12, 2015"
2 Magshar 2071,"Dec 13, 2015"
3 Magshar 2071,"Dec 14, 2015"
4 Magshar 2071,"Dec 15, 2015"
5 Magshar 2071,"Dec 16, 2015"
6 Magshar 2071,"Dec 17, 2015"
7 Magshar 2071,"Dec 18, 2015"
8 Magshar 2071,"Dec 19, 2015"
9 Magshar 2071,"Dec 20, 2015"
10 Magshar 2071,"Dec 21, 2015"
11 Magshar 2071,"Dec 22, 2015"
12 Magshar 2071,"Dec 23, 2015"
13 Magshar 2071,"Dec 24, 2015"
14 Magshar 2071,"Dec 25, 2015"
15 Magshar 2071,"Dec 26, 2015"
16 Magshar 2071,"Dec 27, 2015"
17 Magshar 2071,"Dec 28, 2015"
18 Magshar 2071,"Dec 29, 2015"
19 Magshar 2071,"Dec 30, 2015"
20 Magshar 2071,"Dec 31, 2015"
21 Magshar 2071,"Jan 01, 2016"
22 Magshar 2071,"Jan 02, 2016"
23 Magshar 2071,"Jan 03, 2016"
24 Magshar 2071,"Jan 04, 2016"
25 Magshar 2071,"Jan 05, 2016"
26 Magshar 2071,"Jan 06, 2016"
27 Magshar 2071,"Jan 07, 2016"
28 Magshar 2071,"Jan 08, 2016"
29 Magshar 2071,"Jan 09, 2016"
1 Posh 2072,"Jan 10, 2016"
2 Posh 2072,"Jan 11, 2016"
3 Posh 2072,"Jan 12, 2016"
4 Posh 2072,"Jan 13, 2016"
5 Posh 2072,"Jan 14, 2016"
6 Posh 2072,"Jan 15, 2016"
7 Posh 2072,"Jan 16, 2016"
8 Posh 2072,"Jan 17, 2016"
9 Posh 2072,"Jan 18, 2016"
10 Posh 2072,"Jan 19, 2016"
11 Posh 2072,"Jan 20, 2016"
12 Posh 2072,"Jan 21, 2016"
13 Posh 2072,"Jan 22, 2016"
14 Posh 2072,"Jan 23, 2016"
15 Posh 2072,"Jan 24, 2016"
16 Posh 2072,"Jan 25, 2016"
17 Posh 2072,"Jan 26, 2016"
18 Posh 2072,"Jan 27, 2016"
19 Posh 2072,"Jan 28, 2016"
20 Posh 2072,"Jan 29, 2016"
21 Posh 2072,"Jan 30, 2016"
22 Posh 2072,"Jan 31, 2016"
23 Posh 2072,"Feb 01, 2016"
24 Posh 2072,"Feb 02, 2016"
25 Posh 2072,"Feb 03, 2016"
26 Posh 2072,"Feb 04, 2016"
27 Posh 2072,"Feb 05, 2016"
28 Posh 2072,"Feb 06, 2016"
29 Posh 2072,"Feb 07, 2016"
30 Posh 2072,"Feb 08, 2016"
1 Maha 2072,"Feb 09, 2016"
2 Maha 2072,"Feb 10, 2016"
3 Maha 2072,"Feb 11, 2016"
4 Maha 2072,"Feb 12, 2016"
5 Maha 2072,"Feb 13, 2016"
6 Maha 2072,"Feb 14, 2016"
7 Maha 2072,"Feb 15, 2016"
8 Maha 2072,"Feb 16, 2016"
9 Maha 2072,"Feb 17, 2016"
10 Maha 2072,"Feb 18, 2016"
11 Maha 2072,"Feb 19, 2016"
12 Maha 2072,"Feb 20, 2016"
13 Maha 2072,"Feb 21, 2016"
14 Maha 2072,"Feb 22, 2016"
15 Maha 2072,"Feb 23, 2016"
16 Maha 2072,"Feb 24, 2016"
17 Maha 2072,"Feb 25, 2016"
18 Maha 2072,"Feb 26, 2016"
19 Maha 2072,"Feb 27, 2016"
20 Maha 2072,"Feb 28, 2016"
21 Maha 2072,"Feb 29, 2016"
22 Maha 2072,"Mar 01, 2016"
23 Maha 2072,"Mar 02, 2016"
24 Maha 2072,"Mar 03, 2016"
25 Maha 2072,"Mar 04, 2016"
26 Maha 2072,"Mar 05, 2016"
27 Maha 2072,"Mar 06, 2016"
28 Maha 2072,"Mar 07, 2016"
29 Maha 2072,"Mar 08, 2016"
30 Maha 2072,"Mar 09, 2016"
1 Phaguna 2072,"Mar 10, 2016"
2 Phaguna 2072,"Mar 11, 2016"
3 Phaguna 2072,"Mar 12, 2016"
4 Phaguna 2072,"Mar 13, 2016"
5 Phaguna 2072,"Mar 14, 2016"
6 Phaguna 2072,"Mar 15, 2016"
7 Phaguna 2072,"Mar 16, 2016"
8 Phaguna 2072,"Mar 17, 2016"
9 Phaguna 2072,"Mar 18, 2016"
10 Phaguna 2072,"Mar 19, 2016"
11 Phaguna 2072,"Mar 20, 2016"
12 Phaguna 2072,"Mar 21, 2016"
13 Phaguna 2072,"Mar 22, 2016"
14 Phaguna 2072,"Mar 23, 2016"
15 Phaguna 2072,"Mar 24, 2016"
16 Phaguna 2072,"Mar 25, 2016"
17 Phaguna 2072,"Mar 26, 2016"
18 Phaguna 2072,"Mar 27, 2016"
19 Phaguna 2072,"Mar 28, 2016"
20 Phaguna 2072,"Mar 29, 2016"
21 Phaguna 2072,"Mar 30, 2016"
22 Phaguna 2072,"Mar 31, 2016"
23 Phaguna 2072,"Apr 01, 2016"
24 Phaguna 2072,"Apr 02, 2016"
25 Phaguna 2072,"Apr 03, 2016"
26 Phaguna 2072,"Apr 04, 2016"
27 Phaguna 2072,"Apr 05, 2016"
28 Phaguna 2072,"Apr 06, 2016"
29 Phaguna 2072,"Apr 07, 2016"
1 Chaitra 2072,"Apr 08, 2016"
2 Chaitra 2072,"Apr 09, 2016"
3 Chaitra 2072,"Apr 10, 2016"
4 Chaitra 2072,"Apr 11, 2016"
5 Chaitra 2072,"Apr 12, 2016"
6 Chaitra 2072,"Apr 13, 2016"
7 Chaitra 2072,"Apr 14, 2016"
8 Chaitra 2072,"Apr 15, 2016"
9 Chaitra 2072,"Apr 16, 2016"
10 Chaitra 2072,"Apr 17, 2016"
11 Chaitra 2072,"Apr 18, 2016"
12 Chaitra 2072,"Apr 19, 2016"
13 Chaitra 2072,"Apr 20, 2016"
14 Chaitra 2072,"Apr 21, 2016"
15 Chaitra 2072,"Apr 22, 2016"
16 Chaitra 2072,"Apr 23, 2016"
17 Chaitra 2072,"Apr 24, 2016"
18 Chaitra 2072,"Apr 25, 2016"
19 Chaitra 2072,"Apr 26, 2016"
20 Chaitra 2072,"Apr 27, 2016"
21 Chaitra 2072,"Apr 28, 2016"
22 Chaitra 2072,"Apr 29, 2016"
23 Chaitra 2072,"Apr 30, 2016"
24 Chaitra 2072,"May 01, 2016"
25 Chaitra 2072,"May 02, 2016"
26 Chaitra 2072,"May 03, 2016"
27 Chaitra 2072,"May 04, 2016"
28 Chaitra 2072,"May 05, 2016"
29 Chaitra 2072,"May 06, 2016"
1 Vaishakha 2072,"May 07, 2016"
2 Vaishakha 2072,"May 08, 2016"
3 Vaishakha 2072,"May 09, 2016"
4 Vaishakha 2072,"May 10, 2016"
5 Vaishakha 2072,"May 11, 2016"
6 Vaishakha 2072,"May 12, 2016"
7 Vaishakha 2072,"May 13, 2016"
8 Vaishakha 2072,"May 14, 2016"
9 Vaishakha 2072,"May 15, 2016"
10 Vaishakha 2072,"May 16, 2016"
11 Vaishakha 2072,"May 17, 2016"
12 Vaishakha 2072,"May 18, 2016"
13 Vaishakha 2072,"May 19, 2016"
14 Vaishakha 2072,"May 20, 2016"
15 Vaishakha 2072,"May 21, 2016"
16 Vaishakha 2072,"May 22, 2016"
17 Vaishakha 2072,"May 23, 2016"
18 Vaishakha 2072,"May 24, 2016"
19 Vaishakha 2072,"May 25, 2016"
20 Vaishakha 2072,"May 26, 2016"
21 Vaishakha 2072,"May 27, 2016"
22 Vaishakha 2072,"May 28, 2016"
23 Vaishakha 2072,"May 29, 2016"
24 Vaishakha 2072,"May 30, 2016"
25 Vaishakha 2072,"May 31, 2016"
26 Vaishakha 2072,"Jun 01, 2016"
27 Vaishakha 2072,"Jun 02, 2016"
28 Vaishakha 2072,"Jun 03, 2016"
29 Vaishakha 2072,"Jun 04, 2016"
30 Vaishakha 2072,"Jun 05, 2016"
1 Jyeshtha 2072,"Jun 06, 2016"
2 Jyeshtha 2072,"Jun 07, 2016"
3 Jyeshtha 2072,"Jun 08, 2016"
4 Jyeshtha 2072,"Jun 09, 2016"
5 Jyeshtha 2072,"Jun 10, 2016"
6 Jyeshtha 2072,"Jun 11, 2016"
7 Jyeshtha 2072,"Jun 12, 2016"
8 Jyeshtha 2072,"Jun 13, 2016"
9 Jyeshtha 2072,"Jun 14, 2016"
10 Jyeshtha 2072,"Jun 15, 2016"
11 Jyeshtha 2072,"Jun 16, 2016"
12 Jyeshtha 2072,"Jun 17, 2016"
13 Jyeshtha 2072,"Jun 18, 2016"
14 Jyeshtha 2072,"Jun 19, 2016"
15 Jyeshtha 2072,"Jun 20, 2016"
16 Jyeshtha 2072,"Jun 21, 2016"
17 Jyeshtha 2072,"Jun 22, 2016"
18 Jyeshtha 2072,"Jun 23, 2016"
19 Jyeshtha 2072,"Jun 24, 2016"
20 Jyeshtha 2072,"Jun 25, 2016"
21 Jyeshtha 2072,"Jun 26, 2016"
22 Jyeshtha 2072,"Jun 27, 2016"
23 Jyeshtha 2072,"Jun 28, 2016"
24 Jyeshtha 2072,"Jun 29, 2016"
25 Jyeshtha 2072,"Jun 30, 2016"
26 Jyeshtha 2072,"Jul 01, 2016"
27 Jyeshtha 2072,"Jul 02, 2016"
28 Jyeshtha 2072,"Jul 03, 2016"
29 Jyeshtha 2072,"Jul 04, 2016"
1 Ashadha 2072,"Jul 05, 2016"
2 Ashadha 2072,"Jul 06, 2016"
3 Ashadha 2072,"Jul 07, 2016"
4 Ashadha 2072,"Jul 08, 2016"
5 Ashadha 2072,"Jul 09, 2016"
6 Ashadha 2072,"Jul 10, 2016"
7 Ashadha 2072,"Jul 11, 2016"
8 Ashadha 2072,"Jul 12, 2016"
9 Ashadha 2072,"Jul 13, 2016"
10 Ashadha 2072,"Jul 14, 2016"
11 Ashadha 2072,"Jul 15, 2016"
12 Ashadha 2072,"Jul 16, 2016"
13 Ashadha 2072,"Jul 17, 2016"
14 Ashadha 2072,"Jul 18, 2016"
15 Ashadha 2072,"Jul 19, 2016"
16 Ashadha 2072,"Jul 20, 2016"
17 Ashadha 2072,"Jul 21, 2016"
18 Ashadha 2072,"Jul 22, 2016"
19 Ashadha 2072,"Jul 23, 2016"
20 Ashadha 2072,"Jul 24, 2016"
21 Ashadha 2072,"Jul 25, 2016"
22 Ashadha 2072,"Jul 26, 2016"
23 Ashadha 2072,"Jul 27, 2016"
24 Ashadha 2072,"Jul 28, 2016"
25 Ashadha 2072,"Jul 29, 2016"
26 Ashadha 2072,"Jul 30, 2016"
27 Ashadha 2072,"Jul 31, 2016"
28 Ashadha 2072,"Aug 01, 2016"
29 Ashadha 2072,"Aug 02, 2016"
1 Shravana 2072,"Aug 03, 2016"
2 Shravana 2072,"Aug 04, 2016"
3 Shravana 2072,"Aug 05, 2016"
4 Shravana 2072,"Aug 06, 2016"
5 Shravana 2072,"Aug 07, 2016"
6 Shravana 2072,"Aug 08, 2016"
7 Shravana 2072,"Aug 09, 2016"
8 Shravana 2072,"Aug 10, 2016"
9 Shravana 2072,"Aug 11, 2016"
10 Shravana 2072,"Aug 12, 2016"
11 Shravana 2072,"Aug 13, 2016"
12 Shravana 2072,"Aug 14, 2016"
13 Shravana 2072,"Aug 15, 2016"
14 Shravana 2072,"Aug 16, 2016"
15 Shravana 2072,"Aug 17, 2016"
16 Shravana 2072,"Aug 18, 2016"
17 Shravana 2072,"Aug 19, 2016"
18 Shravana 2072,"Aug 20, 2016"
19 Shravana 2072,"Aug 21, 2016"
20 Shravana 2072,"Aug 22, 2016"
21 Shravana 2072,"Aug 23, 2016"
22 Shravana 2072,"Aug 24, 2016"
23 Shravana 2072,"Aug 25, 2016"
24 Shravana 2072,"Aug 26, 2016"
25 Shravana 2072,"Aug 27, 2016"
26 Shravana 2072,"Aug 28, 2016"
27 Shravana 2072,"Aug 29, 2016"
28 Shravana 2072,"Aug 30, 2016"
29 Shravana 2072,"Aug 31, 2016"
30 Shravana 2072,"Sep 01, 2016"
1 Bhadarvo 2072,"Sep 02, 2016"
2 Bhadarvo 2072,"Sep 03, 2016"
3 Bhadarvo 2072,"Sep 04, 2016"
4 Bhadarvo 2072,"Sep 05, 2016"
5 Bhadarvo 2072,"Sep 06, 2016"
6 Bhadarvo 2072,"Sep 07, 2016"
7 Bhadarvo 2072,"Sep 08, 2016"
8 Bhadarvo 2072,"Sep 09, 2016"
9 Bhadarvo 2072,"Sep 10, 2016"
10 Bhadarvo 2072,"Sep 11, 2016"
11 Bhadarvo 2072,"Sep 12, 2016"
12 Bhadarvo 2072,"Sep 13, 2016"
13 Bhadarvo 2072,"Sep 14, 2016"
14 Bhadarvo 2072,"Sep 15, 2016"
15 Bhadarvo 2072,"Sep 16, 2016"
16 Bhadarvo 2072,"Sep 17, 2016"
17 Bhadarvo 2072,"Sep 18, 2016"
18 Bhadarvo 2072,"Sep 19, 2016"
19 Bhadarvo 2072,"Sep 20, 2016"
20 Bhadarvo 2072,"Sep 21, 2016"
21 Bhadarvo 2072,"Sep 22, 2016"
22 Bhadarvo 2072,"Sep 23, 2016"
23 Bhadarvo 2072,"Sep 24, 2016"
24 Bhadarvo 2072,"Sep 25, 2016"
25 Bhadarvo 2072,"Sep 26, 2016"
26 Bhadarvo 2072,"Sep 27, 2016"
27 Bhadarvo 2072,"Sep 28, 2016"
28 Bhadarvo 2072,"Sep 29, 2016"
29 Bhadarvo 2072,"Sep 30, 2016"
1 Aso 2072,"Oct 01, 2016"
2 Aso 2072,"Oct 02, 2016"
3 Aso 2072,"Oct 03, 2016"
4 Aso 2072,"Oct 04, 2016"
5 Aso 2072,"Oct 05, 2016"
6 Aso 2072,"Oct 06, 2016"
7 Aso 2072,"Oct 07, 2016"
8 Aso 2072,"Oct 08, 2016"
9 Aso 2072,"Oct 09, 2016"
10 Aso 2072,"Oct 10, 2016"
11 Aso 2072,"Oct 11, 2016"
12 Aso 2072,"Oct 12, 2016"
13 Aso 2072,"Oct 13, 2016"
14 Aso 2072,"Oct 14, 2016"
15 Aso 2072,"Oct 15, 2016"
16 Aso 2072,"Oct 16, 2016"
17 Aso 2072,"Oct 17, 2016"
18 Aso 2072,"Oct 18, 2016"
19 Aso 2072,"Oct 19, 2016"
20 Aso 2072,"Oct 20, 2016"
21 Aso 2072,"Oct 21, 2016"
22 Aso 2072,"Oct 22, 2016"
23 Aso 2072,"Oct 23, 2016"
24 Aso 2072,"Oct 24, 2016"
25 Aso 2072,"Oct 25, 2016"
26 Aso 2072,"Oct 26, 2016"
27 Aso 2072,"Oct 27, 2016"
28 Aso 2072,"Oct 28, 2016"
29 Aso 2072,"Oct 29, 2016"
30 Aso 2072,"Oct 30, 2016"
1 Kartak 2072,"Oct 31, 2016"
2 Kartak 2072,"Nov 01, 2016"
3 Kartak 2072,"Nov 02, 2016"
4 Kartak 2072,"Nov 03, 2016"
5 Kartak 2072,"Nov 04, 2016"
6 Kartak 2072,"Nov 05, 2016"
7 Kartak 2072,"Nov 06, 2016"
8 Kartak 2072,"Nov 07, 2016"
9 Kartak 2072,"Nov 08, 2016"
10 Kartak 2072,"Nov 09, 2016"
11 Kartak 2072,"Nov 10, 2016"
12 Kartak 2072,"Nov 11, 2016"
13 Kartak 2072,"Nov 12, 2016"
14 Kartak 2072,"Nov 13, 2016"
15 Kartak 2072,"Nov 14, 2016"
16 Kartak 2072,"Nov 15, 2016"
17 Kartak 2072,"Nov 16, 2016"
18 Kartak 2072,"Nov 17, 2016"
19 Kartak 2072,"Nov 18, 2016"
20 Kartak 2072,"Nov 19, 2016"
21 Kartak 2072,"Nov 20, 2016"
22 Kartak 2072,"Nov 21, 2016"
23 Kartak 2072,"Nov 22, 2016"
24 Kartak 2072,"Nov 23, 2016"
25 Kartak 2072,"Nov 24, 2016"
26 Kartak 2072,"Nov 25, 2016"
27 Kartak 2072,"Nov 26, 2016"
28 Kartak 2072,"Nov 27, 2016"
29 Kartak 2072,"Nov 28, 2016"
30 Kartak 2072,"Nov 29, 2016"
1 Magshar 2072,"Nov 30, 2016"
2 Magshar 2072,"Dec 01, 2016"
3 Magshar 2072,"Dec 02, 2016"
4 Magshar 2072,"Dec 03, 2016"
5 Magshar 2072,"Dec 04, 2016"
6 Magshar 2072,"Dec 05, 2016"
7 Magshar 2072,"Dec 06, 2016"
8 Magshar 2072,"Dec 07, 2016"
9 Magshar 2072,"Dec 08, 2016"
10 Magshar 2072,"Dec 09, 2016"
11 Magshar 2072,"Dec 10, 2016"
12 Magshar 2072,"Dec 11, 2016"
13 Magshar 2072,"Dec 12, 2016"
14 Magshar 2072,"Dec 13, 2016"
15 Magshar 2072,"Dec 14, 2016"
16 Magshar 2072,"Dec 15, 2016"
17 Magshar 2072,"Dec 16, 2016"
18 Magshar 2072,"Dec 17, 2016"
19 Magshar 2072,"Dec 18, 2016"
20 Magshar 2072,"Dec 19, 2016"
21 Magshar 2072,"Dec 20, 2016"
22 Magshar 2072,"Dec 21, 2016"
23 Magshar 2072,"Dec 22, 2016"
24 Magshar 2072,"Dec 23, 2016"
25 Magshar 2072,"Dec 24, 2016"
26 Magshar 2072,"Dec 25, 2016"
27 Magshar 2072,"Dec 26, 2016"
28 Magshar 2072,"Dec 27, 2016"
29 Magshar 2072,"Dec 28, 2016"
30 Magshar 2072,"Dec 29, 2016"
1 Posh 2072,"Dec 30, 2016"
2 Posh 2072,"Dec 31, 2016"
3 Posh 2072,"Jan 01, 2017"
4 Posh 2072,"Jan 02, 2017"
5 Posh 2072,"Jan 03, 2017"
6 Posh 2072,"Jan 04, 2017"
7 Posh 2072,"Jan 05, 2017"
8 Posh 2072,"Jan 06, 2017"
9 Posh 2072,"Jan 07, 2017"
10 Posh 2072,"Jan 08, 2017"
11 Posh 2072,"Jan 09, 2017"
12 Posh 2072,"Jan 10, 2017"
13 Posh 2072,"Jan 11, 2017"
14 Posh 2072,"Jan 12, 2017"
15 Posh 2072,"Jan 13, 2017"
16 Posh 2072,"Jan 14, 2017"
17 Posh 2072,"Jan 15, 2017"
18 Posh 2072,"Jan 16, 2017"
19 Posh 2072,"Jan 17, 2017"
20 Posh 2072,"Jan 18, 2017"
21 Posh 2072,"Jan 19, 2017"
22 Posh 2072,"Jan 20, 2017"
23 Posh 2072,"Jan 21, 2017"
24 Posh 2072,"Jan 22, 2017"
25 Posh 2072,"Jan 23, 2017"
26 Posh 2072,"Jan 24, 2017"
27 Posh 2072,"Jan 25, 2017"
28 Posh 2072,"Jan 26, 2017"
29 Posh 2072,"Jan 27, 2017"
1 Maha 2073,"Jan 28, 2017"
2 Maha 2073,"Jan 29, 2017"
3 Maha 2073,"Jan 30, 2017"
4 Maha 2073,"Jan 31, 2017"
5 Maha 2073,"Feb 01, 2017"
6 Maha 2073,"Feb 02, 2017"
7 Maha 2073,"Feb 03, 2017"
8 Maha 2073,"Feb 04, 2017"
9 Maha 2073,"Feb 05, 2017"
10 Maha 2073,"Feb 06, 2017"
11 Maha 2073,"Feb 07, 2017"
12 Maha 2073,"Feb 08, 2017"
13 Maha 2073,"Feb 09, 2017"
14 Maha 2073,"Feb 10, 2017"
15 Maha 2073,"Feb 11, 2017"
16 Maha 2073,"Feb 12, 2017"
17 Maha 2073,"Feb 13, 2017"
18 Maha 2073,"Feb 14, 2017"
19 Maha 2073,"Feb 15, 2017"
20 Maha 2073,"Feb 16, 2017"
21 Maha 2073,"Feb 17, 2017"
22 Maha 2073,"Feb 18, 2017"
23 Maha 2073,"Feb 19, 2017"
24 Maha 2073,"Feb 20, 2017"
25 Maha 2073,"Feb 21, 2017"
26 Maha 2073,"Feb 22, 2017"
27 Maha 2073,"Feb 23, 2017"
28 Maha 2073,"Feb 24, 2017"
29 Maha 2073,"Feb 25, 2017"
30 Maha 2073,"Feb 26, 2017"
1 Phaguna 2073,"Feb 27, 2017"
2 Phaguna 2073,"Feb 28, 2017"
3 Phaguna 2073,"Mar 01, 2017"
4 Phaguna 2073,"Mar 02, 2017"
5 Phaguna 2073,"Mar 03, 2017"
6 Phaguna 2073,"Mar 04, 2017"
7 Phaguna 2073,"Mar 05, 2017"
8 Phaguna 2073,"Mar 06, 2017"
9 Phaguna 2073,"Mar 07, 2017"
10 Phaguna 2073,"Mar 08, 2017"
11 Phaguna 2073,"Mar 09, 2017"
12 Phaguna 2073,"Mar 10, 2017"
13 Phaguna 2073,"Mar 11, 2017"
14 Phaguna 2073,"Mar 12, 2017"
15 Phaguna 2073,"Mar 13, 2017"
16 Phaguna 2073,"Mar 14, 2017"
17 Phaguna 2073,"Mar 15, 2017"
18 Phaguna 2073,"Mar 16, 2017"
19 Phaguna 2073,"Mar 17, 2017"
20 Phaguna 2073,"Mar 18, 2017"
21 Phaguna 2073,"Mar 19, 2017"
22 Phaguna 2073,"Mar 20, 2017"
23 Phaguna 2073,"Mar 21, 2017"
24 Phaguna 2073,"Mar 22, 2017"
25 Phaguna 2073,"Mar 23, 2017"
26 Phaguna 2073,"Mar 24, 2017"
27 Phaguna 2073,"Mar 25, 2017"
28 Phaguna 2073,"Mar 26, 2017"
29 Phaguna 2073,"Mar 27, 2017"
30 Phaguna 2073,"Mar 28, 2017"
1 Chaitra 2073,"Mar 28, 2017"
2 Chaitra 2073,"Mar 29, 2017"
3 Chaitra 2073,"Mar 30, 2017"
4 Chaitra 2073,"Mar 31, 2017"
5 Chaitra 2073,"Apr 01, 2017"
6 Chaitra 2073,"Apr 02, 2017"
7 Chaitra 2073,"Apr 03, 2017"
8 Chaitra 2073,"Apr 04, 2017"
9 Chaitra 2073,"Apr 05, 2017"
10 Chaitra 2073,"Apr 06, 2017"
11 Chaitra 2073,"Apr 07, 2017"
12 Chaitra 2073,"Apr 08, 2017"
13 Chaitra 2073,"Apr 09, 2017"
14 Chaitra 2073,"Apr 10, 2017"
15 Chaitra 2073,"Apr 11, 2017"
16 Chaitra 2073,"Apr 12, 2017"
17 Chaitra 2073,"Apr 13, 2017"
18 Chaitra 2073,"Apr 14, 2017"
19 Chaitra 2073,"Apr 15, 2017"
20 Chaitra 2073,"Apr 16, 2017"
21 Chaitra 2073,"Apr 17, 2017"
22 Chaitra 2073,"Apr 18, 2017"
23 Chaitra 2073,"Apr 19, 2017"
24 Chaitra 2073,"Apr 20, 2017"
25 Chaitra 2073,"Apr 21, 2017"
26 Chaitra 2073,"Apr 22, 2017"
27 Chaitra 2073,"Apr 23, 2017"
28 Chaitra 2073,"Apr 24, 2017"
29 Chaitra 2073,"Apr 25, 2017"
30 Chaitra 2073,"Apr 26, 2017"
1 Vaishakha 2073,"Apr 27, 2017"
2 Vaishakha 2073,"Apr 28, 2017"
3 Vaishakha 2073,"Apr 29, 2017"
4 Vaishakha 2073,"Apr 30, 2017"
5 Vaishakha 2073,"May 01, 2017"
6 Vaishakha 2073,"May 02, 2017"
7 Vaishakha 2073,"May 03, 2017"
8 Vaishakha 2073,"May 04, 2017"
9 Vaishakha 2073,"May 05, 2017"
10 Vaishakha 2073,"May 06, 2017"
11 Vaishakha 2073,"May 07, 2017"
12 Vaishakha 2073,"May 08, 2017"
13 Vaishakha 2073,"May 09, 2017"
14 Vaishakha 2073,"May 10, 2017"
15 Vaishakha 2073,"May 11, 2017"
16 Vaishakha 2073,"May 12, 2017"
17 Vaishakha 2073,"May 13, 2017"
18 Vaishakha 2073,"May 14, 2017"
19 Vaishakha 2073,"May 15, 2017"
20 Vaishakha 2073,"May 16, 2017"
21 Vaishakha 2073,"May 17, 2017"
22 Vaishakha 2073,"May 18, 2017"
23 Vaishakha 2073,"May 19, 2017"
24 Vaishakha 2073,"May 20, 2017"
25 Vaishakha 2073,"May 21, 2017"
26 Vaishakha 2073,"May 22, 2017"
27 Vaishakha 2073,"May 23, 2017"
28 Vaishakha 2073,"May 24, 2017"
29 Vaishakha 2073,"May 25, 2017"
1 Jyeshtha 2073,"May 26, 2017"
2 Jyeshtha 2073,"May 27, 2017"
3 Jyeshtha 2073,"May 28, 2017"
4 Jyeshtha 2073,"May 29, 2017"
5 Jyeshtha 2073,"May 30, 2017"
6 Jyeshtha 2073,"May 31, 2017"
7 Jyeshtha 2073,"Jun 01, 2017"
8 Jyeshtha 2073,"Jun 02, 2017"
9 Jyeshtha 2073,"Jun 03, 2017"
10 Jyeshtha 2073,"Jun 04, 2017"
11 Jyeshtha 2073,"Jun 05, 2017"
12 Jyeshtha 2073,"Jun 06, 2017"
13 Jyeshtha 2073,"Jun 07, 2017"
14 Jyeshtha 2073,"Jun 08, 2017"
15 Jyeshtha 2073,"Jun 09, 2017"
16 Jyeshtha 2073,"Jun 10, 2017"
17 Jyeshtha 2073,"Jun 11, 2017"
18 Jyeshtha 2073,"Jun 12, 2017"
19 Jyeshtha 2073,"Jun 13, 2017"
20 Jyeshtha 2073,"Jun 14, 2017"
21 Jyeshtha 2073,"Jun 15, 2017"
22 Jyeshtha 2073,"Jun 16, 2017"
23 Jyeshtha 2073,"Jun 17, 2017"
24 Jyeshtha 2073,"Jun 18, 2017"
25 Jyeshtha 2073,"Jun 19, 2017"
26 Jyeshtha 2073,"Jun 20, 2017"
27 Jyeshtha 2073,"Jun 21, 2017"
28 Jyeshtha 2073,"Jun 22, 2017"
29 Jyeshtha 2073,"Jun 23, 2017"
30 Jyeshtha 2073,"Jun 24, 2017"
1 Ashadha 2073,"Jun 25, 2017"
2 Ashadha 2073,"Jun 26, 2017"
3 Ashadha 2073,"Jun 27, 2017"
4 Ashadha 2073,"Jun 28, 2017"
5 Ashadha 2073,"Jun 29, 2017"
6 Ashadha 2073,"Jun 30, 2017"
7 Ashadha 2073,"Jul 01, 2017"
8 Ashadha 2073,"Jul 02, 2017"
9 Ashadha 2073,"Jul 03, 2017"
10 Ashadha 2073,"Jul 04, 2017"
11 Ashadha 2073,"Jul 05, 2017"
12 Ashadha 2073,"Jul 06, 2017"
13 Ashadha 2073,"Jul 07, 2017"
14 Ashadha 2073,"Jul 08, 2017"
15 Ashadha 2073,"Jul 09, 2017"
16 Ashadha 2073,"Jul 10, 2017"
17 Ashadha 2073,"Jul 11, 2017"
18 Ashadha 2073,"Jul 12, 2017"
19 Ashadha 2073,"Jul 13, 2017"
20 Ashadha 2073,"Jul 14, 2017"
21 Ashadha 2073,"Jul 15, 2017"
22 Ashadha 2073,"Jul 16, 2017"
23 Ashadha 2073,"Jul 17, 2017"
24 Ashadha 2073,"Jul 18, 2017"
25 Ashadha 2073,"Jul 19, 2017"
26 Ashadha 2073,"Jul 20, 2017"
27 Ashadha 2073,"Jul 21, 2017"
28 Ashadha 2073,"Jul 22, 2017"
29 Ashadha 2073,"Jul 23, 2017"
1 Shravana 2073,"Jul 24, 2017"
2 Shravana 2073,"Jul 25, 2017"
3 Shravana 2073,"Jul 26, 2017"
4 Shravana 2073,"Jul 27, 2017"
5 Shravana 2073,"Jul 28, 2017"
6 Shravana 2073,"Jul 29, 2017"
7 Shravana 2073,"Jul 30, 2017"
8 Shravana 2073,"Jul 31, 2017"
9 Shravana 2073,"Aug 01, 2017"
10 Shravana 2073,"Aug 02, 2017"
11 Shravana 2073,"Aug 03, 2017"
12 Shravana 2073,"Aug 04, 2017"
13 Shravana 2073,"Aug 05, 2017"
14 Shravana 2073,"Aug 06, 2017"
15 Shravana 2073,"Aug 07, 2017"
16 Shravana 2073,"Aug 08, 2017"
17 Shravana 2073,"Aug 09, 2017"
18 Shravana 2073,"Aug 10, 2017"
19 Shravana 2073,"Aug 11, 2017"
20 Shravana 2073,"Aug 12, 2017"
21 Shravana 2073,"Aug 13, 2017"
22 Shravana 2073,"Aug 14, 2017"
23 Shravana 2073,"Aug 15, 2017"
24 Shravana 2073,"Aug 16, 2017"
25 Shravana 2073,"Aug 17, 2017"
26 Shravana 2073,"Aug 18, 2017"
27 Shravana 2073,"Aug 19, 2017"
28 Shravana 2073,"Aug 20, 2017"
29 Shravana 2073,"Aug 21, 2017"
1 Bhadarvo 2073,"Aug 22, 2017"
2 Bhadarvo 2073,"Aug 23, 2017"
3 Bhadarvo 2073,"Aug 24, 2017"
4 Bhadarvo 2073,"Aug 25, 2017"
5 Bhadarvo 2073,"Aug 26, 2017"
6 Bhadarvo 2073,"Aug 27, 2017"
7 Bhadarvo 2073,"Aug 28, 2017"
8 Bhadarvo 2073,"Aug 29, 2017"
9 Bhadarvo 2073,"Aug 30, 2017"
10 Bhadarvo 2073,"Aug 31, 2017"
11 Bhadarvo 2073,"Sep 01, 2017"
12 Bhadarvo 2073,"Sep 02, 2017"
13 Bhadarvo 2073,"Sep 03, 2017"
14 Bhadarvo 2073,"Sep 04, 2017"
15 Bhadarvo 2073,"Sep 05, 2017"
16 Bhadarvo 2073,"Sep 06, 2017"
17 Bhadarvo 2073,"Sep 07, 2017"
18 Bhadarvo 2073,"Sep 08, 2017"
19 Bhadarvo 2073,"Sep 09, 2017"
20 Bhadarvo 2073,"Sep 10, 2017"
21 Bhadarvo 2073,"Sep 11, 2017"
22 Bhadarvo 2073,"Sep 12, 2017"
23 Bhadarvo 2073,"Sep 13, 2017"
24 Bhadarvo 2073,"Sep 14, 2017"
25 Bhadarvo 2073,"Sep 15, 2017"
26 Bhadarvo 2073,"Sep 16, 2017"
27 Bhadarvo 2073,"Sep 17, 2017"
28 Bhadarvo 2073,"Sep 18, 2017"
29 Bhadarvo 2073,"Sep 19, 2017"
30 Bhadarvo 2073,"Sep 20, 2017"
1 Aso 2073,"Sep 21, 2017"
2 Aso 2073,"Sep 22, 2017"
3 Aso 2073,"Sep 23, 2017"
4 Aso 2073,"Sep 24, 2017"
5 Aso 2073,"Sep 25, 2017"
6 Aso 2073,"Sep 26, 2017"
7 Aso 2073,"Sep 27, 2017"
8 Aso 2073,"Sep 28, 2017"
9 Aso 2073,"Sep 29, 2017"
10 Aso 2073,"Sep 30, 2017"
11 Aso 2073,"Oct 01, 2017"
12 Aso 2073,"Oct 02, 2017"
13 Aso 2073,"Oct 03, 2017"
14 Aso 2073,"Oct 04, 2017"
15 Aso 2073,"Oct 05, 2017"
16 Aso 2073,"Oct 06, 2017"
17 Aso 2073,"Oct 07, 2017"
18 Aso 2073,"Oct 08, 2017"
19 Aso 2073,"Oct 09, 2017"
20 Aso 2073,"Oct 10, 2017"
21 Aso 2073,"Oct 11, 2017"
22 Aso 2073,"Oct 12, 2017"
23 Aso 2073,"Oct 13, 2017"
24 Aso 2073,"Oct 14, 2017"
25 Aso 2073,"Oct 15, 2017"
26 Aso 2073,"Oct 16, 2017"
27 Aso 2073,"Oct 17, 2017"
28 Aso 2073,"Oct 18, 2017"
29 Aso 2073,"Oct 19, 2017"
1 Kartak 2073,"Oct 20, 2017"
2 Kartak 2073,"Oct 21, 2017"
3 Kartak 2073,"Oct 22, 2017"
4 Kartak 2073,"Oct 23, 2017"
5 Kartak 2073,"Oct 24, 2017"
6 Kartak 2073,"Oct 25, 2017"
7 Kartak 2073,"Oct 26, 2017"
8 Kartak 2073,"Oct 27, 2017"
9 Kartak 2073,"Oct 28, 2017"
10 Kartak 2073,"Oct 29, 2017"
11 Kartak 2073,"Oct 30, 2017"
12 Kartak 2073,"Oct 31, 2017"
13 Kartak 2073,"Nov 01, 2017"
14 Kartak 2073,"Nov 02, 2017"
15 Kartak 2073,"Nov 03, 2017"
16 Kartak 2073,"Nov 04, 2017"
17 Kartak 2073,"Nov 05, 2017"
18 Kartak 2073,"Nov 06, 2017"
19 Kartak 2073,"Nov 07, 2017"
20 Kartak 2073,"Nov 08, 2017"
21 Kartak 2073,"Nov 09, 2017"
22 Kartak 2073,"Nov 10, 2017"
23 Kartak 2073,"Nov 11, 2017"
24 Kartak 2073,"Nov 12, 2017"
25 Kartak 2073,"Nov 13, 2017"
26 Kartak 2073,"Nov 14, 2017"
27 Kartak 2073,"Nov 15, 2017"
28 Kartak 2073,"Nov 16, 2017"
29 Kartak 2073,"Nov 17, 2017"
30 Kartak 2073,"Nov 18, 2017"
1 Magshar 2073,"Nov 19, 2017"
2 Magshar 2073,"Nov 20, 2017"
3 Magshar 2073,"Nov 21, 2017"
4 Magshar 2073,"Nov 22, 2017"
5 Magshar 2073,"Nov 23, 2017"
6 Magshar 2073,"Nov 24, 2017"
7 Magshar 2073,"Nov 25, 2017"
8 Magshar 2073,"Nov 26, 2017"
9 Magshar 2073,"Nov 27, 2017"
10 Magshar 2073,"Nov 28, 2017"
11 Magshar 2073,"Nov 29, 2017"
12 Magshar 2073,"Nov 30, 2017"
13 Magshar 2073,"Dec 01, 2017"
14 Magshar 2073,"Dec 02, 2017"
15 Magshar 2073,"Dec 03, 2017"
16 Magshar 2073,"Dec 04, 2017"
17 Magshar 2073,"Dec 05, 2017"
18 Magshar 2073,"Dec 06, 2017"
19 Magshar 2073,"Dec 07, 2017"
20 Magshar 2073,"Dec 08, 2017"
21 Magshar 2073,"Dec 09, 2017"
22 Magshar 2073,"Dec 10, 2017"
23 Magshar 2073,"Dec 11, 2017"
24 Magshar 2073,"Dec 12, 2017"
25 Magshar 2073,"Dec 13, 2017"
26 Magshar 2073,"Dec 14, 2017"
27 Magshar 2073,"Dec 15, 2017"
28 Magshar 2073,"Dec 16, 2017"
29 Magshar 2073,"Dec 17, 2017"
30 Magshar 2073,"Dec 18, 2017"
1 Posh 2073,"Dec 19, 2017"
2 Posh 2073,"Dec 20, 2017"
3 Posh 2073,"Dec 21, 2017"
4 Posh 2073,"Dec 22, 2017"
5 Posh 2073,"Dec 23, 2017"
6 Posh 2073,"Dec 24, 2017"
7 Posh 2073,"Dec 25, 2017"
8 Posh 2073,"Dec 26, 2017"
9 Posh 2073,"Dec 27, 2017"
10 Posh 2073,"Dec 28, 2017"
11 Posh 2073,"Dec 29, 2017"
12 Posh 2073,"Dec 30, 2017"
13 Posh 2073,"Dec 31, 2017"
14 Posh 2073,"Jan 01, 2018"
15 Posh 2073,"Jan 02, 2018"
16 Posh 2073,"Jan 03, 2018"
17 Posh 2073,"Jan 04, 2018"
18 Posh 2073,"Jan 05, 2018"
19 Posh 2073,"Jan 06, 2018"
20 Posh 2073,"Jan 07, 2018"
21 Posh 2073,"Jan 08, 2018"
22 Posh 2073,"Jan 09, 2018"
23 Posh 2073,"Jan 10, 2018"
24 Posh 2073,"Jan 11, 2018"
25 Posh 2073,"Jan 12, 2018"
26 Posh 2073,"Jan 13, 2018"
27 Posh 2073,"Jan 14, 2018"
28 Posh 2073,"Jan 15, 2018"
29 Posh 2073,"Jan 16, 2018"
30 Posh 2073,"Jan 17, 2018"
1 Maha 2074,"Jan 18, 2018"
2 Maha 2074,"Jan 19, 2018"
3 Maha 2074,"Jan 20, 2018"
4 Maha 2074,"Jan 21, 2018"
5 Maha 2074,"Jan 22, 2018"
6 Maha 2074,"Jan 23, 2018"
7 Maha 2074,"Jan 24, 2018"
8 Maha 2074,"Jan 25, 2018"
9 Maha 2074,"Jan 26, 2018"
10 Maha 2074,"Jan 27, 2018"
11 Maha 2074,"Jan 28, 2018"
12 Maha 2074,"Jan 29, 2018"
13 Maha 2074,"Jan 30, 2018"
14 Maha 2074,"Jan 31, 2018"
15 Maha 2074,"Feb 01, 2018"
16 Maha 2074,"Feb 02, 2018"
17 Maha 2074,"Feb 03, 2018"
18 Maha 2074,"Feb 04, 2018"
19 Maha 2074,"Feb 05, 2018"
20 Maha 2074,"Feb 06, 2018"
21 Maha 2074,"Feb 07, 2018"
22 Maha 2074,"Feb 08, 2018"
23 Maha 2074,"Feb 09, 2018"
24 Maha 2074,"Feb 10, 2018"
25 Maha 2074,"Feb 11, 2018"
26 Maha 2074,"Feb 12, 2018"
27 Maha 2074,"Feb 13, 2018"
28 Maha 2074,"Feb 14, 2018"
29 Maha 2074,"Feb 15, 2018"
1 Phaguna 2074,"Feb 16, 2018"
2 Phaguna 2074,"Feb 17, 2018"
3 Phaguna 2074,"Feb 18, 2018"
4 Phaguna 2074,"Feb 19, 2018"
5 Phaguna 2074,"Feb 20, 2018"
6 Phaguna 2074,"Feb 21, 2018"
7 Phaguna 2074,"Feb 22, 2018"
8 Phaguna 2074,"Feb 23, 2018"
9 Phaguna 2074,"Feb 24, 2018"
10 Phaguna 2074,"Feb 25, 2018"
11 Phaguna 2074,"Feb 26, 2018"
12 Phaguna 2074,"Feb 27, 2018"
13 Phaguna 2074,"Feb 28, 2018"
14 Phaguna 2074,"Mar 01, 2018"
15 Phaguna 2074,"Mar 02, 2018"
16 Phaguna 2074,"Mar 03, 2018"
17 Phaguna 2074,"Mar 04, 2018"
18 Phaguna 2074,"Mar 05, 2018"
19 Phaguna 2074,"Mar 06, 2018"
20 Phaguna 2074,"Mar 07, 2018"
21 Phaguna 2074,"Mar 08, 2018"
22 Phaguna 2074,"Mar 09, 2018"
23 Phaguna 2074,"Mar 10, 2018"
24 Phaguna 2074,"Mar 11, 2018"
25 Phaguna 2074,"Mar 12, 2018"
26 Phaguna 2074,"Mar 13, 2018"
27 Phaguna 2074,"Mar 14, 2018"
28 Phaguna 2074,"Mar 15, 2018"
29 Phaguna 2074,"Mar 16, 2018"
30 Phaguna 2074,"Mar 17, 2018"
1 Chaitra 2074,"Mar 18, 2018"
2 Chaitra 2074,"Mar 19, 2018"
3 Chaitra 2074,"Mar 20, 2018"
4 Chaitra 2074,"Mar 21, 2018"
5 Chaitra 2074,"Mar 22, 2018"
6 Chaitra 2074,"Mar 23, 2018"
7 Chaitra 2074,"Mar 24, 2018"
8 Chaitra 2074,"Mar 25, 2018"
9 Chaitra 2074,"Mar 26, 2018"
10 Chaitra 2074,"Mar 27, 2018"
11 Chaitra 2074,"Mar 28, 2018"
12 Chaitra 2074,"Mar 29, 2018"
13 Chaitra 2074,"Mar 30, 2018"
14 Chaitra 2074,"Mar 31, 2018"
15 Chaitra 2074,"Apr 01, 2018"
16 Chaitra 2074,"Apr 02, 2018"
17 Chaitra 2074,"Apr 03, 2018"
18 Chaitra 2074,"Apr 04, 2018"
19 Chaitra 2074,"Apr 05, 2018"
20 Chaitra 2074,"Apr 06, 2018"
21 Chaitra 2074,"Apr 07, 2018"
22 Chaitra 2074,"Apr 08, 2018"
23 Chaitra 2074,"Apr 09, 2018"
24 Chaitra 2074,"Apr 10, 2018"
25 Chaitra 2074,"Apr 11, 2018"
26 Chaitra 2074,"Apr 12, 2018"
27 Chaitra 2074,"Apr 13, 2018"
28 Chaitra 2074,"Apr 14, 2018"
29 Chaitra 2074,"Apr 15, 2018"
30 Chaitra 2074,"Apr 16, 2018"
1 Vaishakha 2074,"Apr 17, 2018"
2 Vaishakha 2074,"Apr 18, 2018"
3 Vaishakha 2074,"Apr 19, 2018"
4 Vaishakha 2074,"Apr 20, 2018"
5 Vaishakha 2074,"Apr 21, 2018"
6 Vaishakha 2074,"Apr 22, 2018"
7 Vaishakha 2074,"Apr 23, 2018"
8 Vaishakha 2074,"Apr 24, 2018"
9 Vaishakha 2074,"Apr 25, 2018"
10 Vaishakha 2074,"Apr 26, 2018"
11 Vaishakha 2074,"Apr 27, 2018"
12 Vaishakha 2074,"Apr 28, 2018"
13 Vaishakha 2074,"Apr 29, 2018"
14 Vaishakha 2074,"Apr 30, 2018"
15 Vaishakha 2074,"May 01, 2018"
16 Vaishakha 2074,"May 02, 2018"
17 Vaishakha 2074,"May 03, 2018"
18 Vaishakha 2074,"May 04, 2018"
19 Vaishakha 2074,"May 05, 2018"
20 Vaishakha 2074,"May 06, 2018"
21 Vaishakha 2074,"May 07, 2018"
22 Vaishakha 2074,"May 08, 2018"
23 Vaishakha 2074,"May 09, 2018"
24 Vaishakha 2074,"May 10, 2018"
25 Vaishakha 2074,"May 11, 2018"
26 Vaishakha 2074,"May 12, 2018"
27 Vaishakha 2074,"May 13, 2018"
28 Vaishakha 2074,"May 14, 2018"
29 Vaishakha 2074,"May 15, 2018"
1 Jyeshth_Adhik 2074,"May 16, 2018"
2 Jyeshth_Adhik 2074,"May 17, 2018"
3 Jyeshth_Adhik 2074,"May 18, 2018"
4 Jyeshth_Adhik 2074,"May 19, 2018"
5 Jyeshth_Adhik 2074,"May 20, 2018"
6 Jyeshth_Adhik 2074,"May 21, 2018"
7 Jyeshth_Adhik 2074,"May 22, 2018"
8 Jyeshth_Adhik 2074,"May 23, 2018"
9 Jyeshth_Adhik 2074,"May 24, 2018"
10 Jyeshth_Adhik 2074,"May 25, 2018"
11 Jyeshth_Adhik 2074,"May 26, 2018"
12 Jyeshth_Adhik 2074,"May 27, 2018"
13 Jyeshth_Adhik 2074,"May 28, 2018"
14 Jyeshth_Adhik 2074,"May 29, 2018"
15 Jyeshth_Adhik 2074,"May 30, 2018"
16 Jyeshth_Adhik 2074,"May 31, 2018"
17 Jyeshth_Adhik 2074,"Jun 01, 2018"
18 Jyeshth_Adhik 2074,"Jun 02, 2018"
19 Jyeshth_Adhik 2074,"Jun 03, 2018"
20 Jyeshth_Adhik 2074,"Jun 04, 2018"
21 Jyeshth_Adhik 2074,"Jun 05, 2018"
22 Jyeshth_Adhik 2074,"Jun 06, 2018"
23 Jyeshth_Adhik 2074,"Jun 07, 2018"
24 Jyeshth_Adhik 2074,"Jun 08, 2018"
25 Jyeshth_Adhik 2074,"Jun 09, 2018"
26 Jyeshth_Adhik 2074,"Jun 10, 2018"
27 Jyeshth_Adhik 2074,"Jun 11, 2018"
28 Jyeshth_Adhik 2074,"Jun 12, 2018"
29 Jyeshth_Adhik 2074,"Jun 13, 2018"
1 Jyeshth 2074,"Jun 14, 2018"
2 Jyeshth 2074,"Jun 15, 2018"
3 Jyeshth 2074,"Jun 16, 2018"
4 Jyeshth 2074,"Jun 17, 2018"
5 Jyeshth 2074,"Jun 18, 2018"
6 Jyeshth 2074,"Jun 19, 2018"
7 Jyeshth 2074,"Jun 20, 2018"
8 Jyeshth 2074,"Jun 21, 2018"
9 Jyeshth 2074,"Jun 22, 2018"
10 Jyeshth 2074,"Jun 23, 2018"
11 Jyeshth 2074,"Jun 24, 2018"
12 Jyeshth 2074,"Jun 25, 2018"
13 Jyeshth 2074,"Jun 26, 2018"
14 Jyeshth 2074,"Jun 27, 2018"
15 Jyeshth 2074,"Jun 28, 2018"
16 Jyeshth 2074,"Jun 29, 2018"
17 Jyeshth 2074,"Jun 30, 2018"
18 Jyeshth 2074,"Jul 01, 2018"
19 Jyeshth 2074,"Jul 02, 2018"
20 Jyeshth 2074,"Jul 03, 2018"
21 Jyeshth 2074,"Jul 04, 2018"
22 Jyeshth 2074,"Jul 05, 2018"
23 Jyeshth 2074,"Jul 06, 2018"
24 Jyeshth 2074,"Jul 07, 2018"
25 Jyeshth 2074,"Jul 08, 2018"
26 Jyeshth 2074,"Jul 09, 2018"
27 Jyeshth 2074,"Jul 10, 2018"
28 Jyeshth 2074,"Jul 11, 2018"
29 Jyeshth 2074,"Jul 12, 2018"
30 Jyeshth 2074,"Jul 13, 2018"
1 Ashadha 2074,"Jul 14, 2018"
2 Ashadha 2074,"Jul 15, 2018"
3 Ashadha 2074,"Jul 16, 2018"
4 Ashadha 2074,"Jul 17, 2018"
5 Ashadha 2074,"Jul 18, 2018"
6 Ashadha 2074,"Jul 19, 2018"
7 Ashadha 2074,"Jul 20, 2018"
8 Ashadha 2074,"Jul 21, 2018"
9 Ashadha 2074,"Jul 22, 2018"
10 Ashadha 2074,"Jul 23, 2018"
11 Ashadha 2074,"Jul 24, 2018"
12 Ashadha 2074,"Jul 25, 2018"
13 Ashadha 2074,"Jul 26, 2018"
14 Ashadha 2074,"Jul 27, 2018"
15 Ashadha 2074,"Jul 28, 2018"
16 Ashadha 2074,"Jul 29, 2018"
17 Ashadha 2074,"Jul 30, 2018"
18 Ashadha 2074,"Jul 31, 2018"
19 Ashadha 2074,"Aug 01, 2018"
20 Ashadha 2074,"Aug 02, 2018"
21 Ashadha 2074,"Aug 03, 2018"
22 Ashadha 2074,"Aug 04, 2018"
23 Ashadha 2074,"Aug 05, 2018"
24 Ashadha 2074,"Aug 06, 2018"
25 Ashadha 2074,"Aug 07, 2018"
26 Ashadha 2074,"Aug 08, 2018"
27 Ashadha 2074,"Aug 09, 2018"
28 Ashadha 2074,"Aug 10, 2018"
29 Ashadha 2074,"Aug 11, 2018"
1 Shravana 2074,"Aug 12, 2018"
2 Shravana 2074,"Aug 13, 2018"
3 Shravana 2074,"Aug 14, 2018"
4 Shravana 2074,"Aug 15, 2018"
5 Shravana 2074,"Aug 16, 2018"
6 Shravana 2074,"Aug 17, 2018"
7 Shravana 2074,"Aug 18, 2018"
8 Shravana 2074,"Aug 19, 2018"
9 Shravana 2074,"Aug 20, 2018"
10 Shravana 2074,"Aug 21, 2018"
11 Shravana 2074,"Aug 22, 2018"
12 Shravana 2074,"Aug 23, 2018"
13 Shravana 2074,"Aug 24, 2018"
14 Shravana 2074,"Aug 25, 2018"
15 Shravana 2074,"Aug 26, 2018"
16 Shravana 2074,"Aug 27, 2018"
17 Shravana 2074,"Aug 28, 2018"
18 Shravana 2074,"Aug 29, 2018"
19 Shravana 2074,"Aug 30, 2018"
20 Shravana 2074,"Aug 31, 2018"
21 Shravana 2074,"Sep 01, 2018"
22 Shravana 2074,"Sep 02, 2018"
23 Shravana 2074,"Sep 03, 2018"
24 Shravana 2074,"Sep 04, 2018"
25 Shravana 2074,"Sep 05, 2018"
26 Shravana 2074,"Sep 06, 2018"
27 Shravana 2074,"Sep 07, 2018"
28 Shravana 2074,"Sep 08, 2018"
29 Shravana 2074,"Sep 09, 2018"
1 Bhadarvo 2074,"Sep 10, 2018"
2 Bhadarvo 2074,"Sep 11, 2018"
3 Bhadarvo 2074,"Sep 12, 2018"
4 Bhadarvo 2074,"Sep 13, 2018"
5 Bhadarvo 2074,"Sep 14, 2018"
6 Bhadarvo 2074,"Sep 15, 2018"
7 Bhadarvo 2074,"Sep 16, 2018"
8 Bhadarvo 2074,"Sep 17, 2018"
9 Bhadarvo 2074,"Sep 18, 2018"
10 Bhadarvo 2074,"Sep 19, 2018"
11 Bhadarvo 2074,"Sep 20, 2018"
12 Bhadarvo 2074,"Sep 21, 2018"
13 Bhadarvo 2074,"Sep 22, 2018"
14 Bhadarvo 2074,"Sep 23, 2018"
15 Bhadarvo 2074,"Sep 24, 2018"
16 Bhadarvo 2074,"Sep 25, 2018"
17 Bhadarvo 2074,"Sep 26, 2018"
18 Bhadarvo 2074,"Sep 27, 2018"
19 Bhadarvo 2074,"Sep 28, 2018"
20 Bhadarvo 2074,"Sep 29, 2018"
21 Bhadarvo 2074,"Sep 30, 2018"
22 Bhadarvo 2074,"Oct 01, 2018"
23 Bhadarvo 2074,"Oct 02, 2018"
24 Bhadarvo 2074,"Oct 03, 2018"
25 Bhadarvo 2074,"Oct 04, 2018"
26 Bhadarvo 2074,"Oct 05, 2018"
27 Bhadarvo 2074,"Oct 06, 2018"
28 Bhadarvo 2074,"Oct 07, 2018"
29 Bhadarvo 2074,"Oct 08, 2018"
30 Bhadarvo 2074,"Oct 09, 2018"
1 Aso 2074,"Oct 10, 2018"
2 Aso 2074,"Oct 11, 2018"
3 Aso 2074,"Oct 12, 2018"
4 Aso 2074,"Oct 13, 2018"
5 Aso 2074,"Oct 14, 2018"
6 Aso 2074,"Oct 15, 2018"
7 Aso 2074,"Oct 16, 2018"
8 Aso 2074,"Oct 17, 2018"
9 Aso 2074,"Oct 18, 2018"
10 Aso 2074,"Oct 19, 2018"
11 Aso 2074,"Oct 20, 2018"
12 Aso 2074,"Oct 21, 2018"
13 Aso 2074,"Oct 22, 2018"
14 Aso 2074,"Oct 23, 2018"
15 Aso 2074,"Oct 24, 2018"
16 Aso 2074,"Oct 25, 2018"
17 Aso 2074,"Oct 26, 2018"
18 Aso 2074,"Oct 27, 2018"
19 Aso 2074,"Oct 28, 2018"
20 Aso 2074,"Oct 29, 2018"
21 Aso 2074,"Oct 30, 2018"
22 Aso 2074,"Oct 31, 2018"
23 Aso 2074,"Nov 01, 2018"
24 Aso 2074,"Nov 02, 2018"
25 Aso 2074,"Nov 03, 2018"
26 Aso 2074,"Nov 04, 2018"
27 Aso 2074,"Nov 05, 2018"
28 Aso 2074,"Nov 06, 2018"
29 Aso 2074,"Nov 07, 2018"
1 Kartak 2074,"Nov 08, 2018"
2 Kartak 2074,"Nov 09, 2018"
3 Kartak 2074,"Nov 10, 2018"
4 Kartak 2074,"Nov 11, 2018"
5 Kartak 2074,"Nov 12, 2018"
6 Kartak 2074,"Nov 13, 2018"
7 Kartak 2074,"Nov 14, 2018"
8 Kartak 2074,"Nov 15, 2018"
9 Kartak 2074,"Nov 16, 2018"
10 Kartak 2074,"Nov 17, 2018"
11 Kartak 2074,"Nov 18, 2018"
12 Kartak 2074,"Nov 19, 2018"
13 Kartak 2074,"Nov 20, 2018"
14 Kartak 2074,"Nov 21, 2018"
15 Kartak 2074,"Nov 22, 2018"
16 Kartak 2074,"Nov 23, 2018"
17 Kartak 2074,"Nov 24, 2018"
18 Kartak 2074,"Nov 25, 2018"
19 Kartak 2074,"Nov 26, 2018"
20 Kartak 2074,"Nov 27, 2018"
21 Kartak 2074,"Nov 28, 2018"
22 Kartak 2074,"Nov 29, 2018"
23 Kartak 2074,"Nov 30, 2018"
24 Kartak 2074,"Dec 01, 2018"
25 Kartak 2074,"Dec 02, 2018"
26 Kartak 2074,"Dec 03, 2018"
27 Kartak 2074,"Dec 04, 2018"
28 Kartak 2074,"Dec 05, 2018"
29 Kartak 2074,"Dec 06, 2018"
30 Kartak 2074,"Dec 07, 2018"
1 Magshar 2074,"Dec 08, 2018"
2 Magshar 2074,"Dec 09, 2018"
3 Magshar 2074,"Dec 10, 2018"
4 Magshar 2074,"Dec 11, 2018"
5 Magshar 2074,"Dec 12, 2018"
6 Magshar 2074,"Dec 13, 2018"
7 Magshar 2074,"Dec 14, 2018"
8 Magshar 2074,"Dec 15, 2018"
9 Magshar 2074,"Dec 16, 2018"
10 Magshar 2074,"Dec 17, 2018"
11 Magshar 2074,"Dec 18, 2018"
12 Magshar 2074,"Dec 19, 2018"
13 Magshar 2074,"Dec 20, 2018"
14 Magshar 2074,"Dec 21, 2018"
15 Magshar 2074,"Dec 22, 2018"
16 Magshar 2074,"Dec 23, 2018"
17 Magshar 2074,"Dec 24, 2018"
18 Magshar 2074,"Dec 25, 2018"
19 Magshar 2074,"Dec 26, 2018"
20 Magshar 2074,"Dec 27, 2018"
21 Magshar 2074,"Dec 28, 2018"
22 Magshar 2074,"Dec 29, 2018"
23 Magshar 2074,"Dec 30, 2018"
24 Magshar 2074,"Dec 31, 2018"
25 Magshar 2074,"Jan 01, 2019"
26 Magshar 2074,"Jan 02, 2019"
27 Magshar 2074,"Jan 03, 2019"
28 Magshar 2074,"Jan 04, 2019"
29 Magshar 2074,"Jan 05, 2019"
1 Posh 2075,"Jan 06, 2019"
2 Posh 2075,"Jan 07, 2019"
3 Posh 2075,"Jan 08, 2019"
4 Posh 2075,"Jan 09, 2019"
5 Posh 2075,"Jan 10, 2019"
6 Posh 2075,"Jan 11, 2019"
7 Posh 2075,"Jan 12, 2019"
8 Posh 2075,"Jan 13, 2019"
9 Posh 2075,"Jan 14, 2019"
10 Posh 2075,"Jan 15, 2019"
11 Posh 2075,"Jan 16, 2019"
12 Posh 2075,"Jan 17, 2019"
13 Posh 2075,"Jan 18, 2019"
14 Posh 2075,"Jan 19, 2019"
15 Posh 2075,"Jan 20, 2019"
16 Posh 2075,"Jan 21, 2019"
17 Posh 2075,"Jan 22, 2019"
18 Posh 2075,"Jan 23, 2019"
19 Posh 2075,"Jan 24, 2019"
20 Posh 2075,"Jan 25, 2019"
21 Posh 2075,"Jan 26, 2019"
22 Posh 2075,"Jan 27, 2019"
23 Posh 2075,"Jan 28, 2019"
24 Posh 2075,"Jan 29, 2019"
25 Posh 2075,"Jan 30, 2019"
26 Posh 2075,"Jan 31, 2019"
27 Posh 2075,"Feb 01, 2019"
28 Posh 2075,"Feb 02, 2019"
29 Posh 2075,"Feb 03, 2019"
30 Posh 2075,"Feb 04, 2019"
1 Maha 2075,"Feb 05, 2019"
2 Maha 2075,"Feb 06, 2019"
3 Maha 2075,"Feb 07, 2019"
4 Maha 2075,"Feb 08, 2019"
5 Maha 2075,"Feb 09, 2019"
6 Maha 2075,"Feb 10, 2019"
7 Maha 2075,"Feb 11, 2019"
8 Maha 2075,"Feb 12, 2019"
9 Maha 2075,"Feb 13, 2019"
10 Maha 2075,"Feb 14, 2019"
11 Maha 2075,"Feb 15, 2019"
12 Maha 2075,"Feb 16, 2019"
13 Maha 2075,"Feb 17, 2019"
14 Maha 2075,"Feb 18, 2019"
15 Maha 2075,"Feb 19, 2019"
16 Maha 2075,"Feb 20, 2019"
17 Maha 2075,"Feb 21, 2019"
18 Maha 2075,"Feb 22, 2019"
19 Maha 2075,"Feb 23, 2019"
20 Maha 2075,"Feb 24, 2019"
21 Maha 2075,"Feb 25, 2019"
22 Maha 2075,"Feb 26, 2019"
23 Maha 2075,"Feb 27, 2019"
24 Maha 2075,"Feb 28, 2019"
25 Maha 2075,"Mar 01, 2019"
26 Maha 2075,"Mar 02, 2019"
27 Maha 2075,"Mar 03, 2019"
28 Maha 2075,"Mar 04, 2019"
29 Maha 2075,"Mar 05, 2019"
30 Maha 2075,"Mar 06, 2019"
1 Phaguna 2075,"Mar 07, 2019"
2 Phaguna 2075,"Mar 08, 2019"
3 Phaguna 2075,"Mar 09, 2019"
4 Phaguna 2075,"Mar 10, 2019"
5 Phaguna 2075,"Mar 11, 2019"
6 Phaguna 2075,"Mar 12, 2019"
7 Phaguna 2075,"Mar 13, 2019"
8 Phaguna 2075,"Mar 14, 2019"
9 Phaguna 2075,"Mar 15, 2019"
10 Phaguna 2075,"Mar 16, 2019"
11 Phaguna 2075,"Mar 17, 2019"
12 Phaguna 2075,"Mar 18, 2019"
13 Phaguna 2075,"Mar 19, 2019"
14 Phaguna 2075,"Mar 20, 2019"
15 Phaguna 2075,"Mar 21, 2019"
16 Phaguna 2075,"Mar 22, 2019"
17 Phaguna 2075,"Mar 23, 2019"
18 Phaguna 2075,"Mar 24, 2019"
19 Phaguna 2075,"Mar 25, 2019"
20 Phaguna 2075,"Mar 26, 2019"
21 Phaguna 2075,"Mar 27, 2019"
22 Phaguna 2075,"Mar 28, 2019"
23 Phaguna 2075,"Mar 29, 2019"
24 Phaguna 2075,"Mar 30, 2019"
25 Phaguna 2075,"Mar 31, 2019"
26 Phaguna 2075,"Apr 01, 2019"
27 Phaguna 2075,"Apr 02, 2019"
28 Phaguna 2075,"Apr 03, 2019"
29 Phaguna 2075,"Apr 04, 2019"
30 Phaguna 2075,"Apr 05, 2019"
1 Chaitra 2075,"Apr 06, 2019"
2 Chaitra 2075,"Apr 07, 2019"
3 Chaitra 2075,"Apr 08, 2019"
4 Chaitra 2075,"Apr 09, 2019"
5 Chaitra 2075,"Apr 10, 2019"
6 Chaitra 2075,"Apr 11, 2019"
7 Chaitra 2075,"Apr 12, 2019"
8 Chaitra 2075,"Apr 13, 2019"
9 Chaitra 2075,"Apr 14, 2019"
10 Chaitra 2075,"Apr 15, 2019"
11 Chaitra 2075,"Apr 16, 2019"
12 Chaitra 2075,"Apr 17, 2019"
13 Chaitra 2075,"Apr 18, 2019"
14 Chaitra 2075,"Apr 19, 2019"
15 Chaitra 2075,"Apr 20, 2019"
16 Chaitra 2075,"Apr 21, 2019"
17 Chaitra 2075,"Apr 22, 2019"
18 Chaitra 2075,"Apr 23, 2019"
19 Chaitra 2075,"Apr 24, 2019"
20 Chaitra 2075,"Apr 25, 2019"
21 Chaitra 2075,"Apr 26, 2019"
22 Chaitra 2075,"Apr 27, 2019"
23 Chaitra 2075,"Apr 28, 2019"
24 Chaitra 2075,"Apr 29, 2019"
25 Chaitra 2075,"Apr 30, 2019"
26 Chaitra 2075,"May 01, 2019"
27 Chaitra 2075,"May 02, 2019"
28 Chaitra 2075,"May 03, 2019"
29 Chaitra 2075,"May 04, 2019"
1 Vaishakha 2075,"May 05, 2019"
2 Vaishakha 2075,"May 06, 2019"
3 Vaishakha 2075,"May 07, 2019"
4 Vaishakha 2075,"May 08, 2019"
5 Vaishakha 2075,"May 09, 2019"
6 Vaishakha 2075,"May 10, 2019"
7 Vaishakha 2075,"May 11, 2019"
8 Vaishakha 2075,"May 12, 2019"
9 Vaishakha 2075,"May 13, 2019"
10 Vaishakha 2075,"May 14, 2019"
11 Vaishakha 2075,"May 15, 2019"
12 Vaishakha 2075,"May 16, 2019"
13 Vaishakha 2075,"May 17, 2019"
14 Vaishakha 2075,"May 18, 2019"
15 Vaishakha 2075,"May 19, 2019"
16 Vaishakha 2075,"May 20, 2019"
17 Vaishakha 2075,"May 21, 2019"
18 Vaishakha 2075,"May 22, 2019"
19 Vaishakha 2075,"May 23, 2019"
20 Vaishakha 2075,"May 24, 2019"
21 Vaishakha 2075,"May 25, 2019"
22 Vaishakha 2075,"May 26, 2019"
23 Vaishakha 2075,"May 27, 2019"
24 Vaishakha 2075,"May 28, 2019"
25 Vaishakha 2075,"May 29, 2019"
26 Vaishakha 2075,"May 30, 2019"
27 Vaishakha 2075,"May 31, 2019"
28 Vaishakha 2075,"Jun 01, 2019"
29 Vaishakha 2075,"Jun 02, 2019"
30 Vaishakha 2075,"Jun 03, 2019"
1 Jyeshtha 2075,"Jun 04, 2019"
2 Jyeshtha 2075,"Jun 05, 2019"
3 Jyeshtha 2075,"Jun 06, 2019"
4 Jyeshtha 2075,"Jun 07, 2019"
5 Jyeshtha 2075,"Jun 08, 2019"
6 Jyeshtha 2075,"Jun 09, 2019"
7 Jyeshtha 2075,"Jun 10, 2019"
8 Jyeshtha 2075,"Jun 11, 2019"
9 Jyeshtha 2075,"Jun 12, 2019"
10 Jyeshtha 2075,"Jun 13, 2019"
11 Jyeshtha 2075,"Jun 14, 2019"
12 Jyeshtha 2075,"Jun 15, 2019"
13 Jyeshtha 2075,"Jun 16, 2019"
14 Jyeshtha 2075,"Jun 17, 2019"
15 Jyeshtha 2075,"Jun 18, 2019"
16 Jyeshtha 2075,"Jun 19, 2019"
17 Jyeshtha 2075,"Jun 20, 2019"
18 Jyeshtha 2075,"Jun 21, 2019"
19 Jyeshtha 2075,"Jun 22, 2019"
20 Jyeshtha 2075,"Jun 23, 2019"
21 Jyeshtha 2075,"Jun 24, 2019"
22 Jyeshtha 2075,"Jun 25, 2019"
23 Jyeshtha 2075,"Jun 26, 2019"
24 Jyeshtha 2075,"Jun 27, 2019"
25 Jyeshtha 2075,"Jun 28, 2019"
26 Jyeshtha 2075,"Jun 29, 2019"
27 Jyeshtha 2075,"Jun 30, 2019"
28 Jyeshtha 2075,"Jul 01, 2019"
29 Jyeshtha 2075,"Jul 02, 2019"
1 Ashadha 2075,"Jul 03, 2019"
2 Ashadha 2075,"Jul 04, 2019"
3 Ashadha 2075,"Jul 05, 2019"
4 Ashadha 2075,"Jul 06, 2019"
5 Ashadha 2075,"Jul 07, 2019"
6 Ashadha 2075,"Jul 08, 2019"
7 Ashadha 2075,"Jul 09, 2019"
8 Ashadha 2075,"Jul 10, 2019"
9 Ashadha 2075,"Jul 11, 2019"
10 Ashadha 2075,"Jul 12, 2019"
11 Ashadha 2075,"Jul 13, 2019"
12 Ashadha 2075,"Jul 14, 2019"
13 Ashadha 2075,"Jul 15, 2019"
14 Ashadha 2075,"Jul 16, 2019"
15 Ashadha 2075,"Jul 17, 2019"
16 Ashadha 2075,"Jul 18, 2019"
17 Ashadha 2075,"Jul 19, 2019"
18 Ashadha 2075,"Jul 20, 2019"
19 Ashadha 2075,"Jul 21, 2019"
20 Ashadha 2075,"Jul 22, 2019"
21 Ashadha 2075,"Jul 23, 2019"
22 Ashadha 2075,"Jul 24, 2019"
23 Ashadha 2075,"Jul 25, 2019"
24 Ashadha 2075,"Jul 26, 2019"
25 Ashadha 2075,"Jul 27, 2019"
26 Ashadha 2075,"Jul 28, 2019"
27 Ashadha 2075,"Jul 29, 2019"
28 Ashadha 2075,"Jul 30, 2019"
29 Ashadha 2075,"Jul 31, 2019"
30 Ashadha 2075,"Aug 01, 2019"
1 Shravana 2075,"Aug 02, 2019"
2 Shravana 2075,"Aug 03, 2019"
3 Shravana 2075,"Aug 04, 2019"
4 Shravana 2075,"Aug 05, 2019"
5 Shravana 2075,"Aug 06, 2019"
6 Shravana 2075,"Aug 07, 2019"
7 Shravana 2075,"Aug 08, 2019"
8 Shravana 2075,"Aug 09, 2019"
9 Shravana 2075,"Aug 10, 2019"
10 Shravana 2075,"Aug 11, 2019"
11 Shravana 2075,"Aug 12, 2019"
12 Shravana 2075,"Aug 13, 2019"
13 Shravana 2075,"Aug 14, 2019"
14 Shravana 2075,"Aug 15, 2019"
15 Shravana 2075,"Aug 16, 2019"
16 Shravana 2075,"Aug 17, 2019"
17 Shravana 2075,"Aug 18, 2019"
18 Shravana 2075,"Aug 19, 2019"
19 Shravana 2075,"Aug 20, 2019"
20 Shravana 2075,"Aug 21, 2019"
21 Shravana 2075,"Aug 22, 2019"
22 Shravana 2075,"Aug 23, 2019"
23 Shravana 2075,"Aug 24, 2019"
24 Shravana 2075,"Aug 25, 2019"
25 Shravana 2075,"Aug 26, 2019"
26 Shravana 2075,"Aug 27, 2019"
27 Shravana 2075,"Aug 28, 2019"
28 Shravana 2075,"Aug 29, 2019"
29 Shravana 2075,"Aug 30, 2019"
1 Bhadarvo 2075,"Aug 31, 2019"
2 Bhadarvo 2075,"Sep 01, 2019"
3 Bhadarvo 2075,"Sep 02, 2019"
4 Bhadarvo 2075,"Sep 03, 2019"
5 Bhadarvo 2075,"Sep 04, 2019"
6 Bhadarvo 2075,"Sep 05, 2019"
7 Bhadarvo 2075,"Sep 06, 2019"
8 Bhadarvo 2075,"Sep 07, 2019"
9 Bhadarvo 2075,"Sep 08, 2019"
10 Bhadarvo 2075,"Sep 09, 2019"
11 Bhadarvo 2075,"Sep 10, 2019"
12 Bhadarvo 2075,"Sep 11, 2019"
13 Bhadarvo 2075,"Sep 12, 2019"
14 Bhadarvo 2075,"Sep 13, 2019"
15 Bhadarvo 2075,"Sep 14, 2019"
16 Bhadarvo 2075,"Sep 15, 2019"
17 Bhadarvo 2075,"Sep 16, 2019"
18 Bhadarvo 2075,"Sep 17, 2019"
19 Bhadarvo 2075,"Sep 18, 2019"
20 Bhadarvo 2075,"Sep 19, 2019"
21 Bhadarvo 2075,"Sep 20, 2019"
22 Bhadarvo 2075,"Sep 21, 2019"
23 Bhadarvo 2075,"Sep 22, 2019"
24 Bhadarvo 2075,"Sep 23, 2019"
25 Bhadarvo 2075,"Sep 24, 2019"
26 Bhadarvo 2075,"Sep 25, 2019"
27 Bhadarvo 2075,"Sep 26, 2019"
28 Bhadarvo 2075,"Sep 27, 2019"
29 Bhadarvo 2075,"Sep 28, 2019"
1 Aso 2075,"Sep 29, 2019"
2 Aso 2075,"Sep 30, 2019"
3 Aso 2075,"Oct 01, 2019"
4 Aso 2075,"Oct 02, 2019"
5 Aso 2075,"Oct 03, 2019"
6 Aso 2075,"Oct 04, 2019"
7 Aso 2075,"Oct 05, 2019"
8 Aso 2075,"Oct 06, 2019"
9 Aso 2075,"Oct 07, 2019"
10 Aso 2075,"Oct 08, 2019"
11 Aso 2075,"Oct 09, 2019"
12 Aso 2075,"Oct 10, 2019"
13 Aso 2075,"Oct 11, 2019"
14 Aso 2075,"Oct 12, 2019"
15 Aso 2075,"Oct 13, 2019"
16 Aso 2075,"Oct 14, 2019"
17 Aso 2075,"Oct 15, 2019"
18 Aso 2075,"Oct 16, 2019"
19 Aso 2075,"Oct 17, 2019"
20 Aso 2075,"Oct 18, 2019"
21 Aso 2075,"Oct 19, 2019"
22 Aso 2075,"Oct 20, 2019"
23 Aso 2075,"Oct 21, 2019"
24 Aso 2075,"Oct 22, 2019"
25 Aso 2075,"Oct 23, 2019"
26 Aso 2075,"Oct 24, 2019"
27 Aso 2075,"Oct 25, 2019"
28 Aso 2075,"Oct 26, 2019"
29 Aso 2075,"Oct 27, 2019"
30 Aso 2075,"Oct 28, 2019"
1 Kartak 2075,"Oct 28, 2019"
2 Kartak 2075,"Oct 29, 2019"
3 Kartak 2075,"Oct 30, 2019"
4 Kartak 2075,"Oct 31, 2019"
5 Kartak 2075,"Nov 01, 2019"
6 Kartak 2075,"Nov 02, 2019"
7 Kartak 2075,"Nov 03, 2019"
8 Kartak 2075,"Nov 04, 2019"
9 Kartak 2075,"Nov 05, 2019"
10 Kartak 2075,"Nov 06, 2019"
11 Kartak 2075,"Nov 07, 2019"
12 Kartak 2075,"Nov 08, 2019"
13 Kartak 2075,"Nov 09, 2019"
14 Kartak 2075,"Nov 10, 2019"
15 Kartak 2075,"Nov 11, 2019"
16 Kartak 2075,"Nov 12, 2019"
17 Kartak 2075,"Nov 13, 2019"
18 Kartak 2075,"Nov 14, 2019"
19 Kartak 2075,"Nov 15, 2019"
20 Kartak 2075,"Nov 16, 2019"
21 Kartak 2075,"Nov 17, 2019"
22 Kartak 2075,"Nov 18, 2019"
23 Kartak 2075,"Nov 19, 2019"
24 Kartak 2075,"Nov 20, 2019"
25 Kartak 2075,"Nov 21, 2019"
26 Kartak 2075,"Nov 22, 2019"
27 Kartak 2075,"Nov 23, 2019"
28 Kartak 2075,"Nov 24, 2019"
29 Kartak 2075,"Nov 25, 2019"
30 Kartak 2075,"Nov 26, 2019"
1 Magshar 2075,"Nov 27, 2019"
2 Magshar 2075,"Nov 28, 2019"
3 Magshar 2075,"Nov 29, 2019"
4 Magshar 2075,"Nov 30, 2019"
5 Magshar 2075,"Dec 01, 2019"
6 Magshar 2075,"Dec 02, 2019"
7 Magshar 2075,"Dec 03, 2019"
8 Magshar 2075,"Dec 04, 2019"
9 Magshar 2075,"Dec 05, 2019"
10 Magshar 2075,"Dec 06, 2019"
11 Magshar 2075,"Dec 07, 2019"
12 Magshar 2075,"Dec 08, 2019"
13 Magshar 2075,"Dec 09, 2019"
14 Magshar 2075,"Dec 10, 2019"
15 Magshar 2075,"Dec 11, 2019"
16 Magshar 2075,"Dec 12, 2019"
17 Magshar 2075,"Dec 13, 2019"
18 Magshar 2075,"Dec 14, 2019"
19 Magshar 2075,"Dec 15, 2019"
20 Magshar 2075,"Dec 16, 2019"
21 Magshar 2075,"Dec 17, 2019"
22 Magshar 2075,"Dec 18, 2019"
23 Magshar 2075,"Dec 19, 2019"
24 Magshar 2075,"Dec 20, 2019"
25 Magshar 2075,"Dec 21, 2019"
26 Magshar 2075,"Dec 22, 2019"
27 Magshar 2075,"Dec 23, 2019"
28 Magshar 2075,"Dec 24, 2019"
29 Magshar 2075,"Dec 25, 2019"
30 Magshar 2075,"Dec 26, 2019"
1 Posh 2075,"Dec 27, 2019"
2 Posh 2075,"Dec 28, 2019"
3 Posh 2075,"Dec 29, 2019"
4 Posh 2075,"Dec 30, 2019"
5 Posh 2075,"Dec 31, 2019"
6 Posh 2075,"Jan 01, 2020"
7 Posh 2075,"Jan 02, 2020"
8 Posh 2075,"Jan 03, 2020"
9 Posh 2075,"Jan 04, 2020"
10 Posh 2075,"Jan 05, 2020"
11 Posh 2075,"Jan 06, 2020"
12 Posh 2075,"Jan 07, 2020"
13 Posh 2075,"Jan 08, 2020"
14 Posh 2075,"Jan 09, 2020"
15 Posh 2075,"Jan 10, 2020"
16 Posh 2075,"Jan 11, 2020"
17 Posh 2075,"Jan 12, 2020"
18 Posh 2075,"Jan 13, 2020"
19 Posh 2075,"Jan 14, 2020"
20 Posh 2075,"Jan 15, 2020"
21 Posh 2075,"Jan 16, 2020"
22 Posh 2075,"Jan 17, 2020"
23 Posh 2075,"Jan 18, 2020"
24 Posh 2075,"Jan 19, 2020"
25 Posh 2075,"Jan 20, 2020"
26 Posh 2075,"Jan 21, 2020"
27 Posh 2075,"Jan 22, 2020"
28 Posh 2075,"Jan 23, 2020"
29 Posh 2075,"Jan 24, 2020"
1 Maha 2076,"Jan 25, 2020"
2 Maha 2076,"Jan 26, 2020"
3 Maha 2076,"Jan 27, 2020"
4 Maha 2076,"Jan 28, 2020"
5 Maha 2076,"Jan 29, 2020"
6 Maha 2076,"Jan 30, 2020"
7 Maha 2076,"Jan 31, 2020"
8 Maha 2076,"Feb 01, 2020"
9 Maha 2076,"Feb 02, 2020"
10 Maha 2076,"Feb 03, 2020"
11 Maha 2076,"Feb 04, 2020"
12 Maha 2076,"Feb 05, 2020"
13 Maha 2076,"Feb 06, 2020"
14 Maha 2076,"Feb 07, 2020"
15 Maha 2076,"Feb 08, 2020"
16 Maha 2076,"Feb 09, 2020"
17 Maha 2076,"Feb 10, 2020"
18 Maha 2076,"Feb 11, 2020"
19 Maha 2076,"Feb 12, 2020"
20 Maha 2076,"Feb 13, 2020"
21 Maha 2076,"Feb 14, 2020"
22 Maha 2076,"Feb 15, 2020"
23 Maha 2076,"Feb 16, 2020"
24 Maha 2076,"Feb 17, 2020"
25 Maha 2076,"Feb 18, 2020"
26 Maha 2076,"Feb 19, 2020"
27 Maha 2076,"Feb 20, 2020"
28 Maha 2076,"Feb 21, 2020"
29 Maha 2076,"Feb 22, 2020"
30 Maha 2076,"Feb 23, 2020"
1 Phaguna 2076,"Feb 24, 2020"
2 Phaguna 2076,"Feb 25, 2020"
3 Phaguna 2076,"Feb 26, 2020"
4 Phaguna 2076,"Feb 27, 2020"
5 Phaguna 2076,"Feb 28, 2020"
6 Phaguna 2076,"Feb 29, 2020"
7 Phaguna 2076,"Mar 01, 2020"
8 Phaguna 2076,"Mar 02, 2020"
9 Phaguna 2076,"Mar 03, 2020"
10 Phaguna 2076,"Mar 04, 2020"
11 Phaguna 2076,"Mar 05, 2020"
12 Phaguna 2076,"Mar 06, 2020"
13 Phaguna 2076,"Mar 07, 2020"
14 Phaguna 2076,"Mar 08, 2020"
15 Phaguna 2076,"Mar 09, 2020"
16 Phaguna 2076,"Mar 10, 2020"
17 Phaguna 2076,"Mar 11, 2020"
18 Phaguna 2076,"Mar 12, 2020"
19 Phaguna 2076,"Mar 13, 2020"
20 Phaguna 2076,"Mar 14, 2020"
21 Phaguna 2076,"Mar 15, 2020"
22 Phaguna 2076,"Mar 16, 2020"
23 Phaguna 2076,"Mar 17, 2020"
24 Phaguna 2076,"Mar 18, 2020"
25 Phaguna 2076,"Mar 19, 2020"
26 Phaguna 2076,"Mar 20, 2020"
27 Phaguna 2076,"Mar 21, 2020"
28 Phaguna 2076,"Mar 22, 2020"
29 Phaguna 2076,"Mar 23, 2020"
30 Phaguna 2076,"Mar 24, 2020"
1 Chaitra 2076,"Mar 25, 2020"
2 Chaitra 2076,"Mar 26, 2020"
3 Chaitra 2076,"Mar 27, 2020"
4 Chaitra 2076,"Mar 28, 2020"
5 Chaitra 2076,"Mar 29, 2020"
6 Chaitra 2076,"Mar 30, 2020"
7 Chaitra 2076,"Mar 31, 2020"
8 Chaitra 2076,"Apr 01, 2020"
9 Chaitra 2076,"Apr 02, 2020"
10 Chaitra 2076,"Apr 03, 2020"
11 Chaitra 2076,"Apr 04, 2020"
12 Chaitra 2076,"Apr 05, 2020"
13 Chaitra 2076,"Apr 06, 2020"
14 Chaitra 2076,"Apr 07, 2020"
15 Chaitra 2076,"Apr 08, 2020"
16 Chaitra 2076,"Apr 09, 2020"
17 Chaitra 2076,"Apr 10, 2020"
18 Chaitra 2076,"Apr 11, 2020"
19 Chaitra 2076,"Apr 12, 2020"
20 Chaitra 2076,"Apr 13, 2020"
21 Chaitra 2076,"Apr 14, 2020"
22 Chaitra 2076,"Apr 15, 2020"
23 Chaitra 2076,"Apr 16, 2020"
24 Chaitra 2076,"Apr 17, 2020"
25 Chaitra 2076,"Apr 18, 2020"
26 Chaitra 2076,"Apr 19, 2020"
27 Chaitra 2076,"Apr 20, 2020"
28 Chaitra 2076,"Apr 21, 2020"
29 Chaitra 2076,"Apr 22, 2020"
1 Vaishakha 2076,"Apr 23, 2020"
2 Vaishakha 2076,"Apr 24, 2020"
3 Vaishakha 2076,"Apr 25, 2020"
4 Vaishakha 2076,"Apr 26, 2020"
5 Vaishakha 2076,"Apr 27, 2020"
6 Vaishakha 2076,"Apr 28, 2020"
7 Vaishakha 2076,"Apr 29, 2020"
8 Vaishakha 2076,"Apr 30, 2020"
9 Vaishakha 2076,"May 01, 2020"
10 Vaishakha 2076,"May 02, 2020"
11 Vaishakha 2076,"May 03, 2020"
12 Vaishakha 2076,"May 04, 2020"
13 Vaishakha 2076,"May 05, 2020"
14 Vaishakha 2076,"May 06, 2020"
15 Vaishakha 2076,"May 07, 2020"
16 Vaishakha 2076,"May 08, 2020"
17 Vaishakha 2076,"May 09, 2020"
18 Vaishakha 2076,"May 10, 2020"
19 Vaishakha 2076,"May 11, 2020"
20 Vaishakha 2076,"May 12, 2020"
21 Vaishakha 2076,"May 13, 2020"
22 Vaishakha 2076,"May 14, 2020"
23 Vaishakha 2076,"May 15, 2020"
24 Vaishakha 2076,"May 16, 2020"
25 Vaishakha 2076,"May 17, 2020"
26 Vaishakha 2076,"May 18, 2020"
27 Vaishakha 2076,"May 19, 2020"
28 Vaishakha 2076,"May 20, 2020"
29 Vaishakha 2076,"May 21, 2020"
30 Vaishakha 2076,"May 22, 2020"
1 Jyeshtha 2076,"May 23, 2020"
2 Jyeshtha 2076,"May 24, 2020"
3 Jyeshtha 2076,"May 25, 2020"
4 Jyeshtha 2076,"May 26, 2020"
5 Jyeshtha 2076,"May 27, 2020"
6 Jyeshtha 2076,"May 28, 2020"
7 Jyeshtha 2076,"May 29, 2020"
8 Jyeshtha 2076,"May 30, 2020"
9 Jyeshtha 2076,"May 31, 2020"
10 Jyeshtha 2076,"Jun 01, 2020"
11 Jyeshtha 2076,"Jun 02, 2020"
12 Jyeshtha 2076,"Jun 03, 2020"
13 Jyeshtha 2076,"Jun 04, 2020"
14 Jyeshtha 2076,"Jun 05, 2020"
15 Jyeshtha 2076,"Jun 06, 2020"
16 Jyeshtha 2076,"Jun 07, 2020"
17 Jyeshtha 2076,"Jun 08, 2020"
18 Jyeshtha 2076,"Jun 09, 2020"
19 Jyeshtha 2076,"Jun 10, 2020"
20 Jyeshtha 2076,"Jun 11, 2020"
21 Jyeshtha 2076,"Jun 12, 2020"
22 Jyeshtha 2076,"Jun 13, 2020"
23 Jyeshtha 2076,"Jun 14, 2020"
24 Jyeshtha 2076,"Jun 15, 2020"
25 Jyeshtha 2076,"Jun 16, 2020"
26 Jyeshtha 2076,"Jun 17, 2020"
27 Jyeshtha 2076,"Jun 18, 2020"
28 Jyeshtha 2076,"Jun 19, 2020"
29 Jyeshtha 2076,"Jun 20, 2020"
30 Jyeshtha 2076,"Jun 21, 2020"
1 Ashadha 2076,"Jun 22, 2020"
2 Ashadha 2076,"Jun 23, 2020"
3 Ashadha 2076,"Jun 24, 2020"
4 Ashadha 2076,"Jun 25, 2020"
5 Ashadha 2076,"Jun 26, 2020"
6 Ashadha 2076,"Jun 27, 2020"
7 Ashadha 2076,"Jun 28, 2020"
8 Ashadha 2076,"Jun 29, 2020"
9 Ashadha 2076,"Jun 30, 2020"
10 Ashadha 2076,"Jul 01, 2020"
11 Ashadha 2076,"Jul 02, 2020"
12 Ashadha 2076,"Jul 03, 2020"
13 Ashadha 2076,"Jul 04, 2020"
14 Ashadha 2076,"Jul 05, 2020"
15 Ashadha 2076,"Jul 06, 2020"
16 Ashadha 2076,"Jul 07, 2020"
17 Ashadha 2076,"Jul 08, 2020"
18 Ashadha 2076,"Jul 09, 2020"
19 Ashadha 2076,"Jul 10, 2020"
20 Ashadha 2076,"Jul 11, 2020"
21 Ashadha 2076,"Jul 12, 2020"
22 Ashadha 2076,"Jul 13, 2020"
23 Ashadha 2076,"Jul 14, 2020"
24 Ashadha 2076,"Jul 15, 2020"
25 Ashadha 2076,"Jul 16, 2020"
26 Ashadha 2076,"Jul 17, 2020"
27 Ashadha 2076,"Jul 18, 2020"
28 Ashadha 2076,"Jul 19, 2020"
29 Ashadha 2076,"Jul 20, 2020"
1 Shravana 2076,"Jul 21, 2020"
2 Shravana 2076,"Jul 22, 2020"
3 Shravana 2076,"Jul 23, 2020"
4 Shravana 2076,"Jul 24, 2020"
5 Shravana 2076,"Jul 25, 2020"
6 Shravana 2076,"Jul 26, 2020"
7 Shravana 2076,"Jul 27, 2020"
8 Shravana 2076,"Jul 28, 2020"
9 Shravana 2076,"Jul 29, 2020"
10 Shravana 2076,"Jul 30, 2020"
11 Shravana 2076,"Jul 31, 2020"
12 Shravana 2076,"Aug 01, 2020"
13 Shravana 2076,"Aug 02, 2020"
14 Shravana 2076,"Aug 03, 2020"
15 Shravana 2076,"Aug 04, 2020"
16 Shravana 2076,"Aug 05, 2020"
17 Shravana 2076,"Aug 06, 2020"
18 Shravana 2076,"Aug 07, 2020"
19 Shravana 2076,"Aug 08, 2020"
20 Shravana 2076,"Aug 09, 2020"
21 Shravana 2076,"Aug 10, 2020"
22 Shravana 2076,"Aug 11, 2020"
23 Shravana 2076,"Aug 12, 2020"
24 Shravana 2076,"Aug 13, 2020"
25 Shravana 2076,"Aug 14, 2020"
26 Shravana 2076,"Aug 15, 2020"
27 Shravana 2076,"Aug 16, 2020"
28 Shravana 2076,"Aug 17, 2020"
29 Shravana 2076,"Aug 18, 2020"
30 Shravana 2076,"Aug 19, 2020"
1 Bhadarvo 2076,"Aug 20, 2020"
2 Bhadarvo 2076,"Aug 21, 2020"
3 Bhadarvo 2076,"Aug 22, 2020"
4 Bhadarvo 2076,"Aug 23, 2020"
5 Bhadarvo 2076,"Aug 24, 2020"
6 Bhadarvo 2076,"Aug 25, 2020"
7 Bhadarvo 2076,"Aug 26, 2020"
8 Bhadarvo 2076,"Aug 27, 2020"
9 Bhadarvo 2076,"Aug 28, 2020"
10 Bhadarvo 2076,"Aug 29, 2020"
11 Bhadarvo 2076,"Aug 30, 2020"
12 Bhadarvo 2076,"Aug 31, 2020"
13 Bhadarvo 2076,"Sep 01, 2020"
14 Bhadarvo 2076,"Sep 02, 2020"
15 Bhadarvo 2076,"Sep 03, 2020"
16 Bhadarvo 2076,"Sep 04, 2020"
17 Bhadarvo 2076,"Sep 05, 2020"
18 Bhadarvo 2076,"Sep 06, 2020"
19 Bhadarvo 2076,"Sep 07, 2020"
20 Bhadarvo 2076,"Sep 08, 2020"
21 Bhadarvo 2076,"Sep 09, 2020"
22 Bhadarvo 2076,"Sep 10, 2020"
23 Bhadarvo 2076,"Sep 11, 2020"
24 Bhadarvo 2076,"Sep 12, 2020"
25 Bhadarvo 2076,"Sep 13, 2020"
26 Bhadarvo 2076,"Sep 14, 2020"
27 Bhadarvo 2076,"Sep 15, 2020"
28 Bhadarvo 2076,"Sep 16, 2020"
29 Bhadarvo 2076,"Sep 17, 2020"
1 Aso_Adhik 2076,"Sep 18, 2020"
2 Aso_Adhik 2076,"Sep 19, 2020"
3 Aso_Adhik 2076,"Sep 20, 2020"
4 Aso_Adhik 2076,"Sep 21, 2020"
5 Aso_Adhik 2076,"Sep 22, 2020"
6 Aso_Adhik 2076,"Sep 23, 2020"
7 Aso_Adhik 2076,"Sep 24, 2020"
8 Aso_Adhik 2076,"Sep 25, 2020"
9 Aso_Adhik 2076,"Sep 26, 2020"
10 Aso_Adhik 2076,"Sep 27, 2020"
11 Aso_Adhik 2076,"Sep 28, 2020"
12 Aso_Adhik 2076,"Sep 29, 2020"
13 Aso_Adhik 2076,"Sep 30, 2020"
14 Aso_Adhik 2076,"Oct 01, 2020"
15 Aso_Adhik 2076,"Oct 02, 2020"
16 Aso_Adhik 2076,"Oct 03, 2020"
17 Aso_Adhik 2076,"Oct 04, 2020"
18 Aso_Adhik 2076,"Oct 05, 2020"
19 Aso_Adhik 2076,"Oct 06, 2020"
20 Aso_Adhik 2076,"Oct 07, 2020"
21 Aso_Adhik 2076,"Oct 08, 2020"
22 Aso_Adhik 2076,"Oct 09, 2020"
23 Aso_Adhik 2076,"Oct 10, 2020"
24 Aso_Adhik 2076,"Oct 11, 2020"
25 Aso_Adhik 2076,"Oct 12, 2020"
26 Aso_Adhik 2076,"Oct 13, 2020"
27 Aso_Adhik 2076,"Oct 14, 2020"
28 Aso_Adhik 2076,"Oct 15, 2020"
29 Aso_Adhik 2076,"Oct 16, 2020"
1 Aso 2077,"Oct 17, 2020"
2 Aso 2077,"Oct 18, 2020"
3 Aso 2077,"Oct 19, 2020"
4 Aso 2077,"Oct 20, 2020"
5 Aso 2077,"Oct 21, 2020"
6 Aso 2077,"Oct 22, 2020"
7 Aso 2077,"Oct 23, 2020"
8 Aso 2077,"Oct 24, 2020"
9 Aso 2077,"Oct 25, 2020"
10 Aso 2077,"Oct 26, 2020"
11 Aso 2077,"Oct 27, 2020"
12 Aso 2077,"Oct 28, 2020"
13 Aso 2077,"Oct 29, 2020"
14 Aso 2077,"Oct 30, 2020"
15 Aso 2077,"Oct 31, 2020"
16 Aso 2077,"Nov 01, 2020"
17 Aso 2077,"Nov 02, 2020"
18 Aso 2077,"Nov 03, 2020"
19 Aso 2077,"Nov 04, 2020"
20 Aso 2077,"Nov 05, 2020"
21 Aso 2077,"Nov 06, 2020"
22 Aso 2077,"Nov 07, 2020"
23 Aso 2077,"Nov 08, 2020"
24 Aso 2077,"Nov 09, 2020"
25 Aso 2077,"Nov 10, 2020"
26 Aso 2077,"Nov 11, 2020"
27 Aso 2077,"Nov 12, 2020"
28 Aso 2077,"Nov 13, 2020"
29 Aso 2077,"Nov 14, 2020"
30 Aso 2077,"Nov 15, 2020"
1 Kartak 2076,"Nov 16, 2020"
2 Kartak 2076,"Nov 17, 2020"
3 Kartak 2076,"Nov 18, 2020"
4 Kartak 2076,"Nov 19, 2020"
5 Kartak 2076,"Nov 20, 2020"
6 Kartak 2076,"Nov 21, 2020"
7 Kartak 2076,"Nov 22, 2020"
8 Kartak 2076,"Nov 23, 2020"
9 Kartak 2076,"Nov 24, 2020"
10 Kartak 2076,"Nov 25, 2020"
11 Kartak 2076,"Nov 26, 2020"
12 Kartak 2076,"Nov 27, 2020"
13 Kartak 2076,"Nov 28, 2020"
14 Kartak 2076,"Nov 29, 2020"
15 Kartak 2076,"Nov 30, 2020"
16 Kartak 2076,"Dec 01, 2020"
17 Kartak 2076,"Dec 02, 2020"
18 Kartak 2076,"Dec 03, 2020"
19 Kartak 2076,"Dec 04, 2020"
20 Kartak 2076,"Dec 05, 2020"
21 Kartak 2076,"Dec 06, 2020"
22 Kartak 2076,"Dec 07, 2020"
23 Kartak 2076,"Dec 08, 2020"
24 Kartak 2076,"Dec 09, 2020"
25 Kartak 2076,"Dec 10, 2020"
26 Kartak 2076,"Dec 11, 2020"
27 Kartak 2076,"Dec 12, 2020"
28 Kartak 2076,"Dec 13, 2020"
29 Kartak 2076,"Dec 14, 2020"
1 Magshar 2076,"Dec 15, 2020"
2 Magshar 2076,"Dec 16, 2020"
3 Magshar 2076,"Dec 17, 2020"
4 Magshar 2076,"Dec 18, 2020"
5 Magshar 2076,"Dec 19, 2020"
6 Magshar 2076,"Dec 20, 2020"
7 Magshar 2076,"Dec 21, 2020"
8 Magshar 2076,"Dec 22, 2020"
9 Magshar 2076,"Dec 23, 2020"
10 Magshar 2076,"Dec 24, 2020"
11 Magshar 2076,"Dec 25, 2020"
12 Magshar 2076,"Dec 26, 2020"
13 Magshar 2076,"Dec 27, 2020"
14 Magshar 2076,"Dec 28, 2020"
15 Magshar 2076,"Dec 29, 2020"
16 Magshar 2076,"Dec 30, 2020"
17 Magshar 2076,"Dec 31, 2020"
18 Magshar 2076,"Jan 01, 2021"
19 Magshar 2076,"Jan 02, 2021"
20 Magshar 2076,"Jan 03, 2021"
21 Magshar 2076,"Jan 04, 2021"
22 Magshar 2076,"Jan 05, 2021"
23 Magshar 2076,"Jan 06, 2021"
24 Magshar 2076,"Jan 07, 2021"
25 Magshar 2076,"Jan 08, 2021"
26 Magshar 2076,"Jan 09, 2021"
27 Magshar 2076,"Jan 10, 2021"
28 Magshar 2076,"Jan 11, 2021"
29 Magshar 2076,"Jan 12, 2021"
30 Magshar 2076,"Jan 13, 2021"
1 Posh 2077,"Jan 14, 2021"
2 Posh 2077,"Jan 15, 2021"
3 Posh 2077,"Jan 16, 2021"
4 Posh 2077,"Jan 17, 2021"
5 Posh 2077,"Jan 18, 2021"
6 Posh 2077,"Jan 19, 2021"
7 Posh 2077,"Jan 20, 2021"
8 Posh 2077,"Jan 21, 2021"
9 Posh 2077,"Jan 22, 2021"
10 Posh 2077,"Jan 23, 2021"
11 Posh 2077,"Jan 24, 2021"
12 Posh 2077,"Jan 25, 2021"
13 Posh 2077,"Jan 26, 2021"
14 Posh 2077,"Jan 27, 2021"
15 Posh 2077,"Jan 28, 2021"
16 Posh 2077,"Jan 29, 2021"
17 Posh 2077,"Jan 30, 2021"
18 Posh 2077,"Jan 31, 2021"
19 Posh 2077,"Feb 01, 2021"
20 Posh 2077,"Feb 02, 2021"
21 Posh 2077,"Feb 03, 2021"
22 Posh 2077,"Feb 04, 2021"
23 Posh 2077,"Feb 05, 2021"
24 Posh 2077,"Feb 06, 2021"
25 Posh 2077,"Feb 07, 2021"
26 Posh 2077,"Feb 08, 2021"
27 Posh 2077,"Feb 09, 2021"
28 Posh 2077,"Feb 10, 2021"
29 Posh 2077,"Feb 11, 2021"
1 Maha 2077,"Feb 12, 2021"
2 Maha 2077,"Feb 13, 2021"
3 Maha 2077,"Feb 14, 2021"
4 Maha 2077,"Feb 15, 2021"
5 Maha 2077,"Feb 16, 2021"
6 Maha 2077,"Feb 17, 2021"
7 Maha 2077,"Feb 18, 2021"
8 Maha 2077,"Feb 19, 2021"
9 Maha 2077,"Feb 20, 2021"
10 Maha 2077,"Feb 21, 2021"
11 Maha 2077,"Feb 22, 2021"
12 Maha 2077,"Feb 23, 2021"
13 Maha 2077,"Feb 24, 2021"
14 Maha 2077,"Feb 25, 2021"
15 Maha 2077,"Feb 26, 2021"
16 Maha 2077,"Feb 27, 2021"
17 Maha 2077,"Feb 28, 2021"
18 Maha 2077,"Mar 01, 2021"
19 Maha 2077,"Mar 02, 2021"
20 Maha 2077,"Mar 03, 2021"
21 Maha 2077,"Mar 04, 2021"
22 Maha 2077,"Mar 05, 2021"
23 Maha 2077,"Mar 06, 2021"
24 Maha 2077,"Mar 07, 2021"
25 Maha 2077,"Mar 08, 2021"
26 Maha 2077,"Mar 09, 2021"
27 Maha 2077,"Mar 10, 2021"
28 Maha 2077,"Mar 11, 2021"
29 Maha 2077,"Mar 12, 2021"
30 Maha 2077,"Mar 13, 2021"
1 Phaguna 2077,"Mar 14, 2021"
2 Phaguna 2077,"Mar 15, 2021"
3 Phaguna 2077,"Mar 16, 2021"
4 Phaguna 2077,"Mar 17, 2021"
5 Phaguna 2077,"Mar 18, 2021"
6 Phaguna 2077,"Mar 19, 2021"
7 Phaguna 2077,"Mar 20, 2021"
8 Phaguna 2077,"Mar 21, 2021"
9 Phaguna 2077,"Mar 22, 2021"
10 Phaguna 2077,"Mar 23, 2021"
11 Phaguna 2077,"Mar 24, 2021"
12 Phaguna 2077,"Mar 25, 2021"
13 Phaguna 2077,"Mar 26, 2021"
14 Phaguna 2077,"Mar 27, 2021"
15 Phaguna 2077,"Mar 28, 2021"
16 Phaguna 2077,"Mar 29, 2021"
17 Phaguna 2077,"Mar 30, 2021"
18 Phaguna 2077,"Mar 31, 2021"
19 Phaguna 2077,"Apr 01, 2021"
20 Phaguna 2077,"Apr 02, 2021"
21 Phaguna 2077,"Apr 03, 2021"
22 Phaguna 2077,"Apr 04, 2021"
23 Phaguna 2077,"Apr 05, 2021"
24 Phaguna 2077,"Apr 06, 2021"
25 Phaguna 2077,"Apr 07, 2021"
26 Phaguna 2077,"Apr 08, 2021"
27 Phaguna 2077,"Apr 09, 2021"
28 Phaguna 2077,"Apr 10, 2021"
29 Phaguna 2077,"Apr 11, 2021"
1 Chaitra 2077,"Apr 12, 2021"
2 Chaitra 2077,"Apr 13, 2021"
3 Chaitra 2077,"Apr 14, 2021"
4 Chaitra 2077,"Apr 15, 2021"
5 Chaitra 2077,"Apr 16, 2021"
6 Chaitra 2077,"Apr 17, 2021"
7 Chaitra 2077,"Apr 18, 2021"
8 Chaitra 2077,"Apr 19, 2021"
9 Chaitra 2077,"Apr 20, 2021"
10 Chaitra 2077,"Apr 21, 2021"
11 Chaitra 2077,"Apr 22, 2021"
12 Chaitra 2077,"Apr 23, 2021"
13 Chaitra 2077,"Apr 24, 2021"
14 Chaitra 2077,"Apr 25, 2021"
15 Chaitra 2077,"Apr 26, 2021"
16 Chaitra 2077,"Apr 27, 2021"
17 Chaitra 2077,"Apr 28, 2021"
18 Chaitra 2077,"Apr 29, 2021"
19 Chaitra 2077,"Apr 30, 2021"
20 Chaitra 2077,"May 01, 2021"
21 Chaitra 2077,"May 02, 2021"
22 Chaitra 2077,"May 03, 2021"
23 Chaitra 2077,"May 04, 2021"
24 Chaitra 2077,"May 05, 2021"
25 Chaitra 2077,"May 06, 2021"
26 Chaitra 2077,"May 07, 2021"
27 Chaitra 2077,"May 08, 2021"
28 Chaitra 2077,"May 09, 2021"
29 Chaitra 2077,"May 10, 2021"
30 Chaitra 2077,"May 11, 2021"
1 Vaishakha 2077,"May 12, 2021"
2 Vaishakha 2077,"May 13, 2021"
3 Vaishakha 2077,"May 14, 2021"
4 Vaishakha 2077,"May 15, 2021"
5 Vaishakha 2077,"May 16, 2021"
6 Vaishakha 2077,"May 17, 2021"
7 Vaishakha 2077,"May 18, 2021"
8 Vaishakha 2077,"May 19, 2021"
9 Vaishakha 2077,"May 20, 2021"
10 Vaishakha 2077,"May 21, 2021"
11 Vaishakha 2077,"May 22, 2021"
12 Vaishakha 2077,"May 23, 2021"
13 Vaishakha 2077,"May 24, 2021"
14 Vaishakha 2077,"May 25, 2021"
15 Vaishakha 2077,"May 26, 2021"
16 Vaishakha 2077,"May 27, 2021"
17 Vaishakha 2077,"May 28, 2021"
18 Vaishakha 2077,"May 29, 2021"
19 Vaishakha 2077,"May 30, 2021"
20 Vaishakha 2077,"May 31, 2021"
21 Vaishakha 2077,"Jun 01, 2021"
22 Vaishakha 2077,"Jun 02, 2021"
23 Vaishakha 2077,"Jun 03, 2021"
24 Vaishakha 2077,"Jun 04, 2021"
25 Vaishakha 2077,"Jun 05, 2021"
26 Vaishakha 2077,"Jun 06, 2021"
27 Vaishakha 2077,"Jun 07, 2021"
28 Vaishakha 2077,"Jun 08, 2021"
29 Vaishakha 2077,"Jun 09, 2021"
30 Vaishakha 2077,"Jun 10, 2021"
1 Jyeshta 2077,"Jun 11, 2021"
2 Jyeshta 2077,"Jun 12, 2021"
3 Jyeshta 2077,"Jun 13, 2021"
4 Jyeshta 2077,"Jun 14, 2021"
5 Jyeshta 2077,"Jun 15, 2021"
6 Jyeshta 2077,"Jun 16, 2021"
7 Jyeshta 2077,"Jun 17, 2021"
8 Jyeshta 2077,"Jun 18, 2021"
9 Jyeshta 2077,"Jun 19, 2021"
10 Jyeshta 2077,"Jun 20, 2021"
11 Jyeshta 2077,"Jun 21, 2021"
12 Jyeshta 2077,"Jun 22, 2021"
13 Jyeshta 2077,"Jun 23, 2021"
14 Jyeshta 2077,"Jun 24, 2021"
15 Jyeshta 2077,"Jun 25, 2021"
16 Jyeshta 2077,"Jun 26, 2021"
17 Jyeshta 2077,"Jun 27, 2021"
18 Jyeshta 2077,"Jun 28, 2021"
19 Jyeshta 2077,"Jun 29, 2021"
20 Jyeshta 2077,"Jun 30, 2021"
21 Jyeshta 2077,"Jul 01, 2021"
22 Jyeshta 2077,"Jul 02, 2021"
23 Jyeshta 2077,"Jul 03, 2021"
24 Jyeshta 2077,"Jul 04, 2021"
25 Jyeshta 2077,"Jul 05, 2021"
26 Jyeshta 2077,"Jul 06, 2021"
27 Jyeshta 2077,"Jul 07, 2021"
28 Jyeshta 2077,"Jul 08, 2021"
29 Jyeshta 2077,"Jul 09, 2021"
1 Ashadha 2077,"Jul 10, 2021"
2 Ashadha 2077,"Jul 11, 2021"
3 Ashadha 2077,"Jul 12, 2021"
4 Ashadha 2077,"Jul 13, 2021"
5 Ashadha 2077,"Jul 14, 2021"
6 Ashadha 2077,"Jul 15, 2021"
7 Ashadha 2077,"Jul 16, 2021"
8 Ashadha 2077,"Jul 17, 2021"
9 Ashadha 2077,"Jul 18, 2021"
10 Ashadha 2077,"Jul 19, 2021"
11 Ashadha 2077,"Jul 20, 2021"
12 Ashadha 2077,"Jul 21, 2021"
13 Ashadha 2077,"Jul 22, 2021"
14 Ashadha 2077,"Jul 23, 2021"
15 Ashadha 2077,"Jul 24, 2021"
16 Ashadha 2077,"Jul 25, 2021"
17 Ashadha 2077,"Jul 26, 2021"
18 Ashadha 2077,"Jul 27, 2021"
19 Ashadha 2077,"Jul 28, 2021"
20 Ashadha 2077,"Jul 29, 2021"
21 Ashadha 2077,"Jul 30, 2021"
22 Ashadha 2077,"Jul 31, 2021"
23 Ashadha 2077,"Aug 01, 2021"
24 Ashadha 2077,"Aug 02, 2021"
25 Ashadha 2077,"Aug 03, 2021"
26 Ashadha 2077,"Aug 04, 2021"
27 Ashadha 2077,"Aug 05, 2021"
28 Ashadha 2077,"Aug 06, 2021"
29 Ashadha 2077,"Aug 07, 2021"
30 Ashadha 2077,"Aug 08, 2021"
1 Shravana 2077,"Aug 09, 2021"
2 Shravana 2077,"Aug 10, 2021"
3 Shravana 2077,"Aug 11, 2021"
4 Shravana 2077,"Aug 12, 2021"
5 Shravana 2077,"Aug 13, 2021"
6 Shravana 2077,"Aug 14, 2021"
7 Shravana 2077,"Aug 15, 2021"
8 Shravana 2077,"Aug 16, 2021"
9 Shravana 2077,"Aug 17, 2021"
10 Shravana 2077,"Aug 18, 2021"
11 Shravana 2077,"Aug 19, 2021"
12 Shravana 2077,"Aug 20, 2021"
13 Shravana 2077,"Aug 21, 2021"
14 Shravana 2077,"Aug 22, 2021"
15 Shravana 2077,"Aug 23, 2021"
16 Shravana 2077,"Aug 24, 2021"
17 Shravana 2077,"Aug 25, 2021"
18 Shravana 2077,"Aug 26, 2021"
19 Shravana 2077,"Aug 27, 2021"
20 Shravana 2077,"Aug 28, 2021"
21 Shravana 2077,"Aug 29, 2021"
22 Shravana 2077,"Aug 30, 2021"
23 Shravana 2077,"Aug 31, 2021"
24 Shravana 2077,"Sep 01, 2021"
25 Shravana 2077,"Sep 02, 2021"
26 Shravana 2077,"Sep 03, 2021"
27 Shravana 2077,"Sep 04, 2021"
28 Shravana 2077,"Sep 05, 2021"
29 Shravana 2077,"Sep 06, 2021"
1 Bhadarvo 2077,"Sep 07, 2021"
2 Bhadarvo 2077,"Sep 08, 2021"
3 Bhadarvo 2077,"Sep 09, 2021"
4 Bhadarvo 2077,"Sep 10, 2021"
5 Bhadarvo 2077,"Sep 11, 2021"
6 Bhadarvo 2077,"Sep 12, 2021"
7 Bhadarvo 2077,"Sep 13, 2021"
8 Bhadarvo 2077,"Sep 14, 2021"
9 Bhadarvo 2077,"Sep 15, 2021"
10 Bhadarvo 2077,"Sep 16, 2021"
11 Bhadarvo 2077,"Sep 17, 2021"
12 Bhadarvo 2077,"Sep 18, 2021"
13 Bhadarvo 2077,"Sep 19, 2021"
14 Bhadarvo 2077,"Sep 20, 2021"
15 Bhadarvo 2077,"Sep 21, 2021"
16 Bhadarvo 2077,"Sep 22, 2021"
17 Bhadarvo 2077,"Sep 23, 2021"
18 Bhadarvo 2077,"Sep 24, 2021"
19 Bhadarvo 2077,"Sep 25, 2021"
20 Bhadarvo 2077,"Sep 26, 2021"
21 Bhadarvo 2077,"Sep 27, 2021"
22 Bhadarvo 2077,"Sep 28, 2021"
23 Bhadarvo 2077,"Sep 29, 2021"
24 Bhadarvo 2077,"Sep 30, 2021"
25 Bhadarvo 2077,"Oct 01, 2021"
26 Bhadarvo 2077,"Oct 02, 2021"
27 Bhadarvo 2077,"Oct 03, 2021"
28 Bhadarvo 2077,"Oct 04, 2021"
29 Bhadarvo 2077,"Oct 05, 2021"
30 Bhadarvo 2077,"Oct 06, 2021"
1 Aso 2077,"Oct 07, 2021"
2 Aso 2077,"Oct 08, 2021"
3 Aso 2077,"Oct 09, 2021"
4 Aso 2077,"Oct 10, 2021"
5 Aso 2077,"Oct 11, 2021"
6 Aso 2077,"Oct 12, 2021"
7 Aso 2077,"Oct 13, 2021"
8 Aso 2077,"Oct 14, 2021"
9 Aso 2077,"Oct 15, 2021"
10 Aso 2077,"Oct 16, 2021"
11 Aso 2077,"Oct 17, 2021"
12 Aso 2077,"Oct 18, 2021"
13 Aso 2077,"Oct 19, 2021"
14 Aso 2077,"Oct 20, 2021"
15 Aso 2077,"Oct 21, 2021"
16 Aso 2077,"Oct 22, 2021"
17 Aso 2077,"Oct 23, 2021"
18 Aso 2077,"Oct 24, 2021"
19 Aso 2077,"Oct 25, 2021"
20 Aso 2077,"Oct 26, 2021"
21 Aso 2077,"Oct 27, 2021"
22 Aso 2077,"Oct 28, 2021"
23 Aso 2077,"Oct 29, 2021"
24 Aso 2077,"Oct 30, 2021"
25 Aso 2077,"Oct 31, 2021"
26 Aso 2077,"Nov 01, 2021"
27 Aso 2077,"Nov 02, 2021"
28 Aso 2077,"Nov 03, 2021"
29 Aso 2077,"Nov 04, 2021"
1 Kartak 2077,"Nov 05, 2021"
2 Kartak 2077,"Nov 06, 2021"
3 Kartak 2077,"Nov 07, 2021"
4 Kartak 2077,"Nov 08, 2021"
5 Kartak 2077,"Nov 09, 2021"
6 Kartak 2077,"Nov 10, 2021"
7 Kartak 2077,"Nov 11, 2021"
8 Kartak 2077,"Nov 12, 2021"
9 Kartak 2077,"Nov 13, 2021"
10 Kartak 2077,"Nov 14, 2021"
11 Kartak 2077,"Nov 15, 2021"
12 Kartak 2077,"Nov 16, 2021"
13 Kartak 2077,"Nov 17, 2021"
14 Kartak 2077,"Nov 18, 2021"
15 Kartak 2077,"Nov 19, 2021"
16 Kartak 2077,"Nov 20, 2021"
17 Kartak 2077,"Nov 21, 2021"
18 Kartak 2077,"Nov 22, 2021"
19 Kartak 2077,"Nov 23, 2021"
20 Kartak 2077,"Nov 24, 2021"
21 Kartak 2077,"Nov 25, 2021"
22 Kartak 2077,"Nov 26, 2021"
23 Kartak 2077,"Nov 27, 2021"
24 Kartak 2077,"Nov 28, 2021"
25 Kartak 2077,"Nov 29, 2021"
26 Kartak 2077,"Nov 30, 2021"
27 Kartak 2077,"Dec 01, 2021"
28 Kartak 2077,"Dec 02, 2021"
29 Kartak 2077,"Dec 03, 2021"
30 Kartak 2077,"Dec 04, 2021"
1 Magshar 2077,"Dec 05, 2021"
2 Magshar 2077,"Dec 06, 2021"
3 Magshar 2077,"Dec 07, 2021"
4 Magshar 2077,"Dec 08, 2021"
5 Magshar 2077,"Dec 09, 2021"
6 Magshar 2077,"Dec 10, 2021"
7 Magshar 2077,"Dec 11, 2021"
8 Magshar 2077,"Dec 12, 2021"
9 Magshar 2077,"Dec 13, 2021"
10 Magshar 2077,"Dec 14, 2021"
11 Magshar 2077,"Dec 15, 2021"
12 Magshar 2077,"Dec 16, 2021"
13 Magshar 2077,"Dec 17, 2021"
14 Magshar 2077,"Dec 18, 2021"
15 Magshar 2077,"Dec 19, 2021"
16 Magshar 2077,"Dec 20, 2021"
17 Magshar 2077,"Dec 21, 2021"
18 Magshar 2077,"Dec 22, 2021"
19 Magshar 2077,"Dec 23, 2021"
20 Magshar 2077,"Dec 24, 2021"
21 Magshar 2077,"Dec 25, 2021"
22 Magshar 2077,"Dec 26, 2021"
23 Magshar 2077,"Dec 27, 2021"
24 Magshar 2077,"Dec 28, 2021"
25 Magshar 2077,"Dec 29, 2021"
26 Magshar 2077,"Dec 30, 2021"
27 Magshar 2077,"Dec 31, 2021"
28 Magshar 2077,"Jan 01, 2022"
29 Magshar 2077,"Jan 02, 2022"
1 Posh 2078,"Jan 03, 2022"
2 Posh 2078,"Jan 04, 2022"
3 Posh 2078,"Jan 05, 2022"
4 Posh 2078,"Jan 06, 2022"
5 Posh 2078,"Jan 07, 2022"
6 Posh 2078,"Jan 08, 2022"
7 Posh 2078,"Jan 09, 2022"
8 Posh 2078,"Jan 10, 2022"
9 Posh 2078,"Jan 11, 2022"
10 Posh 2078,"Jan 12, 2022"
11 Posh 2078,"Jan 13, 2022"
12 Posh 2078,"Jan 14, 2022"
13 Posh 2078,"Jan 15, 2022"
14 Posh 2078,"Jan 16, 2022"
15 Posh 2078,"Jan 17, 2022"
16 Posh 2078,"Jan 18, 2022"
17 Posh 2078,"Jan 19, 2022"
18 Posh 2078,"Jan 20, 2022"
19 Posh 2078,"Jan 21, 2022"
20 Posh 2078,"Jan 22, 2022"
21 Posh 2078,"Jan 23, 2022"
22 Posh 2078,"Jan 24, 2022"
23 Posh 2078,"Jan 25, 2022"
24 Posh 2078,"Jan 26, 2022"
25 Posh 2078,"Jan 27, 2022"
26 Posh 2078,"Jan 28, 2022"
27 Posh 2078,"Jan 29, 2022"
28 Posh 2078,"Jan 30, 2022"
29 Posh 2078,"Jan 31, 2022"
30 Posh 2078,"Feb 01, 2022"
1 Maha 2078,"Feb 02, 2022"
2 Maha 2078,"Feb 03, 2022"
3 Maha 2078,"Feb 04, 2022"
4 Maha 2078,"Feb 05, 2022"
5 Maha 2078,"Feb 06, 2022"
6 Maha 2078,"Feb 07, 2022"
7 Maha 2078,"Feb 08, 2022"
8 Maha 2078,"Feb 09, 2022"
9 Maha 2078,"Feb 10, 2022"
10 Maha 2078,"Feb 11, 2022"
11 Maha 2078,"Feb 12, 2022"
12 Maha 2078,"Feb 13, 2022"
13 Maha 2078,"Feb 14, 2022"
14 Maha 2078,"Feb 15, 2022"
15 Maha 2078,"Feb 16, 2022"
16 Maha 2078,"Feb 17, 2022"
17 Maha 2078,"Feb 18, 2022"
18 Maha 2078,"Feb 19, 2022"
19 Maha 2078,"Feb 20, 2022"
20 Maha 2078,"Feb 21, 2022"
21 Maha 2078,"Feb 22, 2022"
22 Maha 2078,"Feb 23, 2022"
23 Maha 2078,"Feb 24, 2022"
24 Maha 2078,"Feb 25, 2022"
25 Maha 2078,"Feb 26, 2022"
26 Maha 2078,"Feb 27, 2022"
27 Maha 2078,"Feb 28, 2022"
28 Maha 2078,"Mar 01, 2022"
29 Maha 2078,"Mar 02, 2022"
1 Vaishakha 2078,"May 01, 2022"
2 Vaishakha 2078,"May 02, 2022"
3 Vaishakha 2078,"May 03, 2022"
4 Vaishakha 2078,"May 04, 2022"
5 Vaishakha 2078,"May 05, 2022"
6 Vaishakha 2078,"May 06, 2022"
7 Vaishakha 2078,"May 07, 2022"
8 Vaishakha 2078,"May 08, 2022"
9 Vaishakha 2078,"May 09, 2022"
10 Vaishakha 2078,"May 10, 2022"
11 Vaishakha 2078,"May 11, 2022"
12 Vaishakha 2078,"May 12, 2022"
13 Vaishakha 2078,"May 13, 2022"
14 Vaishakha 2078,"May 14, 2022"
15 Vaishakha 2078,"May 15, 2022"
16 Vaishakha 2078,"May 16, 2022"
17 Vaishakha 2078,"May 17, 2022"
18 Vaishakha 2078,"May 18, 2022"
19 Vaishakha 2078,"May 19, 2022"
20 Vaishakha 2078,"May 20, 2022"
21 Vaishakha 2078,"May 21, 2022"
22 Vaishakha 2078,"May 22, 2022"
23 Vaishakha 2078,"May 23, 2022"
24 Vaishakha 2078,"May 24, 2022"
25 Vaishakha 2078,"May 25, 2022"
26 Vaishakha 2078,"May 26, 2022"
27 Vaishakha 2078,"May 27, 2022"
28 Vaishakha 2078,"May 28, 2022"
29 Vaishakha 2078,"May 29, 2022"
30 Vaishakha 2078,"May 30, 2022"
1 Jyeshta 2078,"May 31, 2022"
2 Jyeshta 2078,"Jun 01, 2022"
3 Jyeshta 2078,"Jun 02, 2022"
4 Jyeshta 2078,"Jun 03, 2022"
5 Jyeshta 2078,"Jun 04, 2022"
6 Jyeshta 2078,"Jun 05, 2022"
7 Jyeshta 2078,"Jun 06, 2022"
8 Jyeshta 2078,"Jun 07, 2022"
9 Jyeshta 2078,"Jun 08, 2022"
10 Jyeshta 2078,"Jun 09, 2022"
11 Jyeshta 2078,"Jun 10, 2022"
12 Jyeshta 2078,"Jun 11, 2022"
13 Jyeshta 2078,"Jun 12, 2022"
14 Jyeshta 2078,"Jun 13, 2022"
15 Jyeshta 2078,"Jun 14, 2022"
16 Jyeshta 2078,"Jun 15, 2022"
17 Jyeshta 2078,"Jun 16, 2022"
18 Jyeshta 2078,"Jun 17, 2022"
19 Jyeshta 2078,"Jun 18, 2022"
20 Jyeshta 2078,"Jun 19, 2022"
21 Jyeshta 2078,"Jun 20, 2022"
22 Jyeshta 2078,"Jun 21, 2022"
23 Jyeshta 2078,"Jun 22, 2022"
24 Jyeshta 2078,"Jun 23, 2022"
25 Jyeshta 2078,"Jun 24, 2022"
26 Jyeshta 2078,"Jun 25, 2022"
27 Jyeshta 2078,"Jun 26, 2022"
28 Jyeshta 2078,"Jun 27, 2022"
29 Jyeshta 2078,"Jun 28, 2022"
30 Jyeshta 2078,"Jun 29, 2022"
1 Ashadha 2078,"Jun 30, 2022"
2 Ashadha 2078,"Jul 01, 2022"
3 Ashadha 2078,"Jul 02, 2022"
4 Ashadha 2078,"Jul 03, 2022"
5 Ashadha 2078,"Jul 04, 2022"
6 Ashadha 2078,"Jul 05, 2022"
7 Ashadha 2078,"Jul 06, 2022"
8 Ashadha 2078,"Jul 07, 2022"
9 Ashadha 2078,"Jul 08, 2022"
10 Ashadha 2078,"Jul 09, 2022"
11 Ashadha 2078,"Jul 10, 2022"
12 Ashadha 2078,"Jul 11, 2022"
13 Ashadha 2078,"Jul 12, 2022"
14 Ashadha 2078,"Jul 13, 2022"
15 Ashadha 2078,"Jul 14, 2022"
16 Ashadha 2078,"Jul 15, 2022"
17 Ashadha 2078,"Jul 16, 2022"
18 Ashadha 2078,"Jul 17, 2022"
19 Ashadha 2078,"Jul 18, 2022"
20 Ashadha 2078,"Jul 19, 2022"
21 Ashadha 2078,"Jul 20, 2022"
22 Ashadha 2078,"Jul 21, 2022"
23 Ashadha 2078,"Jul 22, 2022"
24 Ashadha 2078,"Jul 23, 2022"
25 Ashadha 2078,"Jul 24, 2022"
26 Ashadha 2078,"Jul 25, 2022"
27 Ashadha 2078,"Jul 26, 2022"
28 Ashadha 2078,"Jul 27, 2022"
29 Ashadha 2078,"Jul 28, 2022"
1 Shravana 2078,"Jul 29, 2022"
2 Shravana 2078,"Jul 30, 2022"
3 Shravana 2078,"Jul 31, 2022"
4 Shravana 2078,"Aug 01, 2022"
5 Shravana 2078,"Aug 02, 2022"
6 Shravana 2078,"Aug 03, 2022"
7 Shravana 2078,"Aug 04, 2022"
8 Shravana 2078,"Aug 05, 2022"
9 Shravana 2078,"Aug 06, 2022"
10 Shravana 2078,"Aug 07, 2022"
11 Shravana 2078,"Aug 08, 2022"
12 Shravana 2078,"Aug 09, 2022"
13 Shravana 2078,"Aug 10, 2022"
14 Shravana 2078,"Aug 11, 2022"
15 Shravana 2078,"Aug 12, 2022"
16 Shravana 2078,"Aug 13, 2022"
17 Shravana 2078,"Aug 14, 2022"
18 Shravana 2078,"Aug 15, 2022"
19 Shravana 2078,"Aug 16, 2022"
20 Shravana 2078,"Aug 17, 2022"
21 Shravana 2078,"Aug 18, 2022"
22 Shravana 2078,"Aug 19, 2022"
23 Shravana 2078,"Aug 20, 2022"
24 Shravana 2078,"Aug 21, 2022"
25 Shravana 2078,"Aug 22, 2022"
26 Shravana 2078,"Aug 23, 2022"
27 Shravana 2078,"Aug 24, 2022"
28 Shravana 2078,"Aug 25, 2022"
29 Shravana 2078,"Aug 26, 2022"
30 Shravana 2078,"Aug 27, 2022"
1 Bhadarvo 2078,"Aug 28, 2022"
2 Bhadarvo 2078,"Aug 29, 2022"
3 Bhadarvo 2078,"Aug 30, 2022"
4 Bhadarvo 2078,"Aug 31, 2022"
5 Bhadarvo 2078,"Sep 01, 2022"
6 Bhadarvo 2078,"Sep 02, 2022"
7 Bhadarvo 2078,"Sep 03, 2022"
8 Bhadarvo 2078,"Sep 04, 2022"
9 Bhadarvo 2078,"Sep 05, 2022"
10 Bhadarvo 2078,"Sep 06, 2022"
11 Bhadarvo 2078,"Sep 07, 2022"
12 Bhadarvo 2078,"Sep 08, 2022"
13 Bhadarvo 2078,"Sep 09, 2022"
14 Bhadarvo 2078,"Sep 10, 2022"
15 Bhadarvo 2078,"Sep 11, 2022"
16 Bhadarvo 2078,"Sep 12, 2022"
17 Bhadarvo 2078,"Sep 13, 2022"
18 Bhadarvo 2078,"Sep 14, 2022"
19 Bhadarvo 2078,"Sep 15, 2022"
20 Bhadarvo 2078,"Sep 16, 2022"
21 Bhadarvo 2078,"Sep 17, 2022"
22 Bhadarvo 2078,"Sep 18, 2022"
23 Bhadarvo 2078,"Sep 19, 2022"
24 Bhadarvo 2078,"Sep 20, 2022"
25 Bhadarvo 2078,"Sep 21, 2022"
26 Bhadarvo 2078,"Sep 22, 2022"
27 Bhadarvo 2078,"Sep 23, 2022"
28 Bhadarvo 2078,"Sep 24, 2022"
29 Bhadarvo 2078,"Sep 25, 2022"
1 Aso 2078,"Sep 26, 2022"
2 Aso 2078,"Sep 27, 2022"
3 Aso 2078,"Sep 28, 2022"
4 Aso 2078,"Sep 29, 2022"
5 Aso 2078,"Sep 30, 2022"
6 Aso 2078,"Oct 01, 2022"
7 Aso 2078,"Oct 02, 2022"
8 Aso 2078,"Oct 03, 2022"
9 Aso 2078,"Oct 04, 2022"
10 Aso 2078,"Oct 05, 2022"
11 Aso 2078,"Oct 06, 2022"
12 Aso 2078,"Oct 07, 2022"
13 Aso 2078,"Oct 08, 2022"
14 Aso 2078,"Oct 09, 2022"
15 Aso 2078,"Oct 10, 2022"
16 Aso 2078,"Oct 11, 2022"
17 Aso 2078,"Oct 12, 2022"
18 Aso 2078,"Oct 13, 2022"
19 Aso 2078,"Oct 14, 2022"
20 Aso 2078,"Oct 15, 2022"
21 Aso 2078,"Oct 16, 2022"
22 Aso 2078,"Oct 17, 2022"
23 Aso 2078,"Oct 18, 2022"
24 Aso 2078,"Oct 19, 2022"
25 Aso 2078,"Oct 20, 2022"
26 Aso 2078,"Oct 21, 2022"
27 Aso 2078,"Oct 22, 2022"
28 Aso 2078,"Oct 23, 2022"
29 Aso 2078,"Oct 24, 2022"
30 Aso 2078,"Oct 25, 2022"
1 Kartak 2078,"Oct 26, 2022"
2 Kartak 2078,"Oct 27, 2022"
3 Kartak 2078,"Oct 28, 2022"
4 Kartak 2078,"Oct 29, 2022"
5 Kartak 2078,"Oct 30, 2022"
6 Kartak 2078,"Oct 31, 2022"
7 Kartak 2078,"Nov 01, 2022"
8 Kartak 2078,"Nov 02, 2022"
9 Kartak 2078,"Nov 03, 2022"
10 Kartak 2078,"Nov 04, 2022"
11 Kartak 2078,"Nov 05, 2022"
12 Kartak 2078,"Nov 06, 2022"
13 Kartak 2078,"Nov 07, 2022"
14 Kartak 2078,"Nov 08, 2022"
15 Kartak 2078,"Nov 09, 2022"
16 Kartak 2078,"Nov 10, 2022"
17 Kartak 2078,"Nov 11, 2022"
18 Kartak 2078,"Nov 12, 2022"
19 Kartak 2078,"Nov 13, 2022"
20 Kartak 2078,"Nov 14, 2022"
21 Kartak 2078,"Nov 15, 2022"
22 Kartak 2078,"Nov 16, 2022"
23 Kartak 2078,"Nov 17, 2022"
24 Kartak 2078,"Nov 18, 2022"
25 Kartak 2078,"Nov 19, 2022"
26 Kartak 2078,"Nov 20, 2022"
27 Kartak 2078,"Nov 21, 2022"
28 Kartak 2078,"Nov 22, 2022"
29 Kartak 2078,"Nov 23, 2022"
1 Magshar 2078,"Nov 24, 2022"
2 Magshar 2078,"Nov 25, 2022"
3 Magshar 2078,"Nov 26, 2022"
4 Magshar 2078,"Nov 27, 2022"
5 Magshar 2078,"Nov 28, 2022"
6 Magshar 2078,"Nov 29, 2022"
7 Magshar 2078,"Nov 30, 2022"
8 Magshar 2078,"Dec 01, 2022"
9 Magshar 2078,"Dec 02, 2022"
10 Magshar 2078,"Dec 03, 2022"
11 Magshar 2078,"Dec 04, 2022"
12 Magshar 2078,"Dec 05, 2022"
13 Magshar 2078,"Dec 06, 2022"
14 Magshar 2078,"Dec 07, 2022"
15 Magshar 2078,"Dec 08, 2022"
16 Magshar 2078,"Dec 09, 2022"
17 Magshar 2078,"Dec 10, 2022"
18 Magshar 2078,"Dec 11, 2022"
19 Magshar 2078,"Dec 12, 2022"
20 Magshar 2078,"Dec 13, 2022"
21 Magshar 2078,"Dec 14, 2022"
22 Magshar 2078,"Dec 15, 2022"
23 Magshar 2078,"Dec 16, 2022"
24 Magshar 2078,"Dec 17, 2022"
25 Magshar 2078,"Dec 18, 2022"
26 Magshar 2078,"Dec 19, 2022"
27 Magshar 2078,"Dec 20, 2022"
28 Magshar 2078,"Dec 21, 2022"
29 Magshar 2078,"Dec 22, 2022"
30 Magshar 2078,"Dec 23, 2022"
1 Posh 2078,"Dec 24, 2022"
2 Posh 2078,"Dec 25, 2022"
3 Posh 2078,"Dec 26, 2022"
4 Posh 2078,"Dec 27, 2022"
5 Posh 2078,"Dec 28, 2022"
6 Posh 2078,"Dec 29, 2022"
7 Posh 2078,"Dec 30, 2022"
8 Posh 2078,"Dec 31, 2022"
9 Posh 2078,"Jan 01, 2023"
10 Posh 2078,"Jan 02, 2023"
11 Posh 2078,"Jan 03, 2023"
12 Posh 2078,"Jan 04, 2023"
13 Posh 2078,"Jan 05, 2023"
14 Posh 2078,"Jan 06, 2023"
15 Posh 2078,"Jan 07, 2023"
16 Posh 2078,"Jan 08, 2023"
17 Posh 2078,"Jan 09, 2023"
18 Posh 2078,"Jan 10, 2023"
19 Posh 2078,"Jan 11, 2023"
20 Posh 2078,"Jan 12, 2023"
21 Posh 2078,"Jan 13, 2023"
22 Posh 2078,"Jan 14, 2023"
23 Posh 2078,"Jan 15, 2023"
24 Posh 2078,"Jan 16, 2023"
25 Posh 2078,"Jan 17, 2023"
26 Posh 2078,"Jan 18, 2023"
27 Posh 2078,"Jan 19, 2023"
28 Posh 2078,"Jan 20, 2023"
29 Posh 2078,"Jan 21, 2023"
1 Maha 2079,"Jan 22, 2023"
2 Maha 2079,"Jan 23, 2023"
3 Maha 2079,"Jan 24, 2023"
4 Maha 2079,"Jan 25, 2023"
5 Maha 2079,"Jan 26, 2023"
6 Maha 2079,"Jan 27, 2023"
7 Maha 2079,"Jan 28, 2023"
8 Maha 2079,"Jan 29, 2023"
9 Maha 2079,"Jan 30, 2023"
10 Maha 2079,"Jan 31, 2023"
11 Maha 2079,"Feb 01, 2023"
12 Maha 2079,"Feb 02, 2023"
13 Maha 2079,"Feb 03, 2023"
14 Maha 2079,"Feb 04, 2023"
15 Maha 2079,"Feb 05, 2023"
16 Maha 2079,"Feb 06, 2023"
17 Maha 2079,"Feb 07, 2023"
18 Maha 2079,"Feb 08, 2023"
19 Maha 2079,"Feb 09, 2023"
20 Maha 2079,"Feb 10, 2023"
21 Maha 2079,"Feb 11, 2023"
22 Maha 2079,"Feb 12, 2023"
23 Maha 2079,"Feb 13, 2023"
24 Maha 2079,"Feb 14, 2023"
25 Maha 2079,"Feb 15, 2023"
26 Maha 2079,"Feb 16, 2023"
27 Maha 2079,"Feb 17, 2023"
28 Maha 2079,"Feb 18, 2023"
29 Maha 2079,"Feb 19, 2023"
30 Maha 2079,"Feb 20, 2023"
1 Phaguna 2079,"Feb 21, 2023"
2 Phaguna 2079,"Feb 22, 2023"
3 Phaguna 2079,"Feb 23, 2023"
4 Phaguna 2079,"Feb 24, 2023"
5 Phaguna 2079,"Feb 25, 2023"
6 Phaguna 2079,"Feb 26, 2023"
7 Phaguna 2079,"Feb 27, 2023"
8 Phaguna 2079,"Feb 28, 2023"
9 Phaguna 2079,"Mar 01, 2023"
10 Phaguna 2079,"Mar 02, 2023"
11 Phaguna 2079,"Mar 03, 2023"
12 Phaguna 2079,"Mar 04, 2023"
13 Phaguna 2079,"Mar 05, 2023"
14 Phaguna 2079,"Mar 06, 2023"
15 Phaguna 2079,"Mar 07, 2023"
16 Phaguna 2079,"Mar 08, 2023"
17 Phaguna 2079,"Mar 09, 2023"
18 Phaguna 2079,"Mar 10, 2023"
19 Phaguna 2079,"Mar 11, 2023"
20 Phaguna 2079,"Mar 12, 2023"
21 Phaguna 2079,"Mar 13, 2023"
22 Phaguna 2079,"Mar 14, 2023"
23 Phaguna 2079,"Mar 15, 2023"
24 Phaguna 2079,"Mar 16, 2023"
25 Phaguna 2079,"Mar 17, 2023"
26 Phaguna 2079,"Mar 18, 2023"
27 Phaguna 2079,"Mar 19, 2023"
28 Phaguna 2079,"Mar 20, 2023"
29 Phaguna 2079,"Mar 21, 2023"
1 Chaitra 2079,"Mar 22, 2023"
2 Chaitra 2079,"Mar 23, 2023"
3 Chaitra 2079,"Mar 24, 2023"
4 Chaitra 2079,"Mar 25, 2023"
5 Chaitra 2079,"Mar 26, 2023"
6 Chaitra 2079,"Mar 27, 2023"
7 Chaitra 2079,"Mar 28, 2023"
8 Chaitra 2079,"Mar 29, 2023"
9 Chaitra 2079,"Mar 30, 2023"
10 Chaitra 2079,"Mar 31, 2023"
11 Chaitra 2079,"Apr 01, 2023"
12 Chaitra 2079,"Apr 02, 2023"
13 Chaitra 2079,"Apr 03, 2023"
14 Chaitra 2079,"Apr 04, 2023"
15 Chaitra 2079,"Apr 05, 2023"
16 Chaitra 2079,"Apr 06, 2023"
17 Chaitra 2079,"Apr 07, 2023"
18 Chaitra 2079,"Apr 08, 2023"
19 Chaitra 2079,"Apr 09, 2023"
20 Chaitra 2079,"Apr 10, 2023"
21 Chaitra 2079,"Apr 11, 2023"
22 Chaitra 2079,"Apr 12, 2023"
23 Chaitra 2079,"Apr 13, 2023"
24 Chaitra 2079,"Apr 14, 2023"
25 Chaitra 2079,"Apr 15, 2023"
26 Chaitra 2079,"Apr 16, 2023"
27 Chaitra 2079,"Apr 17, 2023"
28 Chaitra 2079,"Apr 18, 2023"
29 Chaitra 2079,"Apr 19, 2023"
30 Chaitra 2079,"Apr 20, 2023"
1 Vaishakha 2079,"Apr 21, 2023"
2 Vaishakha 2079,"Apr 22, 2023"
3 Vaishakha 2079,"Apr 23, 2023"
4 Vaishakha 2079,"Apr 24, 2023"
5 Vaishakha 2079,"Apr 25, 2023"
6 Vaishakha 2079,"Apr 26, 2023"
7 Vaishakha 2079,"Apr 27, 2023"
8 Vaishakha 2079,"Apr 28, 2023"
9 Vaishakha 2079,"Apr 29, 2023"
10 Vaishakha 2079,"Apr 30, 2023"
11 Vaishakha 2079,"May 01, 2023"
12 Vaishakha 2079,"May 02, 2023"
13 Vaishakha 2079,"May 03, 2023"
14 Vaishakha 2079,"May 04, 2023"
15 Vaishakha 2079,"May 05, 2023"
16 Vaishakha 2079,"May 06, 2023"
17 Vaishakha 2079,"May 07, 2023"
18 Vaishakha 2079,"May 08, 2023"
19 Vaishakha 2079,"May 09, 2023"
20 Vaishakha 2079,"May 10, 2023"
21 Vaishakha 2079,"May 11, 2023"
22 Vaishakha 2079,"May 12, 2023"
23 Vaishakha 2079,"May 13, 2023"
24 Vaishakha 2079,"May 14, 2023"
25 Vaishakha 2079,"May 15, 2023"
26 Vaishakha 2079,"May 16, 2023"
27 Vaishakha 2079,"May 17, 2023"
28 Vaishakha 2079,"May 18, 2023"
29 Vaishakha 2079,"May 19, 2023"
1 Jyeshta 2079,"May 20, 2023"
2 Jyeshta 2079,"May 21, 2023"
3 Jyeshta 2079,"May 22, 2023"
4 Jyeshta 2079,"May 23, 2023"
5 Jyeshta 2079,"May 24, 2023"
6 Jyeshta 2079,"May 25, 2023"
7 Jyeshta 2079,"May 26, 2023"
8 Jyeshta 2079,"May 27, 2023"
9 Jyeshta 2079,"May 28, 2023"
10 Jyeshta 2079,"May 29, 2023"
11 Jyeshta 2079,"May 30, 2023"
12 Jyeshta 2079,"May 31, 2023"
13 Jyeshta 2079,"Jun 01, 2023"
14 Jyeshta 2079,"Jun 02, 2023"
15 Jyeshta 2079,"Jun 03, 2023"
16 Jyeshta 2079,"Jun 04, 2023"
17 Jyeshta 2079,"Jun 05, 2023"
18 Jyeshta 2079,"Jun 06, 2023"
19 Jyeshta 2079,"Jun 07, 2023"
20 Jyeshta 2079,"Jun 08, 2023"
21 Jyeshta 2079,"Jun 09, 2023"
22 Jyeshta 2079,"Jun 10, 2023"
23 Jyeshta 2079,"Jun 11, 2023"
24 Jyeshta 2079,"Jun 12, 2023"
25 Jyeshta 2079,"Jun 13, 2023"
26 Jyeshta 2079,"Jun 14, 2023"
27 Jyeshta 2079,"Jun 15, 2023"
28 Jyeshta 2079,"Jun 16, 2023"
29 Jyeshta 2079,"Jun 17, 2023"
30 Jyeshta 2079,"Jun 18, 2023"
1 Ashadha 2079,"Jun 19, 2023"
2 Ashadha 2079,"Jun 20, 2023"
3 Ashadha 2079,"Jun 21, 2023"
4 Ashadha 2079,"Jun 22, 2023"
5 Ashadha 2079,"Jun 23, 2023"
6 Ashadha 2079,"Jun 24, 2023"
7 Ashadha 2079,"Jun 25, 2023"
8 Ashadha 2079,"Jun 26, 2023"
9 Ashadha 2079,"Jun 27, 2023"
10 Ashadha 2079,"Jun 28, 2023"
11 Ashadha 2079,"Jun 29, 2023"
12 Ashadha 2079,"Jun 30, 2023"
13 Ashadha 2079,"Jul 01, 2023"
14 Ashadha 2079,"Jul 02, 2023"
15 Ashadha 2079,"Jul 03, 2023"
16 Ashadha 2079,"Jul 04, 2023"
17 Ashadha 2079,"Jul 05, 2023"
18 Ashadha 2079,"Jul 06, 2023"
19 Ashadha 2079,"Jul 07, 2023"
20 Ashadha 2079,"Jul 08, 2023"
21 Ashadha 2079,"Jul 09, 2023"
22 Ashadha 2079,"Jul 10, 2023"
23 Ashadha 2079,"Jul 11, 2023"
24 Ashadha 2079,"Jul 12, 2023"
25 Ashadha 2079,"Jul 13, 2023"
26 Ashadha 2079,"Jul 14, 2023"
27 Ashadha 2079,"Jul 15, 2023"
28 Ashadha 2079,"Jul 16, 2023"
29 Ashadha 2079,"Jul 17, 2023"
1 Shravana_Adhik 2079,"Jul 18, 2023"
2 Shravana_Adhik 2079,"Jul 19, 2023"
3 Shravana_Adhik 2079,"Jul 20, 2023"
4 Shravana_Adhik 2079,"Jul 21, 2023"
5 Shravana_Adhik 2079,"Jul 22, 2023"
6 Shravana_Adhik 2079,"Jul 23, 2023"
7 Shravana_Adhik 2079,"Jul 24, 2023"
8 Shravana_Adhik 2079,"Jul 25, 2023"
9 Shravana_Adhik 2079,"Jul 26, 2023"
10 Shravana_Adhik 2079,"Jul 27, 2023"
11 Shravana_Adhik 2079,"Jul 28, 2023"
12 Shravana_Adhik 2079,"Jul 29, 2023"
13 Shravana_Adhik 2079,"Jul 30, 2023"
14 Shravana_Adhik 2079,"Jul 31, 2023"
15 Shravana_Adhik 2079,"Aug 01, 2023"
16 Shravana_Adhik 2079,"Aug 02, 2023"
17 Shravana_Adhik 2079,"Aug 03, 2023"
18 Shravana_Adhik 2079,"Aug 04, 2023"
19 Shravana_Adhik 2079,"Aug 05, 2023"
20 Shravana_Adhik 2079,"Aug 06, 2023"
21 Shravana_Adhik 2079,"Aug 07, 2023"
22 Shravana_Adhik 2079,"Aug 08, 2023"
23 Shravana_Adhik 2079,"Aug 09, 2023"
24 Shravana_Adhik 2079,"Aug 10, 2023"
25 Shravana_Adhik 2079,"Aug 11, 2023"
26 Shravana_Adhik 2079,"Aug 12, 2023"
27 Shravana_Adhik 2079,"Aug 13, 2023"
28 Shravana_Adhik 2079,"Aug 14, 2023"
29 Shravana_Adhik 2079,"Aug 15, 2023"
30 Shravana_Adhik 2079,"Aug 16, 2023"
1 Shravana 2079,"Aug 17, 2023"
2 Shravana 2079,"Aug 18, 2023"
3 Shravana 2079,"Aug 19, 2023"
4 Shravana 2079,"Aug 20, 2023"
5 Shravana 2079,"Aug 21, 2023"
6 Shravana 2079,"Aug 22, 2023"
7 Shravana 2079,"Aug 23, 2023"
8 Shravana 2079,"Aug 24, 2023"
9 Shravana 2079,"Aug 25, 2023"
10 Shravana 2079,"Aug 26, 2023"
11 Shravana 2079,"Aug 27, 2023"
12 Shravana 2079,"Aug 28, 2023"
13 Shravana 2079,"Aug 29, 2023"
14 Shravana 2079,"Aug 30, 2023"
15 Shravana 2079,"Aug 31, 2023"
16 Shravana 2079,"Sep 01, 2023"
17 Shravana 2079,"Sep 02, 2023"
18 Shravana 2079,"Sep 03, 2023"
19 Shravana 2079,"Sep 04, 2023"
20 Shravana 2079,"Sep 05, 2023"
21 Shravana 2079,"Sep 06, 2023"
22 Shravana 2079,"Sep 07, 2023"
23 Shravana 2079,"Sep 08, 2023"
24 Shravana 2079,"Sep 09, 2023"
25 Shravana 2079,"Sep 10, 2023"
26 Shravana 2079,"Sep 11, 2023"
27 Shravana 2079,"Sep 12, 2023"
28 Shravana 2079,"Sep 13, 2023"
29 Shravana 2079,"Sep 14, 2023"
1 Bhadarvo 2079,"Sep 15, 2023"
2 Bhadarvo 2079,"Sep 16, 2023"
3 Bhadarvo 2079,"Sep 17, 2023"
4 Bhadarvo 2079,"Sep 18, 2023"
5 Bhadarvo 2079,"Sep 19, 2023"
6 Bhadarvo 2079,"Sep 20, 2023"
7 Bhadarvo 2079,"Sep 21, 2023"
8 Bhadarvo 2079,"Sep 22, 2023"
9 Bhadarvo 2079,"Sep 23, 2023"
10 Bhadarvo 2079,"Sep 24, 2023"
11 Bhadarvo 2079,"Sep 25, 2023"
12 Bhadarvo 2079,"Sep 26, 2023"
13 Bhadarvo 2079,"Sep 27, 2023"
14 Bhadarvo 2079,"Sep 28, 2023"
15 Bhadarvo 2079,"Sep 29, 2023"
16 Bhadarvo 2079,"Sep 30, 2023"
17 Bhadarvo 2079,"Oct 01, 2023"
18 Bhadarvo 2079,"Oct 02, 2023"
19 Bhadarvo 2079,"Oct 03, 2023"
20 Bhadarvo 2079,"Oct 04, 2023"
21 Bhadarvo 2079,"Oct 05, 2023"
22 Bhadarvo 2079,"Oct 06, 2023"
23 Bhadarvo 2079,"Oct 07, 2023"
24 Bhadarvo 2079,"Oct 08, 2023"
25 Bhadarvo 2079,"Oct 09, 2023"
26 Bhadarvo 2079,"Oct 10, 2023"
27 Bhadarvo 2079,"Oct 11, 2023"
28 Bhadarvo 2079,"Oct 12, 2023"
29 Bhadarvo 2079,"Oct 13, 2023"
30 Bhadarvo 2079,"Oct 14, 2023"
1 Aso 2079,"Oct 15, 2023"
2 Aso 2079,"Oct 16, 2023"
3 Aso 2079,"Oct 17, 2023"
4 Aso 2079,"Oct 18, 2023"
5 Aso 2079,"Oct 19, 2023"
6 Aso 2079,"Oct 20, 2023"
7 Aso 2079,"Oct 21, 2023"
8 Aso 2079,"Oct 22, 2023"
9 Aso 2079,"Oct 23, 2023"
10 Aso 2079,"Oct 24, 2023"
11 Aso 2079,"Oct 25, 2023"
12 Aso 2079,"Oct 26, 2023"
13 Aso 2079,"Oct 27, 2023"
14 Aso 2079,"Oct 28, 2023"
15 Aso 2079,"Oct 29, 2023"
16 Aso 2079,"Oct 30, 2023"
17 Aso 2079,"Oct 31, 2023"
18 Aso 2079,"Nov 01, 2023"
19 Aso 2079,"Nov 02, 2023"
20 Aso 2079,"Nov 03, 2023"
21 Aso 2079,"Nov 04, 2023"
22 Aso 2079,"Nov 05, 2023"
23 Aso 2079,"Nov 06, 2023"
24 Aso 2079,"Nov 07, 2023"
25 Aso 2079,"Nov 08, 2023"
26 Aso 2079,"Nov 09, 2023"
27 Aso 2079,"Nov 10, 2023"
28 Aso 2079,"Nov 11, 2023"
29 Aso 2079,"Nov 12, 2023"
30 Aso 2079,"Nov 13, 2023"
1 Kartak 2079,"Nov 14, 2023"
2 Kartak 2079,"Nov 15, 2023"
3 Kartak 2079,"Nov 16, 2023"
4 Kartak 2079,"Nov 17, 2023"
5 Kartak 2079,"Nov 18, 2023"
6 Kartak 2079,"Nov 19, 2023"
7 Kartak 2079,"Nov 20, 2023"
8 Kartak 2079,"Nov 21, 2023"
9 Kartak 2079,"Nov 22, 2023"
10 Kartak 2079,"Nov 23, 2023"
11 Kartak 2079,"Nov 24, 2023"
12 Kartak 2079,"Nov 25, 2023"
13 Kartak 2079,"Nov 26, 2023"
14 Kartak 2079,"Nov 27, 2023"
15 Kartak 2079,"Nov 28, 2023"
16 Kartak 2079,"Nov 29, 2023"
17 Kartak 2079,"Nov 30, 2023"
18 Kartak 2079,"Dec 01, 2023"
19 Kartak 2079,"Dec 02, 2023"
20 Kartak 2079,"Dec 03, 2023"
21 Kartak 2079,"Dec 04, 2023"
22 Kartak 2079,"Dec 05, 2023"
23 Kartak 2079,"Dec 06, 2023"
24 Kartak 2079,"Dec 07, 2023"
25 Kartak 2079,"Dec 08, 2023"
26 Kartak 2079,"Dec 09, 2023"
27 Kartak 2079,"Dec 10, 2023"
28 Kartak 2079,"Dec 11, 2023"
29 Kartak 2079,"Dec 12, 2023"
1 Magshar 2079,"Dec 13, 2023"
2 Magshar 2079,"Dec 14, 2023"
3 Magshar 2079,"Dec 15, 2023"
4 Magshar 2079,"Dec 16, 2023"
5 Magshar 2079,"Dec 17, 2023"
6 Magshar 2079,"Dec 18, 2023"
7 Magshar 2079,"Dec 19, 2023"
8 Magshar 2079,"Dec 20, 2023"
9 Magshar 2079,"Dec 21, 2023"
10 Magshar 2079,"Dec 22, 2023"
11 Magshar 2079,"Dec 23, 2023"
12 Magshar 2079,"Dec 24, 2023"
13 Magshar 2079,"Dec 25, 2023"
14 Magshar 2079,"Dec 26, 2023"
15 Magshar 2079,"Dec 27, 2023"
16 Magshar 2079,"Dec 28, 2023"
17 Magshar 2079,"Dec 29, 2023"
18 Magshar 2079,"Dec 30, 2023"
19 Magshar 2079,"Dec 31, 2023"
20 Magshar 2079,"Jan 01, 2024"
21 Magshar 2079,"Jan 02, 2024"
22 Magshar 2079,"Jan 03, 2024"
23 Magshar 2079,"Jan 04, 2024"
24 Magshar 2079,"Jan 05, 2024"
25 Magshar 2079,"Jan 06, 2024"
26 Magshar 2079,"Jan 07, 2024"
27 Magshar 2079,"Jan 08, 2024"
28 Magshar 2079,"Jan 09, 2024"
29 Magshar 2079,"Jan 10, 2024"
30 Magshar 2079,"Jan 11, 2024"
1 Posh 2080,"Jan 12, 2024"
2 Posh 2080,"Jan 13, 2024"
3 Posh 2080,"Jan 14, 2024"
4 Posh 2080,"Jan 15, 2024"
5 Posh 2080,"Jan 16, 2024"
6 Posh 2080,"Jan 17, 2024"
7 Posh 2080,"Jan 18, 2024"
8 Posh 2080,"Jan 19, 2024"
9 Posh 2080,"Jan 20, 2024"
10 Posh 2080,"Jan 21, 2024"
11 Posh 2080,"Jan 22, 2024"
12 Posh 2080,"Jan 23, 2024"
13 Posh 2080,"Jan 24, 2024"
14 Posh 2080,"Jan 25, 2024"
15 Posh 2080,"Jan 26, 2024"
16 Posh 2080,"Jan 27, 2024"
17 Posh 2080,"Jan 28, 2024"
18 Posh 2080,"Jan 29, 2024"
19 Posh 2080,"Jan 30, 2024"
20 Posh 2080,"Jan 31, 2024"
21 Posh 2080,"Feb 01, 2024"
22 Posh 2080,"Feb 02, 2024"
23 Posh 2080,"Feb 03, 2024"
24 Posh 2080,"Feb 04, 2024"
25 Posh 2080,"Feb 05, 2024"
26 Posh 2080,"Feb 06, 2024"
27 Posh 2080,"Feb 07, 2024"
28 Posh 2080,"Feb 08, 2024"
29 Posh 2080,"Feb 09, 2024"
1 Maha 2080,"Feb 10, 2024"
2 Maha 2080,"Feb 11, 2024"
3 Maha 2080,"Feb 12, 2024"
4 Maha 2080,"Feb 13, 2024"
5 Maha 2080,"Feb 14, 2024"
6 Maha 2080,"Feb 15, 2024"
7 Maha 2080,"Feb 16, 2024"
8 Maha 2080,"Feb 17, 2024"
9 Maha 2080,"Feb 18, 2024"
10 Maha 2080,"Feb 19, 2024"
11 Maha 2080,"Feb 20, 2024"
12 Maha 2080,"Feb 21, 2024"
13 Maha 2080,"Feb 22, 2024"
14 Maha 2080,"Feb 23, 2024"
15 Maha 2080,"Feb 24, 2024"
16 Maha 2080,"Feb 25, 2024"
17 Maha 2080,"Feb 26, 2024"
18 Maha 2080,"Feb 27, 2024"
19 Maha 2080,"Feb 28, 2024"
20 Maha 2080,"Feb 29, 2024"
21 Maha 2080,"Mar 01, 2024"
22 Maha 2080,"Mar 02, 2024"
23 Maha 2080,"Mar 03, 2024"
24 Maha 2080,"Mar 04, 2024"
25 Maha 2080,"Mar 05, 2024"
26 Maha 2080,"Mar 06, 2024"
27 Maha 2080,"Mar 07, 2024"
28 Maha 2080,"Mar 08, 2024"
29 Maha 2080,"Mar 09, 2024"
30 Maha 2080,"Mar 10, 2024"
1 Phaguna 2080,"Mar 11, 2024"
2 Phaguna 2080,"Mar 12, 2024"
3 Phaguna 2080,"Mar 13, 2024"
4 Phaguna 2080,"Mar 14, 2024"
5 Phaguna 2080,"Mar 15, 2024"
6 Phaguna 2080,"Mar 16, 2024"
7 Phaguna 2080,"Mar 17, 2024"
8 Phaguna 2080,"Mar 18, 2024"
9 Phaguna 2080,"Mar 19, 2024"
10 Phaguna 2080,"Mar 20, 2024"
11 Phaguna 2080,"Mar 21, 2024"
12 Phaguna 2080,"Mar 22, 2024"
13 Phaguna 2080,"Mar 23, 2024"
14 Phaguna 2080,"Mar 24, 2024"
15 Phaguna 2080,"Mar 25, 2024"
16 Phaguna 2080,"Mar 26, 2024"
17 Phaguna 2080,"Mar 27, 2024"
18 Phaguna 2080,"Mar 28, 2024"
19 Phaguna 2080,"Mar 29, 2024"
20 Phaguna 2080,"Mar 30, 2024"
21 Phaguna 2080,"Mar 31, 2024"
22 Phaguna 2080,"Apr 01, 2024"
23 Phaguna 2080,"Apr 02, 2024"
24 Phaguna 2080,"Apr 03, 2024"
25 Phaguna 2080,"Apr 04, 2024"
26 Phaguna 2080,"Apr 05, 2024"
27 Phaguna 2080,"Apr 06, 2024"
28 Phaguna 2080,"Apr 07, 2024"
29 Phaguna 2080,"Apr 08, 2024"
1 Chaitra 2080,"Apr 09, 2024"
2 Chaitra 2080,"Apr 10, 2024"
3 Chaitra 2080,"Apr 11, 2024"
4 Chaitra 2080,"Apr 12, 2024"
5 Chaitra 2080,"Apr 13, 2024"
6 Chaitra 2080,"Apr 14, 2024"
7 Chaitra 2080,"Apr 15, 2024"
8 Chaitra 2080,"Apr 16, 2024"
9 Chaitra 2080,"Apr 17, 2024"
10 Chaitra 2080,"Apr 18, 2024"
11 Chaitra 2080,"Apr 19, 2024"
12 Chaitra 2080,"Apr 20, 2024"
13 Chaitra 2080,"Apr 21, 2024"
14 Chaitra 2080,"Apr 22, 2024"
15 Chaitra 2080,"Apr 23, 2024"
16 Chaitra 2080,"Apr 24, 2024"
17 Chaitra 2080,"Apr 25, 2024"
18 Chaitra 2080,"Apr 26, 2024"
19 Chaitra 2080,"Apr 27, 2024"
20 Chaitra 2080,"Apr 28, 2024"
21 Chaitra 2080,"Apr 29, 2024"
22 Chaitra 2080,"Apr 30, 2024"
23 Chaitra 2080,"May 01, 2024"
24 Chaitra 2080,"May 02, 2024"
25 Chaitra 2080,"May 03, 2024"
26 Chaitra 2080,"May 04, 2024"
27 Chaitra 2080,"May 05, 2024"
28 Chaitra 2080,"May 06, 2024"
29 Chaitra 2080,"May 07, 2024"
30 Chaitra 2080,"May 08, 2024"
1 Vaishakha 2080,"May 09, 2024"
2 Vaishakha 2080,"May 10, 2024"
3 Vaishakha 2080,"May 11, 2024"
4 Vaishakha 2080,"May 12, 2024"
5 Vaishakha 2080,"May 13, 2024"
6 Vaishakha 2080,"May 14, 2024"
7 Vaishakha 2080,"May 15, 2024"
8 Vaishakha 2080,"May 16, 2024"
9 Vaishakha 2080,"May 17, 2024"
10 Vaishakha 2080,"May 18, 2024"
11 Vaishakha 2080,"May 19, 2024"
12 Vaishakha 2080,"May 20, 2024"
13 Vaishakha 2080,"May 21, 2024"
14 Vaishakha 2080,"May 22, 2024"
15 Vaishakha 2080,"May 23, 2024"
16 Vaishakha 2080,"May 24, 2024"
17 Vaishakha 2080,"May 25, 2024"
18 Vaishakha 2080,"May 26, 2024"
19 Vaishakha 2080,"May 27, 2024"
20 Vaishakha 2080,"May 28, 2024"
21 Vaishakha 2080,"May 29, 2024"
22 Vaishakha 2080,"May 30, 2024"
23 Vaishakha 2080,"May 31, 2024"
24 Vaishakha 2080,"Jun 01, 2024"
25 Vaishakha 2080,"Jun 02, 2024"
26 Vaishakha 2080,"Jun 03, 2024"
27 Vaishakha 2080,"Jun 04, 2024"
28 Vaishakha 2080,"Jun 05, 2024"
29 Vaishakha 2080,"Jun 06, 2024"
1 Jyeshta 2080,"Jun 07, 2024"
2 Jyeshta 2080,"Jun 08, 2024"
3 Jyeshta 2080,"Jun 09, 2024"
4 Jyeshta 2080,"Jun 10, 2024"
5 Jyeshta 2080,"Jun 11, 2024"
6 Jyeshta 2080,"Jun 12, 2024"
7 Jyeshta 2080,"Jun 13, 2024"
8 Jyeshta 2080,"Jun 14, 2024"
9 Jyeshta 2080,"Jun 15, 2024"
10 Jyeshta 2080,"Jun 16, 2024"
11 Jyeshta 2080,"Jun 17, 2024"
12 Jyeshta 2080,"Jun 18, 2024"
13 Jyeshta 2080,"Jun 19, 2024"
14 Jyeshta 2080,"Jun 20, 2024"
15 Jyeshta 2080,"Jun 21, 2024"
16 Jyeshta 2080,"Jun 22, 2024"
17 Jyeshta 2080,"Jun 23, 2024"
18 Jyeshta 2080,"Jun 24, 2024"
19 Jyeshta 2080,"Jun 25, 2024"
20 Jyeshta 2080,"Jun 26, 2024"
21 Jyeshta 2080,"Jun 27, 2024"
22 Jyeshta 2080,"Jun 28, 2024"
23 Jyeshta 2080,"Jun 29, 2024"
24 Jyeshta 2080,"Jun 30, 2024"
25 Jyeshta 2080,"Jul 01, 2024"
26 Jyeshta 2080,"Jul 02, 2024"
27 Jyeshta 2080,"Jul 03, 2024"
28 Jyeshta 2080,"Jul 04, 2024"
29 Jyeshta 2080,"Jul 05, 2024"
1 Ashadha 2080,"Jul 06, 2024"
2 Ashadha 2080,"Jul 07, 2024"
3 Ashadha 2080,"Jul 08, 2024"
4 Ashadha 2080,"Jul 09, 2024"
5 Ashadha 2080,"Jul 10, 2024"
6 Ashadha 2080,"Jul 11, 2024"
7 Ashadha 2080,"Jul 12, 2024"
8 Ashadha 2080,"Jul 13, 2024"
9 Ashadha 2080,"Jul 14, 2024"
10 Ashadha 2080,"Jul 15, 2024"
11 Ashadha 2080,"Jul 16, 2024"
12 Ashadha 2080,"Jul 17, 2024"
13 Ashadha 2080,"Jul 18, 2024"
14 Ashadha 2080,"Jul 19, 2024"
15 Ashadha 2080,"Jul 20, 2024"
16 Ashadha 2080,"Jul 21, 2024"
17 Ashadha 2080,"Jul 22, 2024"
18 Ashadha 2080,"Jul 23, 2024"
19 Ashadha 2080,"Jul 24, 2024"
20 Ashadha 2080,"Jul 25, 2024"
21 Ashadha 2080,"Jul 26, 2024"
22 Ashadha 2080,"Jul 27, 2024"
23 Ashadha 2080,"Jul 28, 2024"
24 Ashadha 2080,"Jul 29, 2024"
25 Ashadha 2080,"Jul 30, 2024"
26 Ashadha 2080,"Jul 31, 2024"
27 Ashadha 2080,"Aug 01, 2024"
28 Ashadha 2080,"Aug 02, 2024"
29 Ashadha 2080,"Aug 03, 2024"
30 Ashadha 2080,"Aug 04, 2024"
1 Shravana 2080,"Aug 05, 2024"
2 Shravana 2080,"Aug 06, 2024"
3 Shravana 2080,"Aug 07, 2024"
4 Shravana 2080,"Aug 08, 2024"
5 Shravana 2080,"Aug 09, 2024"
6 Shravana 2080,"Aug 10, 2024"
7 Shravana 2080,"Aug 11, 2024"
8 Shravana 2080,"Aug 12, 2024"
9 Shravana 2080,"Aug 13, 2024"
10 Shravana 2080,"Aug 14, 2024"
11 Shravana 2080,"Aug 15, 2024"
12 Shravana 2080,"Aug 16, 2024"
13 Shravana 2080,"Aug 17, 2024"
14 Shravana 2080,"Aug 18, 2024"
15 Shravana 2080,"Aug 19, 2024"
16 Shravana 2080,"Aug 20, 2024"
17 Shravana 2080,"Aug 21, 2024"
18 Shravana 2080,"Aug 22, 2024"
19 Shravana 2080,"Aug 23, 2024"
20 Shravana 2080,"Aug 24, 2024"
21 Shravana 2080,"Aug 25, 2024"
22 Shravana 2080,"Aug 26, 2024"
23 Shravana 2080,"Aug 27, 2024"
24 Shravana 2080,"Aug 28, 2024"
25 Shravana 2080,"Aug 29, 2024"
26 Shravana 2080,"Aug 30, 2024"
27 Shravana 2080,"Aug 31, 2024"
28 Shravana 2080,"Sep 01, 2024"
29 Shravana 2080,"Sep 02, 2024"
1 Bhadarvo 2080,"Sep 03, 2024"
2 Bhadarvo 2080,"Sep 04, 2024"
3 Bhadarvo 2080,"Sep 05, 2024"
4 Bhadarvo 2080,"Sep 06, 2024"
5 Bhadarvo 2080,"Sep 07, 2024"
6 Bhadarvo 2080,"Sep 08, 2024"
7 Bhadarvo 2080,"Sep 09, 2024"
8 Bhadarvo 2080,"Sep 10, 2024"
9 Bhadarvo 2080,"Sep 11, 2024"
10 Bhadarvo 2080,"Sep 12, 2024"
11 Bhadarvo 2080,"Sep 13, 2024"
12 Bhadarvo 2080,"Sep 14, 2024"
13 Bhadarvo 2080,"Sep 15, 2024"
14 Bhadarvo 2080,"Sep 16, 2024"
15 Bhadarvo 2080,"Sep 17, 2024"
16 Bhadarvo 2080,"Sep 18, 2024"
17 Bhadarvo 2080,"Sep 19, 2024"
18 Bhadarvo 2080,"Sep 20, 2024"
19 Bhadarvo 2080,"Sep 21, 2024"
20 Bhadarvo 2080,"Sep 22, 2024"
21 Bhadarvo 2080,"Sep 23, 2024"
22 Bhadarvo 2080,"Sep 24, 2024"
23 Bhadarvo 2080,"Sep 25, 2024"
24 Bhadarvo 2080,"Sep 26, 2024"
25 Bhadarvo 2080,"Sep 27, 2024"
26 Bhadarvo 2080,"Sep 28, 2024"
27 Bhadarvo 2080,"Sep 29, 2024"
28 Bhadarvo 2080,"Sep 30, 2024"
29 Bhadarvo 2080,"Oct 01, 2024"
30 Bhadarvo 2080,"Oct 02, 2024"
1 Aso 2080,"Oct 03, 2024"
2 Aso 2080,"Oct 04, 2024"
3 Aso 2080,"Oct 05, 2024"
4 Aso 2080,"Oct 06, 2024"
5 Aso 2080,"Oct 07, 2024"
6 Aso 2080,"Oct 08, 2024"
7 Aso 2080,"Oct 09, 2024"
8 Aso 2080,"Oct 10, 2024"
9 Aso 2080,"Oct 11, 2024"
10 Aso 2080,"Oct 12, 2024"
11 Aso 2080,"Oct 13, 2024"
12 Aso 2080,"Oct 14, 2024"
13 Aso 2080,"Oct 15, 2024"
14 Aso 2080,"Oct 16, 2024"
15 Aso 2080,"Oct 17, 2024"
16 Aso 2080,"Oct 18, 2024"
17 Aso 2080,"Oct 19, 2024"
18 Aso 2080,"Oct 20, 2024"
19 Aso 2080,"Oct 21, 2024"
20 Aso 2080,"Oct 22, 2024"
21 Aso 2080,"Oct 23, 2024"
22 Aso 2080,"Oct 24, 2024"
23 Aso 2080,"Oct 25, 2024"
24 Aso 2080,"Oct 26, 2024"
25 Aso 2080,"Oct 27, 2024"
26 Aso 2080,"Oct 28, 2024"
27 Aso 2080,"Oct 29, 2024"
28 Aso 2080,"Oct 30, 2024"
29 Aso 2080,"Oct 31, 2024"
30 Aso 2080,"Nov 01, 2024"
1 Kartak 2080,"Nov 02, 2024"
2 Kartak 2080,"Nov 03, 2024"
3 Kartak 2080,"Nov 04, 2024"
4 Kartak 2080,"Nov 05, 2024"
5 Kartak 2080,"Nov 06, 2024"
6 Kartak 2080,"Nov 07, 2024"
7 Kartak 2080,"Nov 08, 2024"
8 Kartak 2080,"Nov 09, 2024"
9 Kartak 2080,"Nov 10, 2024"
10 Kartak 2080,"Nov 11, 2024"
11 Kartak 2080,"Nov 12, 2024"
12 Kartak 2080,"Nov 13, 2024"
13 Kartak 2080,"Nov 14, 2024"
14 Kartak 2080,"Nov 15, 2024"
15 Kartak 2080,"Nov 16, 2024"
16 Kartak 2080,"Nov 17, 2024"
17 Kartak 2080,"Nov 18, 2024"
18 Kartak 2080,"Nov 19, 2024"
19 Kartak 2080,"Nov 20, 2024"
20 Kartak 2080,"Nov 21, 2024"
21 Kartak 2080,"Nov 22, 2024"
22 Kartak 2080,"Nov 23, 2024"
23 Kartak 2080,"Nov 24, 2024"
24 Kartak 2080,"Nov 25, 2024"
25 Kartak 2080,"Nov 26, 2024"
26 Kartak 2080,"Nov 27, 2024"
27 Kartak 2080,"Nov 28, 2024"
28 Kartak 2080,"Nov 29, 2024"
29 Kartak 2080,"Nov 30, 2024"
30 Kartak 2080,"Dec 01, 2024"
1 Magshar 2080,"Dec 02, 2024"
2 Magshar 2080,"Dec 03, 2024"
3 Magshar 2080,"Dec 04, 2024"
4 Magshar 2080,"Dec 05, 2024"
5 Magshar 2080,"Dec 06, 2024"
6 Magshar 2080,"Dec 07, 2024"
7 Magshar 2080,"Dec 08, 2024"
8 Magshar 2080,"Dec 09, 2024"
9 Magshar 2080,"Dec 10, 2024"
10 Magshar 2080,"Dec 11, 2024"
11 Magshar 2080,"Dec 12, 2024"
12 Magshar 2080,"Dec 13, 2024"
13 Magshar 2080,"Dec 14, 2024"
14 Magshar 2080,"Dec 15, 2024"
15 Magshar 2080,"Dec 16, 2024"
16 Magshar 2080,"Dec 17, 2024"
17 Magshar 2080,"Dec 18, 2024"
18 Magshar 2080,"Dec 19, 2024"
19 Magshar 2080,"Dec 20, 2024"
20 Magshar 2080,"Dec 21, 2024"
21 Magshar 2080,"Dec 22, 2024"
22 Magshar 2080,"Dec 23, 2024"
23 Magshar 2080,"Dec 24, 2024"
24 Magshar 2080,"Dec 25, 2024"
25 Magshar 2080,"Dec 26, 2024"
26 Magshar 2080,"Dec 27, 2024"
27 Magshar 2080,"Dec 28, 2024"
28 Magshar 2080,"Dec 29, 2024"
29 Magshar 2080,"Dec 30, 2024"
1 Posh 2080,"Dec 31, 2024"
2 Posh 2080,"Jan 01, 2025"
3 Posh 2080,"Jan 02, 2025"
4 Posh 2080,"Jan 03, 2025"
5 Posh 2080,"Jan 04, 2025"
6 Posh 2080,"Jan 05, 2025"
7 Posh 2080,"Jan 06, 2025"
8 Posh 2080,"Jan 07, 2025"
9 Posh 2080,"Jan 08, 2025"
10 Posh 2080,"Jan 09, 2025"
11 Posh 2080,"Jan 10, 2025"
12 Posh 2080,"Jan 11, 2025"
13 Posh 2080,"Jan 12, 2025"
14 Posh 2080,"Jan 13, 2025"
15 Posh 2080,"Jan 14, 2025"
16 Posh 2080,"Jan 15, 2025"
17 Posh 2080,"Jan 16, 2025"
18 Posh 2080,"Jan 17, 2025"
19 Posh 2080,"Jan 18, 2025"
20 Posh 2080,"Jan 19, 2025"
21 Posh 2080,"Jan 20, 2025"
22 Posh 2080,"Jan 21, 2025"
23 Posh 2080,"Jan 22, 2025"
24 Posh 2080,"Jan 23, 2025"
25 Posh 2080,"Jan 24, 2025"
26 Posh 2080,"Jan 25, 2025"
27 Posh 2080,"Jan 26, 2025"
28 Posh 2080,"Jan 27, 2025"
29 Posh 2080,"Jan 28, 2025"
30 Posh 2080,"Jan 29, 2025"
1 Maha 2081,"Jan 30, 2025"
2 Maha 2081,"Jan 31, 2025"
3 Maha 2081,"Feb 01, 2025"
4 Maha 2081,"Feb 02, 2025"
5 Maha 2081,"Feb 03, 2025"
6 Maha 2081,"Feb 04, 2025"
7 Maha 2081,"Feb 05, 2025"
8 Maha 2081,"Feb 06, 2025"
9 Maha 2081,"Feb 07, 2025"
10 Maha 2081,"Feb 08, 2025"
11 Maha 2081,"Feb 09, 2025"
12 Maha 2081,"Feb 10, 2025"
13 Maha 2081,"Feb 11, 2025"
14 Maha 2081,"Feb 12, 2025"
15 Maha 2081,"Feb 13, 2025"
16 Maha 2081,"Feb 14, 2025"
17 Maha 2081,"Feb 15, 2025"
18 Maha 2081,"Feb 16, 2025"
19 Maha 2081,"Feb 17, 2025"
20 Maha 2081,"Feb 18, 2025"
21 Maha 2081,"Feb 19, 2025"
22 Maha 2081,"Feb 20, 2025"
23 Maha 2081,"Feb 21, 2025"
24 Maha 2081,"Feb 22, 2025"
25 Maha 2081,"Feb 23, 2025"
26 Maha 2081,"Feb 24, 2025"
27 Maha 2081,"Feb 25, 2025"
28 Maha 2081,"Feb 26, 2025"
29 Maha 2081,"Feb 27, 2025"
1 Phaguna 2081,"Feb 28, 2025"
2 Phaguna 2081,"Mar 01, 2025"
3 Phaguna 2081,"Mar 02, 2025"
4 Phaguna 2081,"Mar 03, 2025"
5 Phaguna 2081,"Mar 04, 2025"
6 Phaguna 2081,"Mar 05, 2025"
7 Phaguna 2081,"Mar 06, 2025"
8 Phaguna 2081,"Mar 07, 2025"
9 Phaguna 2081,"Mar 08, 2025"
10 Phaguna 2081,"Mar 09, 2025"
11 Phaguna 2081,"Mar 10, 2025"
12 Phaguna 2081,"Mar 11, 2025"
13 Phaguna 2081,"Mar 12, 2025"
14 Phaguna 2081,"Mar 13, 2025"
15 Phaguna 2081,"Mar 14, 2025"
16 Phaguna 2081,"Mar 15, 2025"
17 Phaguna 2081,"Mar 16, 2025"
18 Phaguna 2081,"Mar 17, 2025"
19 Phaguna 2081,"Mar 18, 2025"
20 Phaguna 2081,"Mar 19, 2025"
21 Phaguna 2081,"Mar 20, 2025"
22 Phaguna 2081,"Mar 21, 2025"
23 Phaguna 2081,"Mar 22, 2025"
24 Phaguna 2081,"Mar 23, 2025"
25 Phaguna 2081,"Mar 24, 2025"
26 Phaguna 2081,"Mar 25, 2025"
27 Phaguna 2081,"Mar 26, 2025"
28 Phaguna 2081,"Mar 27, 2025"
29 Phaguna 2081,"Mar 28, 2025"
30 Phaguna 2081,"Mar 29, 2025"
1 Chaitra 2081,"Mar 30, 2025"
2 Chaitra 2081,"Mar 31, 2025"
3 Chaitra 2081,"Apr 01, 2025"
4 Chaitra 2081,"Apr 02, 2025"
5 Chaitra 2081,"Apr 03, 2025"
6 Chaitra 2081,"Apr 04, 2025"
7 Chaitra 2081,"Apr 05, 2025"
8 Chaitra 2081,"Apr 06, 2025"
9 Chaitra 2081,"Apr 07, 2025"
10 Chaitra 2081,"Apr 08, 2025"
11 Chaitra 2081,"Apr 09, 2025"
12 Chaitra 2081,"Apr 10, 2025"
13 Chaitra 2081,"Apr 11, 2025"
14 Chaitra 2081,"Apr 12, 2025"
15 Chaitra 2081,"Apr 13, 2025"
16 Chaitra 2081,"Apr 14, 2025"
17 Chaitra 2081,"Apr 15, 2025"
18 Chaitra 2081,"Apr 16, 2025"
19 Chaitra 2081,"Apr 17, 2025"
20 Chaitra 2081,"Apr 18, 2025"
21 Chaitra 2081,"Apr 19, 2025"
22 Chaitra 2081,"Apr 20, 2025"
23 Chaitra 2081,"Apr 21, 2025"
24 Chaitra 2081,"Apr 22, 2025"
25 Chaitra 2081,"Apr 23, 2025"
26 Chaitra 2081,"Apr 24, 2025"
27 Chaitra 2081,"Apr 25, 2025"
28 Chaitra 2081,"Apr 26, 2025"
29 Chaitra 2081,"Apr 27, 2025"
1 Vaishakha 2081,"Apr 28, 2025"
2 Vaishakha 2081,"Apr 29, 2025"
3 Vaishakha 2081,"Apr 30, 2025"
4 Vaishakha 2081,"May 01, 2025"
5 Vaishakha 2081,"May 02, 2025"
6 Vaishakha 2081,"May 03, 2025"
7 Vaishakha 2081,"May 04, 2025"
8 Vaishakha 2081,"May 05, 2025"
9 Vaishakha 2081,"May 06, 2025"
10 Vaishakha 2081,"May 07, 2025"
11 Vaishakha 2081,"May 08, 2025"
12 Vaishakha 2081,"May 09, 2025"
13 Vaishakha 2081,"May 10, 2025"
14 Vaishakha 2081,"May 11, 2025"
15 Vaishakha 2081,"May 12, 2025"
16 Vaishakha 2081,"May 13, 2025"
17 Vaishakha 2081,"May 14, 2025"
18 Vaishakha 2081,"May 15, 2025"
19 Vaishakha 2081,"May 16, 2025"
20 Vaishakha 2081,"May 17, 2025"
21 Vaishakha 2081,"May 18, 2025"
22 Vaishakha 2081,"May 19, 2025"
23 Vaishakha 2081,"May 20, 2025"
24 Vaishakha 2081,"May 21, 2025"
25 Vaishakha 2081,"May 22, 2025"
26 Vaishakha 2081,"May 23, 2025"
27 Vaishakha 2081,"May 24, 2025"
28 Vaishakha 2081,"May 25, 2025"
29 Vaishakha 2081,"May 26, 2025"
30 Vaishakha 2081,"May 27, 2025"
1 Jyeshta 2081,"May 28, 2025"
2 Jyeshta 2081,"May 29, 2025"
3 Jyeshta 2081,"May 30, 2025"
4 Jyeshta 2081,"May 31, 2025"
5 Jyeshta 2081,"Jun 01, 2025"
6 Jyeshta 2081,"Jun 02, 2025"
7 Jyeshta 2081,"Jun 03, 2025"
8 Jyeshta 2081,"Jun 04, 2025"
9 Jyeshta 2081,"Jun 05, 2025"
10 Jyeshta 2081,"Jun 06, 2025"
11 Jyeshta 2081,"Jun 07, 2025"
12 Jyeshta 2081,"Jun 08, 2025"
13 Jyeshta 2081,"Jun 09, 2025"
14 Jyeshta 2081,"Jun 10, 2025"
15 Jyeshta 2081,"Jun 11, 2025"
16 Jyeshta 2081,"Jun 12, 2025"
17 Jyeshta 2081,"Jun 13, 2025"
18 Jyeshta 2081,"Jun 14, 2025"
19 Jyeshta 2081,"Jun 15, 2025"
20 Jyeshta 2081,"Jun 16, 2025"
21 Jyeshta 2081,"Jun 17, 2025"
22 Jyeshta 2081,"Jun 18, 2025"
23 Jyeshta 2081,"Jun 19, 2025"
24 Jyeshta 2081,"Jun 20, 2025"
25 Jyeshta 2081,"Jun 21, 2025"
26 Jyeshta 2081,"Jun 22, 2025"
27 Jyeshta 2081,"Jun 23, 2025"
28 Jyeshta 2081,"Jun 24, 2025"
29 Jyeshta 2081,"Jun 25, 2025"
1 Ashadha 2081,"Jun 26, 2025"
2 Ashadha 2081,"Jun 27, 2025"
3 Ashadha 2081,"Jun 28, 2025"
4 Ashadha 2081,"Jun 29, 2025"
5 Ashadha 2081,"Jun 30, 2025"
6 Ashadha 2081,"Jul 01, 2025"
7 Ashadha 2081,"Jul 02, 2025"
8 Ashadha 2081,"Jul 03, 2025"
9 Ashadha 2081,"Jul 04, 2025"
10 Ashadha 2081,"Jul 05, 2025"
11 Ashadha 2081,"Jul 06, 2025"
12 Ashadha 2081,"Jul 07, 2025"
13 Ashadha 2081,"Jul 08, 2025"
14 Ashadha 2081,"Jul 09, 2025"
15 Ashadha 2081,"Jul 10, 2025"
16 Ashadha 2081,"Jul 11, 2025"
17 Ashadha 2081,"Jul 12, 2025"
18 Ashadha 2081,"Jul 13, 2025"
19 Ashadha 2081,"Jul 14, 2025"
20 Ashadha 2081,"Jul 15, 2025"
21 Ashadha 2081,"Jul 16, 2025"
22 Ashadha 2081,"Jul 17, 2025"
23 Ashadha 2081,"Jul 18, 2025"
24 Ashadha 2081,"Jul 19, 2025"
25 Ashadha 2081,"Jul 20, 2025"
26 Ashadha 2081,"Jul 21, 2025"
27 Ashadha 2081,"Jul 22, 2025"
28 Ashadha 2081,"Jul 23, 2025"
29 Ashadha 2081,"Jul 24, 2025"
1 Shravana 2081,"Jul 25, 2025"
2 Shravana 2081,"Jul 26, 2025"
3 Shravana 2081,"Jul 27, 2025"
4 Shravana 2081,"Jul 28, 2025"
5 Shravana 2081,"Jul 29, 2025"
6 Shravana 2081,"Jul 30, 2025"
7 Shravana 2081,"Jul 31, 2025"
8 Shravana 2081,"Aug 01, 2025"
9 Shravana 2081,"Aug 02, 2025"
10 Shravana 2081,"Aug 03, 2025"
11 Shravana 2081,"Aug 04, 2025"
12 Shravana 2081,"Aug 05, 2025"
13 Shravana 2081,"Aug 06, 2025"
14 Shravana 2081,"Aug 07, 2025"
15 Shravana 2081,"Aug 08, 2025"
16 Shravana 2081,"Aug 09, 2025"
17 Shravana 2081,"Aug 10, 2025"
18 Shravana 2081,"Aug 11, 2025"
19 Shravana 2081,"Aug 12, 2025"
20 Shravana 2081,"Aug 13, 2025"
21 Shravana 2081,"Aug 14, 2025"
22 Shravana 2081,"Aug 15, 2025"
23 Shravana 2081,"Aug 16, 2025"
24 Shravana 2081,"Aug 17, 2025"
25 Shravana 2081,"Aug 18, 2025"
26 Shravana 2081,"Aug 19, 2025"
27 Shravana 2081,"Aug 20, 2025"
28 Shravana 2081,"Aug 21, 2025"
29 Shravana 2081,"Aug 22, 2025"
30 Shravana 2081,"Aug 23, 2025"
1 Bhadarvo 2081,"Aug 24, 2025"
2 Bhadarvo 2081,"Aug 25, 2025"
3 Bhadarvo 2081,"Aug 26, 2025"
4 Bhadarvo 2081,"Aug 27, 2025"
5 Bhadarvo 2081,"Aug 28, 2025"
6 Bhadarvo 2081,"Aug 29, 2025"
7 Bhadarvo 2081,"Aug 30, 2025"
8 Bhadarvo 2081,"Aug 31, 2025"
9 Bhadarvo 2081,"Sep 01, 2025"
10 Bhadarvo 2081,"Sep 02, 2025"
11 Bhadarvo 2081,"Sep 03, 2025"
12 Bhadarvo 2081,"Sep 04, 2025"
13 Bhadarvo 2081,"Sep 05, 2025"
14 Bhadarvo 2081,"Sep 06, 2025"
15 Bhadarvo 2081,"Sep 07, 2025"
16 Bhadarvo 2081,"Sep 08, 2025"
17 Bhadarvo 2081,"Sep 09, 2025"
18 Bhadarvo 2081,"Sep 10, 2025"
19 Bhadarvo 2081,"Sep 11, 2025"
20 Bhadarvo 2081,"Sep 12, 2025"
21 Bhadarvo 2081,"Sep 13, 2025"
22 Bhadarvo 2081,"Sep 14, 2025"
23 Bhadarvo 2081,"Sep 15, 2025"
24 Bhadarvo 2081,"Sep 16, 2025"
25 Bhadarvo 2081,"Sep 17, 2025"
26 Bhadarvo 2081,"Sep 18, 2025"
27 Bhadarvo 2081,"Sep 19, 2025"
28 Bhadarvo 2081,"Sep 20, 2025"
29 Bhadarvo 2081,"Sep 21, 2025"
1 Aso 2081,"Sep 22, 2025"
2 Aso 2081,"Sep 23, 2025"
3 Aso 2081,"Sep 24, 2025"
4 Aso 2081,"Sep 25, 2025"
5 Aso 2081,"Sep 26, 2025"
6 Aso 2081,"Sep 27, 2025"
7 Aso 2081,"Sep 28, 2025"
8 Aso 2081,"Sep 29, 2025"
9 Aso 2081,"Sep 30, 2025"
10 Aso 2081,"Oct 01, 2025"
11 Aso 2081,"Oct 02, 2025"
12 Aso 2081,"Oct 03, 2025"
13 Aso 2081,"Oct 04, 2025"
14 Aso 2081,"Oct 05, 2025"
15 Aso 2081,"Oct 06, 2025"
16 Aso 2081,"Oct 07, 2025"
17 Aso 2081,"Oct 08, 2025"
18 Aso 2081,"Oct 09, 2025"
19 Aso 2081,"Oct 10, 2025"
20 Aso 2081,"Oct 11, 2025"
21 Aso 2081,"Oct 12, 2025"
22 Aso 2081,"Oct 13, 2025"
23 Aso 2081,"Oct 14, 2025"
24 Aso 2081,"Oct 15, 2025"
25 Aso 2081,"Oct 16, 2025"
26 Aso 2081,"Oct 17, 2025"
27 Aso 2081,"Oct 18, 2025"
28 Aso 2081,"Oct 19, 2025"
29 Aso 2081,"Oct 20, 2025"
30 Aso 2081,"Oct 21, 2025"
1 Kartak 2081,"Oct 22, 2025"
2 Kartak 2081,"Oct 23, 2025"
3 Kartak 2081,"Oct 24, 2025"
4 Kartak 2081,"Oct 25, 2025"
5 Kartak 2081,"Oct 26, 2025"
6 Kartak 2081,"Oct 27, 2025"
7 Kartak 2081,"Oct 28, 2025"
8 Kartak 2081,"Oct 29, 2025"
9 Kartak 2081,"Oct 30, 2025"
10 Kartak 2081,"Oct 31, 2025"
11 Kartak 2081,"Nov 01, 2025"
12 Kartak 2081,"Nov 02, 2025"
13 Kartak 2081,"Nov 03, 2025"
14 Kartak 2081,"Nov 04, 2025"
15 Kartak 2081,"Nov 05, 2025"
16 Kartak 2081,"Nov 06, 2025"
17 Kartak 2081,"Nov 07, 2025"
18 Kartak 2081,"Nov 08, 2025"
19 Kartak 2081,"Nov 09, 2025"
20 Kartak 2081,"Nov 10, 2025"
21 Kartak 2081,"Nov 11, 2025"
22 Kartak 2081,"Nov 12, 2025"
23 Kartak 2081,"Nov 13, 2025"
24 Kartak 2081,"Nov 14, 2025"
25 Kartak 2081,"Nov 15, 2025"
26 Kartak 2081,"Nov 16, 2025"
27 Kartak 2081,"Nov 17, 2025"
28 Kartak 2081,"Nov 18, 2025"
29 Kartak 2081,"Nov 19, 2025"
30 Kartak 2081,"Nov 20, 2025"
1 Magshar 2081,"Nov 21, 2025"
2 Magshar 2081,"Nov 22, 2025"
3 Magshar 2081,"Nov 23, 2025"
4 Magshar 2081,"Nov 24, 2025"
5 Magshar 2081,"Nov 25, 2025"
6 Magshar 2081,"Nov 26, 2025"
7 Magshar 2081,"Nov 27, 2025"
8 Magshar 2081,"Nov 28, 2025"
9 Magshar 2081,"Nov 29, 2025"
10 Magshar 2081,"Nov 30, 2025"
11 Magshar 2081,"Dec 01, 2025"
12 Magshar 2081,"Dec 02, 2025"
13 Magshar 2081,"Dec 03, 2025"
14 Magshar 2081,"Dec 04, 2025"
15 Magshar 2081,"Dec 05, 2025"
16 Magshar 2081,"Dec 06, 2025"
17 Magshar 2081,"Dec 07, 2025"
18 Magshar 2081,"Dec 08, 2025"
19 Magshar 2081,"Dec 09, 2025"
20 Magshar 2081,"Dec 10, 2025"
21 Magshar 2081,"Dec 11, 2025"
22 Magshar 2081,"Dec 12, 2025"
23 Magshar 2081,"Dec 13, 2025"
24 Magshar 2081,"Dec 14, 2025"
25 Magshar 2081,"Dec 15, 2025"
26 Magshar 2081,"Dec 16, 2025"
27 Magshar 2081,"Dec 17, 2025"
28 Magshar 2081,"Dec 18, 2025"
29 Magshar 2081,"Dec 19, 2025"
